{"title":"2019 ICPC 南京游记","tags":["比赛游记"],"create_time":1572337699,"last_modified":1596708632,"toc":"<ol><li><a href=\"#day--1\">Day -1</a></li><li><a href=\"#day-0\">Day 0</a></li><li><a href=\"#day-1\">Day 1</a></li><li><a href=\"#总结\">总结</a></li>","html":"<ul>\n<li>队伍：Wheatfield with Crows</li>\n<li>队员：邓浩然（HbFS-）、林思仪（LIN452）、陈昱文（Pepcy_Ch）</li>\n<li>题数：7/12（A，B，C，F，H，J，K）</li>\n<li>罚时：899</li>\n<li>排名：15/33?（含打星队）</li>\n</ul>\n<!-- more -->\n<h3><a href=\"#day--1\" aria-hidden=\"true\" class=\"anchor\" id=\"day--1\"></a>Day -1</h3>\n<p>vp 了银川，8 题 + 赛后 5min L，A 不知怎么 WA 的，被校内队伍吊打。</p>\n<h3><a href=\"#day-0\" aria-hidden=\"true\" class=\"anchor\" id=\"day-0\"></a>Day 0</h3>\n<p>南航食堂还是那么好吃。。。</p>\n<p>热身赛前发现显示器不亮，检查了各个连线后无果，无奈叫了志愿者，发现是线没接紧的样子。。。</p>\n<p>热身赛一开始 dhr 不在，我签到，lsy 开 D。在我终于改好了无数个智障错误过了 B、lsy 发现自己 D 假了后 dhr 回来了。讨论了一波后弃疗，去测了一些该测的东西。赛后发现 D 好像是队伍的知识盲区。</p>\n<p>和去年一样，机子会有点卡（卡顿程度比去年热身赛好点），希望也和去年一样第二天就好了吧。</p>\n<p>晚饭又吃了食堂。</p>\n<p>晚上写了会儿 DIP 实验报告，发现自己没带电脑线。</p>\n<p>晚些时候 cjb 开了会。</p>\n<h3><a href=\"#day-1\" aria-hidden=\"true\" class=\"anchor\" id=\"day-1\"></a>Day 1</h3>\n<p>在北门口吃了 KFC 的早饭。</p>\n<p>出门我登陆和配置，两位老板从两头读题，配置期间有人过 A，lsy 觉得 K 我能写，想着 A 也想不到，于是我就先写 K 了，改了一个窒息错误后 <strong>K2y22</strong>，回过头来看 A，猜了个结论 <strong>A1y27</strong>。</p>\n<p>之后 lsy 和 dhr 开出了 C，于是 lsy <strong>C1y50</strong>。期间我跟榜看了 H 和 J 的题意，不是很理解 H 的题意但和 dhr 讨论了一下后出了 J，抄了红板子的 KM 于是 <strong>J1y70</strong>。</p>\n<p>之后和 dhr 继续讨论 H，发现二人对「Who xxx」的回答的理解有分歧，dhr 认为回答是 princess、minister 之类的东西而我觉得是 support or not support，之后的公共表明了 dhr 是对的。这时已经得到了一些结论了，我有点手痒忍不住，去 WA 了一发。同时，dhr 觉得 I Hash 记搜能过，写了会儿 I。</p>\n<p>期间 F 被开出，lsy 去写 F。过程中我在尝试想 H，也有去读过 B 的题意，人工打表了一会儿。这时，隐约听到隔壁桌说了什么，才意识到 H 的 corner case，于是 <strong>H2y164</strong>。</p>\n<p>剩下的时间里 lsy 写 F、dhr 搞 I、我想 B，lsy 调了有一段时间后 <strong>F1y224</strong>。dhr 屡次发现自己代码的问题但仍然不过。我看着手工打表莽了一发 B 但 WA 了。于是三人一起看 dhr 的代码，最后在 TLE 和 WA（hash 冲突）之间摆动，dhr 随机数据本地秒过觉得很奇怪，我觉得他的数据造法有问题，因此有过一小段争执，在改了一下手造数据把 I 卡 TLE、甚至把机子卡死后 dhr 有些想放弃 I 了的样子。</p>\n<p>卡机期间想出了 B 的正解，于是 <strong>B2y282</strong>。</p>\n<h3><a href=\"#总结\" aria-hidden=\"true\" class=\"anchor\" id=\"总结\"></a>总结</h3>\n<p>又是只有我有罚时（已经习惯了。。。）</p>\n<p>感觉自己写的题中有 3 个都是搞个结论出来输出一下就好了，感觉不是很喜欢。以及，I 好像记搜 + 去零是能过的，我们不知道写挂了什么三个人都没看出错的东西。</p>\n<p>其实在南京这地拿金还有点意外的，毕竟参赛手册看起来挺凶的，加上三人去年在南京都有过爆炸经历。</p>\n<p>希望期中加油吧（还没开始复习呢。。。）</p>\n"}