{"title":"BSGS学习笔记","tags":["学习笔记","数论","BSGS"],"create_time":1491599392,"last_modified":1596708700,"toc":"<ol><li><a href=\"#算法介绍\">算法介绍</a></li><li><a href=\"#模板题\">模板题</a></li>","html":"<h2><a href=\"#算法介绍\" aria-hidden=\"true\" class=\"anchor\" id=\"算法介绍\"></a>算法介绍</h2>\n<p>BSGS（Baby-Step Giant-Step）算法用于求如下方程的解：</p>\n<p class='katex-block'><span class=\"katex-display\"><span class=\"katex\"><span class=\"katex-mathml\"><math xmlns=\"http://www.w3.org/1998/Math/MathML\" display=\"block\"><semantics><mrow><msup><mi>a</mi><mi>x</mi></msup><mo>≡</mo><mi>b</mi><mtext>  </mtext><mo stretchy=\"false\">(</mo><mi>m</mi><mi>o</mi><mi>d</mi><mtext>  </mtext><mi>p</mi><mo stretchy=\"false\">)</mo><mo separator=\"true\">,</mo><mtext>  </mtext><mi>p</mi><mtext> 为质数</mtext></mrow><annotation encoding=\"application/x-tex\">\na^x \\equiv b \\; (mod \\; p), \\; p \\ 为质数\n</annotation></semantics></math></span><span class=\"katex-html\" aria-hidden=\"true\"><span class=\"base\"><span class=\"strut\" style=\"height:0.7144em;\"></span><span class=\"mord\"><span class=\"mord mathnormal\">a</span><span class=\"msupsub\"><span class=\"vlist-t\"><span class=\"vlist-r\"><span class=\"vlist\" style=\"height:0.7144em;\"><span style=\"top:-3.113em;margin-right:0.05em;\"><span class=\"pstrut\" style=\"height:2.7em;\"></span><span class=\"sizing reset-size6 size3 mtight\"><span class=\"mord mathnormal mtight\">x</span></span></span></span></span></span></span></span><span class=\"mspace\" style=\"margin-right:0.2778em;\"></span><span class=\"mrel\">≡</span><span class=\"mspace\" style=\"margin-right:0.2778em;\"></span></span><span class=\"base\"><span class=\"strut\" style=\"height:1em;vertical-align:-0.25em;\"></span><span class=\"mord mathnormal\">b</span><span class=\"mspace\" style=\"margin-right:0.2778em;\"></span><span class=\"mopen\">(</span><span class=\"mord mathnormal\">m</span><span class=\"mord mathnormal\">o</span><span class=\"mord mathnormal\">d</span><span class=\"mspace\" style=\"margin-right:0.2778em;\"></span><span class=\"mord mathnormal\">p</span><span class=\"mclose\">)</span><span class=\"mpunct\">,</span><span class=\"mspace\" style=\"margin-right:0.2778em;\"></span><span class=\"mspace\" style=\"margin-right:0.1667em;\"></span><span class=\"mord mathnormal\">p</span><span class=\"mspace\"> </span><span class=\"mord cjk_fallback\">为质数</span></span></span></span></span></p>\n<!-- more -->\n<p>令 <span class=\"katex\"><span class=\"katex-mathml\"><math xmlns=\"http://www.w3.org/1998/Math/MathML\"><semantics><mrow><mi>m</mi><mo>=</mo><mo stretchy=\"false\">⌈</mo><msqrt><mi>p</mi></msqrt><mo stretchy=\"false\">⌉</mo></mrow><annotation encoding=\"application/x-tex\">m = \\lceil \\sqrt p \\rceil</annotation></semantics></math></span><span class=\"katex-html\" aria-hidden=\"true\"><span class=\"base\"><span class=\"strut\" style=\"height:0.4306em;\"></span><span class=\"mord mathnormal\">m</span><span class=\"mspace\" style=\"margin-right:0.2778em;\"></span><span class=\"mrel\">=</span><span class=\"mspace\" style=\"margin-right:0.2778em;\"></span></span><span class=\"base\"><span class=\"strut\" style=\"height:1.0869em;vertical-align:-0.3369em;\"></span><span class=\"mopen\">⌈</span><span class=\"mord sqrt\"><span class=\"vlist-t vlist-t2\"><span class=\"vlist-r\"><span class=\"vlist\" style=\"height:0.7031em;\"><span class=\"svg-align\" style=\"top:-3em;\"><span class=\"pstrut\" style=\"height:3em;\"></span><span class=\"mord mathnormal\" style=\"padding-left:0.833em;\">p</span></span><span style=\"top:-2.6631em;\"><span class=\"pstrut\" style=\"height:3em;\"></span><span class=\"hide-tail\" style=\"min-width:0.853em;height:1.08em;\"><svg xmlns=\"http://www.w3.org/2000/svg\" width='400em' height='1.08em' viewBox='0 0 400000 1080' preserveAspectRatio='xMinYMin slice'><path d='M95,702\nc-2.7,0,-7.17,-2.7,-13.5,-8c-5.8,-5.3,-9.5,-10,-9.5,-14\nc0,-2,0.3,-3.3,1,-4c1.3,-2.7,23.83,-20.7,67.5,-54\nc44.2,-33.3,65.8,-50.3,66.5,-51c1.3,-1.3,3,-2,5,-2c4.7,0,8.7,3.3,12,10\ns173,378,173,378c0.7,0,35.3,-71,104,-213c68.7,-142,137.5,-285,206.5,-429\nc69,-144,104.5,-217.7,106.5,-221\nl0 -0\nc5.3,-9.3,12,-14,20,-14\nH400000v40H845.2724\ns-225.272,467,-225.272,467s-235,486,-235,486c-2.7,4.7,-9,7,-19,7\nc-6,0,-10,-1,-12,-3s-194,-422,-194,-422s-65,47,-65,47z\nM834 80h400000v40h-400000z'/></svg></span></span></span><span class=\"vlist-s\">​</span></span><span class=\"vlist-r\"><span class=\"vlist\" style=\"height:0.3369em;\"><span></span></span></span></span></span><span class=\"mclose\">⌉</span></span></span></span>。根据费马小定理，有 <span class=\"katex\"><span class=\"katex-mathml\"><math xmlns=\"http://www.w3.org/1998/Math/MathML\"><semantics><mrow><msup><mi>a</mi><mrow><mi>p</mi><mo>−</mo><mn>1</mn></mrow></msup><mo>≡</mo><mn>1</mn><mtext>  </mtext><mo stretchy=\"false\">(</mo><mi>m</mi><mi>o</mi><mi>d</mi><mtext>  </mtext><mi>p</mi><mo stretchy=\"false\">)</mo></mrow><annotation encoding=\"application/x-tex\">a^{p - 1} \\equiv 1; (mod; p)</annotation></semantics></math></span><span class=\"katex-html\" aria-hidden=\"true\"><span class=\"base\"><span class=\"strut\" style=\"height:0.8141em;\"></span><span class=\"mord\"><span class=\"mord mathnormal\">a</span><span class=\"msupsub\"><span class=\"vlist-t\"><span class=\"vlist-r\"><span class=\"vlist\" style=\"height:0.8141em;\"><span style=\"top:-3.063em;margin-right:0.05em;\"><span class=\"pstrut\" style=\"height:2.7em;\"></span><span class=\"sizing reset-size6 size3 mtight\"><span class=\"mord mtight\"><span class=\"mord mathnormal mtight\">p</span><span class=\"mbin mtight\">−</span><span class=\"mord mtight\">1</span></span></span></span></span></span></span></span></span><span class=\"mspace\" style=\"margin-right:0.2778em;\"></span><span class=\"mrel\">≡</span><span class=\"mspace\" style=\"margin-right:0.2778em;\"></span></span><span class=\"base\"><span class=\"strut\" style=\"height:1em;vertical-align:-0.25em;\"></span><span class=\"mord\">1</span><span class=\"mspace\" style=\"margin-right:0.2778em;\"></span><span class=\"mopen\">(</span><span class=\"mord mathnormal\">m</span><span class=\"mord mathnormal\">o</span><span class=\"mord mathnormal\">d</span><span class=\"mspace\" style=\"margin-right:0.2778em;\"></span><span class=\"mord mathnormal\">p</span><span class=\"mclose\">)</span></span></span></span>，故若方程有解，则必然存在一个解满足 <span class=\"katex\"><span class=\"katex-mathml\"><math xmlns=\"http://www.w3.org/1998/Math/MathML\"><semantics><mrow><mn>0</mn><mo>⩽</mo><mi>x</mi><mo>&lt;</mo><mi>p</mi><mo>−</mo><mn>1</mn></mrow><annotation encoding=\"application/x-tex\">0 \\leqslant x &lt; p - 1</annotation></semantics></math></span><span class=\"katex-html\" aria-hidden=\"true\"><span class=\"base\"><span class=\"strut\" style=\"height:0.7811em;vertical-align:-0.1367em;\"></span><span class=\"mord\">0</span><span class=\"mspace\" style=\"margin-right:0.2778em;\"></span><span class=\"mrel amsrm\">⩽</span><span class=\"mspace\" style=\"margin-right:0.2778em;\"></span></span><span class=\"base\"><span class=\"strut\" style=\"height:0.5782em;vertical-align:-0.0391em;\"></span><span class=\"mord mathnormal\">x</span><span class=\"mspace\" style=\"margin-right:0.2778em;\"></span><span class=\"mrel\">&lt;</span><span class=\"mspace\" style=\"margin-right:0.2778em;\"></span></span><span class=\"base\"><span class=\"strut\" style=\"height:0.7778em;vertical-align:-0.1944em;\"></span><span class=\"mord mathnormal\">p</span><span class=\"mspace\" style=\"margin-right:0.2222em;\"></span><span class=\"mbin\">−</span><span class=\"mspace\" style=\"margin-right:0.2222em;\"></span></span><span class=\"base\"><span class=\"strut\" style=\"height:0.6444em;\"></span><span class=\"mord\">1</span></span></span></span>。设该解为 <span class=\"katex\"><span class=\"katex-mathml\"><math xmlns=\"http://www.w3.org/1998/Math/MathML\"><semantics><mrow><mi>x</mi><mo>=</mo><mi>i</mi><mi>m</mi><mo>+</mo><mi>j</mi></mrow><annotation encoding=\"application/x-tex\">x = im + j</annotation></semantics></math></span><span class=\"katex-html\" aria-hidden=\"true\"><span class=\"base\"><span class=\"strut\" style=\"height:0.4306em;\"></span><span class=\"mord mathnormal\">x</span><span class=\"mspace\" style=\"margin-right:0.2778em;\"></span><span class=\"mrel\">=</span><span class=\"mspace\" style=\"margin-right:0.2778em;\"></span></span><span class=\"base\"><span class=\"strut\" style=\"height:0.7429em;vertical-align:-0.0833em;\"></span><span class=\"mord mathnormal\">im</span><span class=\"mspace\" style=\"margin-right:0.2222em;\"></span><span class=\"mbin\">+</span><span class=\"mspace\" style=\"margin-right:0.2222em;\"></span></span><span class=\"base\"><span class=\"strut\" style=\"height:0.854em;vertical-align:-0.1944em;\"></span><span class=\"mord mathnormal\" style=\"margin-right:0.05724em;\">j</span></span></span></span>，其中 <span class=\"katex\"><span class=\"katex-mathml\"><math xmlns=\"http://www.w3.org/1998/Math/MathML\"><semantics><mrow><mn>0</mn><mo>≤</mo><mi>i</mi><mo separator=\"true\">,</mo><mtext> </mtext><mi>j</mi><mo>≤</mo><mi>m</mi></mrow><annotation encoding=\"application/x-tex\">0 \\leq i,\\ j \\leq m</annotation></semantics></math></span><span class=\"katex-html\" aria-hidden=\"true\"><span class=\"base\"><span class=\"strut\" style=\"height:0.7804em;vertical-align:-0.136em;\"></span><span class=\"mord\">0</span><span class=\"mspace\" style=\"margin-right:0.2778em;\"></span><span class=\"mrel\">≤</span><span class=\"mspace\" style=\"margin-right:0.2778em;\"></span></span><span class=\"base\"><span class=\"strut\" style=\"height:0.854em;vertical-align:-0.1944em;\"></span><span class=\"mord mathnormal\">i</span><span class=\"mpunct\">,</span><span class=\"mspace\"> </span><span class=\"mspace\" style=\"margin-right:0.1667em;\"></span><span class=\"mord mathnormal\" style=\"margin-right:0.05724em;\">j</span><span class=\"mspace\" style=\"margin-right:0.2778em;\"></span><span class=\"mrel\">≤</span><span class=\"mspace\" style=\"margin-right:0.2778em;\"></span></span><span class=\"base\"><span class=\"strut\" style=\"height:0.4306em;\"></span><span class=\"mord mathnormal\">m</span></span></span></span>。</p>\n<p>方程可化为：</p>\n<p class='katex-block'><span class=\"katex-display\"><span class=\"katex\"><span class=\"katex-mathml\"><math xmlns=\"http://www.w3.org/1998/Math/MathML\" display=\"block\"><semantics><mtable rowspacing=\"0.25em\" columnalign=\"right left\" columnspacing=\"0em\"><mtr><mtd class =\"mtr-glue\"></mtd><mtd><mstyle scriptlevel=\"0\" displaystyle=\"true\"><msup><mi>a</mi><mi>x</mi></msup></mstyle></mtd><mtd><mstyle scriptlevel=\"0\" displaystyle=\"true\"><mrow><mrow></mrow><mo>≡</mo><mi>b</mi><mtext>  </mtext><mo stretchy=\"false\">(</mo><mi>m</mi><mi>o</mi><mi>d</mi><mtext>  </mtext><mi>p</mi><mo stretchy=\"false\">)</mo></mrow></mstyle></mtd><mtd class =\"mtr-glue\"></mtd><mtd class =\"mml-eqn-num\"></mtd></mtr><mtr><mtd class =\"mtr-glue\"></mtd><mtd><mstyle scriptlevel=\"0\" displaystyle=\"true\"><msup><mi>a</mi><mrow><mi>i</mi><mi>m</mi><mo>+</mo><mi>j</mi></mrow></msup></mstyle></mtd><mtd><mstyle scriptlevel=\"0\" displaystyle=\"true\"><mrow><mrow></mrow><mo>≡</mo><mi>b</mi><mtext>  </mtext><mo stretchy=\"false\">(</mo><mi>m</mi><mi>o</mi><mi>d</mi><mtext>  </mtext><mi>p</mi><mo stretchy=\"false\">)</mo></mrow></mstyle></mtd><mtd class =\"mtr-glue\"></mtd><mtd class =\"mml-eqn-num\"></mtd></mtr><mtr><mtd class =\"mtr-glue\"></mtd><mtd><mstyle scriptlevel=\"0\" displaystyle=\"true\"><msup><mi>a</mi><mi>j</mi></msup></mstyle></mtd><mtd><mstyle scriptlevel=\"0\" displaystyle=\"true\"><mrow><mrow></mrow><mo>≡</mo><mi>b</mi><msup><mi>a</mi><mrow><mo>−</mo><mi>i</mi><mi>m</mi></mrow></msup><mtext>  </mtext><mo stretchy=\"false\">(</mo><mi>m</mi><mi>o</mi><mi>d</mi><mtext>  </mtext><mi>p</mi><mo stretchy=\"false\">)</mo></mrow></mstyle></mtd><mtd class =\"mtr-glue\"></mtd><mtd class =\"mml-eqn-num\"></mtd></mtr><mtr><mtd class =\"mtr-glue\"></mtd><mtd><mstyle scriptlevel=\"0\" displaystyle=\"true\"><msup><mi>a</mi><mi>j</mi></msup></mstyle></mtd><mtd><mstyle scriptlevel=\"0\" displaystyle=\"true\"><mrow><mrow></mrow><mo>≡</mo><mi>b</mi><mo stretchy=\"false\">(</mo><msup><mi>a</mi><mrow><mo>−</mo><mi>m</mi></mrow></msup><msup><mo stretchy=\"false\">)</mo><mi>i</mi></msup><mo stretchy=\"false\">(</mo><mi>m</mi><mi>o</mi><mi>d</mi><mtext>  </mtext><mi>p</mi><mo stretchy=\"false\">)</mo></mrow></mstyle></mtd><mtd class =\"mtr-glue\"></mtd><mtd class =\"mml-eqn-num\"></mtd></mtr></mtable><annotation encoding=\"application/x-tex\">\n\\begin{align}\na^x &amp;\\equiv b\\; (mod \\; p) \\\\\na^{im + j} &amp;\\equiv b\\; (mod\\; p) \\\\\na^j &amp;\\equiv b a^{-im}\\; (mod\\; p) \\\\\na^j &amp;\\equiv b (a^{-m})^i (mod\\; p) \\\\\n\\end{align}\n</annotation></semantics></math></span><span class=\"katex-html\" aria-hidden=\"true\"><span class=\"base\"><span class=\"strut\" style=\"height:6.104em;vertical-align:-2.802em;\"></span><span class=\"mtable\"><span class=\"col-align-r\"><span class=\"vlist-t vlist-t2\"><span class=\"vlist-r\"><span class=\"vlist\" style=\"height:3.302em;\"><span style=\"top:-5.462em;\"><span class=\"pstrut\" style=\"height:3em;\"></span><span class=\"mord\"><span class=\"mord\"><span class=\"mord mathnormal\">a</span><span class=\"msupsub\"><span class=\"vlist-t\"><span class=\"vlist-r\"><span class=\"vlist\" style=\"height:0.7144em;\"><span style=\"top:-3.113em;margin-right:0.05em;\"><span class=\"pstrut\" style=\"height:2.7em;\"></span><span class=\"sizing reset-size6 size3 mtight\"><span class=\"mord mathnormal mtight\">x</span></span></span></span></span></span></span></span></span></span><span style=\"top:-3.9273em;\"><span class=\"pstrut\" style=\"height:3em;\"></span><span class=\"mord\"><span class=\"mord\"><span class=\"mord mathnormal\">a</span><span class=\"msupsub\"><span class=\"vlist-t\"><span class=\"vlist-r\"><span class=\"vlist\" style=\"height:0.8747em;\"><span style=\"top:-3.113em;margin-right:0.05em;\"><span class=\"pstrut\" style=\"height:2.7em;\"></span><span class=\"sizing reset-size6 size3 mtight\"><span class=\"mord mtight\"><span class=\"mord mathnormal mtight\">im</span><span class=\"mbin mtight\">+</span><span class=\"mord mathnormal mtight\" style=\"margin-right:0.05724em;\">j</span></span></span></span></span></span></span></span></span></span></span><span style=\"top:-2.3927em;\"><span class=\"pstrut\" style=\"height:3em;\"></span><span class=\"mord\"><span class=\"mord\"><span class=\"mord mathnormal\">a</span><span class=\"msupsub\"><span class=\"vlist-t\"><span class=\"vlist-r\"><span class=\"vlist\" style=\"height:0.8747em;\"><span style=\"top:-3.113em;margin-right:0.05em;\"><span class=\"pstrut\" style=\"height:2.7em;\"></span><span class=\"sizing reset-size6 size3 mtight\"><span class=\"mord mathnormal mtight\" style=\"margin-right:0.05724em;\">j</span></span></span></span></span></span></span></span></span></span><span style=\"top:-0.858em;\"><span class=\"pstrut\" style=\"height:3em;\"></span><span class=\"mord\"><span class=\"mord\"><span class=\"mord mathnormal\">a</span><span class=\"msupsub\"><span class=\"vlist-t\"><span class=\"vlist-r\"><span class=\"vlist\" style=\"height:0.8747em;\"><span style=\"top:-3.113em;margin-right:0.05em;\"><span class=\"pstrut\" style=\"height:2.7em;\"></span><span class=\"sizing reset-size6 size3 mtight\"><span class=\"mord mathnormal mtight\" style=\"margin-right:0.05724em;\">j</span></span></span></span></span></span></span></span></span></span></span><span class=\"vlist-s\">​</span></span><span class=\"vlist-r\"><span class=\"vlist\" style=\"height:2.802em;\"><span></span></span></span></span></span><span class=\"col-align-l\"><span class=\"vlist-t vlist-t2\"><span class=\"vlist-r\"><span class=\"vlist\" style=\"height:3.302em;\"><span style=\"top:-5.462em;\"><span class=\"pstrut\" style=\"height:3em;\"></span><span class=\"mord\"><span class=\"mord\"></span><span class=\"mspace\" style=\"margin-right:0.2778em;\"></span><span class=\"mrel\">≡</span><span class=\"mspace\" style=\"margin-right:0.2778em;\"></span><span class=\"mord mathnormal\">b</span><span class=\"mspace\" style=\"margin-right:0.2778em;\"></span><span class=\"mopen\">(</span><span class=\"mord mathnormal\">m</span><span class=\"mord mathnormal\">o</span><span class=\"mord mathnormal\">d</span><span class=\"mspace\" style=\"margin-right:0.2778em;\"></span><span class=\"mord mathnormal\">p</span><span class=\"mclose\">)</span></span></span><span style=\"top:-3.9273em;\"><span class=\"pstrut\" style=\"height:3em;\"></span><span class=\"mord\"><span class=\"mord\"></span><span class=\"mspace\" style=\"margin-right:0.2778em;\"></span><span class=\"mrel\">≡</span><span class=\"mspace\" style=\"margin-right:0.2778em;\"></span><span class=\"mord mathnormal\">b</span><span class=\"mspace\" style=\"margin-right:0.2778em;\"></span><span class=\"mopen\">(</span><span class=\"mord mathnormal\">m</span><span class=\"mord mathnormal\">o</span><span class=\"mord mathnormal\">d</span><span class=\"mspace\" style=\"margin-right:0.2778em;\"></span><span class=\"mord mathnormal\">p</span><span class=\"mclose\">)</span></span></span><span style=\"top:-2.3927em;\"><span class=\"pstrut\" style=\"height:3em;\"></span><span class=\"mord\"><span class=\"mord\"></span><span class=\"mspace\" style=\"margin-right:0.2778em;\"></span><span class=\"mrel\">≡</span><span class=\"mspace\" style=\"margin-right:0.2778em;\"></span><span class=\"mord mathnormal\">b</span><span class=\"mord\"><span class=\"mord mathnormal\">a</span><span class=\"msupsub\"><span class=\"vlist-t\"><span class=\"vlist-r\"><span class=\"vlist\" style=\"height:0.8747em;\"><span style=\"top:-3.113em;margin-right:0.05em;\"><span class=\"pstrut\" style=\"height:2.7em;\"></span><span class=\"sizing reset-size6 size3 mtight\"><span class=\"mord mtight\"><span class=\"mord mtight\">−</span><span class=\"mord mathnormal mtight\">im</span></span></span></span></span></span></span></span></span><span class=\"mspace\" style=\"margin-right:0.2778em;\"></span><span class=\"mopen\">(</span><span class=\"mord mathnormal\">m</span><span class=\"mord mathnormal\">o</span><span class=\"mord mathnormal\">d</span><span class=\"mspace\" style=\"margin-right:0.2778em;\"></span><span class=\"mord mathnormal\">p</span><span class=\"mclose\">)</span></span></span><span style=\"top:-0.858em;\"><span class=\"pstrut\" style=\"height:3em;\"></span><span class=\"mord\"><span class=\"mord\"></span><span class=\"mspace\" style=\"margin-right:0.2778em;\"></span><span class=\"mrel\">≡</span><span class=\"mspace\" style=\"margin-right:0.2778em;\"></span><span class=\"mord mathnormal\">b</span><span class=\"mopen\">(</span><span class=\"mord\"><span class=\"mord mathnormal\">a</span><span class=\"msupsub\"><span class=\"vlist-t\"><span class=\"vlist-r\"><span class=\"vlist\" style=\"height:0.8213em;\"><span style=\"top:-3.113em;margin-right:0.05em;\"><span class=\"pstrut\" style=\"height:2.7em;\"></span><span class=\"sizing reset-size6 size3 mtight\"><span class=\"mord mtight\"><span class=\"mord mtight\">−</span><span class=\"mord mathnormal mtight\">m</span></span></span></span></span></span></span></span></span><span class=\"mclose\"><span class=\"mclose\">)</span><span class=\"msupsub\"><span class=\"vlist-t\"><span class=\"vlist-r\"><span class=\"vlist\" style=\"height:0.8747em;\"><span style=\"top:-3.113em;margin-right:0.05em;\"><span class=\"pstrut\" style=\"height:2.7em;\"></span><span class=\"sizing reset-size6 size3 mtight\"><span class=\"mord mathnormal mtight\">i</span></span></span></span></span></span></span></span><span class=\"mopen\">(</span><span class=\"mord mathnormal\">m</span><span class=\"mord mathnormal\">o</span><span class=\"mord mathnormal\">d</span><span class=\"mspace\" style=\"margin-right:0.2778em;\"></span><span class=\"mord mathnormal\">p</span><span class=\"mclose\">)</span></span></span></span><span class=\"vlist-s\">​</span></span><span class=\"vlist-r\"><span class=\"vlist\" style=\"height:2.802em;\"><span></span></span></span></span></span></span></span><span class=\"tag\"><span class=\"vlist-t vlist-t2\"><span class=\"vlist-r\"><span class=\"vlist\" style=\"height:3.302em;\"><span style=\"top:-5.3367em;\"><span class=\"pstrut\" style=\"height:2.8747em;\"></span><span class=\"eqn-num\"></span></span><span style=\"top:-3.802em;\"><span class=\"pstrut\" style=\"height:2.8747em;\"></span><span class=\"eqn-num\"></span></span><span style=\"top:-2.2673em;\"><span class=\"pstrut\" style=\"height:2.8747em;\"></span><span class=\"eqn-num\"></span></span><span style=\"top:-0.7327em;\"><span class=\"pstrut\" style=\"height:2.8747em;\"></span><span class=\"eqn-num\"></span></span></span><span class=\"vlist-s\">​</span></span><span class=\"vlist-r\"><span class=\"vlist\" style=\"height:2.802em;\"><span></span></span></span></span></span></span></span></span></p>\n我们只需要找到一组 <span class=\"katex\"><span class=\"katex-mathml\"><math xmlns=\"http://www.w3.org/1998/Math/MathML\"><semantics><mrow><mi>i</mi></mrow><annotation encoding=\"application/x-tex\">i</annotation></semantics></math></span><span class=\"katex-html\" aria-hidden=\"true\"><span class=\"base\"><span class=\"strut\" style=\"height:0.6595em;\"></span><span class=\"mord mathnormal\">i</span></span></span></span>、<span class=\"katex\"><span class=\"katex-mathml\"><math xmlns=\"http://www.w3.org/1998/Math/MathML\"><semantics><mrow><mi>j</mi></mrow><annotation encoding=\"application/x-tex\">j</annotation></semantics></math></span><span class=\"katex-html\" aria-hidden=\"true\"><span class=\"base\"><span class=\"strut\" style=\"height:0.854em;vertical-align:-0.1944em;\"></span><span class=\"mord mathnormal\" style=\"margin-right:0.05724em;\">j</span></span></span></span> 使得最后一个式子成立即可。\n<p>枚举 <span class=\"katex\"><span class=\"katex-mathml\"><math xmlns=\"http://www.w3.org/1998/Math/MathML\"><semantics><mrow><mi>j</mi></mrow><annotation encoding=\"application/x-tex\">j</annotation></semantics></math></span><span class=\"katex-html\" aria-hidden=\"true\"><span class=\"base\"><span class=\"strut\" style=\"height:0.854em;vertical-align:-0.1944em;\"></span><span class=\"mord mathnormal\" style=\"margin-right:0.05724em;\">j</span></span></span></span>，求出左边<span class=\"katex\"><span class=\"katex-mathml\"><math xmlns=\"http://www.w3.org/1998/Math/MathML\"><semantics><mrow><msup><mi>a</mi><mi>j</mi></msup><mtext>  </mtext><mi>m</mi><mi>o</mi><mi>d</mi><mtext>  </mtext><mi>p</mi></mrow><annotation encoding=\"application/x-tex\">a^j ; mod ; p</annotation></semantics></math></span><span class=\"katex-html\" aria-hidden=\"true\"><span class=\"base\"><span class=\"strut\" style=\"height:1.0191em;vertical-align:-0.1944em;\"></span><span class=\"mord\"><span class=\"mord mathnormal\">a</span><span class=\"msupsub\"><span class=\"vlist-t\"><span class=\"vlist-r\"><span class=\"vlist\" style=\"height:0.8247em;\"><span style=\"top:-3.063em;margin-right:0.05em;\"><span class=\"pstrut\" style=\"height:2.7em;\"></span><span class=\"sizing reset-size6 size3 mtight\"><span class=\"mord mathnormal mtight\" style=\"margin-right:0.05724em;\">j</span></span></span></span></span></span></span></span><span class=\"mspace\" style=\"margin-right:0.2778em;\"></span><span class=\"mord mathnormal\">m</span><span class=\"mord mathnormal\">o</span><span class=\"mord mathnormal\">d</span><span class=\"mspace\" style=\"margin-right:0.2778em;\"></span><span class=\"mord mathnormal\">p</span></span></span></span> 的所有取值，并将以<span class=\"katex\"><span class=\"katex-mathml\"><math xmlns=\"http://www.w3.org/1998/Math/MathML\"><semantics><mrow><mo stretchy=\"false\">(</mo><mi>j</mi><mo separator=\"true\">,</mo><mtext>  </mtext><msup><mi>a</mi><mi>j</mi></msup><mo stretchy=\"false\">)</mo></mrow><annotation encoding=\"application/x-tex\">(j, ; a^j)</annotation></semantics></math></span><span class=\"katex-html\" aria-hidden=\"true\"><span class=\"base\"><span class=\"strut\" style=\"height:1.0747em;vertical-align:-0.25em;\"></span><span class=\"mopen\">(</span><span class=\"mord mathnormal\" style=\"margin-right:0.05724em;\">j</span><span class=\"mpunct\">,</span><span class=\"mspace\" style=\"margin-right:0.2778em;\"></span><span class=\"mspace\" style=\"margin-right:0.1667em;\"></span><span class=\"mord\"><span class=\"mord mathnormal\">a</span><span class=\"msupsub\"><span class=\"vlist-t\"><span class=\"vlist-r\"><span class=\"vlist\" style=\"height:0.8247em;\"><span style=\"top:-3.063em;margin-right:0.05em;\"><span class=\"pstrut\" style=\"height:2.7em;\"></span><span class=\"sizing reset-size6 size3 mtight\"><span class=\"mord mathnormal mtight\" style=\"margin-right:0.05724em;\">j</span></span></span></span></span></span></span></span><span class=\"mclose\">)</span></span></span></span>的映射关系插入到一个表中。</p>\n<p>之后，求出<span class=\"katex\"><span class=\"katex-mathml\"><math xmlns=\"http://www.w3.org/1998/Math/MathML\"><semantics><mrow><msup><mi>a</mi><mi>m</mi></msup></mrow><annotation encoding=\"application/x-tex\">a^m</annotation></semantics></math></span><span class=\"katex-html\" aria-hidden=\"true\"><span class=\"base\"><span class=\"strut\" style=\"height:0.6644em;\"></span><span class=\"mord\"><span class=\"mord mathnormal\">a</span><span class=\"msupsub\"><span class=\"vlist-t\"><span class=\"vlist-r\"><span class=\"vlist\" style=\"height:0.6644em;\"><span style=\"top:-3.063em;margin-right:0.05em;\"><span class=\"pstrut\" style=\"height:2.7em;\"></span><span class=\"sizing reset-size6 size3 mtight\"><span class=\"mord mathnormal mtight\">m</span></span></span></span></span></span></span></span></span></span></span>在模<span class=\"katex\"><span class=\"katex-mathml\"><math xmlns=\"http://www.w3.org/1998/Math/MathML\"><semantics><mrow><mi>p</mi></mrow><annotation encoding=\"application/x-tex\">p</annotation></semantics></math></span><span class=\"katex-html\" aria-hidden=\"true\"><span class=\"base\"><span class=\"strut\" style=\"height:0.625em;vertical-align:-0.1944em;\"></span><span class=\"mord mathnormal\">p</span></span></span></span>意义下的乘法逆元。枚举 <span class=\"katex\"><span class=\"katex-mathml\"><math xmlns=\"http://www.w3.org/1998/Math/MathML\"><semantics><mrow><mi>i</mi></mrow><annotation encoding=\"application/x-tex\">i</annotation></semantics></math></span><span class=\"katex-html\" aria-hidden=\"true\"><span class=\"base\"><span class=\"strut\" style=\"height:0.6595em;\"></span><span class=\"mord mathnormal\">i</span></span></span></span>，求出所有的 <span class=\"katex\"><span class=\"katex-mathml\"><math xmlns=\"http://www.w3.org/1998/Math/MathML\"><semantics><mrow><mi>b</mi><mo stretchy=\"false\">(</mo><msup><mi>a</mi><mrow><mo>−</mo><mi>m</mi></mrow></msup><msup><mo stretchy=\"false\">)</mo><mi>i</mi></msup></mrow><annotation encoding=\"application/x-tex\">b(a^{-m})^i</annotation></semantics></math></span><span class=\"katex-html\" aria-hidden=\"true\"><span class=\"base\"><span class=\"strut\" style=\"height:1.0747em;vertical-align:-0.25em;\"></span><span class=\"mord mathnormal\">b</span><span class=\"mopen\">(</span><span class=\"mord\"><span class=\"mord mathnormal\">a</span><span class=\"msupsub\"><span class=\"vlist-t\"><span class=\"vlist-r\"><span class=\"vlist\" style=\"height:0.7713em;\"><span style=\"top:-3.063em;margin-right:0.05em;\"><span class=\"pstrut\" style=\"height:2.7em;\"></span><span class=\"sizing reset-size6 size3 mtight\"><span class=\"mord mtight\"><span class=\"mord mtight\">−</span><span class=\"mord mathnormal mtight\">m</span></span></span></span></span></span></span></span></span><span class=\"mclose\"><span class=\"mclose\">)</span><span class=\"msupsub\"><span class=\"vlist-t\"><span class=\"vlist-r\"><span class=\"vlist\" style=\"height:0.8247em;\"><span style=\"top:-3.063em;margin-right:0.05em;\"><span class=\"pstrut\" style=\"height:2.7em;\"></span><span class=\"sizing reset-size6 size3 mtight\"><span class=\"mord mathnormal mtight\">i</span></span></span></span></span></span></span></span></span></span></span>，每得到一个值后，从表中查找该值，如果存在，取出其对应的<span class=\"katex\"><span class=\"katex-mathml\"><math xmlns=\"http://www.w3.org/1998/Math/MathML\"><semantics><mrow><mi>j</mi></mrow><annotation encoding=\"application/x-tex\">j</annotation></semantics></math></span><span class=\"katex-html\" aria-hidden=\"true\"><span class=\"base\"><span class=\"strut\" style=\"height:0.854em;vertical-align:-0.1944em;\"></span><span class=\"mord mathnormal\" style=\"margin-right:0.05724em;\">j</span></span></span></span>，<span class=\"katex\"><span class=\"katex-mathml\"><math xmlns=\"http://www.w3.org/1998/Math/MathML\"><semantics><mrow><mi>x</mi><mo>=</mo><mi>i</mi><mi>m</mi><mo>+</mo><mi>j</mi></mrow><annotation encoding=\"application/x-tex\">x = im + j</annotation></semantics></math></span><span class=\"katex-html\" aria-hidden=\"true\"><span class=\"base\"><span class=\"strut\" style=\"height:0.4306em;\"></span><span class=\"mord mathnormal\">x</span><span class=\"mspace\" style=\"margin-right:0.2778em;\"></span><span class=\"mrel\">=</span><span class=\"mspace\" style=\"margin-right:0.2778em;\"></span></span><span class=\"base\"><span class=\"strut\" style=\"height:0.7429em;vertical-align:-0.0833em;\"></span><span class=\"mord mathnormal\">im</span><span class=\"mspace\" style=\"margin-right:0.2222em;\"></span><span class=\"mbin\">+</span><span class=\"mspace\" style=\"margin-right:0.2222em;\"></span></span><span class=\"base\"><span class=\"strut\" style=\"height:0.854em;vertical-align:-0.1944em;\"></span><span class=\"mord mathnormal\" style=\"margin-right:0.05724em;\">j</span></span></span></span>即为一个解。</p>\n<p>时间复杂度为 <span class=\"katex\"><span class=\"katex-mathml\"><math xmlns=\"http://www.w3.org/1998/Math/MathML\"><semantics><mrow><mi>O</mi><mo stretchy=\"false\">(</mo><msqrt><mi>p</mi></msqrt><mo stretchy=\"false\">)</mo></mrow><annotation encoding=\"application/x-tex\">O(\\sqrt p)</annotation></semantics></math></span><span class=\"katex-html\" aria-hidden=\"true\"><span class=\"base\"><span class=\"strut\" style=\"height:1.0869em;vertical-align:-0.3369em;\"></span><span class=\"mord mathnormal\" style=\"margin-right:0.02778em;\">O</span><span class=\"mopen\">(</span><span class=\"mord sqrt\"><span class=\"vlist-t vlist-t2\"><span class=\"vlist-r\"><span class=\"vlist\" style=\"height:0.7031em;\"><span class=\"svg-align\" style=\"top:-3em;\"><span class=\"pstrut\" style=\"height:3em;\"></span><span class=\"mord mathnormal\" style=\"padding-left:0.833em;\">p</span></span><span style=\"top:-2.6631em;\"><span class=\"pstrut\" style=\"height:3em;\"></span><span class=\"hide-tail\" style=\"min-width:0.853em;height:1.08em;\"><svg xmlns=\"http://www.w3.org/2000/svg\" width='400em' height='1.08em' viewBox='0 0 400000 1080' preserveAspectRatio='xMinYMin slice'><path d='M95,702\nc-2.7,0,-7.17,-2.7,-13.5,-8c-5.8,-5.3,-9.5,-10,-9.5,-14\nc0,-2,0.3,-3.3,1,-4c1.3,-2.7,23.83,-20.7,67.5,-54\nc44.2,-33.3,65.8,-50.3,66.5,-51c1.3,-1.3,3,-2,5,-2c4.7,0,8.7,3.3,12,10\ns173,378,173,378c0.7,0,35.3,-71,104,-213c68.7,-142,137.5,-285,206.5,-429\nc69,-144,104.5,-217.7,106.5,-221\nl0 -0\nc5.3,-9.3,12,-14,20,-14\nH400000v40H845.2724\ns-225.272,467,-225.272,467s-235,486,-235,486c-2.7,4.7,-9,7,-19,7\nc-6,0,-10,-1,-12,-3s-194,-422,-194,-422s-65,47,-65,47z\nM834 80h400000v40h-400000z'/></svg></span></span></span><span class=\"vlist-s\">​</span></span><span class=\"vlist-r\"><span class=\"vlist\" style=\"height:0.3369em;\"><span></span></span></span></span></span><span class=\"mclose\">)</span></span></span></span>。</p>\n<h2><a href=\"#模板题\" aria-hidden=\"true\" class=\"anchor\" id=\"模板题\"></a>模板题</h2>\n<p><a href=\"http://www.lydsy.com/JudgeOnline/problem.php?id=2242\">BZOJ 2242</a> （<a href=\"http://pepcy.cf/BZOJ-2242-SDOI-2011-%E8%AE%A1%E7%AE%97%E5%99%A8/\">题解</a>）</p>\n"}