{"title":"[ByteDance WC 2019 Online] Continued Story","tags":["博弈","Hackenbush"],"create_time":1543696239,"last_modified":1596709236,"toc":"<ol><li><a href=\"#题目大意\">题目大意</a></li><li><a href=\"#题目链接\">题目链接</a></li><li><a href=\"#题解\">题解</a></li><li><a href=\"#代码\">代码</a></li>","html":"<blockquote>\n<p>2019 字节跳动冬令营网络赛 C 题。</p>\n</blockquote>\n<h2><a href=\"#题目大意\" aria-hidden=\"true\" class=\"anchor\" id=\"题目大意\"></a>题目大意</h2>\n<p>给定一棵 <span class=\"katex\"><span class=\"katex-mathml\"><math xmlns=\"http://www.w3.org/1998/Math/MathML\"><semantics><mrow><mi>n</mi></mrow><annotation encoding=\"application/x-tex\">n</annotation></semantics></math></span><span class=\"katex-html\" aria-hidden=\"true\"><span class=\"base\"><span class=\"strut\" style=\"height:0.4306em;\"></span><span class=\"mord mathnormal\">n</span></span></span></span> 个节点的带权有根树，两人轮流操作，每次操作使某条边的边权减一，若边权减至 <span class=\"katex\"><span class=\"katex-mathml\"><math xmlns=\"http://www.w3.org/1998/Math/MathML\"><semantics><mrow><mn>0</mn></mrow><annotation encoding=\"application/x-tex\">0</annotation></semantics></math></span><span class=\"katex-html\" aria-hidden=\"true\"><span class=\"base\"><span class=\"strut\" style=\"height:0.6444em;\"></span><span class=\"mord\">0</span></span></span></span>，则删去改边，并删去不含根的连通块，判断先手是否必胜，并输出先手若要胜利，所有第一步可能的决策。</p>\n<p><span class=\"katex\"><span class=\"katex-mathml\"><math xmlns=\"http://www.w3.org/1998/Math/MathML\"><semantics><mrow><mi>T</mi></mrow><annotation encoding=\"application/x-tex\">T</annotation></semantics></math></span><span class=\"katex-html\" aria-hidden=\"true\"><span class=\"base\"><span class=\"strut\" style=\"height:0.6833em;\"></span><span class=\"mord mathnormal\" style=\"margin-right:0.13889em;\">T</span></span></span></span> 组数据。</p>\n<p><span class=\"katex\"><span class=\"katex-mathml\"><math xmlns=\"http://www.w3.org/1998/Math/MathML\"><semantics><mrow><mn>1</mn><mo>≤</mo><mi>n</mi><mo>≤</mo><mn>1</mn><msup><mn>0</mn><mn>6</mn></msup></mrow><annotation encoding=\"application/x-tex\">1 \\leq n \\leq 10^6</annotation></semantics></math></span><span class=\"katex-html\" aria-hidden=\"true\"><span class=\"base\"><span class=\"strut\" style=\"height:0.7804em;vertical-align:-0.136em;\"></span><span class=\"mord\">1</span><span class=\"mspace\" style=\"margin-right:0.2778em;\"></span><span class=\"mrel\">≤</span><span class=\"mspace\" style=\"margin-right:0.2778em;\"></span></span><span class=\"base\"><span class=\"strut\" style=\"height:0.7719em;vertical-align:-0.136em;\"></span><span class=\"mord mathnormal\">n</span><span class=\"mspace\" style=\"margin-right:0.2778em;\"></span><span class=\"mrel\">≤</span><span class=\"mspace\" style=\"margin-right:0.2778em;\"></span></span><span class=\"base\"><span class=\"strut\" style=\"height:0.8141em;\"></span><span class=\"mord\">1</span><span class=\"mord\"><span class=\"mord\">0</span><span class=\"msupsub\"><span class=\"vlist-t\"><span class=\"vlist-r\"><span class=\"vlist\" style=\"height:0.8141em;\"><span style=\"top:-3.063em;margin-right:0.05em;\"><span class=\"pstrut\" style=\"height:2.7em;\"></span><span class=\"sizing reset-size6 size3 mtight\"><span class=\"mord mtight\">6</span></span></span></span></span></span></span></span></span></span></span></p>\n<p><span class=\"katex\"><span class=\"katex-mathml\"><math xmlns=\"http://www.w3.org/1998/Math/MathML\"><semantics><mrow><mn>1</mn><mo>≤</mo><msub><mi>w</mi><mi>i</mi></msub><mo>≤</mo><mn>1</mn><msup><mn>0</mn><mn>9</mn></msup></mrow><annotation encoding=\"application/x-tex\">1 \\leq w_i \\leq 10^9</annotation></semantics></math></span><span class=\"katex-html\" aria-hidden=\"true\"><span class=\"base\"><span class=\"strut\" style=\"height:0.7804em;vertical-align:-0.136em;\"></span><span class=\"mord\">1</span><span class=\"mspace\" style=\"margin-right:0.2778em;\"></span><span class=\"mrel\">≤</span><span class=\"mspace\" style=\"margin-right:0.2778em;\"></span></span><span class=\"base\"><span class=\"strut\" style=\"height:0.786em;vertical-align:-0.15em;\"></span><span class=\"mord\"><span class=\"mord mathnormal\" style=\"margin-right:0.02691em;\">w</span><span class=\"msupsub\"><span class=\"vlist-t vlist-t2\"><span class=\"vlist-r\"><span class=\"vlist\" style=\"height:0.3117em;\"><span style=\"top:-2.55em;margin-left:-0.0269em;margin-right:0.05em;\"><span class=\"pstrut\" style=\"height:2.7em;\"></span><span class=\"sizing reset-size6 size3 mtight\"><span class=\"mord mathnormal mtight\">i</span></span></span></span><span class=\"vlist-s\">​</span></span><span class=\"vlist-r\"><span class=\"vlist\" style=\"height:0.15em;\"><span></span></span></span></span></span></span><span class=\"mspace\" style=\"margin-right:0.2778em;\"></span><span class=\"mrel\">≤</span><span class=\"mspace\" style=\"margin-right:0.2778em;\"></span></span><span class=\"base\"><span class=\"strut\" style=\"height:0.8141em;\"></span><span class=\"mord\">1</span><span class=\"mord\"><span class=\"mord\">0</span><span class=\"msupsub\"><span class=\"vlist-t\"><span class=\"vlist-r\"><span class=\"vlist\" style=\"height:0.8141em;\"><span style=\"top:-3.063em;margin-right:0.05em;\"><span class=\"pstrut\" style=\"height:2.7em;\"></span><span class=\"sizing reset-size6 size3 mtight\"><span class=\"mord mtight\">9</span></span></span></span></span></span></span></span></span></span></span></p>\n<p><span class=\"katex\"><span class=\"katex-mathml\"><math xmlns=\"http://www.w3.org/1998/Math/MathML\"><semantics><mrow><mo>∑</mo><mi>n</mi><mo>≤</mo><mn>1</mn><msup><mn>0</mn><mn>6</mn></msup></mrow><annotation encoding=\"application/x-tex\">\\sum n \\leq 10^6</annotation></semantics></math></span><span class=\"katex-html\" aria-hidden=\"true\"><span class=\"base\"><span class=\"strut\" style=\"height:1em;vertical-align:-0.25em;\"></span><span class=\"mop op-symbol small-op\" style=\"position:relative;top:0em;\">∑</span><span class=\"mspace\" style=\"margin-right:0.1667em;\"></span><span class=\"mord mathnormal\">n</span><span class=\"mspace\" style=\"margin-right:0.2778em;\"></span><span class=\"mrel\">≤</span><span class=\"mspace\" style=\"margin-right:0.2778em;\"></span></span><span class=\"base\"><span class=\"strut\" style=\"height:0.8141em;\"></span><span class=\"mord\">1</span><span class=\"mord\"><span class=\"mord\">0</span><span class=\"msupsub\"><span class=\"vlist-t\"><span class=\"vlist-r\"><span class=\"vlist\" style=\"height:0.8141em;\"><span style=\"top:-3.063em;margin-right:0.05em;\"><span class=\"pstrut\" style=\"height:2.7em;\"></span><span class=\"sizing reset-size6 size3 mtight\"><span class=\"mord mtight\">6</span></span></span></span></span></span></span></span></span></span></span></p>\n<h2><a href=\"#题目链接\" aria-hidden=\"true\" class=\"anchor\" id=\"题目链接\"></a>题目链接</h2>\n<p><a href=\"https://ac.nowcoder.com/acm/contest/296/C\">ByteDance WC 2019 Online - C</a></p>\n<!-- more -->\n<h2><a href=\"#题解\" aria-hidden=\"true\" class=\"anchor\" id=\"题解\"></a>题解</h2>\n<p>现学的 <a href=\"http://pepcy.cf/Hackenbush-%E5%8D%9A%E5%BC%88%E5%AD%A6%E4%B9%A0%E7%AC%94%E8%AE%B0/\">Hackenbush 博弈</a>。</p>\n<p>计算 SG 函数：</p>\n<p class='katex-block'><span class=\"katex-display\"><span class=\"katex\"><span class=\"katex-mathml\"><math xmlns=\"http://www.w3.org/1998/Math/MathML\" display=\"block\"><semantics><mtable rowspacing=\"0.25em\" columnalign=\"right left\" columnspacing=\"0em\"><mtr><mtd class =\"mtr-glue\"></mtd><mtd><mstyle scriptlevel=\"0\" displaystyle=\"true\"><mrow><mi>S</mi><mi>G</mi><mo stretchy=\"false\">(</mo><mi>u</mi><mo stretchy=\"false\">)</mo></mrow></mstyle></mtd><mtd><mstyle scriptlevel=\"0\" displaystyle=\"true\"><mrow><mrow></mrow><mo>=</mo><mi>f</mi><mo stretchy=\"false\">(</mo><msub><mi>v</mi><mn>1</mn></msub><mo stretchy=\"false\">)</mo><mo>⊕</mo><mi>f</mi><mo stretchy=\"false\">(</mo><msub><mi>v</mi><mn>2</mn></msub><mo stretchy=\"false\">)</mo><mo>⊕</mo><mo>⋯</mo><mo>⊕</mo><mi>f</mi><mo stretchy=\"false\">(</mo><msub><mi>v</mi><mi>m</mi></msub><mo stretchy=\"false\">)</mo></mrow></mstyle></mtd><mtd class =\"mtr-glue\"></mtd><mtd class =\"mml-eqn-num\"></mtd></mtr><mtr><mtd class =\"mtr-glue\"></mtd><mtd><mstyle scriptlevel=\"0\" displaystyle=\"true\"><mrow><mi>f</mi><mo stretchy=\"false\">(</mo><mi>v</mi><mo stretchy=\"false\">)</mo></mrow></mstyle></mtd><mtd><mstyle scriptlevel=\"0\" displaystyle=\"true\"><mrow><mrow></mrow><mo>=</mo><mrow><mo fence=\"true\">{</mo><mtable rowspacing=\"0.36em\" columnalign=\"left left\" columnspacing=\"1em\"><mtr><mtd><mstyle scriptlevel=\"0\" displaystyle=\"false\"><mrow><mi>S</mi><mi>G</mi><mo stretchy=\"false\">(</mo><mi>v</mi><mo stretchy=\"false\">)</mo><mo>+</mo><mn>1</mn><mtext> </mtext></mrow></mstyle></mtd><mtd><mstyle scriptlevel=\"0\" displaystyle=\"false\"><mrow><mo separator=\"true\">,</mo><msub><mi>w</mi><mrow><mi>E</mi><mo stretchy=\"false\">(</mo><mi>u</mi><mo separator=\"true\">,</mo><mi>v</mi><mo stretchy=\"false\">)</mo></mrow></msub><mo>=</mo><mn>1</mn></mrow></mstyle></mtd></mtr><mtr><mtd><mstyle scriptlevel=\"0\" displaystyle=\"false\"><mrow><mi>S</mi><mi>G</mi><mo stretchy=\"false\">(</mo><mi>v</mi><mo stretchy=\"false\">)</mo><mtext> </mtext></mrow></mstyle></mtd><mtd><mstyle scriptlevel=\"0\" displaystyle=\"false\"><mrow><mo separator=\"true\">,</mo><msub><mi>w</mi><mrow><mi>E</mi><mo stretchy=\"false\">(</mo><mi>u</mi><mo separator=\"true\">,</mo><mi>v</mi><mo stretchy=\"false\">)</mo></mrow></msub><mtext> is even</mtext></mrow></mstyle></mtd></mtr><mtr><mtd><mstyle scriptlevel=\"0\" displaystyle=\"false\"><mrow><mi>S</mi><mi>G</mi><mo stretchy=\"false\">(</mo><mi>v</mi><mo stretchy=\"false\">)</mo><mo>⊕</mo><mn>1</mn><mtext> </mtext></mrow></mstyle></mtd><mtd><mstyle scriptlevel=\"0\" displaystyle=\"false\"><mrow><mo separator=\"true\">,</mo><msub><mi>w</mi><mrow><mi>E</mi><mo stretchy=\"false\">(</mo><mi>u</mi><mo separator=\"true\">,</mo><mi>v</mi><mo stretchy=\"false\">)</mo></mrow></msub><mo>&gt;</mo><mn>1</mn><mtext> and </mtext><msub><mi>w</mi><mrow><mi>E</mi><mo stretchy=\"false\">(</mo><mi>u</mi><mo separator=\"true\">,</mo><mi>v</mi><mo stretchy=\"false\">)</mo></mrow></msub><mtext> is odd</mtext></mrow></mstyle></mtd></mtr></mtable></mrow></mrow></mstyle></mtd><mtd class =\"mtr-glue\"></mtd><mtd class =\"mml-eqn-num\"></mtd></mtr></mtable><annotation encoding=\"application/x-tex\">\n\\begin{align}\nSG(u) &amp;= f(v_1) \\oplus f(v_2) \\oplus \\cdots \\oplus f(v_m) \\\\\nf(v) &amp;= \\begin{cases}\nSG(v) + 1 ~ &amp;, w_{E(u, v)} = 1 \\\\\nSG(v) ~ &amp;, w_{E(u, v)} \\text{ is even} \\\\\nSG(v) \\oplus 1 ~ &amp;, w_{E(u, v)} &gt; 1 \\text{ and } w_{E(u, v)} \\text{ is odd} \n\\end{cases}\n\\end{align}\n</annotation></semantics></math></span><span class=\"katex-html\" aria-hidden=\"true\"><span class=\"base\"><span class=\"strut\" style=\"height:6.12em;vertical-align:-2.81em;\"></span><span class=\"mtable\"><span class=\"col-align-r\"><span class=\"vlist-t vlist-t2\"><span class=\"vlist-r\"><span class=\"vlist\" style=\"height:3.31em;\"><span style=\"top:-6.88em;\"><span class=\"pstrut\" style=\"height:4.41em;\"></span><span class=\"mord\"><span class=\"mord mathnormal\">SG</span><span class=\"mopen\">(</span><span class=\"mord mathnormal\">u</span><span class=\"mclose\">)</span></span></span><span style=\"top:-3.81em;\"><span class=\"pstrut\" style=\"height:4.41em;\"></span><span class=\"mord\"><span class=\"mord mathnormal\" style=\"margin-right:0.10764em;\">f</span><span class=\"mopen\">(</span><span class=\"mord mathnormal\" style=\"margin-right:0.03588em;\">v</span><span class=\"mclose\">)</span></span></span></span><span class=\"vlist-s\">​</span></span><span class=\"vlist-r\"><span class=\"vlist\" style=\"height:2.81em;\"><span></span></span></span></span></span><span class=\"col-align-l\"><span class=\"vlist-t vlist-t2\"><span class=\"vlist-r\"><span class=\"vlist\" style=\"height:3.31em;\"><span style=\"top:-6.88em;\"><span class=\"pstrut\" style=\"height:4.41em;\"></span><span class=\"mord\"><span class=\"mord\"></span><span class=\"mspace\" style=\"margin-right:0.2778em;\"></span><span class=\"mrel\">=</span><span class=\"mspace\" style=\"margin-right:0.2778em;\"></span><span class=\"mord mathnormal\" style=\"margin-right:0.10764em;\">f</span><span class=\"mopen\">(</span><span class=\"mord\"><span class=\"mord mathnormal\" style=\"margin-right:0.03588em;\">v</span><span class=\"msupsub\"><span class=\"vlist-t vlist-t2\"><span class=\"vlist-r\"><span class=\"vlist\" style=\"height:0.3011em;\"><span style=\"top:-2.55em;margin-left:-0.0359em;margin-right:0.05em;\"><span class=\"pstrut\" style=\"height:2.7em;\"></span><span class=\"sizing reset-size6 size3 mtight\"><span class=\"mord mtight\">1</span></span></span></span><span class=\"vlist-s\">​</span></span><span class=\"vlist-r\"><span class=\"vlist\" style=\"height:0.15em;\"><span></span></span></span></span></span></span><span class=\"mclose\">)</span><span class=\"mspace\" style=\"margin-right:0.2222em;\"></span><span class=\"mbin\">⊕</span><span class=\"mspace\" style=\"margin-right:0.2222em;\"></span><span class=\"mord mathnormal\" style=\"margin-right:0.10764em;\">f</span><span class=\"mopen\">(</span><span class=\"mord\"><span class=\"mord mathnormal\" style=\"margin-right:0.03588em;\">v</span><span class=\"msupsub\"><span class=\"vlist-t vlist-t2\"><span class=\"vlist-r\"><span class=\"vlist\" style=\"height:0.3011em;\"><span style=\"top:-2.55em;margin-left:-0.0359em;margin-right:0.05em;\"><span class=\"pstrut\" style=\"height:2.7em;\"></span><span class=\"sizing reset-size6 size3 mtight\"><span class=\"mord mtight\">2</span></span></span></span><span class=\"vlist-s\">​</span></span><span class=\"vlist-r\"><span class=\"vlist\" style=\"height:0.15em;\"><span></span></span></span></span></span></span><span class=\"mclose\">)</span><span class=\"mspace\" style=\"margin-right:0.2222em;\"></span><span class=\"mbin\">⊕</span><span class=\"mspace\" style=\"margin-right:0.2222em;\"></span><span class=\"minner\">⋯</span><span class=\"mspace\" style=\"margin-right:0.2222em;\"></span><span class=\"mbin\">⊕</span><span class=\"mspace\" style=\"margin-right:0.2222em;\"></span><span class=\"mord mathnormal\" style=\"margin-right:0.10764em;\">f</span><span class=\"mopen\">(</span><span class=\"mord\"><span class=\"mord mathnormal\" style=\"margin-right:0.03588em;\">v</span><span class=\"msupsub\"><span class=\"vlist-t vlist-t2\"><span class=\"vlist-r\"><span class=\"vlist\" style=\"height:0.1514em;\"><span style=\"top:-2.55em;margin-left:-0.0359em;margin-right:0.05em;\"><span class=\"pstrut\" style=\"height:2.7em;\"></span><span class=\"sizing reset-size6 size3 mtight\"><span class=\"mord mathnormal mtight\">m</span></span></span></span><span class=\"vlist-s\">​</span></span><span class=\"vlist-r\"><span class=\"vlist\" style=\"height:0.15em;\"><span></span></span></span></span></span></span><span class=\"mclose\">)</span></span></span><span style=\"top:-3.81em;\"><span class=\"pstrut\" style=\"height:4.41em;\"></span><span class=\"mord\"><span class=\"mord\"></span><span class=\"mspace\" style=\"margin-right:0.2778em;\"></span><span class=\"mrel\">=</span><span class=\"mspace\" style=\"margin-right:0.2778em;\"></span><span class=\"minner\"><span class=\"mopen\"><span class=\"delimsizing mult\"><span class=\"vlist-t vlist-t2\"><span class=\"vlist-r\"><span class=\"vlist\" style=\"height:2.35em;\"><span style=\"top:-2.2em;\"><span class=\"pstrut\" style=\"height:3.15em;\"></span><span class=\"delimsizinginner delim-size4\"><span>⎩</span></span></span><span style=\"top:-2.192em;\"><span class=\"pstrut\" style=\"height:3.15em;\"></span><span style=\"height:0.316em;width:0.8889em;\"><svg xmlns=\"http://www.w3.org/2000/svg\" width='0.8889em' height='0.316em' style='width:0.8889em' viewBox='0 0 888.89 316' preserveAspectRatio='xMinYMin'><path d='M384 0 H504 V316 H384z M384 0 H504 V316 H384z'/></svg></span></span><span style=\"top:-3.15em;\"><span class=\"pstrut\" style=\"height:3.15em;\"></span><span class=\"delimsizinginner delim-size4\"><span>⎨</span></span></span><span style=\"top:-4.292em;\"><span class=\"pstrut\" style=\"height:3.15em;\"></span><span style=\"height:0.316em;width:0.8889em;\"><svg xmlns=\"http://www.w3.org/2000/svg\" width='0.8889em' height='0.316em' style='width:0.8889em' viewBox='0 0 888.89 316' preserveAspectRatio='xMinYMin'><path d='M384 0 H504 V316 H384z M384 0 H504 V316 H384z'/></svg></span></span><span style=\"top:-4.6em;\"><span class=\"pstrut\" style=\"height:3.15em;\"></span><span class=\"delimsizinginner delim-size4\"><span>⎧</span></span></span></span><span class=\"vlist-s\">​</span></span><span class=\"vlist-r\"><span class=\"vlist\" style=\"height:1.85em;\"><span></span></span></span></span></span></span><span class=\"mord\"><span class=\"mtable\"><span class=\"col-align-l\"><span class=\"vlist-t vlist-t2\"><span class=\"vlist-r\"><span class=\"vlist\" style=\"height:2.41em;\"><span style=\"top:-4.41em;\"><span class=\"pstrut\" style=\"height:3.008em;\"></span><span class=\"mord\"><span class=\"mord mathnormal\">SG</span><span class=\"mopen\">(</span><span class=\"mord mathnormal\" style=\"margin-right:0.03588em;\">v</span><span class=\"mclose\">)</span><span class=\"mspace\" style=\"margin-right:0.2222em;\"></span><span class=\"mbin\">+</span><span class=\"mspace\" style=\"margin-right:0.2222em;\"></span><span class=\"mord\">1</span><span class=\"mspace nobreak\"> </span></span></span><span style=\"top:-2.97em;\"><span class=\"pstrut\" style=\"height:3.008em;\"></span><span class=\"mord\"><span class=\"mord mathnormal\">SG</span><span class=\"mopen\">(</span><span class=\"mord mathnormal\" style=\"margin-right:0.03588em;\">v</span><span class=\"mclose\">)</span><span class=\"mspace nobreak\"> </span></span></span><span style=\"top:-1.53em;\"><span class=\"pstrut\" style=\"height:3.008em;\"></span><span class=\"mord\"><span class=\"mord mathnormal\">SG</span><span class=\"mopen\">(</span><span class=\"mord mathnormal\" style=\"margin-right:0.03588em;\">v</span><span class=\"mclose\">)</span><span class=\"mspace\" style=\"margin-right:0.2222em;\"></span><span class=\"mbin\">⊕</span><span class=\"mspace\" style=\"margin-right:0.2222em;\"></span><span class=\"mord\">1</span><span class=\"mspace nobreak\"> </span></span></span></span><span class=\"vlist-s\">​</span></span><span class=\"vlist-r\"><span class=\"vlist\" style=\"height:1.91em;\"><span></span></span></span></span></span><span class=\"arraycolsep\" style=\"width:1em;\"></span><span class=\"col-align-l\"><span class=\"vlist-t vlist-t2\"><span class=\"vlist-r\"><span class=\"vlist\" style=\"height:2.41em;\"><span style=\"top:-4.41em;\"><span class=\"pstrut\" style=\"height:3.008em;\"></span><span class=\"mord\"><span class=\"mpunct\">,</span><span class=\"mspace\" style=\"margin-right:0.1667em;\"></span><span class=\"mord\"><span class=\"mord mathnormal\" style=\"margin-right:0.02691em;\">w</span><span class=\"msupsub\"><span class=\"vlist-t vlist-t2\"><span class=\"vlist-r\"><span class=\"vlist\" style=\"height:0.3448em;\"><span style=\"top:-2.5198em;margin-left:-0.0269em;margin-right:0.05em;\"><span class=\"pstrut\" style=\"height:2.7em;\"></span><span class=\"sizing reset-size6 size3 mtight\"><span class=\"mord mtight\"><span class=\"mord mathnormal mtight\" style=\"margin-right:0.05764em;\">E</span><span class=\"mopen mtight\">(</span><span class=\"mord mathnormal mtight\">u</span><span class=\"mpunct mtight\">,</span><span class=\"mord mathnormal mtight\" style=\"margin-right:0.03588em;\">v</span><span class=\"mclose mtight\">)</span></span></span></span></span><span class=\"vlist-s\">​</span></span><span class=\"vlist-r\"><span class=\"vlist\" style=\"height:0.3552em;\"><span></span></span></span></span></span></span><span class=\"mspace\" style=\"margin-right:0.2778em;\"></span><span class=\"mrel\">=</span><span class=\"mspace\" style=\"margin-right:0.2778em;\"></span><span class=\"mord\">1</span></span></span><span style=\"top:-2.97em;\"><span class=\"pstrut\" style=\"height:3.008em;\"></span><span class=\"mord\"><span class=\"mpunct\">,</span><span class=\"mspace\" style=\"margin-right:0.1667em;\"></span><span class=\"mord\"><span class=\"mord mathnormal\" style=\"margin-right:0.02691em;\">w</span><span class=\"msupsub\"><span class=\"vlist-t vlist-t2\"><span class=\"vlist-r\"><span class=\"vlist\" style=\"height:0.3448em;\"><span style=\"top:-2.5198em;margin-left:-0.0269em;margin-right:0.05em;\"><span class=\"pstrut\" style=\"height:2.7em;\"></span><span class=\"sizing reset-size6 size3 mtight\"><span class=\"mord mtight\"><span class=\"mord mathnormal mtight\" style=\"margin-right:0.05764em;\">E</span><span class=\"mopen mtight\">(</span><span class=\"mord mathnormal mtight\">u</span><span class=\"mpunct mtight\">,</span><span class=\"mord mathnormal mtight\" style=\"margin-right:0.03588em;\">v</span><span class=\"mclose mtight\">)</span></span></span></span></span><span class=\"vlist-s\">​</span></span><span class=\"vlist-r\"><span class=\"vlist\" style=\"height:0.3552em;\"><span></span></span></span></span></span></span><span class=\"mord text\"><span class=\"mord\"> is even</span></span></span></span><span style=\"top:-1.53em;\"><span class=\"pstrut\" style=\"height:3.008em;\"></span><span class=\"mord\"><span class=\"mpunct\">,</span><span class=\"mspace\" style=\"margin-right:0.1667em;\"></span><span class=\"mord\"><span class=\"mord mathnormal\" style=\"margin-right:0.02691em;\">w</span><span class=\"msupsub\"><span class=\"vlist-t vlist-t2\"><span class=\"vlist-r\"><span class=\"vlist\" style=\"height:0.3448em;\"><span style=\"top:-2.5198em;margin-left:-0.0269em;margin-right:0.05em;\"><span class=\"pstrut\" style=\"height:2.7em;\"></span><span class=\"sizing reset-size6 size3 mtight\"><span class=\"mord mtight\"><span class=\"mord mathnormal mtight\" style=\"margin-right:0.05764em;\">E</span><span class=\"mopen mtight\">(</span><span class=\"mord mathnormal mtight\">u</span><span class=\"mpunct mtight\">,</span><span class=\"mord mathnormal mtight\" style=\"margin-right:0.03588em;\">v</span><span class=\"mclose mtight\">)</span></span></span></span></span><span class=\"vlist-s\">​</span></span><span class=\"vlist-r\"><span class=\"vlist\" style=\"height:0.3552em;\"><span></span></span></span></span></span></span><span class=\"mspace\" style=\"margin-right:0.2778em;\"></span><span class=\"mrel\">&gt;</span><span class=\"mspace\" style=\"margin-right:0.2778em;\"></span><span class=\"mord\">1</span><span class=\"mord text\"><span class=\"mord\"> and </span></span><span class=\"mord\"><span class=\"mord mathnormal\" style=\"margin-right:0.02691em;\">w</span><span class=\"msupsub\"><span class=\"vlist-t vlist-t2\"><span class=\"vlist-r\"><span class=\"vlist\" style=\"height:0.3448em;\"><span style=\"top:-2.5198em;margin-left:-0.0269em;margin-right:0.05em;\"><span class=\"pstrut\" style=\"height:2.7em;\"></span><span class=\"sizing reset-size6 size3 mtight\"><span class=\"mord mtight\"><span class=\"mord mathnormal mtight\" style=\"margin-right:0.05764em;\">E</span><span class=\"mopen mtight\">(</span><span class=\"mord mathnormal mtight\">u</span><span class=\"mpunct mtight\">,</span><span class=\"mord mathnormal mtight\" style=\"margin-right:0.03588em;\">v</span><span class=\"mclose mtight\">)</span></span></span></span></span><span class=\"vlist-s\">​</span></span><span class=\"vlist-r\"><span class=\"vlist\" style=\"height:0.3552em;\"><span></span></span></span></span></span></span><span class=\"mord text\"><span class=\"mord\"> is odd</span></span></span></span></span><span class=\"vlist-s\">​</span></span><span class=\"vlist-r\"><span class=\"vlist\" style=\"height:1.91em;\"><span></span></span></span></span></span></span></span><span class=\"mclose nulldelimiter\"></span></span></span></span></span><span class=\"vlist-s\">​</span></span><span class=\"vlist-r\"><span class=\"vlist\" style=\"height:2.81em;\"><span></span></span></span></span></span></span></span><span class=\"tag\"><span class=\"vlist-t vlist-t2\"><span class=\"vlist-r\"><span class=\"vlist\" style=\"height:3.31em;\"><span style=\"top:-6.88em;\"><span class=\"pstrut\" style=\"height:4.41em;\"></span><span class=\"eqn-num\"></span></span><span style=\"top:-3.81em;\"><span class=\"pstrut\" style=\"height:4.41em;\"></span><span class=\"eqn-num\"></span></span></span><span class=\"vlist-s\">​</span></span><span class=\"vlist-r\"><span class=\"vlist\" style=\"height:2.81em;\"><span></span></span></span></span></span></span></span></span></p>\n<p>如何输出方案：</p>\n<p>我们从根节点开始 dfs，同时传递一个变量 <span class=\"katex\"><span class=\"katex-mathml\"><math xmlns=\"http://www.w3.org/1998/Math/MathML\"><semantics><mrow><mi>n</mi><mi>e</mi><mi>e</mi><mi>d</mi></mrow><annotation encoding=\"application/x-tex\">need</annotation></semantics></math></span><span class=\"katex-html\" aria-hidden=\"true\"><span class=\"base\"><span class=\"strut\" style=\"height:0.6944em;\"></span><span class=\"mord mathnormal\">n</span><span class=\"mord mathnormal\">ee</span><span class=\"mord mathnormal\">d</span></span></span></span>（代码中为 <code>val</code>）表示需要用该子树进行一次操作凑出的 SG 函数值，初始为 <span class=\"katex\"><span class=\"katex-mathml\"><math xmlns=\"http://www.w3.org/1998/Math/MathML\"><semantics><mrow><mn>0</mn></mrow><annotation encoding=\"application/x-tex\">0</annotation></semantics></math></span><span class=\"katex-html\" aria-hidden=\"true\"><span class=\"base\"><span class=\"strut\" style=\"height:0.6444em;\"></span><span class=\"mord\">0</span></span></span></span>。对于每一个点，枚举与它儿子相连的每一条边，可以分情况计算出该儿子对应子树的 <span class=\"katex\"><span class=\"katex-mathml\"><math xmlns=\"http://www.w3.org/1998/Math/MathML\"><semantics><mrow><mi>n</mi><mi>e</mi><mi>e</mi><mi>d</mi></mrow><annotation encoding=\"application/x-tex\">need</annotation></semantics></math></span><span class=\"katex-html\" aria-hidden=\"true\"><span class=\"base\"><span class=\"strut\" style=\"height:0.6944em;\"></span><span class=\"mord mathnormal\">n</span><span class=\"mord mathnormal\">ee</span><span class=\"mord mathnormal\">d</span></span></span></span> 的值（<span class=\"katex\"><span class=\"katex-mathml\"><math xmlns=\"http://www.w3.org/1998/Math/MathML\"><semantics><mrow><mi>o</mi><mi>t</mi><mi>h</mi><mi>e</mi><mi>r</mi></mrow><annotation encoding=\"application/x-tex\">other</annotation></semantics></math></span><span class=\"katex-html\" aria-hidden=\"true\"><span class=\"base\"><span class=\"strut\" style=\"height:0.6944em;\"></span><span class=\"mord mathnormal\">o</span><span class=\"mord mathnormal\">t</span><span class=\"mord mathnormal\">h</span><span class=\"mord mathnormal\" style=\"margin-right:0.02778em;\">er</span></span></span></span> 为其余部分的 SG 值，<span class=\"katex\"><span class=\"katex-mathml\"><math xmlns=\"http://www.w3.org/1998/Math/MathML\"><semantics><mrow><mi>u</mi><mo separator=\"true\">,</mo><mi>v</mi></mrow><annotation encoding=\"application/x-tex\">u, v</annotation></semantics></math></span><span class=\"katex-html\" aria-hidden=\"true\"><span class=\"base\"><span class=\"strut\" style=\"height:0.625em;vertical-align:-0.1944em;\"></span><span class=\"mord mathnormal\">u</span><span class=\"mpunct\">,</span><span class=\"mspace\" style=\"margin-right:0.1667em;\"></span><span class=\"mord mathnormal\" style=\"margin-right:0.03588em;\">v</span></span></span></span> 分别表示父节点、子节点）：</p>\n<ul>\n<li>边权为 <span class=\"katex\"><span class=\"katex-mathml\"><math xmlns=\"http://www.w3.org/1998/Math/MathML\"><semantics><mrow><mn>1</mn></mrow><annotation encoding=\"application/x-tex\">1</annotation></semantics></math></span><span class=\"katex-html\" aria-hidden=\"true\"><span class=\"base\"><span class=\"strut\" style=\"height:0.6444em;\"></span><span class=\"mord\">1</span></span></span></span>：<span class=\"katex\"><span class=\"katex-mathml\"><math xmlns=\"http://www.w3.org/1998/Math/MathML\"><semantics><mrow><mo stretchy=\"false\">(</mo><mi>n</mi><mi>e</mi><mi>e</mi><msub><mi>d</mi><mi>v</mi></msub><mo>+</mo><mn>1</mn><mo stretchy=\"false\">)</mo><mo>⊕</mo><mi>o</mi><mi>t</mi><mi>h</mi><mi>e</mi><mi>r</mi><mo>=</mo><mi>n</mi><mi>e</mi><mi>e</mi><msub><mi>d</mi><mi>u</mi></msub></mrow><annotation encoding=\"application/x-tex\">(need_v + 1) \\oplus other = need_u</annotation></semantics></math></span><span class=\"katex-html\" aria-hidden=\"true\"><span class=\"base\"><span class=\"strut\" style=\"height:1em;vertical-align:-0.25em;\"></span><span class=\"mopen\">(</span><span class=\"mord mathnormal\">n</span><span class=\"mord mathnormal\">ee</span><span class=\"mord\"><span class=\"mord mathnormal\">d</span><span class=\"msupsub\"><span class=\"vlist-t vlist-t2\"><span class=\"vlist-r\"><span class=\"vlist\" style=\"height:0.1514em;\"><span style=\"top:-2.55em;margin-left:0em;margin-right:0.05em;\"><span class=\"pstrut\" style=\"height:2.7em;\"></span><span class=\"sizing reset-size6 size3 mtight\"><span class=\"mord mathnormal mtight\" style=\"margin-right:0.03588em;\">v</span></span></span></span><span class=\"vlist-s\">​</span></span><span class=\"vlist-r\"><span class=\"vlist\" style=\"height:0.15em;\"><span></span></span></span></span></span></span><span class=\"mspace\" style=\"margin-right:0.2222em;\"></span><span class=\"mbin\">+</span><span class=\"mspace\" style=\"margin-right:0.2222em;\"></span></span><span class=\"base\"><span class=\"strut\" style=\"height:1em;vertical-align:-0.25em;\"></span><span class=\"mord\">1</span><span class=\"mclose\">)</span><span class=\"mspace\" style=\"margin-right:0.2222em;\"></span><span class=\"mbin\">⊕</span><span class=\"mspace\" style=\"margin-right:0.2222em;\"></span></span><span class=\"base\"><span class=\"strut\" style=\"height:0.6944em;\"></span><span class=\"mord mathnormal\">o</span><span class=\"mord mathnormal\">t</span><span class=\"mord mathnormal\">h</span><span class=\"mord mathnormal\" style=\"margin-right:0.02778em;\">er</span><span class=\"mspace\" style=\"margin-right:0.2778em;\"></span><span class=\"mrel\">=</span><span class=\"mspace\" style=\"margin-right:0.2778em;\"></span></span><span class=\"base\"><span class=\"strut\" style=\"height:0.8444em;vertical-align:-0.15em;\"></span><span class=\"mord mathnormal\">n</span><span class=\"mord mathnormal\">ee</span><span class=\"mord\"><span class=\"mord mathnormal\">d</span><span class=\"msupsub\"><span class=\"vlist-t vlist-t2\"><span class=\"vlist-r\"><span class=\"vlist\" style=\"height:0.1514em;\"><span style=\"top:-2.55em;margin-left:0em;margin-right:0.05em;\"><span class=\"pstrut\" style=\"height:2.7em;\"></span><span class=\"sizing reset-size6 size3 mtight\"><span class=\"mord mathnormal mtight\">u</span></span></span></span><span class=\"vlist-s\">​</span></span><span class=\"vlist-r\"><span class=\"vlist\" style=\"height:0.15em;\"><span></span></span></span></span></span></span></span></span></span></li>\n<li>边权大于 <span class=\"katex\"><span class=\"katex-mathml\"><math xmlns=\"http://www.w3.org/1998/Math/MathML\"><semantics><mrow><mn>1</mn></mrow><annotation encoding=\"application/x-tex\">1</annotation></semantics></math></span><span class=\"katex-html\" aria-hidden=\"true\"><span class=\"base\"><span class=\"strut\" style=\"height:0.6444em;\"></span><span class=\"mord\">1</span></span></span></span> 且为奇数：<span class=\"katex\"><span class=\"katex-mathml\"><math xmlns=\"http://www.w3.org/1998/Math/MathML\"><semantics><mrow><mi>n</mi><mi>e</mi><mi>e</mi><msub><mi>d</mi><mi>v</mi></msub><mo>⊕</mo><mn>1</mn><mo>⊕</mo><mi>o</mi><mi>t</mi><mi>h</mi><mi>e</mi><mi>r</mi><mo>=</mo><mi>n</mi><mi>e</mi><mi>e</mi><msub><mi>d</mi><mi>u</mi></msub></mrow><annotation encoding=\"application/x-tex\">need_v \\oplus 1 \\oplus other = need_u</annotation></semantics></math></span><span class=\"katex-html\" aria-hidden=\"true\"><span class=\"base\"><span class=\"strut\" style=\"height:0.8444em;vertical-align:-0.15em;\"></span><span class=\"mord mathnormal\">n</span><span class=\"mord mathnormal\">ee</span><span class=\"mord\"><span class=\"mord mathnormal\">d</span><span class=\"msupsub\"><span class=\"vlist-t vlist-t2\"><span class=\"vlist-r\"><span class=\"vlist\" style=\"height:0.1514em;\"><span style=\"top:-2.55em;margin-left:0em;margin-right:0.05em;\"><span class=\"pstrut\" style=\"height:2.7em;\"></span><span class=\"sizing reset-size6 size3 mtight\"><span class=\"mord mathnormal mtight\" style=\"margin-right:0.03588em;\">v</span></span></span></span><span class=\"vlist-s\">​</span></span><span class=\"vlist-r\"><span class=\"vlist\" style=\"height:0.15em;\"><span></span></span></span></span></span></span><span class=\"mspace\" style=\"margin-right:0.2222em;\"></span><span class=\"mbin\">⊕</span><span class=\"mspace\" style=\"margin-right:0.2222em;\"></span></span><span class=\"base\"><span class=\"strut\" style=\"height:0.7278em;vertical-align:-0.0833em;\"></span><span class=\"mord\">1</span><span class=\"mspace\" style=\"margin-right:0.2222em;\"></span><span class=\"mbin\">⊕</span><span class=\"mspace\" style=\"margin-right:0.2222em;\"></span></span><span class=\"base\"><span class=\"strut\" style=\"height:0.6944em;\"></span><span class=\"mord mathnormal\">o</span><span class=\"mord mathnormal\">t</span><span class=\"mord mathnormal\">h</span><span class=\"mord mathnormal\" style=\"margin-right:0.02778em;\">er</span><span class=\"mspace\" style=\"margin-right:0.2778em;\"></span><span class=\"mrel\">=</span><span class=\"mspace\" style=\"margin-right:0.2778em;\"></span></span><span class=\"base\"><span class=\"strut\" style=\"height:0.8444em;vertical-align:-0.15em;\"></span><span class=\"mord mathnormal\">n</span><span class=\"mord mathnormal\">ee</span><span class=\"mord\"><span class=\"mord mathnormal\">d</span><span class=\"msupsub\"><span class=\"vlist-t vlist-t2\"><span class=\"vlist-r\"><span class=\"vlist\" style=\"height:0.1514em;\"><span style=\"top:-2.55em;margin-left:0em;margin-right:0.05em;\"><span class=\"pstrut\" style=\"height:2.7em;\"></span><span class=\"sizing reset-size6 size3 mtight\"><span class=\"mord mathnormal mtight\">u</span></span></span></span><span class=\"vlist-s\">​</span></span><span class=\"vlist-r\"><span class=\"vlist\" style=\"height:0.15em;\"><span></span></span></span></span></span></span></span></span></span></li>\n<li>边权为偶数：<span class=\"katex\"><span class=\"katex-mathml\"><math xmlns=\"http://www.w3.org/1998/Math/MathML\"><semantics><mrow><mi>n</mi><mi>e</mi><mi>e</mi><msub><mi>d</mi><mi>v</mi></msub><mo>⊕</mo><mi>o</mi><mi>t</mi><mi>h</mi><mi>e</mi><mi>r</mi><mo>=</mo><mi>n</mi><mi>e</mi><mi>e</mi><msub><mi>d</mi><mi>u</mi></msub></mrow><annotation encoding=\"application/x-tex\">need_v \\oplus other = need_u</annotation></semantics></math></span><span class=\"katex-html\" aria-hidden=\"true\"><span class=\"base\"><span class=\"strut\" style=\"height:0.8444em;vertical-align:-0.15em;\"></span><span class=\"mord mathnormal\">n</span><span class=\"mord mathnormal\">ee</span><span class=\"mord\"><span class=\"mord mathnormal\">d</span><span class=\"msupsub\"><span class=\"vlist-t vlist-t2\"><span class=\"vlist-r\"><span class=\"vlist\" style=\"height:0.1514em;\"><span style=\"top:-2.55em;margin-left:0em;margin-right:0.05em;\"><span class=\"pstrut\" style=\"height:2.7em;\"></span><span class=\"sizing reset-size6 size3 mtight\"><span class=\"mord mathnormal mtight\" style=\"margin-right:0.03588em;\">v</span></span></span></span><span class=\"vlist-s\">​</span></span><span class=\"vlist-r\"><span class=\"vlist\" style=\"height:0.15em;\"><span></span></span></span></span></span></span><span class=\"mspace\" style=\"margin-right:0.2222em;\"></span><span class=\"mbin\">⊕</span><span class=\"mspace\" style=\"margin-right:0.2222em;\"></span></span><span class=\"base\"><span class=\"strut\" style=\"height:0.6944em;\"></span><span class=\"mord mathnormal\">o</span><span class=\"mord mathnormal\">t</span><span class=\"mord mathnormal\">h</span><span class=\"mord mathnormal\" style=\"margin-right:0.02778em;\">er</span><span class=\"mspace\" style=\"margin-right:0.2778em;\"></span><span class=\"mrel\">=</span><span class=\"mspace\" style=\"margin-right:0.2778em;\"></span></span><span class=\"base\"><span class=\"strut\" style=\"height:0.8444em;vertical-align:-0.15em;\"></span><span class=\"mord mathnormal\">n</span><span class=\"mord mathnormal\">ee</span><span class=\"mord\"><span class=\"mord mathnormal\">d</span><span class=\"msupsub\"><span class=\"vlist-t vlist-t2\"><span class=\"vlist-r\"><span class=\"vlist\" style=\"height:0.1514em;\"><span style=\"top:-2.55em;margin-left:0em;margin-right:0.05em;\"><span class=\"pstrut\" style=\"height:2.7em;\"></span><span class=\"sizing reset-size6 size3 mtight\"><span class=\"mord mathnormal mtight\">u</span></span></span></span><span class=\"vlist-s\">​</span></span><span class=\"vlist-r\"><span class=\"vlist\" style=\"height:0.15em;\"><span></span></span></span></span></span></span></span></span></span></li>\n</ul>\n<p>同时，可以考虑若操作该边是否能得到该点的 <span class=\"katex\"><span class=\"katex-mathml\"><math xmlns=\"http://www.w3.org/1998/Math/MathML\"><semantics><mrow><mi>n</mi><mi>e</mi><mi>e</mi><mi>d</mi></mrow><annotation encoding=\"application/x-tex\">need</annotation></semantics></math></span><span class=\"katex-html\" aria-hidden=\"true\"><span class=\"base\"><span class=\"strut\" style=\"height:0.6944em;\"></span><span class=\"mord mathnormal\">n</span><span class=\"mord mathnormal\">ee</span><span class=\"mord mathnormal\">d</span></span></span></span> 值：</p>\n<ul>\n<li>边权为 <span class=\"katex\"><span class=\"katex-mathml\"><math xmlns=\"http://www.w3.org/1998/Math/MathML\"><semantics><mrow><mn>1</mn></mrow><annotation encoding=\"application/x-tex\">1</annotation></semantics></math></span><span class=\"katex-html\" aria-hidden=\"true\"><span class=\"base\"><span class=\"strut\" style=\"height:0.6444em;\"></span><span class=\"mord\">1</span></span></span></span>：<span class=\"katex\"><span class=\"katex-mathml\"><math xmlns=\"http://www.w3.org/1998/Math/MathML\"><semantics><mrow><mi>o</mi><mi>t</mi><mi>h</mi><mi>e</mi><mi>r</mi><mo>=</mo><mi>n</mi><mi>e</mi><mi>e</mi><msub><mi>d</mi><mi>u</mi></msub></mrow><annotation encoding=\"application/x-tex\">other = need_u</annotation></semantics></math></span><span class=\"katex-html\" aria-hidden=\"true\"><span class=\"base\"><span class=\"strut\" style=\"height:0.6944em;\"></span><span class=\"mord mathnormal\">o</span><span class=\"mord mathnormal\">t</span><span class=\"mord mathnormal\">h</span><span class=\"mord mathnormal\" style=\"margin-right:0.02778em;\">er</span><span class=\"mspace\" style=\"margin-right:0.2778em;\"></span><span class=\"mrel\">=</span><span class=\"mspace\" style=\"margin-right:0.2778em;\"></span></span><span class=\"base\"><span class=\"strut\" style=\"height:0.8444em;vertical-align:-0.15em;\"></span><span class=\"mord mathnormal\">n</span><span class=\"mord mathnormal\">ee</span><span class=\"mord\"><span class=\"mord mathnormal\">d</span><span class=\"msupsub\"><span class=\"vlist-t vlist-t2\"><span class=\"vlist-r\"><span class=\"vlist\" style=\"height:0.1514em;\"><span style=\"top:-2.55em;margin-left:0em;margin-right:0.05em;\"><span class=\"pstrut\" style=\"height:2.7em;\"></span><span class=\"sizing reset-size6 size3 mtight\"><span class=\"mord mathnormal mtight\">u</span></span></span></span><span class=\"vlist-s\">​</span></span><span class=\"vlist-r\"><span class=\"vlist\" style=\"height:0.15em;\"><span></span></span></span></span></span></span></span></span></span> 则可以</li>\n<li>边权为 <span class=\"katex\"><span class=\"katex-mathml\"><math xmlns=\"http://www.w3.org/1998/Math/MathML\"><semantics><mrow><mn>2</mn></mrow><annotation encoding=\"application/x-tex\">2</annotation></semantics></math></span><span class=\"katex-html\" aria-hidden=\"true\"><span class=\"base\"><span class=\"strut\" style=\"height:0.6444em;\"></span><span class=\"mord\">2</span></span></span></span>：<span class=\"katex\"><span class=\"katex-mathml\"><math xmlns=\"http://www.w3.org/1998/Math/MathML\"><semantics><mrow><mo stretchy=\"false\">(</mo><mi>S</mi><mi>G</mi><mo stretchy=\"false\">(</mo><mi>v</mi><mo stretchy=\"false\">)</mo><mo>+</mo><mn>1</mn><mo stretchy=\"false\">)</mo><mo>⊕</mo><mi>o</mi><mi>t</mi><mi>h</mi><mi>e</mi><mi>r</mi><mo>=</mo><mi>n</mi><mi>e</mi><mi>e</mi><msub><mi>d</mi><mi>u</mi></msub></mrow><annotation encoding=\"application/x-tex\">(SG(v) + 1) \\oplus other = need_u</annotation></semantics></math></span><span class=\"katex-html\" aria-hidden=\"true\"><span class=\"base\"><span class=\"strut\" style=\"height:1em;vertical-align:-0.25em;\"></span><span class=\"mopen\">(</span><span class=\"mord mathnormal\">SG</span><span class=\"mopen\">(</span><span class=\"mord mathnormal\" style=\"margin-right:0.03588em;\">v</span><span class=\"mclose\">)</span><span class=\"mspace\" style=\"margin-right:0.2222em;\"></span><span class=\"mbin\">+</span><span class=\"mspace\" style=\"margin-right:0.2222em;\"></span></span><span class=\"base\"><span class=\"strut\" style=\"height:1em;vertical-align:-0.25em;\"></span><span class=\"mord\">1</span><span class=\"mclose\">)</span><span class=\"mspace\" style=\"margin-right:0.2222em;\"></span><span class=\"mbin\">⊕</span><span class=\"mspace\" style=\"margin-right:0.2222em;\"></span></span><span class=\"base\"><span class=\"strut\" style=\"height:0.6944em;\"></span><span class=\"mord mathnormal\">o</span><span class=\"mord mathnormal\">t</span><span class=\"mord mathnormal\">h</span><span class=\"mord mathnormal\" style=\"margin-right:0.02778em;\">er</span><span class=\"mspace\" style=\"margin-right:0.2778em;\"></span><span class=\"mrel\">=</span><span class=\"mspace\" style=\"margin-right:0.2778em;\"></span></span><span class=\"base\"><span class=\"strut\" style=\"height:0.8444em;vertical-align:-0.15em;\"></span><span class=\"mord mathnormal\">n</span><span class=\"mord mathnormal\">ee</span><span class=\"mord\"><span class=\"mord mathnormal\">d</span><span class=\"msupsub\"><span class=\"vlist-t vlist-t2\"><span class=\"vlist-r\"><span class=\"vlist\" style=\"height:0.1514em;\"><span style=\"top:-2.55em;margin-left:0em;margin-right:0.05em;\"><span class=\"pstrut\" style=\"height:2.7em;\"></span><span class=\"sizing reset-size6 size3 mtight\"><span class=\"mord mathnormal mtight\">u</span></span></span></span><span class=\"vlist-s\">​</span></span><span class=\"vlist-r\"><span class=\"vlist\" style=\"height:0.15em;\"><span></span></span></span></span></span></span></span></span></span> 则可以</li>\n<li>边权大于 <span class=\"katex\"><span class=\"katex-mathml\"><math xmlns=\"http://www.w3.org/1998/Math/MathML\"><semantics><mrow><mn>2</mn></mrow><annotation encoding=\"application/x-tex\">2</annotation></semantics></math></span><span class=\"katex-html\" aria-hidden=\"true\"><span class=\"base\"><span class=\"strut\" style=\"height:0.6444em;\"></span><span class=\"mord\">2</span></span></span></span>：<span class=\"katex\"><span class=\"katex-mathml\"><math xmlns=\"http://www.w3.org/1998/Math/MathML\"><semantics><mrow><mi>S</mi><mi>G</mi><mo stretchy=\"false\">(</mo><mi>v</mi><mo stretchy=\"false\">)</mo><mo>⊕</mo><mn>1</mn><mo>=</mo><mi>n</mi><mi>e</mi><mi>e</mi><msub><mi>d</mi><mi>u</mi></msub></mrow><annotation encoding=\"application/x-tex\">SG(v) \\oplus 1 = need_u</annotation></semantics></math></span><span class=\"katex-html\" aria-hidden=\"true\"><span class=\"base\"><span class=\"strut\" style=\"height:1em;vertical-align:-0.25em;\"></span><span class=\"mord mathnormal\">SG</span><span class=\"mopen\">(</span><span class=\"mord mathnormal\" style=\"margin-right:0.03588em;\">v</span><span class=\"mclose\">)</span><span class=\"mspace\" style=\"margin-right:0.2222em;\"></span><span class=\"mbin\">⊕</span><span class=\"mspace\" style=\"margin-right:0.2222em;\"></span></span><span class=\"base\"><span class=\"strut\" style=\"height:0.6444em;\"></span><span class=\"mord\">1</span><span class=\"mspace\" style=\"margin-right:0.2778em;\"></span><span class=\"mrel\">=</span><span class=\"mspace\" style=\"margin-right:0.2778em;\"></span></span><span class=\"base\"><span class=\"strut\" style=\"height:0.8444em;vertical-align:-0.15em;\"></span><span class=\"mord mathnormal\">n</span><span class=\"mord mathnormal\">ee</span><span class=\"mord\"><span class=\"mord mathnormal\">d</span><span class=\"msupsub\"><span class=\"vlist-t vlist-t2\"><span class=\"vlist-r\"><span class=\"vlist\" style=\"height:0.1514em;\"><span style=\"top:-2.55em;margin-left:0em;margin-right:0.05em;\"><span class=\"pstrut\" style=\"height:2.7em;\"></span><span class=\"sizing reset-size6 size3 mtight\"><span class=\"mord mathnormal mtight\">u</span></span></span></span><span class=\"vlist-s\">​</span></span><span class=\"vlist-r\"><span class=\"vlist\" style=\"height:0.15em;\"><span></span></span></span></span></span></span></span></span></span> 则可以</li>\n</ul>\n<h2><a href=\"#代码\" aria-hidden=\"true\" class=\"anchor\" id=\"代码\"></a>代码</h2>\n<p>吐槽1：比赛时没有给异或运算加括号，于是输给了运算符优先级。。。QAQ</p>\n<p>吐槽2：代码中的 <code>MAXN = 1000105</code> 原本是 <code>MAXN = 1000005</code>，但发生了迷之「内部错误」。</p>\n<pre style=\"background-color:#2b303b;\"><code class=\"language-c++\">\n<span style=\"color:#b48ead;\">#include </span><span style=\"color:#c0c5ce;\">&lt;</span><span style=\"color:#a3be8c;\">cstdio</span><span style=\"color:#c0c5ce;\">&gt;\n</span><span style=\"color:#b48ead;\">#include </span><span style=\"color:#c0c5ce;\">&lt;</span><span style=\"color:#a3be8c;\">vector</span><span style=\"color:#c0c5ce;\">&gt;\n</span><span style=\"color:#b48ead;\">#include </span><span style=\"color:#c0c5ce;\">&lt;</span><span style=\"color:#a3be8c;\">algorithm</span><span style=\"color:#c0c5ce;\">&gt;\n</span><span style=\"color:#c0c5ce;\"> \n</span><span style=\"color:#b48ead;\">const int</span><span style=\"color:#c0c5ce;\"> MAXN = </span><span style=\"color:#d08770;\">1000105</span><span style=\"color:#c0c5ce;\">;\n</span><span style=\"color:#c0c5ce;\"> \n</span><span style=\"color:#b48ead;\">struct </span><span style=\"color:#c0c5ce;\">Edge;\n</span><span style=\"color:#c0c5ce;\"> \n</span><span style=\"color:#b48ead;\">struct </span><span style=\"color:#c0c5ce;\">Node {\n</span><span style=\"color:#c0c5ce;\">    Edge *e;\n</span><span style=\"color:#c0c5ce;\">    </span><span style=\"color:#b48ead;\">int</span><span style=\"color:#c0c5ce;\"> sg;\n</span><span style=\"color:#c0c5ce;\">} N[MAXN];\n</span><span style=\"color:#c0c5ce;\"> \n</span><span style=\"color:#b48ead;\">struct </span><span style=\"color:#c0c5ce;\">Edge {\n</span><span style=\"color:#c0c5ce;\">    Node *u, *v;\n</span><span style=\"color:#c0c5ce;\">    Edge *next;\n</span><span style=\"color:#c0c5ce;\">    </span><span style=\"color:#b48ead;\">int</span><span style=\"color:#c0c5ce;\"> w;\n</span><span style=\"color:#c0c5ce;\"> \n</span><span style=\"color:#c0c5ce;\">    </span><span style=\"color:#8fa1b3;\">Edge</span><span style=\"color:#c0c5ce;\">() {}\n</span><span style=\"color:#c0c5ce;\">    </span><span style=\"color:#8fa1b3;\">Edge</span><span style=\"color:#c0c5ce;\">(Node *</span><span style=\"color:#bf616a;\">u</span><span style=\"color:#c0c5ce;\">, Node *</span><span style=\"color:#bf616a;\">v</span><span style=\"color:#c0c5ce;\">, </span><span style=\"color:#b48ead;\">int </span><span style=\"color:#bf616a;\">w</span><span style=\"color:#c0c5ce;\">) : </span><span style=\"color:#bf616a;\">u</span><span style=\"color:#c0c5ce;\">(u), </span><span style=\"color:#bf616a;\">v</span><span style=\"color:#c0c5ce;\">(v), </span><span style=\"color:#bf616a;\">w</span><span style=\"color:#c0c5ce;\">(w), </span><span style=\"color:#bf616a;\">next</span><span style=\"color:#c0c5ce;\">(u-&gt;</span><span style=\"color:#bf616a;\">e</span><span style=\"color:#c0c5ce;\">) {}\n</span><span style=\"color:#c0c5ce;\">} _pool[MAXN], *_curr;\n</span><span style=\"color:#c0c5ce;\"> \n</span><span style=\"color:#b48ead;\">void </span><span style=\"color:#8fa1b3;\">addEdge</span><span style=\"color:#c0c5ce;\">(</span><span style=\"color:#b48ead;\">int </span><span style=\"color:#bf616a;\">f</span><span style=\"color:#c0c5ce;\">, </span><span style=\"color:#b48ead;\">int </span><span style=\"color:#bf616a;\">s</span><span style=\"color:#c0c5ce;\">, </span><span style=\"color:#b48ead;\">int </span><span style=\"color:#bf616a;\">w</span><span style=\"color:#c0c5ce;\">) {\n</span><span style=\"color:#c0c5ce;\">    N[f].</span><span style=\"color:#bf616a;\">e </span><span style=\"color:#c0c5ce;\">= </span><span style=\"color:#b48ead;\">new </span><span style=\"color:#c0c5ce;\">(_curr++) </span><span style=\"color:#8fa1b3;\">Edge</span><span style=\"color:#c0c5ce;\">(&amp;N[f], &amp;N[s], w);\n</span><span style=\"color:#c0c5ce;\">}\n</span><span style=\"color:#c0c5ce;\"> \n</span><span style=\"color:#b48ead;\">void </span><span style=\"color:#8fa1b3;\">dfs</span><span style=\"color:#c0c5ce;\">(Node *</span><span style=\"color:#bf616a;\">u</span><span style=\"color:#c0c5ce;\">) {\n</span><span style=\"color:#c0c5ce;\">    u-&gt;</span><span style=\"color:#bf616a;\">sg </span><span style=\"color:#c0c5ce;\">= </span><span style=\"color:#d08770;\">0</span><span style=\"color:#c0c5ce;\">;\n</span><span style=\"color:#c0c5ce;\">    </span><span style=\"color:#b48ead;\">for </span><span style=\"color:#c0c5ce;\">(Edge *e = u-&gt;</span><span style=\"color:#bf616a;\">e</span><span style=\"color:#c0c5ce;\">; e; e = e-&gt;</span><span style=\"color:#bf616a;\">next</span><span style=\"color:#c0c5ce;\">) {\n</span><span style=\"color:#c0c5ce;\">        </span><span style=\"color:#8fa1b3;\">dfs</span><span style=\"color:#c0c5ce;\">(e-&gt;</span><span style=\"color:#bf616a;\">v</span><span style=\"color:#c0c5ce;\">);\n</span><span style=\"color:#c0c5ce;\"> \n</span><span style=\"color:#c0c5ce;\">        </span><span style=\"color:#b48ead;\">if </span><span style=\"color:#c0c5ce;\">(e-&gt;</span><span style=\"color:#bf616a;\">w </span><span style=\"color:#c0c5ce;\">== </span><span style=\"color:#d08770;\">1</span><span style=\"color:#c0c5ce;\">) u-&gt;</span><span style=\"color:#bf616a;\">sg </span><span style=\"color:#c0c5ce;\">^= (e-&gt;</span><span style=\"color:#bf616a;\">v</span><span style=\"color:#c0c5ce;\">-&gt;</span><span style=\"color:#bf616a;\">sg </span><span style=\"color:#c0c5ce;\">+ </span><span style=\"color:#d08770;\">1</span><span style=\"color:#c0c5ce;\">);\n</span><span style=\"color:#c0c5ce;\">        </span><span style=\"color:#b48ead;\">else if </span><span style=\"color:#c0c5ce;\">(e-&gt;</span><span style=\"color:#bf616a;\">w </span><span style=\"color:#c0c5ce;\">% </span><span style=\"color:#d08770;\">2 </span><span style=\"color:#c0c5ce;\">== </span><span style=\"color:#d08770;\">0</span><span style=\"color:#c0c5ce;\">) u-&gt;</span><span style=\"color:#bf616a;\">sg </span><span style=\"color:#c0c5ce;\">^= e-&gt;</span><span style=\"color:#bf616a;\">v</span><span style=\"color:#c0c5ce;\">-&gt;</span><span style=\"color:#bf616a;\">sg</span><span style=\"color:#c0c5ce;\">;\n</span><span style=\"color:#c0c5ce;\">        </span><span style=\"color:#b48ead;\">else</span><span style=\"color:#c0c5ce;\"> u-&gt;</span><span style=\"color:#bf616a;\">sg </span><span style=\"color:#c0c5ce;\">^= (e-&gt;</span><span style=\"color:#bf616a;\">v</span><span style=\"color:#c0c5ce;\">-&gt;</span><span style=\"color:#bf616a;\">sg </span><span style=\"color:#c0c5ce;\">^ </span><span style=\"color:#d08770;\">1</span><span style=\"color:#c0c5ce;\">);\n</span><span style=\"color:#c0c5ce;\">    }\n</span><span style=\"color:#c0c5ce;\">}\n</span><span style=\"color:#c0c5ce;\"> \n</span><span style=\"color:#c0c5ce;\">std::vector&lt;</span><span style=\"color:#b48ead;\">int</span><span style=\"color:#c0c5ce;\">&gt; ans;\n</span><span style=\"color:#b48ead;\">void </span><span style=\"color:#8fa1b3;\">dfs</span><span style=\"color:#c0c5ce;\">(Node *</span><span style=\"color:#bf616a;\">u</span><span style=\"color:#c0c5ce;\">, </span><span style=\"color:#b48ead;\">int </span><span style=\"color:#bf616a;\">val</span><span style=\"color:#c0c5ce;\">) {\n</span><span style=\"color:#c0c5ce;\">    </span><span style=\"color:#b48ead;\">if </span><span style=\"color:#c0c5ce;\">(val &lt; </span><span style=\"color:#d08770;\">0</span><span style=\"color:#c0c5ce;\">) </span><span style=\"color:#b48ead;\">return</span><span style=\"color:#c0c5ce;\">;\n</span><span style=\"color:#c0c5ce;\">    </span><span style=\"color:#b48ead;\">for </span><span style=\"color:#c0c5ce;\">(Edge *e = u-&gt;</span><span style=\"color:#bf616a;\">e</span><span style=\"color:#c0c5ce;\">; e; e = e-&gt;</span><span style=\"color:#bf616a;\">next</span><span style=\"color:#c0c5ce;\">) {\n</span><span style=\"color:#c0c5ce;\">        </span><span style=\"color:#b48ead;\">int</span><span style=\"color:#c0c5ce;\"> other;\n</span><span style=\"color:#c0c5ce;\">        </span><span style=\"color:#b48ead;\">if </span><span style=\"color:#c0c5ce;\">(e-&gt;</span><span style=\"color:#bf616a;\">w </span><span style=\"color:#c0c5ce;\">== </span><span style=\"color:#d08770;\">1</span><span style=\"color:#c0c5ce;\">) other = u-&gt;</span><span style=\"color:#bf616a;\">sg </span><span style=\"color:#c0c5ce;\">^ (e-&gt;</span><span style=\"color:#bf616a;\">v</span><span style=\"color:#c0c5ce;\">-&gt;</span><span style=\"color:#bf616a;\">sg </span><span style=\"color:#c0c5ce;\">+ </span><span style=\"color:#d08770;\">1</span><span style=\"color:#c0c5ce;\">);\n</span><span style=\"color:#c0c5ce;\">        </span><span style=\"color:#b48ead;\">else if </span><span style=\"color:#c0c5ce;\">(e-&gt;</span><span style=\"color:#bf616a;\">w </span><span style=\"color:#c0c5ce;\">% </span><span style=\"color:#d08770;\">2 </span><span style=\"color:#c0c5ce;\">== </span><span style=\"color:#d08770;\">0</span><span style=\"color:#c0c5ce;\">) other = u-&gt;</span><span style=\"color:#bf616a;\">sg </span><span style=\"color:#c0c5ce;\">^ e-&gt;</span><span style=\"color:#bf616a;\">v</span><span style=\"color:#c0c5ce;\">-&gt;</span><span style=\"color:#bf616a;\">sg</span><span style=\"color:#c0c5ce;\">;\n</span><span style=\"color:#c0c5ce;\">        </span><span style=\"color:#b48ead;\">else</span><span style=\"color:#c0c5ce;\"> other = u-&gt;</span><span style=\"color:#bf616a;\">sg </span><span style=\"color:#c0c5ce;\">^ e-&gt;</span><span style=\"color:#bf616a;\">v</span><span style=\"color:#c0c5ce;\">-&gt;</span><span style=\"color:#bf616a;\">sg </span><span style=\"color:#c0c5ce;\">^ </span><span style=\"color:#d08770;\">1</span><span style=\"color:#c0c5ce;\">;\n</span><span style=\"color:#c0c5ce;\"> \n</span><span style=\"color:#c0c5ce;\">        </span><span style=\"color:#b48ead;\">if </span><span style=\"color:#c0c5ce;\">(other == val &amp;&amp; e-&gt;</span><span style=\"color:#bf616a;\">w </span><span style=\"color:#c0c5ce;\">== </span><span style=\"color:#d08770;\">1</span><span style=\"color:#c0c5ce;\">) ans.</span><span style=\"color:#8fa1b3;\">push_back</span><span style=\"color:#c0c5ce;\">(e-&gt;</span><span style=\"color:#bf616a;\">v </span><span style=\"color:#c0c5ce;\">- N);\n</span><span style=\"color:#c0c5ce;\">        </span><span style=\"color:#b48ead;\">else if </span><span style=\"color:#c0c5ce;\">(((e-&gt;</span><span style=\"color:#bf616a;\">v</span><span style=\"color:#c0c5ce;\">-&gt;</span><span style=\"color:#bf616a;\">sg </span><span style=\"color:#c0c5ce;\">+ </span><span style=\"color:#d08770;\">1</span><span style=\"color:#c0c5ce;\">) ^ other) == val &amp;&amp; e-&gt;</span><span style=\"color:#bf616a;\">w </span><span style=\"color:#c0c5ce;\">== </span><span style=\"color:#d08770;\">2</span><span style=\"color:#c0c5ce;\">) ans.</span><span style=\"color:#8fa1b3;\">push_back</span><span style=\"color:#c0c5ce;\">(e-&gt;</span><span style=\"color:#bf616a;\">v </span><span style=\"color:#c0c5ce;\">- N);\n</span><span style=\"color:#c0c5ce;\">        </span><span style=\"color:#b48ead;\">else if </span><span style=\"color:#c0c5ce;\">(val == (u-&gt;</span><span style=\"color:#bf616a;\">sg </span><span style=\"color:#c0c5ce;\">^ </span><span style=\"color:#d08770;\">1</span><span style=\"color:#c0c5ce;\">) &amp;&amp; e-&gt;</span><span style=\"color:#bf616a;\">w </span><span style=\"color:#c0c5ce;\">&gt; </span><span style=\"color:#d08770;\">2</span><span style=\"color:#c0c5ce;\">) ans.</span><span style=\"color:#8fa1b3;\">push_back</span><span style=\"color:#c0c5ce;\">(e-&gt;</span><span style=\"color:#bf616a;\">v </span><span style=\"color:#c0c5ce;\">- N);\n</span><span style=\"color:#c0c5ce;\">        \n</span><span style=\"color:#c0c5ce;\">        </span><span style=\"color:#b48ead;\">if </span><span style=\"color:#c0c5ce;\">(e-&gt;</span><span style=\"color:#bf616a;\">w </span><span style=\"color:#c0c5ce;\">== </span><span style=\"color:#d08770;\">1</span><span style=\"color:#c0c5ce;\">) </span><span style=\"color:#8fa1b3;\">dfs</span><span style=\"color:#c0c5ce;\">(e-&gt;</span><span style=\"color:#bf616a;\">v</span><span style=\"color:#c0c5ce;\">, (val ^ other) - </span><span style=\"color:#d08770;\">1</span><span style=\"color:#c0c5ce;\">);\n</span><span style=\"color:#c0c5ce;\">        </span><span style=\"color:#b48ead;\">else if </span><span style=\"color:#c0c5ce;\">(e-&gt;</span><span style=\"color:#bf616a;\">w </span><span style=\"color:#c0c5ce;\">% </span><span style=\"color:#d08770;\">2 </span><span style=\"color:#c0c5ce;\">== </span><span style=\"color:#d08770;\">0</span><span style=\"color:#c0c5ce;\">) </span><span style=\"color:#8fa1b3;\">dfs</span><span style=\"color:#c0c5ce;\">(e-&gt;</span><span style=\"color:#bf616a;\">v</span><span style=\"color:#c0c5ce;\">, val ^ other);\n</span><span style=\"color:#c0c5ce;\">        </span><span style=\"color:#b48ead;\">else </span><span style=\"color:#8fa1b3;\">dfs</span><span style=\"color:#c0c5ce;\">(e-&gt;</span><span style=\"color:#bf616a;\">v</span><span style=\"color:#c0c5ce;\">, val ^ other ^ </span><span style=\"color:#d08770;\">1</span><span style=\"color:#c0c5ce;\">);\n</span><span style=\"color:#c0c5ce;\">    }\n</span><span style=\"color:#c0c5ce;\">}\n</span><span style=\"color:#c0c5ce;\"> \n</span><span style=\"color:#b48ead;\">void </span><span style=\"color:#8fa1b3;\">init</span><span style=\"color:#c0c5ce;\">(</span><span style=\"color:#b48ead;\">int </span><span style=\"color:#bf616a;\">n</span><span style=\"color:#c0c5ce;\">) {\n</span><span style=\"color:#c0c5ce;\">    _curr = _pool;\n</span><span style=\"color:#c0c5ce;\">    </span><span style=\"color:#b48ead;\">for </span><span style=\"color:#c0c5ce;\">(</span><span style=\"color:#b48ead;\">int</span><span style=\"color:#c0c5ce;\"> i = </span><span style=\"color:#d08770;\">1</span><span style=\"color:#c0c5ce;\">; i &lt;= n; i++) N[i].</span><span style=\"color:#bf616a;\">e </span><span style=\"color:#c0c5ce;\">= </span><span style=\"color:#d08770;\">NULL</span><span style=\"color:#c0c5ce;\">;\n</span><span style=\"color:#c0c5ce;\">}\n</span><span style=\"color:#c0c5ce;\"> \n</span><span style=\"color:#b48ead;\">int </span><span style=\"color:#8fa1b3;\">main</span><span style=\"color:#c0c5ce;\">() {\n</span><span style=\"color:#c0c5ce;\">    </span><span style=\"color:#b48ead;\">int</span><span style=\"color:#c0c5ce;\"> T;\n</span><span style=\"color:#c0c5ce;\">    </span><span style=\"color:#96b5b4;\">scanf</span><span style=\"color:#c0c5ce;\">(&quot;</span><span style=\"color:#d08770;\">%d</span><span style=\"color:#c0c5ce;\">&quot;, &amp;T);\n</span><span style=\"color:#c0c5ce;\">    </span><span style=\"color:#b48ead;\">while </span><span style=\"color:#c0c5ce;\">(T--) {\n</span><span style=\"color:#c0c5ce;\">        </span><span style=\"color:#b48ead;\">int</span><span style=\"color:#c0c5ce;\"> n;\n</span><span style=\"color:#c0c5ce;\">        </span><span style=\"color:#96b5b4;\">scanf</span><span style=\"color:#c0c5ce;\">(&quot;</span><span style=\"color:#d08770;\">%d</span><span style=\"color:#c0c5ce;\">&quot;, &amp;n);\n</span><span style=\"color:#c0c5ce;\">        </span><span style=\"color:#8fa1b3;\">init</span><span style=\"color:#c0c5ce;\">(n);\n</span><span style=\"color:#c0c5ce;\"> \n</span><span style=\"color:#c0c5ce;\">        </span><span style=\"color:#b48ead;\">for </span><span style=\"color:#c0c5ce;\">(</span><span style=\"color:#b48ead;\">int</span><span style=\"color:#c0c5ce;\"> i = </span><span style=\"color:#d08770;\">2</span><span style=\"color:#c0c5ce;\">, f, w; i &lt;= n; i++) {\n</span><span style=\"color:#c0c5ce;\">            </span><span style=\"color:#96b5b4;\">scanf</span><span style=\"color:#c0c5ce;\">(&quot;</span><span style=\"color:#d08770;\">%d %d</span><span style=\"color:#c0c5ce;\">&quot;, &amp;f, &amp;w);\n</span><span style=\"color:#c0c5ce;\">            </span><span style=\"color:#8fa1b3;\">addEdge</span><span style=\"color:#c0c5ce;\">(f, i, w);\n</span><span style=\"color:#c0c5ce;\">        }\n</span><span style=\"color:#c0c5ce;\"> \n</span><span style=\"color:#c0c5ce;\">        </span><span style=\"color:#8fa1b3;\">dfs</span><span style=\"color:#c0c5ce;\">(&amp;N[</span><span style=\"color:#d08770;\">1</span><span style=\"color:#c0c5ce;\">]);\n</span><span style=\"color:#c0c5ce;\">        ans.</span><span style=\"color:#8fa1b3;\">clear</span><span style=\"color:#c0c5ce;\">();\n</span><span style=\"color:#c0c5ce;\">        </span><span style=\"color:#8fa1b3;\">dfs</span><span style=\"color:#c0c5ce;\">(&amp;N[</span><span style=\"color:#d08770;\">1</span><span style=\"color:#c0c5ce;\">], </span><span style=\"color:#d08770;\">0</span><span style=\"color:#c0c5ce;\">);\n</span><span style=\"color:#c0c5ce;\">        \n</span><span style=\"color:#c0c5ce;\">        </span><span style=\"color:#8fa1b3;\">std::sort</span><span style=\"color:#c0c5ce;\">(ans.</span><span style=\"color:#8fa1b3;\">begin</span><span style=\"color:#c0c5ce;\">(), ans.</span><span style=\"color:#8fa1b3;\">end</span><span style=\"color:#c0c5ce;\">());\n</span><span style=\"color:#c0c5ce;\">        </span><span style=\"color:#96b5b4;\">printf</span><span style=\"color:#c0c5ce;\">(&quot;</span><span style=\"color:#d08770;\">%d</span><span style=\"color:#96b5b4;\">\\n</span><span style=\"color:#c0c5ce;\">&quot;, ans.</span><span style=\"color:#8fa1b3;\">size</span><span style=\"color:#c0c5ce;\">());\n</span><span style=\"color:#c0c5ce;\">        </span><span style=\"color:#b48ead;\">for </span><span style=\"color:#c0c5ce;\">(</span><span style=\"color:#b48ead;\">int</span><span style=\"color:#c0c5ce;\"> i : ans) </span><span style=\"color:#96b5b4;\">printf</span><span style=\"color:#c0c5ce;\">(&quot;</span><span style=\"color:#d08770;\">%d </span><span style=\"color:#c0c5ce;\">&quot;, i);\n</span><span style=\"color:#c0c5ce;\">        </span><span style=\"color:#96b5b4;\">puts</span><span style=\"color:#c0c5ce;\">(&quot;&quot;);\n</span><span style=\"color:#c0c5ce;\">    }\n</span><span style=\"color:#c0c5ce;\">     \n</span><span style=\"color:#c0c5ce;\">    </span><span style=\"color:#b48ead;\">return </span><span style=\"color:#d08770;\">0</span><span style=\"color:#c0c5ce;\">;\n</span><span style=\"color:#c0c5ce;\">}\n</span>\n</code></pre>\n"}