{"title":"[ZJOI 2006] 三色二叉树","tags":["DP","树形DP"],"create_time":1492116678,"last_modified":1596712954,"toc":"<ol><li><a href=\"#题目大意\">题目大意</a></li><li><a href=\"#题目链接\">题目链接</a></li><li><a href=\"#题解\">题解</a></li><li><a href=\"#代码\">代码</a></li>","html":"<h2><a href=\"#题目大意\" aria-hidden=\"true\" class=\"anchor\" id=\"题目大意\"></a>题目大意</h2>\n<p>对一个二叉树的节点进行红、绿、蓝的染色，父子节点、兄弟节点之间不同色。求最多／少能染多少个绿色节点。</p>\n<p>二叉树的给出方式为一个只由 <span class=\"katex\"><span class=\"katex-mathml\"><math xmlns=\"http://www.w3.org/1998/Math/MathML\"><semantics><mrow><mn>0</mn></mrow><annotation encoding=\"application/x-tex\">0</annotation></semantics></math></span><span class=\"katex-html\" aria-hidden=\"true\"><span class=\"base\"><span class=\"strut\" style=\"height:0.6444em;\"></span><span class=\"mord\">0</span></span></span></span>、<span class=\"katex\"><span class=\"katex-mathml\"><math xmlns=\"http://www.w3.org/1998/Math/MathML\"><semantics><mrow><mn>1</mn></mrow><annotation encoding=\"application/x-tex\">1</annotation></semantics></math></span><span class=\"katex-html\" aria-hidden=\"true\"><span class=\"base\"><span class=\"strut\" style=\"height:0.6444em;\"></span><span class=\"mord\">1</span></span></span></span>、<span class=\"katex\"><span class=\"katex-mathml\"><math xmlns=\"http://www.w3.org/1998/Math/MathML\"><semantics><mrow><mn>2</mn></mrow><annotation encoding=\"application/x-tex\">2</annotation></semantics></math></span><span class=\"katex-html\" aria-hidden=\"true\"><span class=\"base\"><span class=\"strut\" style=\"height:0.6444em;\"></span><span class=\"mord\">2</span></span></span></span> 组成的数字序列。若为 <span class=\"katex\"><span class=\"katex-mathml\"><math xmlns=\"http://www.w3.org/1998/Math/MathML\"><semantics><mrow><mn>0</mn></mrow><annotation encoding=\"application/x-tex\">0</annotation></semantics></math></span><span class=\"katex-html\" aria-hidden=\"true\"><span class=\"base\"><span class=\"strut\" style=\"height:0.6444em;\"></span><span class=\"mord\">0</span></span></span></span> ，表示叶子节点；若为 <span class=\"katex\"><span class=\"katex-mathml\"><math xmlns=\"http://www.w3.org/1998/Math/MathML\"><semantics><mrow><mn>1</mn></mrow><annotation encoding=\"application/x-tex\">1</annotation></semantics></math></span><span class=\"katex-html\" aria-hidden=\"true\"><span class=\"base\"><span class=\"strut\" style=\"height:0.6444em;\"></span><span class=\"mord\">1</span></span></span></span>，表示有一个子节点，之后的序列描述这个节点的子树；若为 <span class=\"katex\"><span class=\"katex-mathml\"><math xmlns=\"http://www.w3.org/1998/Math/MathML\"><semantics><mrow><mn>2</mn></mrow><annotation encoding=\"application/x-tex\">2</annotation></semantics></math></span><span class=\"katex-html\" aria-hidden=\"true\"><span class=\"base\"><span class=\"strut\" style=\"height:0.6444em;\"></span><span class=\"mord\">2</span></span></span></span>，表示有两个子节点，之后的序列描述子树。</p>\n<p><span class=\"katex\"><span class=\"katex-mathml\"><math xmlns=\"http://www.w3.org/1998/Math/MathML\"><semantics><mrow><mn>1</mn><mo>⩽</mo><mi>n</mi><mo>⩽</mo><mn>500</mn><mo separator=\"true\">,</mo><mn>000</mn></mrow><annotation encoding=\"application/x-tex\">1 \\leqslant n \\leqslant 500,000</annotation></semantics></math></span><span class=\"katex-html\" aria-hidden=\"true\"><span class=\"base\"><span class=\"strut\" style=\"height:0.7811em;vertical-align:-0.1367em;\"></span><span class=\"mord\">1</span><span class=\"mspace\" style=\"margin-right:0.2778em;\"></span><span class=\"mrel amsrm\">⩽</span><span class=\"mspace\" style=\"margin-right:0.2778em;\"></span></span><span class=\"base\"><span class=\"strut\" style=\"height:0.7733em;vertical-align:-0.1367em;\"></span><span class=\"mord mathnormal\">n</span><span class=\"mspace\" style=\"margin-right:0.2778em;\"></span><span class=\"mrel amsrm\">⩽</span><span class=\"mspace\" style=\"margin-right:0.2778em;\"></span></span><span class=\"base\"><span class=\"strut\" style=\"height:0.8389em;vertical-align:-0.1944em;\"></span><span class=\"mord\">500</span><span class=\"mpunct\">,</span><span class=\"mspace\" style=\"margin-right:0.1667em;\"></span><span class=\"mord\">000</span></span></span></span></p>\n<h2><a href=\"#题目链接\" aria-hidden=\"true\" class=\"anchor\" id=\"题目链接\"></a>题目链接</h2>\n<p><a href=\"https://www.luogu.com.cn/problem/P2585\">【ZJOI 2006】三色二叉树 - Luogu 2585</a></p>\n<!-- more -->\n<h2><a href=\"#题解\" aria-hidden=\"true\" class=\"anchor\" id=\"题解\"></a>题解</h2>\n<p>树形 DP。</p>\n<p>不用管不是绿色的节点是红色还是蓝色。</p>\n<p>记 <span class=\"katex\"><span class=\"katex-mathml\"><math xmlns=\"http://www.w3.org/1998/Math/MathML\"><semantics><mrow><mi>f</mi><mo stretchy=\"false\">[</mo><mi>u</mi><mo separator=\"true\">,</mo><mtext>  </mtext><mn>0</mn><mi mathvariant=\"normal\">/</mi><mn>1</mn><mo stretchy=\"false\">]</mo></mrow><annotation encoding=\"application/x-tex\">f[u, ; 0/1]</annotation></semantics></math></span><span class=\"katex-html\" aria-hidden=\"true\"><span class=\"base\"><span class=\"strut\" style=\"height:1em;vertical-align:-0.25em;\"></span><span class=\"mord mathnormal\" style=\"margin-right:0.10764em;\">f</span><span class=\"mopen\">[</span><span class=\"mord mathnormal\">u</span><span class=\"mpunct\">,</span><span class=\"mspace\" style=\"margin-right:0.2778em;\"></span><span class=\"mspace\" style=\"margin-right:0.1667em;\"></span><span class=\"mord\">0/1</span><span class=\"mclose\">]</span></span></span></span> 表示节点 <span class=\"katex\"><span class=\"katex-mathml\"><math xmlns=\"http://www.w3.org/1998/Math/MathML\"><semantics><mrow><mi>u</mi></mrow><annotation encoding=\"application/x-tex\">u</annotation></semantics></math></span><span class=\"katex-html\" aria-hidden=\"true\"><span class=\"base\"><span class=\"strut\" style=\"height:0.4306em;\"></span><span class=\"mord mathnormal\">u</span></span></span></span> 在不是／是绿色时子树的答案，转移为（以最大值为例）：</p>\n<p class='katex-block'><span class=\"katex-display\"><span class=\"katex\"><span class=\"katex-mathml\"><math xmlns=\"http://www.w3.org/1998/Math/MathML\" display=\"block\"><semantics><mtable rowspacing=\"0.25em\" columnalign=\"right left\" columnspacing=\"0em\"><mtr><mtd class =\"mtr-glue\"></mtd><mtd><mstyle scriptlevel=\"0\" displaystyle=\"true\"><mrow><mi>f</mi><mo stretchy=\"false\">[</mo><mi>u</mi><mo separator=\"true\">,</mo><mtext>  </mtext><mn>1</mn><mo stretchy=\"false\">]</mo></mrow></mstyle></mtd><mtd><mstyle scriptlevel=\"0\" displaystyle=\"true\"><mrow><mrow></mrow><mo>=</mo><mi>f</mi><mo stretchy=\"false\">[</mo><mi>u</mi><mi mathvariant=\"normal\">.</mi><mi>l</mi><mi>c</mi><mo separator=\"true\">,</mo><mtext>  </mtext><mn>0</mn><mo stretchy=\"false\">]</mo><mo>+</mo><mi>f</mi><mo stretchy=\"false\">[</mo><mi>u</mi><mi mathvariant=\"normal\">.</mi><mi>r</mi><mi>c</mi><mo separator=\"true\">,</mo><mtext>  </mtext><mn>0</mn><mo stretchy=\"false\">]</mo><mo>+</mo><mn>1</mn></mrow></mstyle></mtd><mtd class =\"mtr-glue\"></mtd><mtd class =\"mml-eqn-num\"></mtd></mtr><mtr><mtd class =\"mtr-glue\"></mtd><mtd><mstyle scriptlevel=\"0\" displaystyle=\"true\"><mrow><mi>f</mi><mo stretchy=\"false\">[</mo><mi>u</mi><mo separator=\"true\">,</mo><mtext>  </mtext><mn>0</mn><mo stretchy=\"false\">]</mo></mrow></mstyle></mtd><mtd><mstyle scriptlevel=\"0\" displaystyle=\"true\"><mrow><mrow></mrow><mo>=</mo><mi>m</mi><mi>a</mi><mi>x</mi><mo stretchy=\"false\">(</mo><mi>f</mi><mo stretchy=\"false\">[</mo><mi>u</mi><mi mathvariant=\"normal\">.</mi><mi>l</mi><mi>c</mi><mo separator=\"true\">,</mo><mtext>  </mtext><mn>0</mn><mo stretchy=\"false\">]</mo><mo>+</mo><mi>f</mi><mo stretchy=\"false\">[</mo><mi>u</mi><mi mathvariant=\"normal\">.</mi><mi>r</mi><mi>c</mi><mo separator=\"true\">,</mo><mtext>  </mtext><mn>1</mn><mo stretchy=\"false\">]</mo><mo separator=\"true\">,</mo><mtext>  </mtext><mi>f</mi><mo stretchy=\"false\">[</mo><mi>u</mi><mi mathvariant=\"normal\">.</mi><mi>l</mi><mi>c</mi><mo separator=\"true\">,</mo><mtext>  </mtext><mn>1</mn><mo stretchy=\"false\">]</mo><mo>+</mo><mi>f</mi><mo stretchy=\"false\">[</mo><mi>u</mi><mi mathvariant=\"normal\">.</mi><mi>r</mi><mi>c</mi><mo separator=\"true\">,</mo><mtext>  </mtext><mn>0</mn><mo stretchy=\"false\">]</mo><mo stretchy=\"false\">)</mo></mrow></mstyle></mtd><mtd class =\"mtr-glue\"></mtd><mtd class =\"mml-eqn-num\"></mtd></mtr></mtable><annotation encoding=\"application/x-tex\">\n\\begin{align}\nf[u, \\; 1] &amp;= f[u.lc, \\; 0] + f[u.rc, \\; 0] + 1 \\\\\nf[u, \\; 0] &amp;= max(f[u.lc, \\; 0] + f[u.rc, \\; 1], \\; f[u.lc, \\; 1] + f[u.rc, \\; 0]) \n\\end{align}\n</annotation></semantics></math></span><span class=\"katex-html\" aria-hidden=\"true\"><span class=\"base\"><span class=\"strut\" style=\"height:3em;vertical-align:-1.25em;\"></span><span class=\"mtable\"><span class=\"col-align-r\"><span class=\"vlist-t vlist-t2\"><span class=\"vlist-r\"><span class=\"vlist\" style=\"height:1.75em;\"><span style=\"top:-3.91em;\"><span class=\"pstrut\" style=\"height:3em;\"></span><span class=\"mord\"><span class=\"mord mathnormal\" style=\"margin-right:0.10764em;\">f</span><span class=\"mopen\">[</span><span class=\"mord mathnormal\">u</span><span class=\"mpunct\">,</span><span class=\"mspace\" style=\"margin-right:0.2778em;\"></span><span class=\"mspace\" style=\"margin-right:0.1667em;\"></span><span class=\"mord\">1</span><span class=\"mclose\">]</span></span></span><span style=\"top:-2.41em;\"><span class=\"pstrut\" style=\"height:3em;\"></span><span class=\"mord\"><span class=\"mord mathnormal\" style=\"margin-right:0.10764em;\">f</span><span class=\"mopen\">[</span><span class=\"mord mathnormal\">u</span><span class=\"mpunct\">,</span><span class=\"mspace\" style=\"margin-right:0.2778em;\"></span><span class=\"mspace\" style=\"margin-right:0.1667em;\"></span><span class=\"mord\">0</span><span class=\"mclose\">]</span></span></span></span><span class=\"vlist-s\">​</span></span><span class=\"vlist-r\"><span class=\"vlist\" style=\"height:1.25em;\"><span></span></span></span></span></span><span class=\"col-align-l\"><span class=\"vlist-t vlist-t2\"><span class=\"vlist-r\"><span class=\"vlist\" style=\"height:1.75em;\"><span style=\"top:-3.91em;\"><span class=\"pstrut\" style=\"height:3em;\"></span><span class=\"mord\"><span class=\"mord\"></span><span class=\"mspace\" style=\"margin-right:0.2778em;\"></span><span class=\"mrel\">=</span><span class=\"mspace\" style=\"margin-right:0.2778em;\"></span><span class=\"mord mathnormal\" style=\"margin-right:0.10764em;\">f</span><span class=\"mopen\">[</span><span class=\"mord mathnormal\">u</span><span class=\"mord\">.</span><span class=\"mord mathnormal\" style=\"margin-right:0.01968em;\">l</span><span class=\"mord mathnormal\">c</span><span class=\"mpunct\">,</span><span class=\"mspace\" style=\"margin-right:0.2778em;\"></span><span class=\"mspace\" style=\"margin-right:0.1667em;\"></span><span class=\"mord\">0</span><span class=\"mclose\">]</span><span class=\"mspace\" style=\"margin-right:0.2222em;\"></span><span class=\"mbin\">+</span><span class=\"mspace\" style=\"margin-right:0.2222em;\"></span><span class=\"mord mathnormal\" style=\"margin-right:0.10764em;\">f</span><span class=\"mopen\">[</span><span class=\"mord mathnormal\">u</span><span class=\"mord\">.</span><span class=\"mord mathnormal\">rc</span><span class=\"mpunct\">,</span><span class=\"mspace\" style=\"margin-right:0.2778em;\"></span><span class=\"mspace\" style=\"margin-right:0.1667em;\"></span><span class=\"mord\">0</span><span class=\"mclose\">]</span><span class=\"mspace\" style=\"margin-right:0.2222em;\"></span><span class=\"mbin\">+</span><span class=\"mspace\" style=\"margin-right:0.2222em;\"></span><span class=\"mord\">1</span></span></span><span style=\"top:-2.41em;\"><span class=\"pstrut\" style=\"height:3em;\"></span><span class=\"mord\"><span class=\"mord\"></span><span class=\"mspace\" style=\"margin-right:0.2778em;\"></span><span class=\"mrel\">=</span><span class=\"mspace\" style=\"margin-right:0.2778em;\"></span><span class=\"mord mathnormal\">ma</span><span class=\"mord mathnormal\">x</span><span class=\"mopen\">(</span><span class=\"mord mathnormal\" style=\"margin-right:0.10764em;\">f</span><span class=\"mopen\">[</span><span class=\"mord mathnormal\">u</span><span class=\"mord\">.</span><span class=\"mord mathnormal\" style=\"margin-right:0.01968em;\">l</span><span class=\"mord mathnormal\">c</span><span class=\"mpunct\">,</span><span class=\"mspace\" style=\"margin-right:0.2778em;\"></span><span class=\"mspace\" style=\"margin-right:0.1667em;\"></span><span class=\"mord\">0</span><span class=\"mclose\">]</span><span class=\"mspace\" style=\"margin-right:0.2222em;\"></span><span class=\"mbin\">+</span><span class=\"mspace\" style=\"margin-right:0.2222em;\"></span><span class=\"mord mathnormal\" style=\"margin-right:0.10764em;\">f</span><span class=\"mopen\">[</span><span class=\"mord mathnormal\">u</span><span class=\"mord\">.</span><span class=\"mord mathnormal\">rc</span><span class=\"mpunct\">,</span><span class=\"mspace\" style=\"margin-right:0.2778em;\"></span><span class=\"mspace\" style=\"margin-right:0.1667em;\"></span><span class=\"mord\">1</span><span class=\"mclose\">]</span><span class=\"mpunct\">,</span><span class=\"mspace\" style=\"margin-right:0.2778em;\"></span><span class=\"mspace\" style=\"margin-right:0.1667em;\"></span><span class=\"mord mathnormal\" style=\"margin-right:0.10764em;\">f</span><span class=\"mopen\">[</span><span class=\"mord mathnormal\">u</span><span class=\"mord\">.</span><span class=\"mord mathnormal\" style=\"margin-right:0.01968em;\">l</span><span class=\"mord mathnormal\">c</span><span class=\"mpunct\">,</span><span class=\"mspace\" style=\"margin-right:0.2778em;\"></span><span class=\"mspace\" style=\"margin-right:0.1667em;\"></span><span class=\"mord\">1</span><span class=\"mclose\">]</span><span class=\"mspace\" style=\"margin-right:0.2222em;\"></span><span class=\"mbin\">+</span><span class=\"mspace\" style=\"margin-right:0.2222em;\"></span><span class=\"mord mathnormal\" style=\"margin-right:0.10764em;\">f</span><span class=\"mopen\">[</span><span class=\"mord mathnormal\">u</span><span class=\"mord\">.</span><span class=\"mord mathnormal\">rc</span><span class=\"mpunct\">,</span><span class=\"mspace\" style=\"margin-right:0.2778em;\"></span><span class=\"mspace\" style=\"margin-right:0.1667em;\"></span><span class=\"mord\">0</span><span class=\"mclose\">])</span></span></span></span><span class=\"vlist-s\">​</span></span><span class=\"vlist-r\"><span class=\"vlist\" style=\"height:1.25em;\"><span></span></span></span></span></span></span></span><span class=\"tag\"><span class=\"vlist-t vlist-t2\"><span class=\"vlist-r\"><span class=\"vlist\" style=\"height:1.75em;\"><span style=\"top:-3.75em;\"><span class=\"pstrut\" style=\"height:2.84em;\"></span><span class=\"eqn-num\"></span></span><span style=\"top:-2.25em;\"><span class=\"pstrut\" style=\"height:2.84em;\"></span><span class=\"eqn-num\"></span></span></span><span class=\"vlist-s\">​</span></span><span class=\"vlist-r\"><span class=\"vlist\" style=\"height:1.25em;\"><span></span></span></span></span></span></span></span></span></p>\n最小值同理。\n<h2><a href=\"#代码\" aria-hidden=\"true\" class=\"anchor\" id=\"代码\"></a>代码</h2>\n<p>节点和边根本不记录多少东西，就不用结构体了。。。</p>\n<pre style=\"background-color:#2b303b;\"><code class=\"language-c++\">\n<span style=\"color:#b48ead;\">#include </span><span style=\"color:#c0c5ce;\">&lt;</span><span style=\"color:#a3be8c;\">cstdio</span><span style=\"color:#c0c5ce;\">&gt;\n</span><span style=\"color:#b48ead;\">#include </span><span style=\"color:#c0c5ce;\">&lt;</span><span style=\"color:#a3be8c;\">cstring</span><span style=\"color:#c0c5ce;\">&gt;\n</span><span style=\"color:#b48ead;\">#include </span><span style=\"color:#c0c5ce;\">&lt;</span><span style=\"color:#a3be8c;\">algorithm</span><span style=\"color:#c0c5ce;\">&gt;\n</span><span style=\"color:#b48ead;\">const int</span><span style=\"color:#c0c5ce;\"> MAXN = </span><span style=\"color:#d08770;\">500005</span><span style=\"color:#c0c5ce;\">;\n</span><span style=\"color:#b48ead;\">int</span><span style=\"color:#c0c5ce;\"> f[MAXN][</span><span style=\"color:#d08770;\">2</span><span style=\"color:#c0c5ce;\">];\n</span><span style=\"color:#b48ead;\">int</span><span style=\"color:#c0c5ce;\"> l[MAXN], r[MAXN];\n</span><span style=\"color:#b48ead;\">void </span><span style=\"color:#8fa1b3;\">readTree</span><span style=\"color:#c0c5ce;\">(</span><span style=\"color:#b48ead;\">int </span><span style=\"color:#bf616a;\">u </span><span style=\"color:#c0c5ce;\">= </span><span style=\"color:#d08770;\">1</span><span style=\"color:#c0c5ce;\">) {\n</span><span style=\"color:#c0c5ce;\">    </span><span style=\"color:#b48ead;\">static int</span><span style=\"color:#c0c5ce;\"> nodeIndex = </span><span style=\"color:#d08770;\">1</span><span style=\"color:#c0c5ce;\">;\n</span><span style=\"color:#c0c5ce;\">    </span><span style=\"color:#b48ead;\">char</span><span style=\"color:#c0c5ce;\"> ch = </span><span style=\"color:#96b5b4;\">getchar</span><span style=\"color:#c0c5ce;\">();\n</span><span style=\"color:#c0c5ce;\">    </span><span style=\"color:#b48ead;\">if </span><span style=\"color:#c0c5ce;\">(ch == &#39;</span><span style=\"color:#a3be8c;\">0</span><span style=\"color:#c0c5ce;\">&#39;) </span><span style=\"color:#b48ead;\">return</span><span style=\"color:#c0c5ce;\">;\n</span><span style=\"color:#c0c5ce;\">    l[u] = ++nodeIndex;\n</span><span style=\"color:#c0c5ce;\">    </span><span style=\"color:#8fa1b3;\">readTree</span><span style=\"color:#c0c5ce;\">(nodeIndex);\n</span><span style=\"color:#c0c5ce;\">    </span><span style=\"color:#b48ead;\">if </span><span style=\"color:#c0c5ce;\">(ch == &#39;</span><span style=\"color:#a3be8c;\">2</span><span style=\"color:#c0c5ce;\">&#39;) {\n</span><span style=\"color:#c0c5ce;\">        r[u] = ++nodeIndex;\n</span><span style=\"color:#c0c5ce;\">        </span><span style=\"color:#8fa1b3;\">readTree</span><span style=\"color:#c0c5ce;\">(nodeIndex);\n</span><span style=\"color:#c0c5ce;\">    }\n</span><span style=\"color:#c0c5ce;\">}\n</span><span style=\"color:#b48ead;\">void </span><span style=\"color:#8fa1b3;\">dpMax</span><span style=\"color:#c0c5ce;\">(</span><span style=\"color:#b48ead;\">int </span><span style=\"color:#bf616a;\">u </span><span style=\"color:#c0c5ce;\">= </span><span style=\"color:#d08770;\">1</span><span style=\"color:#c0c5ce;\">) {\n</span><span style=\"color:#c0c5ce;\">    </span><span style=\"color:#b48ead;\">if </span><span style=\"color:#c0c5ce;\">(u == </span><span style=\"color:#d08770;\">0</span><span style=\"color:#c0c5ce;\">) </span><span style=\"color:#b48ead;\">return</span><span style=\"color:#c0c5ce;\">;\n</span><span style=\"color:#c0c5ce;\">    </span><span style=\"color:#8fa1b3;\">dpMax</span><span style=\"color:#c0c5ce;\">(l[u]);\n</span><span style=\"color:#c0c5ce;\">    </span><span style=\"color:#8fa1b3;\">dpMax</span><span style=\"color:#c0c5ce;\">(r[u]);\n</span><span style=\"color:#c0c5ce;\">    f[u][</span><span style=\"color:#d08770;\">1</span><span style=\"color:#c0c5ce;\">] = f[l[u]][</span><span style=\"color:#d08770;\">0</span><span style=\"color:#c0c5ce;\">] + f[r[u]][</span><span style=\"color:#d08770;\">0</span><span style=\"color:#c0c5ce;\">] + </span><span style=\"color:#d08770;\">1</span><span style=\"color:#c0c5ce;\">;\n</span><span style=\"color:#c0c5ce;\">    f[u][</span><span style=\"color:#d08770;\">0</span><span style=\"color:#c0c5ce;\">] = </span><span style=\"color:#8fa1b3;\">std::max</span><span style=\"color:#c0c5ce;\">(f[l[u]][</span><span style=\"color:#d08770;\">1</span><span style=\"color:#c0c5ce;\">] + f[r[u]][</span><span style=\"color:#d08770;\">0</span><span style=\"color:#c0c5ce;\">], f[l[u]][</span><span style=\"color:#d08770;\">0</span><span style=\"color:#c0c5ce;\">] + f[r[u]][</span><span style=\"color:#d08770;\">1</span><span style=\"color:#c0c5ce;\">]);\n</span><span style=\"color:#c0c5ce;\">}\n</span><span style=\"color:#b48ead;\">void </span><span style=\"color:#8fa1b3;\">dpMin</span><span style=\"color:#c0c5ce;\">(</span><span style=\"color:#b48ead;\">int </span><span style=\"color:#bf616a;\">u </span><span style=\"color:#c0c5ce;\">= </span><span style=\"color:#d08770;\">1</span><span style=\"color:#c0c5ce;\">) {\n</span><span style=\"color:#c0c5ce;\">    </span><span style=\"color:#b48ead;\">if </span><span style=\"color:#c0c5ce;\">(u == </span><span style=\"color:#d08770;\">0</span><span style=\"color:#c0c5ce;\">) </span><span style=\"color:#b48ead;\">return</span><span style=\"color:#c0c5ce;\">;\n</span><span style=\"color:#c0c5ce;\">    </span><span style=\"color:#8fa1b3;\">dpMin</span><span style=\"color:#c0c5ce;\">(l[u]);\n</span><span style=\"color:#c0c5ce;\">    </span><span style=\"color:#8fa1b3;\">dpMin</span><span style=\"color:#c0c5ce;\">(r[u]);\n</span><span style=\"color:#c0c5ce;\">    f[u][</span><span style=\"color:#d08770;\">1</span><span style=\"color:#c0c5ce;\">] = f[l[u]][</span><span style=\"color:#d08770;\">0</span><span style=\"color:#c0c5ce;\">] + f[r[u]][</span><span style=\"color:#d08770;\">0</span><span style=\"color:#c0c5ce;\">] + </span><span style=\"color:#d08770;\">1</span><span style=\"color:#c0c5ce;\">;\n</span><span style=\"color:#c0c5ce;\">    f[u][</span><span style=\"color:#d08770;\">0</span><span style=\"color:#c0c5ce;\">] = </span><span style=\"color:#8fa1b3;\">std::min</span><span style=\"color:#c0c5ce;\">(f[l[u]][</span><span style=\"color:#d08770;\">1</span><span style=\"color:#c0c5ce;\">] + f[r[u]][</span><span style=\"color:#d08770;\">0</span><span style=\"color:#c0c5ce;\">], f[l[u]][</span><span style=\"color:#d08770;\">0</span><span style=\"color:#c0c5ce;\">] + f[r[u]][</span><span style=\"color:#d08770;\">1</span><span style=\"color:#c0c5ce;\">]);\n</span><span style=\"color:#c0c5ce;\">}\n</span><span style=\"color:#b48ead;\">int </span><span style=\"color:#8fa1b3;\">main</span><span style=\"color:#c0c5ce;\">() {\n</span><span style=\"color:#c0c5ce;\">    </span><span style=\"color:#8fa1b3;\">readTree</span><span style=\"color:#c0c5ce;\">();\n</span><span style=\"color:#c0c5ce;\">    </span><span style=\"color:#8fa1b3;\">dpMax</span><span style=\"color:#c0c5ce;\">();\n</span><span style=\"color:#c0c5ce;\">    </span><span style=\"color:#b48ead;\">int</span><span style=\"color:#c0c5ce;\"> ansMax = </span><span style=\"color:#8fa1b3;\">std::max</span><span style=\"color:#c0c5ce;\">(f[</span><span style=\"color:#d08770;\">1</span><span style=\"color:#c0c5ce;\">][</span><span style=\"color:#d08770;\">1</span><span style=\"color:#c0c5ce;\">], f[</span><span style=\"color:#d08770;\">1</span><span style=\"color:#c0c5ce;\">][</span><span style=\"color:#d08770;\">0</span><span style=\"color:#c0c5ce;\">]);\n</span><span style=\"color:#c0c5ce;\">    </span><span style=\"color:#96b5b4;\">memset</span><span style=\"color:#c0c5ce;\">(f, </span><span style=\"color:#d08770;\">0</span><span style=\"color:#c0c5ce;\">, sizeof (f));\n</span><span style=\"color:#c0c5ce;\">    </span><span style=\"color:#8fa1b3;\">dpMin</span><span style=\"color:#c0c5ce;\">();\n</span><span style=\"color:#c0c5ce;\">    </span><span style=\"color:#b48ead;\">int</span><span style=\"color:#c0c5ce;\"> ansMin = </span><span style=\"color:#8fa1b3;\">std::min</span><span style=\"color:#c0c5ce;\">(f[</span><span style=\"color:#d08770;\">1</span><span style=\"color:#c0c5ce;\">][</span><span style=\"color:#d08770;\">1</span><span style=\"color:#c0c5ce;\">], f[</span><span style=\"color:#d08770;\">1</span><span style=\"color:#c0c5ce;\">][</span><span style=\"color:#d08770;\">0</span><span style=\"color:#c0c5ce;\">]);\n</span><span style=\"color:#c0c5ce;\">    </span><span style=\"color:#96b5b4;\">printf</span><span style=\"color:#c0c5ce;\">(&quot;</span><span style=\"color:#d08770;\">%d %d</span><span style=\"color:#96b5b4;\">\\n</span><span style=\"color:#c0c5ce;\">&quot;, ansMax, ansMin);\n</span><span style=\"color:#c0c5ce;\">    </span><span style=\"color:#b48ead;\">return </span><span style=\"color:#d08770;\">0</span><span style=\"color:#c0c5ce;\">;\n</span><span style=\"color:#c0c5ce;\">}\n</span>\n</code></pre>\n"}