{"title":"完全平方数","tags":["数论","莫比乌斯函数","线性筛"],"create_time":1492634064,"last_modified":1596723037,"toc":"<ol><li><a href=\"#题目大意\">题目大意</a></li><li><a href=\"#题目链接\">题目链接</a></li><li><a href=\"#题解\">题解</a></li><li><a href=\"#代码\">代码</a></li>","html":"<h2><a href=\"#题目大意\" aria-hidden=\"true\" class=\"anchor\" id=\"题目大意\"></a>题目大意</h2>\n<p>求从 <span class=\"katex\"><span class=\"katex-mathml\"><math xmlns=\"http://www.w3.org/1998/Math/MathML\"><semantics><mrow><mn>1</mn></mrow><annotation encoding=\"application/x-tex\">1</annotation></semantics></math></span><span class=\"katex-html\" aria-hidden=\"true\"><span class=\"base\"><span class=\"strut\" style=\"height:0.6444em;\"></span><span class=\"mord\">1</span></span></span></span> 开始第 <span class=\"katex\"><span class=\"katex-mathml\"><math xmlns=\"http://www.w3.org/1998/Math/MathML\"><semantics><mrow><mi>k</mi></mrow><annotation encoding=\"application/x-tex\">k</annotation></semantics></math></span><span class=\"katex-html\" aria-hidden=\"true\"><span class=\"base\"><span class=\"strut\" style=\"height:0.6944em;\"></span><span class=\"mord mathnormal\" style=\"margin-right:0.03148em;\">k</span></span></span></span> 个不是完全平方数的整倍数的数，多组询问。</p>\n<p><span class=\"katex\"><span class=\"katex-mathml\"><math xmlns=\"http://www.w3.org/1998/Math/MathML\"><semantics><mrow><mn>1</mn><mo>⩽</mo><mi>k</mi><mo>⩽</mo><mn>1</mn><mo separator=\"true\">,</mo><mn>000</mn><mo separator=\"true\">,</mo><mn>000</mn><mo separator=\"true\">,</mo><mn>000</mn></mrow><annotation encoding=\"application/x-tex\">1 \\leqslant k \\leqslant 1,000,000,000</annotation></semantics></math></span><span class=\"katex-html\" aria-hidden=\"true\"><span class=\"base\"><span class=\"strut\" style=\"height:0.7811em;vertical-align:-0.1367em;\"></span><span class=\"mord\">1</span><span class=\"mspace\" style=\"margin-right:0.2778em;\"></span><span class=\"mrel amsrm\">⩽</span><span class=\"mspace\" style=\"margin-right:0.2778em;\"></span></span><span class=\"base\"><span class=\"strut\" style=\"height:0.8311em;vertical-align:-0.1367em;\"></span><span class=\"mord mathnormal\" style=\"margin-right:0.03148em;\">k</span><span class=\"mspace\" style=\"margin-right:0.2778em;\"></span><span class=\"mrel amsrm\">⩽</span><span class=\"mspace\" style=\"margin-right:0.2778em;\"></span></span><span class=\"base\"><span class=\"strut\" style=\"height:0.8389em;vertical-align:-0.1944em;\"></span><span class=\"mord\">1</span><span class=\"mpunct\">,</span><span class=\"mspace\" style=\"margin-right:0.1667em;\"></span><span class=\"mord\">000</span><span class=\"mpunct\">,</span><span class=\"mspace\" style=\"margin-right:0.1667em;\"></span><span class=\"mord\">000</span><span class=\"mpunct\">,</span><span class=\"mspace\" style=\"margin-right:0.1667em;\"></span><span class=\"mord\">000</span></span></span></span></p>\n<p><span class=\"katex\"><span class=\"katex-mathml\"><math xmlns=\"http://www.w3.org/1998/Math/MathML\"><semantics><mrow><mn>1</mn><mo>⩽</mo><mi>T</mi><mo>⩽</mo><mn>50</mn></mrow><annotation encoding=\"application/x-tex\">1 \\leqslant T \\leqslant 50</annotation></semantics></math></span><span class=\"katex-html\" aria-hidden=\"true\"><span class=\"base\"><span class=\"strut\" style=\"height:0.7811em;vertical-align:-0.1367em;\"></span><span class=\"mord\">1</span><span class=\"mspace\" style=\"margin-right:0.2778em;\"></span><span class=\"mrel amsrm\">⩽</span><span class=\"mspace\" style=\"margin-right:0.2778em;\"></span></span><span class=\"base\"><span class=\"strut\" style=\"height:0.82em;vertical-align:-0.1367em;\"></span><span class=\"mord mathnormal\" style=\"margin-right:0.13889em;\">T</span><span class=\"mspace\" style=\"margin-right:0.2778em;\"></span><span class=\"mrel amsrm\">⩽</span><span class=\"mspace\" style=\"margin-right:0.2778em;\"></span></span><span class=\"base\"><span class=\"strut\" style=\"height:0.6444em;\"></span><span class=\"mord\">50</span></span></span></span></p>\n<h2><a href=\"#题目链接\" aria-hidden=\"true\" class=\"anchor\" id=\"题目链接\"></a>题目链接</h2>\n<p><a href=\"https://www.luogu.com.cn/problem/P4318\">完全平方数 - Luogu 4318</a></p>\n<h2><a href=\"#题解\" aria-hidden=\"true\" class=\"anchor\" id=\"题解\"></a>题解</h2>\n<p>可以用容斥原理计算出小于等于 <span class=\"katex\"><span class=\"katex-mathml\"><math xmlns=\"http://www.w3.org/1998/Math/MathML\"><semantics><mrow><mi>n</mi></mrow><annotation encoding=\"application/x-tex\">n</annotation></semantics></math></span><span class=\"katex-html\" aria-hidden=\"true\"><span class=\"base\"><span class=\"strut\" style=\"height:0.4306em;\"></span><span class=\"mord mathnormal\">n</span></span></span></span> 的数中有多少个是完全平方数的整倍数，即加上 <span class=\"katex\"><span class=\"katex-mathml\"><math xmlns=\"http://www.w3.org/1998/Math/MathML\"><semantics><mrow><mfrac><mi>n</mi><mn>4</mn></mfrac></mrow><annotation encoding=\"application/x-tex\">\\frac{n}4</annotation></semantics></math></span><span class=\"katex-html\" aria-hidden=\"true\"><span class=\"base\"><span class=\"strut\" style=\"height:1.0404em;vertical-align:-0.345em;\"></span><span class=\"mord\"><span class=\"mopen nulldelimiter\"></span><span class=\"mfrac\"><span class=\"vlist-t vlist-t2\"><span class=\"vlist-r\"><span class=\"vlist\" style=\"height:0.6954em;\"><span style=\"top:-2.655em;\"><span class=\"pstrut\" style=\"height:3em;\"></span><span class=\"sizing reset-size6 size3 mtight\"><span class=\"mord mtight\"><span class=\"mord mtight\">4</span></span></span></span><span style=\"top:-3.23em;\"><span class=\"pstrut\" style=\"height:3em;\"></span><span class=\"frac-line\" style=\"border-bottom-width:0.04em;\"></span></span><span style=\"top:-3.394em;\"><span class=\"pstrut\" style=\"height:3em;\"></span><span class=\"sizing reset-size6 size3 mtight\"><span class=\"mord mtight\"><span class=\"mord mathnormal mtight\">n</span></span></span></span></span><span class=\"vlist-s\">​</span></span><span class=\"vlist-r\"><span class=\"vlist\" style=\"height:0.345em;\"><span></span></span></span></span></span><span class=\"mclose nulldelimiter\"></span></span></span></span></span>、<span class=\"katex\"><span class=\"katex-mathml\"><math xmlns=\"http://www.w3.org/1998/Math/MathML\"><semantics><mrow><mfrac><mi>n</mi><mn>9</mn></mfrac></mrow><annotation encoding=\"application/x-tex\">\\frac{n}9</annotation></semantics></math></span><span class=\"katex-html\" aria-hidden=\"true\"><span class=\"base\"><span class=\"strut\" style=\"height:1.0404em;vertical-align:-0.345em;\"></span><span class=\"mord\"><span class=\"mopen nulldelimiter\"></span><span class=\"mfrac\"><span class=\"vlist-t vlist-t2\"><span class=\"vlist-r\"><span class=\"vlist\" style=\"height:0.6954em;\"><span style=\"top:-2.655em;\"><span class=\"pstrut\" style=\"height:3em;\"></span><span class=\"sizing reset-size6 size3 mtight\"><span class=\"mord mtight\"><span class=\"mord mtight\">9</span></span></span></span><span style=\"top:-3.23em;\"><span class=\"pstrut\" style=\"height:3em;\"></span><span class=\"frac-line\" style=\"border-bottom-width:0.04em;\"></span></span><span style=\"top:-3.394em;\"><span class=\"pstrut\" style=\"height:3em;\"></span><span class=\"sizing reset-size6 size3 mtight\"><span class=\"mord mtight\"><span class=\"mord mathnormal mtight\">n</span></span></span></span></span><span class=\"vlist-s\">​</span></span><span class=\"vlist-r\"><span class=\"vlist\" style=\"height:0.345em;\"><span></span></span></span></span></span><span class=\"mclose nulldelimiter\"></span></span></span></span></span>、<span class=\"katex\"><span class=\"katex-mathml\"><math xmlns=\"http://www.w3.org/1998/Math/MathML\"><semantics><mrow><mfrac><mi>n</mi><mn>25</mn></mfrac></mrow><annotation encoding=\"application/x-tex\">\\frac{n}{25}</annotation></semantics></math></span><span class=\"katex-html\" aria-hidden=\"true\"><span class=\"base\"><span class=\"strut\" style=\"height:1.0404em;vertical-align:-0.345em;\"></span><span class=\"mord\"><span class=\"mopen nulldelimiter\"></span><span class=\"mfrac\"><span class=\"vlist-t vlist-t2\"><span class=\"vlist-r\"><span class=\"vlist\" style=\"height:0.6954em;\"><span style=\"top:-2.655em;\"><span class=\"pstrut\" style=\"height:3em;\"></span><span class=\"sizing reset-size6 size3 mtight\"><span class=\"mord mtight\"><span class=\"mord mtight\">25</span></span></span></span><span style=\"top:-3.23em;\"><span class=\"pstrut\" style=\"height:3em;\"></span><span class=\"frac-line\" style=\"border-bottom-width:0.04em;\"></span></span><span style=\"top:-3.394em;\"><span class=\"pstrut\" style=\"height:3em;\"></span><span class=\"sizing reset-size6 size3 mtight\"><span class=\"mord mtight\"><span class=\"mord mathnormal mtight\">n</span></span></span></span></span><span class=\"vlist-s\">​</span></span><span class=\"vlist-r\"><span class=\"vlist\" style=\"height:0.345em;\"><span></span></span></span></span></span><span class=\"mclose nulldelimiter\"></span></span></span></span></span> 等质数的平方，再减去 <span class=\"katex\"><span class=\"katex-mathml\"><math xmlns=\"http://www.w3.org/1998/Math/MathML\"><semantics><mrow><mfrac><mi>n</mi><mn>16</mn></mfrac></mrow><annotation encoding=\"application/x-tex\">\\frac{n}{16}</annotation></semantics></math></span><span class=\"katex-html\" aria-hidden=\"true\"><span class=\"base\"><span class=\"strut\" style=\"height:1.0404em;vertical-align:-0.345em;\"></span><span class=\"mord\"><span class=\"mopen nulldelimiter\"></span><span class=\"mfrac\"><span class=\"vlist-t vlist-t2\"><span class=\"vlist-r\"><span class=\"vlist\" style=\"height:0.6954em;\"><span style=\"top:-2.655em;\"><span class=\"pstrut\" style=\"height:3em;\"></span><span class=\"sizing reset-size6 size3 mtight\"><span class=\"mord mtight\"><span class=\"mord mtight\">16</span></span></span></span><span style=\"top:-3.23em;\"><span class=\"pstrut\" style=\"height:3em;\"></span><span class=\"frac-line\" style=\"border-bottom-width:0.04em;\"></span></span><span style=\"top:-3.394em;\"><span class=\"pstrut\" style=\"height:3em;\"></span><span class=\"sizing reset-size6 size3 mtight\"><span class=\"mord mtight\"><span class=\"mord mathnormal mtight\">n</span></span></span></span></span><span class=\"vlist-s\">​</span></span><span class=\"vlist-r\"><span class=\"vlist\" style=\"height:0.345em;\"><span></span></span></span></span></span><span class=\"mclose nulldelimiter\"></span></span></span></span></span>、<span class=\"katex\"><span class=\"katex-mathml\"><math xmlns=\"http://www.w3.org/1998/Math/MathML\"><semantics><mrow><mfrac><mi>n</mi><mn>36</mn></mfrac></mrow><annotation encoding=\"application/x-tex\">\\frac{n}{36}</annotation></semantics></math></span><span class=\"katex-html\" aria-hidden=\"true\"><span class=\"base\"><span class=\"strut\" style=\"height:1.0404em;vertical-align:-0.345em;\"></span><span class=\"mord\"><span class=\"mopen nulldelimiter\"></span><span class=\"mfrac\"><span class=\"vlist-t vlist-t2\"><span class=\"vlist-r\"><span class=\"vlist\" style=\"height:0.6954em;\"><span style=\"top:-2.655em;\"><span class=\"pstrut\" style=\"height:3em;\"></span><span class=\"sizing reset-size6 size3 mtight\"><span class=\"mord mtight\"><span class=\"mord mtight\">36</span></span></span></span><span style=\"top:-3.23em;\"><span class=\"pstrut\" style=\"height:3em;\"></span><span class=\"frac-line\" style=\"border-bottom-width:0.04em;\"></span></span><span style=\"top:-3.394em;\"><span class=\"pstrut\" style=\"height:3em;\"></span><span class=\"sizing reset-size6 size3 mtight\"><span class=\"mord mtight\"><span class=\"mord mathnormal mtight\">n</span></span></span></span></span><span class=\"vlist-s\">​</span></span><span class=\"vlist-r\"><span class=\"vlist\" style=\"height:0.345em;\"><span></span></span></span></span></span><span class=\"mclose nulldelimiter\"></span></span></span></span></span> 等有两个质因数的数的平方……我们发现，它们的系数就是对应数的莫比乌斯函数的定义（的相反数），因此可以直接算出小于等于 <span class=\"katex\"><span class=\"katex-mathml\"><math xmlns=\"http://www.w3.org/1998/Math/MathML\"><semantics><mrow><mi>n</mi></mrow><annotation encoding=\"application/x-tex\">n</annotation></semantics></math></span><span class=\"katex-html\" aria-hidden=\"true\"><span class=\"base\"><span class=\"strut\" style=\"height:0.4306em;\"></span><span class=\"mord mathnormal\">n</span></span></span></span> 的数中有多少个满足要求：</p>\n<p class='katex-block'><span class=\"katex-display\"><span class=\"katex\"><span class=\"katex-mathml\"><math xmlns=\"http://www.w3.org/1998/Math/MathML\" display=\"block\"><semantics><mrow><munderover><mo>∑</mo><mrow><mi>i</mi><mo>=</mo><mn>1</mn></mrow><mrow><mo stretchy=\"false\">⌊</mo><msqrt><mi>n</mi></msqrt><mo stretchy=\"false\">⌋</mo></mrow></munderover><mi>μ</mi><mo stretchy=\"false\">(</mo><mi>i</mi><mo stretchy=\"false\">)</mo><mo>∗</mo><mfrac><mi>n</mi><msup><mi>i</mi><mn>2</mn></msup></mfrac></mrow><annotation encoding=\"application/x-tex\">\n\\sum_{i = 1}^{\\lfloor \\sqrt{n} \\rfloor} \\mu(i) * \\frac{n}{i^2}\n</annotation></semantics></math></span><span class=\"katex-html\" aria-hidden=\"true\"><span class=\"base\"><span class=\"strut\" style=\"height:3.2778em;vertical-align:-1.2777em;\"></span><span class=\"mop op-limits\"><span class=\"vlist-t vlist-t2\"><span class=\"vlist-r\"><span class=\"vlist\" style=\"height:2.0001em;\"><span style=\"top:-1.8723em;margin-left:0em;\"><span class=\"pstrut\" style=\"height:3.05em;\"></span><span class=\"sizing reset-size6 size3 mtight\"><span class=\"mord mtight\"><span class=\"mord mathnormal mtight\">i</span><span class=\"mrel mtight\">=</span><span class=\"mord mtight\">1</span></span></span></span><span style=\"top:-3.05em;\"><span class=\"pstrut\" style=\"height:3.05em;\"></span><span><span class=\"mop op-symbol large-op\">∑</span></span></span><span style=\"top:-4.386em;margin-left:0em;\"><span class=\"pstrut\" style=\"height:3.05em;\"></span><span class=\"sizing reset-size6 size3 mtight\"><span class=\"mord mtight\"><span class=\"mopen mtight\">⌊</span><span class=\"mord sqrt mtight\"><span class=\"vlist-t vlist-t2\"><span class=\"vlist-r\"><span class=\"vlist\" style=\"height:0.8059em;\"><span class=\"svg-align\" style=\"top:-3em;\"><span class=\"pstrut\" style=\"height:3em;\"></span><span class=\"mord mtight\" style=\"padding-left:0.833em;\"><span class=\"mord mathnormal mtight\">n</span></span></span><span style=\"top:-2.7659em;\"><span class=\"pstrut\" style=\"height:3em;\"></span><span class=\"hide-tail mtight\" style=\"min-width:0.853em;height:1.08em;\"><svg xmlns=\"http://www.w3.org/2000/svg\" width='400em' height='1.08em' viewBox='0 0 400000 1080' preserveAspectRatio='xMinYMin slice'><path d='M95,702\nc-2.7,0,-7.17,-2.7,-13.5,-8c-5.8,-5.3,-9.5,-10,-9.5,-14\nc0,-2,0.3,-3.3,1,-4c1.3,-2.7,23.83,-20.7,67.5,-54\nc44.2,-33.3,65.8,-50.3,66.5,-51c1.3,-1.3,3,-2,5,-2c4.7,0,8.7,3.3,12,10\ns173,378,173,378c0.7,0,35.3,-71,104,-213c68.7,-142,137.5,-285,206.5,-429\nc69,-144,104.5,-217.7,106.5,-221\nl0 -0\nc5.3,-9.3,12,-14,20,-14\nH400000v40H845.2724\ns-225.272,467,-225.272,467s-235,486,-235,486c-2.7,4.7,-9,7,-19,7\nc-6,0,-10,-1,-12,-3s-194,-422,-194,-422s-65,47,-65,47z\nM834 80h400000v40h-400000z'/></svg></span></span></span><span class=\"vlist-s\">​</span></span><span class=\"vlist-r\"><span class=\"vlist\" style=\"height:0.2341em;\"><span></span></span></span></span></span><span class=\"mclose mtight\">⌋</span></span></span></span></span><span class=\"vlist-s\">​</span></span><span class=\"vlist-r\"><span class=\"vlist\" style=\"height:1.2777em;\"><span></span></span></span></span></span><span class=\"mspace\" style=\"margin-right:0.1667em;\"></span><span class=\"mord mathnormal\">μ</span><span class=\"mopen\">(</span><span class=\"mord mathnormal\">i</span><span class=\"mclose\">)</span><span class=\"mspace\" style=\"margin-right:0.2222em;\"></span><span class=\"mbin\">∗</span><span class=\"mspace\" style=\"margin-right:0.2222em;\"></span></span><span class=\"base\"><span class=\"strut\" style=\"height:1.7936em;vertical-align:-0.686em;\"></span><span class=\"mord\"><span class=\"mopen nulldelimiter\"></span><span class=\"mfrac\"><span class=\"vlist-t vlist-t2\"><span class=\"vlist-r\"><span class=\"vlist\" style=\"height:1.1076em;\"><span style=\"top:-2.314em;\"><span class=\"pstrut\" style=\"height:3em;\"></span><span class=\"mord\"><span class=\"mord\"><span class=\"mord mathnormal\">i</span><span class=\"msupsub\"><span class=\"vlist-t\"><span class=\"vlist-r\"><span class=\"vlist\" style=\"height:0.7401em;\"><span style=\"top:-2.989em;margin-right:0.05em;\"><span class=\"pstrut\" style=\"height:2.7em;\"></span><span class=\"sizing reset-size6 size3 mtight\"><span class=\"mord mtight\">2</span></span></span></span></span></span></span></span></span></span><span style=\"top:-3.23em;\"><span class=\"pstrut\" style=\"height:3em;\"></span><span class=\"frac-line\" style=\"border-bottom-width:0.04em;\"></span></span><span style=\"top:-3.677em;\"><span class=\"pstrut\" style=\"height:3em;\"></span><span class=\"mord\"><span class=\"mord mathnormal\">n</span></span></span></span><span class=\"vlist-s\">​</span></span><span class=\"vlist-r\"><span class=\"vlist\" style=\"height:0.686em;\"><span></span></span></span></span></span><span class=\"mclose nulldelimiter\"></span></span></span></span></span></span></p>\n线性筛预处理出莫比乌斯函数即可。\n<h2><a href=\"#代码\" aria-hidden=\"true\" class=\"anchor\" id=\"代码\"></a>代码</h2>\n<pre style=\"background-color:#2b303b;\"><code class=\"language-c++\">\n<span style=\"color:#b48ead;\">#include </span><span style=\"color:#c0c5ce;\">&lt;</span><span style=\"color:#a3be8c;\">cstdio</span><span style=\"color:#c0c5ce;\">&gt;\n</span><span style=\"color:#b48ead;\">const int</span><span style=\"color:#c0c5ce;\"> MAXN = </span><span style=\"color:#d08770;\">100005</span><span style=\"color:#c0c5ce;\">;\n</span><span style=\"color:#b48ead;\">int</span><span style=\"color:#c0c5ce;\"> prime[MAXN], mu[MAXN], primeCnt;\n</span><span style=\"color:#b48ead;\">bool</span><span style=\"color:#c0c5ce;\"> notPrime[MAXN];\n</span><span style=\"color:#b48ead;\">void </span><span style=\"color:#8fa1b3;\">linearShaker</span><span style=\"color:#c0c5ce;\">() {\n</span><span style=\"color:#c0c5ce;\">    notPrime[</span><span style=\"color:#d08770;\">0</span><span style=\"color:#c0c5ce;\">] = notPrime[</span><span style=\"color:#d08770;\">1</span><span style=\"color:#c0c5ce;\">] = </span><span style=\"color:#d08770;\">true</span><span style=\"color:#c0c5ce;\">;\n</span><span style=\"color:#c0c5ce;\">    mu[</span><span style=\"color:#d08770;\">1</span><span style=\"color:#c0c5ce;\">] = </span><span style=\"color:#d08770;\">1</span><span style=\"color:#c0c5ce;\">;\n</span><span style=\"color:#c0c5ce;\">    </span><span style=\"color:#b48ead;\">for </span><span style=\"color:#c0c5ce;\">(</span><span style=\"color:#b48ead;\">int</span><span style=\"color:#c0c5ce;\"> i = </span><span style=\"color:#d08770;\">2</span><span style=\"color:#c0c5ce;\">; i &lt; MAXN; i++) {\n</span><span style=\"color:#c0c5ce;\">        </span><span style=\"color:#b48ead;\">if </span><span style=\"color:#c0c5ce;\">(!notPrime[i]) {\n</span><span style=\"color:#c0c5ce;\">            prime[++primeCnt] = i;\n</span><span style=\"color:#c0c5ce;\">            mu[i] = -</span><span style=\"color:#d08770;\">1</span><span style=\"color:#c0c5ce;\">;\n</span><span style=\"color:#c0c5ce;\">        }\n</span><span style=\"color:#c0c5ce;\">        </span><span style=\"color:#b48ead;\">for </span><span style=\"color:#c0c5ce;\">(</span><span style=\"color:#b48ead;\">int</span><span style=\"color:#c0c5ce;\"> j = </span><span style=\"color:#d08770;\">1</span><span style=\"color:#c0c5ce;\">; j &lt;= primeCnt &amp;&amp; i * prime[j] &lt; MAXN; j++) {\n</span><span style=\"color:#c0c5ce;\">            notPrime[i * prime[j]] = </span><span style=\"color:#d08770;\">true</span><span style=\"color:#c0c5ce;\">;\n</span><span style=\"color:#c0c5ce;\">            </span><span style=\"color:#b48ead;\">if </span><span style=\"color:#c0c5ce;\">(i % prime[j] == </span><span style=\"color:#d08770;\">0</span><span style=\"color:#c0c5ce;\">) {\n</span><span style=\"color:#c0c5ce;\">                mu[i * prime[j]] = </span><span style=\"color:#d08770;\">0</span><span style=\"color:#c0c5ce;\">;\n</span><span style=\"color:#c0c5ce;\">                </span><span style=\"color:#b48ead;\">break</span><span style=\"color:#c0c5ce;\">;\n</span><span style=\"color:#c0c5ce;\">            } </span><span style=\"color:#b48ead;\">else </span><span style=\"color:#c0c5ce;\">{\n</span><span style=\"color:#c0c5ce;\">                mu[i * prime[j]] = -mu[i];\n</span><span style=\"color:#c0c5ce;\">            }\n</span><span style=\"color:#c0c5ce;\">        }\n</span><span style=\"color:#c0c5ce;\">    }\n</span><span style=\"color:#c0c5ce;\">}\n</span><span style=\"color:#b48ead;\">long long </span><span style=\"color:#8fa1b3;\">check</span><span style=\"color:#c0c5ce;\">(</span><span style=\"color:#b48ead;\">long long </span><span style=\"color:#bf616a;\">x</span><span style=\"color:#c0c5ce;\">) {\n</span><span style=\"color:#c0c5ce;\">    </span><span style=\"color:#b48ead;\">long long</span><span style=\"color:#c0c5ce;\"> res = </span><span style=\"color:#d08770;\">0</span><span style=\"color:#c0c5ce;\">;\n</span><span style=\"color:#c0c5ce;\">    </span><span style=\"color:#b48ead;\">for </span><span style=\"color:#c0c5ce;\">(</span><span style=\"color:#b48ead;\">long long</span><span style=\"color:#c0c5ce;\"> i = </span><span style=\"color:#d08770;\">1</span><span style=\"color:#c0c5ce;\">; i * i &lt;= x; i++) res += mu[i] * x / i / i;\n</span><span style=\"color:#c0c5ce;\">    </span><span style=\"color:#b48ead;\">return</span><span style=\"color:#c0c5ce;\"> res;\n</span><span style=\"color:#c0c5ce;\">}\n</span><span style=\"color:#b48ead;\">long long </span><span style=\"color:#8fa1b3;\">dichotomy</span><span style=\"color:#c0c5ce;\">(</span><span style=\"color:#b48ead;\">int </span><span style=\"color:#bf616a;\">k</span><span style=\"color:#c0c5ce;\">) {\n</span><span style=\"color:#c0c5ce;\">    </span><span style=\"color:#b48ead;\">long long</span><span style=\"color:#c0c5ce;\"> l = </span><span style=\"color:#d08770;\">1</span><span style=\"color:#c0c5ce;\">, r = (</span><span style=\"color:#b48ead;\">long long</span><span style=\"color:#c0c5ce;\">) MAXN * MAXN;\n</span><span style=\"color:#c0c5ce;\">    </span><span style=\"color:#b48ead;\">while </span><span style=\"color:#c0c5ce;\">(l &lt; r) {\n</span><span style=\"color:#c0c5ce;\">        </span><span style=\"color:#b48ead;\">long long</span><span style=\"color:#c0c5ce;\"> mid = l + (r - l) / </span><span style=\"color:#d08770;\">2</span><span style=\"color:#c0c5ce;\">;\n</span><span style=\"color:#c0c5ce;\">        </span><span style=\"color:#b48ead;\">if </span><span style=\"color:#c0c5ce;\">(</span><span style=\"color:#8fa1b3;\">check</span><span style=\"color:#c0c5ce;\">(mid) &gt;= k) r = mid;\n</span><span style=\"color:#c0c5ce;\">        </span><span style=\"color:#b48ead;\">else</span><span style=\"color:#c0c5ce;\"> l = mid + </span><span style=\"color:#d08770;\">1</span><span style=\"color:#c0c5ce;\">;\n</span><span style=\"color:#c0c5ce;\">    }\n</span><span style=\"color:#c0c5ce;\">    </span><span style=\"color:#b48ead;\">return</span><span style=\"color:#c0c5ce;\"> l;\n</span><span style=\"color:#c0c5ce;\">}\n</span><span style=\"color:#b48ead;\">int </span><span style=\"color:#8fa1b3;\">main</span><span style=\"color:#c0c5ce;\">() {\n</span><span style=\"color:#c0c5ce;\">    </span><span style=\"color:#8fa1b3;\">linearShaker</span><span style=\"color:#c0c5ce;\">();\n</span><span style=\"color:#c0c5ce;\">    </span><span style=\"color:#b48ead;\">int</span><span style=\"color:#c0c5ce;\"> T;\n</span><span style=\"color:#c0c5ce;\">    </span><span style=\"color:#96b5b4;\">scanf</span><span style=\"color:#c0c5ce;\">(&quot;</span><span style=\"color:#d08770;\">%d</span><span style=\"color:#c0c5ce;\">&quot;, &amp;T);\n</span><span style=\"color:#c0c5ce;\">    </span><span style=\"color:#b48ead;\">while </span><span style=\"color:#c0c5ce;\">(T--) {\n</span><span style=\"color:#c0c5ce;\">        </span><span style=\"color:#b48ead;\">int</span><span style=\"color:#c0c5ce;\"> k;\n</span><span style=\"color:#c0c5ce;\">        </span><span style=\"color:#96b5b4;\">scanf</span><span style=\"color:#c0c5ce;\">(&quot;</span><span style=\"color:#d08770;\">%d</span><span style=\"color:#c0c5ce;\">&quot;, &amp;k);\n</span><span style=\"color:#c0c5ce;\">        </span><span style=\"color:#96b5b4;\">printf</span><span style=\"color:#c0c5ce;\">(&quot;</span><span style=\"color:#d08770;\">%lld</span><span style=\"color:#96b5b4;\">\\n</span><span style=\"color:#c0c5ce;\">&quot;, </span><span style=\"color:#8fa1b3;\">dichotomy</span><span style=\"color:#c0c5ce;\">(k));\n</span><span style=\"color:#c0c5ce;\">    }\n</span><span style=\"color:#c0c5ce;\">    </span><span style=\"color:#b48ead;\">return </span><span style=\"color:#d08770;\">0</span><span style=\"color:#c0c5ce;\">;\n</span><span style=\"color:#c0c5ce;\">}\n</span>\n</code></pre>\n"}