{"title":"[SDOI 2013] 森林","tags":["主席树","并查集","LCA","启发式合并"],"create_time":1493499414,"last_modified":1596724330,"toc":"<ol><li><a href=\"#题目大意\">题目大意</a></li><li><a href=\"#题目链接\">题目链接</a></li><li><a href=\"#题解\">题解</a></li><li><a href=\"#代码\">代码</a></li>","html":"<h2><a href=\"#题目大意\" aria-hidden=\"true\" class=\"anchor\" id=\"题目大意\"></a>题目大意</h2>\n<p>给定一个森林，每个点有一个权值 <span class=\"katex\"><span class=\"katex-mathml\"><math xmlns=\"http://www.w3.org/1998/Math/MathML\"><semantics><mrow><msub><mi>w</mi><mi>i</mi></msub></mrow><annotation encoding=\"application/x-tex\">w_i</annotation></semantics></math></span><span class=\"katex-html\" aria-hidden=\"true\"><span class=\"base\"><span class=\"strut\" style=\"height:0.5806em;vertical-align:-0.15em;\"></span><span class=\"mord\"><span class=\"mord mathnormal\" style=\"margin-right:0.02691em;\">w</span><span class=\"msupsub\"><span class=\"vlist-t vlist-t2\"><span class=\"vlist-r\"><span class=\"vlist\" style=\"height:0.3117em;\"><span style=\"top:-2.55em;margin-left:-0.0269em;margin-right:0.05em;\"><span class=\"pstrut\" style=\"height:2.7em;\"></span><span class=\"sizing reset-size6 size3 mtight\"><span class=\"mord mathnormal mtight\">i</span></span></span></span><span class=\"vlist-s\">​</span></span><span class=\"vlist-r\"><span class=\"vlist\" style=\"height:0.15em;\"><span></span></span></span></span></span></span></span></span></span>，给定 <span class=\"katex\"><span class=\"katex-mathml\"><math xmlns=\"http://www.w3.org/1998/Math/MathML\"><semantics><mrow><mi>t</mi></mrow><annotation encoding=\"application/x-tex\">t</annotation></semantics></math></span><span class=\"katex-html\" aria-hidden=\"true\"><span class=\"base\"><span class=\"strut\" style=\"height:0.6151em;\"></span><span class=\"mord mathnormal\">t</span></span></span></span> 组操作，操作有两种：</p>\n<ul>\n<li><code>Q u v k</code>：查询 <span class=\"katex\"><span class=\"katex-mathml\"><math xmlns=\"http://www.w3.org/1998/Math/MathML\"><semantics><mrow><mi>u</mi></mrow><annotation encoding=\"application/x-tex\">u</annotation></semantics></math></span><span class=\"katex-html\" aria-hidden=\"true\"><span class=\"base\"><span class=\"strut\" style=\"height:0.4306em;\"></span><span class=\"mord mathnormal\">u</span></span></span></span> 与 <span class=\"katex\"><span class=\"katex-mathml\"><math xmlns=\"http://www.w3.org/1998/Math/MathML\"><semantics><mrow><mi>v</mi></mrow><annotation encoding=\"application/x-tex\">v</annotation></semantics></math></span><span class=\"katex-html\" aria-hidden=\"true\"><span class=\"base\"><span class=\"strut\" style=\"height:0.4306em;\"></span><span class=\"mord mathnormal\" style=\"margin-right:0.03588em;\">v</span></span></span></span> 的路径上，第 <span class=\"katex\"><span class=\"katex-mathml\"><math xmlns=\"http://www.w3.org/1998/Math/MathML\"><semantics><mrow><mi>k</mi></mrow><annotation encoding=\"application/x-tex\">k</annotation></semantics></math></span><span class=\"katex-html\" aria-hidden=\"true\"><span class=\"base\"><span class=\"strut\" style=\"height:0.6944em;\"></span><span class=\"mord mathnormal\" style=\"margin-right:0.03148em;\">k</span></span></span></span> 小的点权值。</li>\n<li><code>L u v</code>：连接 <span class=\"katex\"><span class=\"katex-mathml\"><math xmlns=\"http://www.w3.org/1998/Math/MathML\"><semantics><mrow><mi>u</mi></mrow><annotation encoding=\"application/x-tex\">u</annotation></semantics></math></span><span class=\"katex-html\" aria-hidden=\"true\"><span class=\"base\"><span class=\"strut\" style=\"height:0.4306em;\"></span><span class=\"mord mathnormal\">u</span></span></span></span> 与 <span class=\"katex\"><span class=\"katex-mathml\"><math xmlns=\"http://www.w3.org/1998/Math/MathML\"><semantics><mrow><mi>v</mi></mrow><annotation encoding=\"application/x-tex\">v</annotation></semantics></math></span><span class=\"katex-html\" aria-hidden=\"true\"><span class=\"base\"><span class=\"strut\" style=\"height:0.4306em;\"></span><span class=\"mord mathnormal\" style=\"margin-right:0.03588em;\">v</span></span></span></span>，保证始终为森林。</li>\n</ul>\n<p>强制在线（异或 <span class=\"katex\"><span class=\"katex-mathml\"><math xmlns=\"http://www.w3.org/1998/Math/MathML\"><semantics><mrow><mi>l</mi><mi>a</mi><mi>s</mi><mi>t</mi><mi>A</mi><mi>n</mi><mi>s</mi></mrow><annotation encoding=\"application/x-tex\">lastAns</annotation></semantics></math></span><span class=\"katex-html\" aria-hidden=\"true\"><span class=\"base\"><span class=\"strut\" style=\"height:0.6944em;\"></span><span class=\"mord mathnormal\" style=\"margin-right:0.01968em;\">l</span><span class=\"mord mathnormal\">a</span><span class=\"mord mathnormal\">s</span><span class=\"mord mathnormal\">t</span><span class=\"mord mathnormal\">A</span><span class=\"mord mathnormal\">n</span><span class=\"mord mathnormal\">s</span></span></span></span>）。</p>\n<p><span class=\"katex\"><span class=\"katex-mathml\"><math xmlns=\"http://www.w3.org/1998/Math/MathML\"><semantics><mrow><mn>1</mn><mo>⩽</mo><mi>n</mi><mo>⩽</mo><mn>80</mn><mo separator=\"true\">,</mo><mn>000</mn></mrow><annotation encoding=\"application/x-tex\">1 \\leqslant n \\leqslant 80,000</annotation></semantics></math></span><span class=\"katex-html\" aria-hidden=\"true\"><span class=\"base\"><span class=\"strut\" style=\"height:0.7811em;vertical-align:-0.1367em;\"></span><span class=\"mord\">1</span><span class=\"mspace\" style=\"margin-right:0.2778em;\"></span><span class=\"mrel amsrm\">⩽</span><span class=\"mspace\" style=\"margin-right:0.2778em;\"></span></span><span class=\"base\"><span class=\"strut\" style=\"height:0.7733em;vertical-align:-0.1367em;\"></span><span class=\"mord mathnormal\">n</span><span class=\"mspace\" style=\"margin-right:0.2778em;\"></span><span class=\"mrel amsrm\">⩽</span><span class=\"mspace\" style=\"margin-right:0.2778em;\"></span></span><span class=\"base\"><span class=\"strut\" style=\"height:0.8389em;vertical-align:-0.1944em;\"></span><span class=\"mord\">80</span><span class=\"mpunct\">,</span><span class=\"mspace\" style=\"margin-right:0.1667em;\"></span><span class=\"mord\">000</span></span></span></span></p>\n<p><span class=\"katex\"><span class=\"katex-mathml\"><math xmlns=\"http://www.w3.org/1998/Math/MathML\"><semantics><mrow><mn>1</mn><mo>⩽</mo><msub><mi>w</mi><mi>i</mi></msub><mo>⩽</mo><mn>1</mn><mo separator=\"true\">,</mo><mn>000</mn><mo separator=\"true\">,</mo><mn>000</mn><mo separator=\"true\">,</mo><mn>000</mn></mrow><annotation encoding=\"application/x-tex\">1 \\leqslant w_i \\leqslant 1,000,000,000</annotation></semantics></math></span><span class=\"katex-html\" aria-hidden=\"true\"><span class=\"base\"><span class=\"strut\" style=\"height:0.7811em;vertical-align:-0.1367em;\"></span><span class=\"mord\">1</span><span class=\"mspace\" style=\"margin-right:0.2778em;\"></span><span class=\"mrel amsrm\">⩽</span><span class=\"mspace\" style=\"margin-right:0.2778em;\"></span></span><span class=\"base\"><span class=\"strut\" style=\"height:0.7867em;vertical-align:-0.15em;\"></span><span class=\"mord\"><span class=\"mord mathnormal\" style=\"margin-right:0.02691em;\">w</span><span class=\"msupsub\"><span class=\"vlist-t vlist-t2\"><span class=\"vlist-r\"><span class=\"vlist\" style=\"height:0.3117em;\"><span style=\"top:-2.55em;margin-left:-0.0269em;margin-right:0.05em;\"><span class=\"pstrut\" style=\"height:2.7em;\"></span><span class=\"sizing reset-size6 size3 mtight\"><span class=\"mord mathnormal mtight\">i</span></span></span></span><span class=\"vlist-s\">​</span></span><span class=\"vlist-r\"><span class=\"vlist\" style=\"height:0.15em;\"><span></span></span></span></span></span></span><span class=\"mspace\" style=\"margin-right:0.2778em;\"></span><span class=\"mrel amsrm\">⩽</span><span class=\"mspace\" style=\"margin-right:0.2778em;\"></span></span><span class=\"base\"><span class=\"strut\" style=\"height:0.8389em;vertical-align:-0.1944em;\"></span><span class=\"mord\">1</span><span class=\"mpunct\">,</span><span class=\"mspace\" style=\"margin-right:0.1667em;\"></span><span class=\"mord\">000</span><span class=\"mpunct\">,</span><span class=\"mspace\" style=\"margin-right:0.1667em;\"></span><span class=\"mord\">000</span><span class=\"mpunct\">,</span><span class=\"mspace\" style=\"margin-right:0.1667em;\"></span><span class=\"mord\">000</span></span></span></span></p>\n<h2><a href=\"#题目链接\" aria-hidden=\"true\" class=\"anchor\" id=\"题目链接\"></a>题目链接</h2>\n<p><a href=\"https://www.luogu.com.cn/problem/P3302\">【SDOI 2013】森林 - Luogu 3302</a></p>\n<!-- more -->\n<h2><a href=\"#题解\" aria-hidden=\"true\" class=\"anchor\" id=\"题解\"></a>题解</h2>\n<p>询问就是 <a href=\"http://pepcy.cf/BZOJ-2588-SPOJ-10628-Count-on-a-tree/\">Count on a Tree</a> 那题，用主席树，两点 lca 用倍增求。</p>\n<p>连接两点时，用启发式合并，把小的一边加到大的一边，实现用 bfs 跑一遍小的一边即可。块的大小用并查集维护。</p>\n<h2><a href=\"#代码\" aria-hidden=\"true\" class=\"anchor\" id=\"代码\"></a>代码</h2>\n<p>居然会有入读测试点这种东西。。。</p>\n<pre style=\"background-color:#2b303b;\"><code class=\"language-c++\">\n<span style=\"color:#b48ead;\">#include </span><span style=\"color:#c0c5ce;\">&lt;</span><span style=\"color:#a3be8c;\">cstdio</span><span style=\"color:#c0c5ce;\">&gt;\n</span><span style=\"color:#b48ead;\">#include </span><span style=\"color:#c0c5ce;\">&lt;</span><span style=\"color:#a3be8c;\">climits</span><span style=\"color:#c0c5ce;\">&gt;\n</span><span style=\"color:#b48ead;\">#include </span><span style=\"color:#c0c5ce;\">&lt;</span><span style=\"color:#a3be8c;\">queue</span><span style=\"color:#c0c5ce;\">&gt;\n</span><span style=\"color:#b48ead;\">#include </span><span style=\"color:#c0c5ce;\">&lt;</span><span style=\"color:#a3be8c;\">algorithm</span><span style=\"color:#c0c5ce;\">&gt;\n</span><span style=\"color:#65737e;\">// #define DBG\n</span><span style=\"color:#b48ead;\">const int</span><span style=\"color:#c0c5ce;\"> MAXN = </span><span style=\"color:#d08770;\">80005</span><span style=\"color:#c0c5ce;\">;\n</span><span style=\"color:#b48ead;\">const int</span><span style=\"color:#c0c5ce;\"> MAXN_LOG = </span><span style=\"color:#d08770;\">20</span><span style=\"color:#c0c5ce;\">;\n</span><span style=\"color:#b48ead;\">struct </span><span style=\"color:#c0c5ce;\">PSegT {\n</span><span style=\"color:#c0c5ce;\">    </span><span style=\"color:#b48ead;\">int</span><span style=\"color:#c0c5ce;\"> l, r;\n</span><span style=\"color:#c0c5ce;\">    PSegT *lc, *rc;\n</span><span style=\"color:#c0c5ce;\">    </span><span style=\"color:#b48ead;\">int</span><span style=\"color:#c0c5ce;\"> cnt;\n</span><span style=\"color:#c0c5ce;\">    </span><span style=\"color:#8fa1b3;\">PSegT</span><span style=\"color:#c0c5ce;\">(</span><span style=\"color:#b48ead;\">int </span><span style=\"color:#bf616a;\">l</span><span style=\"color:#c0c5ce;\">, </span><span style=\"color:#b48ead;\">int </span><span style=\"color:#bf616a;\">r</span><span style=\"color:#c0c5ce;\">, PSegT *</span><span style=\"color:#bf616a;\">lc </span><span style=\"color:#c0c5ce;\">= </span><span style=\"color:#d08770;\">NULL</span><span style=\"color:#c0c5ce;\">, PSegT *</span><span style=\"color:#bf616a;\">rc </span><span style=\"color:#c0c5ce;\">= </span><span style=\"color:#d08770;\">NULL</span><span style=\"color:#c0c5ce;\">) : </span><span style=\"color:#bf616a;\">l</span><span style=\"color:#c0c5ce;\">(l), </span><span style=\"color:#bf616a;\">r</span><span style=\"color:#c0c5ce;\">(r), </span><span style=\"color:#bf616a;\">lc</span><span style=\"color:#c0c5ce;\">(lc), </span><span style=\"color:#bf616a;\">rc</span><span style=\"color:#c0c5ce;\">(rc), </span><span style=\"color:#bf616a;\">cnt</span><span style=\"color:#c0c5ce;\">((lc ? lc-&gt;</span><span style=\"color:#bf616a;\">cnt </span><span style=\"color:#c0c5ce;\">: </span><span style=\"color:#d08770;\">0</span><span style=\"color:#c0c5ce;\">) + (rc ? rc-&gt;</span><span style=\"color:#bf616a;\">cnt </span><span style=\"color:#c0c5ce;\">: </span><span style=\"color:#d08770;\">0</span><span style=\"color:#c0c5ce;\">)) {}\n</span><span style=\"color:#c0c5ce;\">    </span><span style=\"color:#8fa1b3;\">PSegT</span><span style=\"color:#c0c5ce;\">(</span><span style=\"color:#b48ead;\">int </span><span style=\"color:#bf616a;\">l</span><span style=\"color:#c0c5ce;\">, </span><span style=\"color:#b48ead;\">int </span><span style=\"color:#bf616a;\">r</span><span style=\"color:#c0c5ce;\">, </span><span style=\"color:#b48ead;\">int </span><span style=\"color:#bf616a;\">cnt</span><span style=\"color:#c0c5ce;\">) : </span><span style=\"color:#bf616a;\">l</span><span style=\"color:#c0c5ce;\">(l), </span><span style=\"color:#bf616a;\">r</span><span style=\"color:#c0c5ce;\">(r), </span><span style=\"color:#bf616a;\">cnt</span><span style=\"color:#c0c5ce;\">(cnt), </span><span style=\"color:#bf616a;\">lc</span><span style=\"color:#c0c5ce;\">(</span><span style=\"color:#d08770;\">NULL</span><span style=\"color:#c0c5ce;\">), </span><span style=\"color:#bf616a;\">rc</span><span style=\"color:#c0c5ce;\">(</span><span style=\"color:#d08770;\">NULL</span><span style=\"color:#c0c5ce;\">) {}\n</span><span style=\"color:#c0c5ce;\">    </span><span style=\"color:#b48ead;\">void </span><span style=\"color:#8fa1b3;\">pushDown</span><span style=\"color:#c0c5ce;\">() {\n</span><span style=\"color:#c0c5ce;\">        </span><span style=\"color:#b48ead;\">if </span><span style=\"color:#c0c5ce;\">(lc &amp;&amp; rc) </span><span style=\"color:#b48ead;\">return</span><span style=\"color:#c0c5ce;\">;\n</span><span style=\"color:#c0c5ce;\">        </span><span style=\"color:#b48ead;\">int</span><span style=\"color:#c0c5ce;\"> mid = l + (r - l) / </span><span style=\"color:#d08770;\">2</span><span style=\"color:#c0c5ce;\">;\n</span><span style=\"color:#c0c5ce;\">        </span><span style=\"color:#b48ead;\">if </span><span style=\"color:#c0c5ce;\">(!lc) lc = </span><span style=\"color:#b48ead;\">new </span><span style=\"color:#8fa1b3;\">PSegT</span><span style=\"color:#c0c5ce;\">(l, mid);\n</span><span style=\"color:#c0c5ce;\">        </span><span style=\"color:#b48ead;\">if </span><span style=\"color:#c0c5ce;\">(!rc) rc = </span><span style=\"color:#b48ead;\">new </span><span style=\"color:#8fa1b3;\">PSegT</span><span style=\"color:#c0c5ce;\">(mid + </span><span style=\"color:#d08770;\">1</span><span style=\"color:#c0c5ce;\">, r);\n</span><span style=\"color:#c0c5ce;\">    }\n</span><span style=\"color:#c0c5ce;\">    PSegT *</span><span style=\"color:#8fa1b3;\">insert</span><span style=\"color:#c0c5ce;\">(</span><span style=\"color:#b48ead;\">int </span><span style=\"color:#bf616a;\">x</span><span style=\"color:#c0c5ce;\">) {\n</span><span style=\"color:#c0c5ce;\">        </span><span style=\"color:#b48ead;\">if </span><span style=\"color:#c0c5ce;\">(x &lt; l || x &gt; r) </span><span style=\"color:#b48ead;\">return </span><span style=\"color:#bf616a;\">this</span><span style=\"color:#c0c5ce;\">;\n</span><span style=\"color:#c0c5ce;\">        </span><span style=\"color:#b48ead;\">if </span><span style=\"color:#c0c5ce;\">(x == l &amp;&amp; x == r) </span><span style=\"color:#b48ead;\">return new </span><span style=\"color:#8fa1b3;\">PSegT</span><span style=\"color:#c0c5ce;\">(l, r, cnt + </span><span style=\"color:#d08770;\">1</span><span style=\"color:#c0c5ce;\">);\n</span><span style=\"color:#c0c5ce;\">        </span><span style=\"color:#b48ead;\">int</span><span style=\"color:#c0c5ce;\"> mid = l + (r - l) / </span><span style=\"color:#d08770;\">2</span><span style=\"color:#c0c5ce;\">;\n</span><span style=\"color:#c0c5ce;\">        </span><span style=\"color:#8fa1b3;\">pushDown</span><span style=\"color:#c0c5ce;\">();\n</span><span style=\"color:#c0c5ce;\">        </span><span style=\"color:#b48ead;\">if </span><span style=\"color:#c0c5ce;\">(x &lt;= mid) </span><span style=\"color:#b48ead;\">return new </span><span style=\"color:#8fa1b3;\">PSegT</span><span style=\"color:#c0c5ce;\">(l, r, lc-&gt;</span><span style=\"color:#8fa1b3;\">insert</span><span style=\"color:#c0c5ce;\">(x), rc);\n</span><span style=\"color:#c0c5ce;\">        </span><span style=\"color:#b48ead;\">else return new </span><span style=\"color:#8fa1b3;\">PSegT</span><span style=\"color:#c0c5ce;\">(l, r, lc, rc-&gt;</span><span style=\"color:#8fa1b3;\">insert</span><span style=\"color:#c0c5ce;\">(x));\n</span><span style=\"color:#c0c5ce;\">    }\n</span><span style=\"color:#c0c5ce;\">    </span><span style=\"color:#b48ead;\">int </span><span style=\"color:#8fa1b3;\">rank</span><span style=\"color:#c0c5ce;\">() {\n</span><span style=\"color:#c0c5ce;\">        </span><span style=\"color:#b48ead;\">return</span><span style=\"color:#c0c5ce;\"> lc ? lc-&gt;</span><span style=\"color:#bf616a;\">cnt </span><span style=\"color:#c0c5ce;\">: </span><span style=\"color:#d08770;\">0</span><span style=\"color:#c0c5ce;\">;\n</span><span style=\"color:#c0c5ce;\">    }\n</span><span style=\"color:#c0c5ce;\">} *root;\n</span><span style=\"color:#b48ead;\">struct </span><span style=\"color:#c0c5ce;\">Edge;\n</span><span style=\"color:#b48ead;\">struct </span><span style=\"color:#c0c5ce;\">Node {\n</span><span style=\"color:#c0c5ce;\">    Edge *e;\n</span><span style=\"color:#c0c5ce;\">    PSegT *seg;\n</span><span style=\"color:#c0c5ce;\">    Node *f[MAXN_LOG];\n</span><span style=\"color:#c0c5ce;\">    </span><span style=\"color:#b48ead;\">int</span><span style=\"color:#c0c5ce;\"> w, belong, dep;\n</span><span style=\"color:#b48ead;\">#ifdef</span><span style=\"color:#c0c5ce;\"> DBG\n</span><span style=\"color:#c0c5ce;\">    </span><span style=\"color:#b48ead;\">int</span><span style=\"color:#c0c5ce;\"> id;\n</span><span style=\"color:#b48ead;\">#endif\n</span><span style=\"color:#c0c5ce;\">} N[MAXN];\n</span><span style=\"color:#b48ead;\">struct </span><span style=\"color:#c0c5ce;\">Edge {\n</span><span style=\"color:#c0c5ce;\">    Node *u, *v;\n</span><span style=\"color:#c0c5ce;\">    Edge *next;\n</span><span style=\"color:#c0c5ce;\">    </span><span style=\"color:#8fa1b3;\">Edge</span><span style=\"color:#c0c5ce;\">(Node *</span><span style=\"color:#bf616a;\">u</span><span style=\"color:#c0c5ce;\">, Node *</span><span style=\"color:#bf616a;\">v</span><span style=\"color:#c0c5ce;\">) : </span><span style=\"color:#bf616a;\">u</span><span style=\"color:#c0c5ce;\">(u), </span><span style=\"color:#bf616a;\">v</span><span style=\"color:#c0c5ce;\">(v), </span><span style=\"color:#bf616a;\">next</span><span style=\"color:#c0c5ce;\">(u-&gt;</span><span style=\"color:#bf616a;\">e</span><span style=\"color:#c0c5ce;\">) {}\n</span><span style=\"color:#c0c5ce;\">};\n</span><span style=\"color:#b48ead;\">void </span><span style=\"color:#8fa1b3;\">addEdge</span><span style=\"color:#c0c5ce;\">(</span><span style=\"color:#b48ead;\">int </span><span style=\"color:#bf616a;\">u</span><span style=\"color:#c0c5ce;\">, </span><span style=\"color:#b48ead;\">int </span><span style=\"color:#bf616a;\">v</span><span style=\"color:#c0c5ce;\">) {\n</span><span style=\"color:#b48ead;\">#ifdef</span><span style=\"color:#c0c5ce;\"> DBG\n</span><span style=\"color:#c0c5ce;\">    </span><span style=\"color:#96b5b4;\">printf</span><span style=\"color:#c0c5ce;\">(&quot;</span><span style=\"color:#a3be8c;\">edge: </span><span style=\"color:#d08770;\">%d</span><span style=\"color:#a3be8c;\"> --- </span><span style=\"color:#d08770;\">%d</span><span style=\"color:#96b5b4;\">\\n</span><span style=\"color:#c0c5ce;\">&quot;, u, v);\n</span><span style=\"color:#b48ead;\">#endif\n</span><span style=\"color:#c0c5ce;\">    N[u].</span><span style=\"color:#bf616a;\">e </span><span style=\"color:#c0c5ce;\">= </span><span style=\"color:#b48ead;\">new </span><span style=\"color:#8fa1b3;\">Edge</span><span style=\"color:#c0c5ce;\">(&amp;N[u], &amp;N[v]);\n</span><span style=\"color:#c0c5ce;\">    N[v].</span><span style=\"color:#bf616a;\">e </span><span style=\"color:#c0c5ce;\">= </span><span style=\"color:#b48ead;\">new </span><span style=\"color:#8fa1b3;\">Edge</span><span style=\"color:#c0c5ce;\">(&amp;N[v], &amp;N[u]);\n</span><span style=\"color:#c0c5ce;\">}\n</span><span style=\"color:#b48ead;\">int</span><span style=\"color:#c0c5ce;\"> n, ccCnt, logn = </span><span style=\"color:#d08770;\">0</span><span style=\"color:#c0c5ce;\">;\n</span><span style=\"color:#b48ead;\">void </span><span style=\"color:#8fa1b3;\">bfs</span><span style=\"color:#c0c5ce;\">(Node *</span><span style=\"color:#bf616a;\">s</span><span style=\"color:#c0c5ce;\">, </span><span style=\"color:#b48ead;\">bool </span><span style=\"color:#bf616a;\">init </span><span style=\"color:#c0c5ce;\">= </span><span style=\"color:#d08770;\">true</span><span style=\"color:#c0c5ce;\">) {\n</span><span style=\"color:#c0c5ce;\">    ++ccCnt;\n</span><span style=\"color:#c0c5ce;\">    std::queue&lt;Node *&gt; q;\n</span><span style=\"color:#c0c5ce;\">    s-&gt;</span><span style=\"color:#bf616a;\">belong </span><span style=\"color:#c0c5ce;\">= ccCnt;\n</span><span style=\"color:#c0c5ce;\">    </span><span style=\"color:#b48ead;\">if </span><span style=\"color:#c0c5ce;\">(init) {\n</span><span style=\"color:#c0c5ce;\">        s-&gt;</span><span style=\"color:#bf616a;\">f</span><span style=\"color:#c0c5ce;\">[</span><span style=\"color:#d08770;\">0</span><span style=\"color:#c0c5ce;\">] = s;\n</span><span style=\"color:#c0c5ce;\">        s-&gt;</span><span style=\"color:#bf616a;\">seg </span><span style=\"color:#c0c5ce;\">= root-&gt;</span><span style=\"color:#8fa1b3;\">insert</span><span style=\"color:#c0c5ce;\">(s-&gt;</span><span style=\"color:#bf616a;\">w</span><span style=\"color:#c0c5ce;\">);\n</span><span style=\"color:#c0c5ce;\">        s-&gt;</span><span style=\"color:#bf616a;\">dep </span><span style=\"color:#c0c5ce;\">= </span><span style=\"color:#d08770;\">0</span><span style=\"color:#c0c5ce;\">;\n</span><span style=\"color:#c0c5ce;\">    }\n</span><span style=\"color:#c0c5ce;\">    q.</span><span style=\"color:#8fa1b3;\">push</span><span style=\"color:#c0c5ce;\">(s);\n</span><span style=\"color:#c0c5ce;\">    </span><span style=\"color:#b48ead;\">while </span><span style=\"color:#c0c5ce;\">(!q.</span><span style=\"color:#8fa1b3;\">empty</span><span style=\"color:#c0c5ce;\">()) {\n</span><span style=\"color:#c0c5ce;\">        Node *u = q.</span><span style=\"color:#8fa1b3;\">front</span><span style=\"color:#c0c5ce;\">();\n</span><span style=\"color:#c0c5ce;\">        q.</span><span style=\"color:#8fa1b3;\">pop</span><span style=\"color:#c0c5ce;\">();\n</span><span style=\"color:#c0c5ce;\">        </span><span style=\"color:#b48ead;\">for </span><span style=\"color:#c0c5ce;\">(</span><span style=\"color:#b48ead;\">int</span><span style=\"color:#c0c5ce;\"> i = </span><span style=\"color:#d08770;\">1</span><span style=\"color:#c0c5ce;\">; i &lt;= logn; i++) u-&gt;</span><span style=\"color:#bf616a;\">f</span><span style=\"color:#c0c5ce;\">[i] = u-&gt;</span><span style=\"color:#bf616a;\">f</span><span style=\"color:#c0c5ce;\">[i - </span><span style=\"color:#d08770;\">1</span><span style=\"color:#c0c5ce;\">]-&gt;</span><span style=\"color:#bf616a;\">f</span><span style=\"color:#c0c5ce;\">[i - </span><span style=\"color:#d08770;\">1</span><span style=\"color:#c0c5ce;\">];\n</span><span style=\"color:#c0c5ce;\">        </span><span style=\"color:#b48ead;\">for </span><span style=\"color:#c0c5ce;\">(Edge *e = u-&gt;</span><span style=\"color:#bf616a;\">e</span><span style=\"color:#c0c5ce;\">; e; e = e-&gt;</span><span style=\"color:#bf616a;\">next</span><span style=\"color:#c0c5ce;\">) </span><span style=\"color:#b48ead;\">if </span><span style=\"color:#c0c5ce;\">(e-&gt;</span><span style=\"color:#bf616a;\">v</span><span style=\"color:#c0c5ce;\">-&gt;</span><span style=\"color:#bf616a;\">belong </span><span style=\"color:#c0c5ce;\">!= ccCnt &amp;&amp; (init || e-&gt;</span><span style=\"color:#bf616a;\">v </span><span style=\"color:#c0c5ce;\">!= s-&gt;</span><span style=\"color:#bf616a;\">f</span><span style=\"color:#c0c5ce;\">[</span><span style=\"color:#d08770;\">0</span><span style=\"color:#c0c5ce;\">])) {\n</span><span style=\"color:#c0c5ce;\">            e-&gt;</span><span style=\"color:#bf616a;\">v</span><span style=\"color:#c0c5ce;\">-&gt;</span><span style=\"color:#bf616a;\">belong </span><span style=\"color:#c0c5ce;\">= ccCnt;\n</span><span style=\"color:#c0c5ce;\">            e-&gt;</span><span style=\"color:#bf616a;\">v</span><span style=\"color:#c0c5ce;\">-&gt;</span><span style=\"color:#bf616a;\">f</span><span style=\"color:#c0c5ce;\">[</span><span style=\"color:#d08770;\">0</span><span style=\"color:#c0c5ce;\">] = u;\n</span><span style=\"color:#c0c5ce;\">            e-&gt;</span><span style=\"color:#bf616a;\">v</span><span style=\"color:#c0c5ce;\">-&gt;</span><span style=\"color:#bf616a;\">dep </span><span style=\"color:#c0c5ce;\">= u-&gt;</span><span style=\"color:#bf616a;\">dep </span><span style=\"color:#c0c5ce;\">+ </span><span style=\"color:#d08770;\">1</span><span style=\"color:#c0c5ce;\">;\n</span><span style=\"color:#c0c5ce;\">            e-&gt;</span><span style=\"color:#bf616a;\">v</span><span style=\"color:#c0c5ce;\">-&gt;</span><span style=\"color:#bf616a;\">seg </span><span style=\"color:#c0c5ce;\">= u-&gt;</span><span style=\"color:#bf616a;\">seg</span><span style=\"color:#c0c5ce;\">-&gt;</span><span style=\"color:#8fa1b3;\">insert</span><span style=\"color:#c0c5ce;\">(e-&gt;</span><span style=\"color:#bf616a;\">v</span><span style=\"color:#c0c5ce;\">-&gt;</span><span style=\"color:#bf616a;\">w</span><span style=\"color:#c0c5ce;\">);\n</span><span style=\"color:#c0c5ce;\">            q.</span><span style=\"color:#8fa1b3;\">push</span><span style=\"color:#c0c5ce;\">(e-&gt;</span><span style=\"color:#bf616a;\">v</span><span style=\"color:#c0c5ce;\">);\n</span><span style=\"color:#c0c5ce;\">        }\n</span><span style=\"color:#c0c5ce;\">    }\n</span><span style=\"color:#c0c5ce;\">}\n</span><span style=\"color:#b48ead;\">void </span><span style=\"color:#8fa1b3;\">bfs</span><span style=\"color:#c0c5ce;\">() {\n</span><span style=\"color:#c0c5ce;\">    </span><span style=\"color:#b48ead;\">for </span><span style=\"color:#c0c5ce;\">(</span><span style=\"color:#b48ead;\">int</span><span style=\"color:#c0c5ce;\"> i = </span><span style=\"color:#d08770;\">1</span><span style=\"color:#c0c5ce;\">; i &lt;= n; i++) </span><span style=\"color:#b48ead;\">if </span><span style=\"color:#c0c5ce;\">(N[i].</span><span style=\"color:#bf616a;\">belong </span><span style=\"color:#c0c5ce;\">== </span><span style=\"color:#d08770;\">0</span><span style=\"color:#c0c5ce;\">) </span><span style=\"color:#8fa1b3;\">bfs</span><span style=\"color:#c0c5ce;\">(&amp;N[i]);\n</span><span style=\"color:#c0c5ce;\">}\n</span><span style=\"color:#b48ead;\">struct </span><span style=\"color:#c0c5ce;\">UnionFindSet {\n</span><span style=\"color:#c0c5ce;\">    </span><span style=\"color:#b48ead;\">int</span><span style=\"color:#c0c5ce;\"> fa[MAXN], size[MAXN];\n</span><span style=\"color:#c0c5ce;\">    </span><span style=\"color:#b48ead;\">void </span><span style=\"color:#8fa1b3;\">init</span><span style=\"color:#c0c5ce;\">(</span><span style=\"color:#b48ead;\">int </span><span style=\"color:#bf616a;\">n</span><span style=\"color:#c0c5ce;\">) {\n</span><span style=\"color:#c0c5ce;\">        </span><span style=\"color:#b48ead;\">for </span><span style=\"color:#c0c5ce;\">(</span><span style=\"color:#b48ead;\">int</span><span style=\"color:#c0c5ce;\"> i = </span><span style=\"color:#d08770;\">1</span><span style=\"color:#c0c5ce;\">; i &lt;= n; i++) fa[i] = i, size[i] = </span><span style=\"color:#d08770;\">1</span><span style=\"color:#c0c5ce;\">;\n</span><span style=\"color:#c0c5ce;\">    }\n</span><span style=\"color:#c0c5ce;\">    </span><span style=\"color:#b48ead;\">int </span><span style=\"color:#8fa1b3;\">find</span><span style=\"color:#c0c5ce;\">(</span><span style=\"color:#b48ead;\">int </span><span style=\"color:#bf616a;\">x</span><span style=\"color:#c0c5ce;\">) {\n</span><span style=\"color:#c0c5ce;\">        </span><span style=\"color:#b48ead;\">return</span><span style=\"color:#c0c5ce;\"> x == fa[x] ? x : fa[x] = </span><span style=\"color:#8fa1b3;\">find</span><span style=\"color:#c0c5ce;\">(fa[x]);\n</span><span style=\"color:#c0c5ce;\">    }\n</span><span style=\"color:#c0c5ce;\">    </span><span style=\"color:#b48ead;\">void </span><span style=\"color:#8fa1b3;\">merge</span><span style=\"color:#c0c5ce;\">(</span><span style=\"color:#b48ead;\">int </span><span style=\"color:#bf616a;\">x</span><span style=\"color:#c0c5ce;\">, </span><span style=\"color:#b48ead;\">int </span><span style=\"color:#bf616a;\">y</span><span style=\"color:#c0c5ce;\">) {\n</span><span style=\"color:#c0c5ce;\">        </span><span style=\"color:#b48ead;\">int</span><span style=\"color:#c0c5ce;\"> p = </span><span style=\"color:#8fa1b3;\">find</span><span style=\"color:#c0c5ce;\">(x), q = </span><span style=\"color:#8fa1b3;\">find</span><span style=\"color:#c0c5ce;\">(y);\n</span><span style=\"color:#c0c5ce;\">        </span><span style=\"color:#b48ead;\">if </span><span style=\"color:#c0c5ce;\">(size[p] &gt; size[q]) </span><span style=\"color:#8fa1b3;\">std::swap</span><span style=\"color:#c0c5ce;\">(p, q);\n</span><span style=\"color:#c0c5ce;\">        fa[p] = q;\n</span><span style=\"color:#c0c5ce;\">        size[q] += size[p];\n</span><span style=\"color:#c0c5ce;\">    }\n</span><span style=\"color:#c0c5ce;\">    </span><span style=\"color:#b48ead;\">int </span><span style=\"color:#8fa1b3;\">getSize</span><span style=\"color:#c0c5ce;\">(</span><span style=\"color:#b48ead;\">int </span><span style=\"color:#bf616a;\">x</span><span style=\"color:#c0c5ce;\">) {\n</span><span style=\"color:#c0c5ce;\">        </span><span style=\"color:#b48ead;\">return</span><span style=\"color:#c0c5ce;\"> size[</span><span style=\"color:#8fa1b3;\">find</span><span style=\"color:#c0c5ce;\">(x)];\n</span><span style=\"color:#c0c5ce;\">    }\n</span><span style=\"color:#c0c5ce;\">} ufs;\n</span><span style=\"color:#b48ead;\">void </span><span style=\"color:#8fa1b3;\">link</span><span style=\"color:#c0c5ce;\">(</span><span style=\"color:#b48ead;\">int </span><span style=\"color:#bf616a;\">u</span><span style=\"color:#c0c5ce;\">, </span><span style=\"color:#b48ead;\">int </span><span style=\"color:#bf616a;\">v</span><span style=\"color:#c0c5ce;\">) {\n</span><span style=\"color:#c0c5ce;\">    </span><span style=\"color:#b48ead;\">int</span><span style=\"color:#c0c5ce;\"> su = ufs.</span><span style=\"color:#8fa1b3;\">getSize</span><span style=\"color:#c0c5ce;\">(u), sv = ufs.</span><span style=\"color:#8fa1b3;\">getSize</span><span style=\"color:#c0c5ce;\">(v);\n</span><span style=\"color:#c0c5ce;\">    </span><span style=\"color:#b48ead;\">if </span><span style=\"color:#c0c5ce;\">(su &gt; sv) </span><span style=\"color:#8fa1b3;\">std::swap</span><span style=\"color:#c0c5ce;\">(u, v);\n</span><span style=\"color:#c0c5ce;\">    </span><span style=\"color:#8fa1b3;\">addEdge</span><span style=\"color:#c0c5ce;\">(u, v);\n</span><span style=\"color:#c0c5ce;\">    N[u].</span><span style=\"color:#bf616a;\">f</span><span style=\"color:#c0c5ce;\">[</span><span style=\"color:#d08770;\">0</span><span style=\"color:#c0c5ce;\">] = &amp;N[v];\n</span><span style=\"color:#c0c5ce;\">    N[u].</span><span style=\"color:#bf616a;\">seg </span><span style=\"color:#c0c5ce;\">= N[v].</span><span style=\"color:#bf616a;\">seg</span><span style=\"color:#c0c5ce;\">-&gt;</span><span style=\"color:#8fa1b3;\">insert</span><span style=\"color:#c0c5ce;\">(N[u].</span><span style=\"color:#bf616a;\">w</span><span style=\"color:#c0c5ce;\">);\n</span><span style=\"color:#c0c5ce;\">    N[u].</span><span style=\"color:#bf616a;\">dep </span><span style=\"color:#c0c5ce;\">= N[v].</span><span style=\"color:#bf616a;\">dep </span><span style=\"color:#c0c5ce;\">+ </span><span style=\"color:#d08770;\">1</span><span style=\"color:#c0c5ce;\">;\n</span><span style=\"color:#c0c5ce;\">    </span><span style=\"color:#8fa1b3;\">bfs</span><span style=\"color:#c0c5ce;\">(&amp;N[u], </span><span style=\"color:#d08770;\">false</span><span style=\"color:#c0c5ce;\">);\n</span><span style=\"color:#c0c5ce;\">    ufs.</span><span style=\"color:#8fa1b3;\">merge</span><span style=\"color:#c0c5ce;\">(u, v);\n</span><span style=\"color:#c0c5ce;\">}\n</span><span style=\"color:#c0c5ce;\">Node *</span><span style=\"color:#8fa1b3;\">lca</span><span style=\"color:#c0c5ce;\">(Node *</span><span style=\"color:#bf616a;\">u</span><span style=\"color:#c0c5ce;\">, Node *</span><span style=\"color:#bf616a;\">v</span><span style=\"color:#c0c5ce;\">) {\n</span><span style=\"color:#c0c5ce;\">    </span><span style=\"color:#b48ead;\">if </span><span style=\"color:#c0c5ce;\">(u-&gt;</span><span style=\"color:#bf616a;\">dep </span><span style=\"color:#c0c5ce;\">&lt; v-&gt;</span><span style=\"color:#bf616a;\">dep</span><span style=\"color:#c0c5ce;\">) </span><span style=\"color:#8fa1b3;\">std::swap</span><span style=\"color:#c0c5ce;\">(u, v);\n</span><span style=\"color:#b48ead;\">#ifdef</span><span style=\"color:#c0c5ce;\"> DBG\n</span><span style=\"color:#c0c5ce;\">    </span><span style=\"color:#96b5b4;\">printf</span><span style=\"color:#c0c5ce;\">(&quot;</span><span style=\"color:#a3be8c;\">lca(</span><span style=\"color:#d08770;\">%d</span><span style=\"color:#a3be8c;\">, </span><span style=\"color:#d08770;\">%d</span><span style=\"color:#a3be8c;\">), u.dep = </span><span style=\"color:#d08770;\">%d</span><span style=\"color:#a3be8c;\">, v.dep = </span><span style=\"color:#d08770;\">%d</span><span style=\"color:#96b5b4;\">\\n</span><span style=\"color:#c0c5ce;\">&quot;, u-&gt;</span><span style=\"color:#bf616a;\">id</span><span style=\"color:#c0c5ce;\">, v-&gt;</span><span style=\"color:#bf616a;\">id</span><span style=\"color:#c0c5ce;\">, u-&gt;</span><span style=\"color:#bf616a;\">dep</span><span style=\"color:#c0c5ce;\">, v-&gt;</span><span style=\"color:#bf616a;\">dep</span><span style=\"color:#c0c5ce;\">);\n</span><span style=\"color:#b48ead;\">#endif\n</span><span style=\"color:#c0c5ce;\">    </span><span style=\"color:#b48ead;\">if </span><span style=\"color:#c0c5ce;\">(u-&gt;</span><span style=\"color:#bf616a;\">dep </span><span style=\"color:#c0c5ce;\">!= v-&gt;</span><span style=\"color:#bf616a;\">dep</span><span style=\"color:#c0c5ce;\">)\n</span><span style=\"color:#c0c5ce;\">        </span><span style=\"color:#b48ead;\">for </span><span style=\"color:#c0c5ce;\">(</span><span style=\"color:#b48ead;\">int</span><span style=\"color:#c0c5ce;\"> i = logn; ~i; i--) </span><span style=\"color:#b48ead;\">if </span><span style=\"color:#c0c5ce;\">(u-&gt;</span><span style=\"color:#bf616a;\">f</span><span style=\"color:#c0c5ce;\">[i]-&gt;</span><span style=\"color:#bf616a;\">dep </span><span style=\"color:#c0c5ce;\">&gt;= v-&gt;</span><span style=\"color:#bf616a;\">dep</span><span style=\"color:#c0c5ce;\">) u = u-&gt;</span><span style=\"color:#bf616a;\">f</span><span style=\"color:#c0c5ce;\">[i];\n</span><span style=\"color:#c0c5ce;\">    </span><span style=\"color:#b48ead;\">if </span><span style=\"color:#c0c5ce;\">(u != v) {\n</span><span style=\"color:#c0c5ce;\">        </span><span style=\"color:#b48ead;\">for </span><span style=\"color:#c0c5ce;\">(</span><span style=\"color:#b48ead;\">int</span><span style=\"color:#c0c5ce;\"> i = logn; ~i; i--) </span><span style=\"color:#b48ead;\">if </span><span style=\"color:#c0c5ce;\">(u-&gt;</span><span style=\"color:#bf616a;\">f</span><span style=\"color:#c0c5ce;\">[i] != v-&gt;</span><span style=\"color:#bf616a;\">f</span><span style=\"color:#c0c5ce;\">[i]) u = u-&gt;</span><span style=\"color:#bf616a;\">f</span><span style=\"color:#c0c5ce;\">[i], v = v-&gt;</span><span style=\"color:#bf616a;\">f</span><span style=\"color:#c0c5ce;\">[i];\n</span><span style=\"color:#c0c5ce;\">        </span><span style=\"color:#b48ead;\">return</span><span style=\"color:#c0c5ce;\"> u-&gt;</span><span style=\"color:#bf616a;\">f</span><span style=\"color:#c0c5ce;\">[</span><span style=\"color:#d08770;\">0</span><span style=\"color:#c0c5ce;\">];\n</span><span style=\"color:#c0c5ce;\">    }\n</span><span style=\"color:#c0c5ce;\">    </span><span style=\"color:#b48ead;\">return</span><span style=\"color:#c0c5ce;\"> u;\n</span><span style=\"color:#c0c5ce;\">}\n</span><span style=\"color:#b48ead;\">int </span><span style=\"color:#8fa1b3;\">query</span><span style=\"color:#c0c5ce;\">(Node *</span><span style=\"color:#bf616a;\">u</span><span style=\"color:#c0c5ce;\">, Node *</span><span style=\"color:#bf616a;\">v</span><span style=\"color:#c0c5ce;\">, </span><span style=\"color:#b48ead;\">int </span><span style=\"color:#bf616a;\">k</span><span style=\"color:#c0c5ce;\">) {\n</span><span style=\"color:#c0c5ce;\">    Node *p = </span><span style=\"color:#8fa1b3;\">lca</span><span style=\"color:#c0c5ce;\">(u, v);\n</span><span style=\"color:#c0c5ce;\">    </span><span style=\"color:#b48ead;\">int</span><span style=\"color:#c0c5ce;\"> l = </span><span style=\"color:#d08770;\">1</span><span style=\"color:#c0c5ce;\">, r = n;\n</span><span style=\"color:#c0c5ce;\">    PSegT *su = u-&gt;</span><span style=\"color:#bf616a;\">seg</span><span style=\"color:#c0c5ce;\">, *sv = v-&gt;</span><span style=\"color:#bf616a;\">seg</span><span style=\"color:#c0c5ce;\">, *sp = p-&gt;</span><span style=\"color:#bf616a;\">seg</span><span style=\"color:#c0c5ce;\">, *sf = p != p-&gt;</span><span style=\"color:#bf616a;\">f</span><span style=\"color:#c0c5ce;\">[</span><span style=\"color:#d08770;\">0</span><span style=\"color:#c0c5ce;\">] ? p-&gt;</span><span style=\"color:#bf616a;\">f</span><span style=\"color:#c0c5ce;\">[</span><span style=\"color:#d08770;\">0</span><span style=\"color:#c0c5ce;\">]-&gt;</span><span style=\"color:#bf616a;\">seg </span><span style=\"color:#c0c5ce;\">: root;\n</span><span style=\"color:#b48ead;\">#ifdef</span><span style=\"color:#c0c5ce;\"> DBG\n</span><span style=\"color:#c0c5ce;\">    </span><span style=\"color:#96b5b4;\">printf</span><span style=\"color:#c0c5ce;\">(&quot;</span><span style=\"color:#a3be8c;\">Q </span><span style=\"color:#d08770;\">%d %d %d</span><span style=\"color:#a3be8c;\">, lca = </span><span style=\"color:#d08770;\">%d</span><span style=\"color:#96b5b4;\">\\n</span><span style=\"color:#c0c5ce;\">&quot;, u-&gt;</span><span style=\"color:#bf616a;\">id</span><span style=\"color:#c0c5ce;\">, v-&gt;</span><span style=\"color:#bf616a;\">id</span><span style=\"color:#c0c5ce;\">, k, p-&gt;</span><span style=\"color:#bf616a;\">id</span><span style=\"color:#c0c5ce;\">); \n</span><span style=\"color:#b48ead;\">#endif\n</span><span style=\"color:#c0c5ce;\">    </span><span style=\"color:#b48ead;\">while </span><span style=\"color:#c0c5ce;\">(l &lt; r) {\n</span><span style=\"color:#c0c5ce;\">        </span><span style=\"color:#b48ead;\">int</span><span style=\"color:#c0c5ce;\"> mid = l + (r - l) / </span><span style=\"color:#d08770;\">2</span><span style=\"color:#c0c5ce;\">;\n</span><span style=\"color:#c0c5ce;\">        </span><span style=\"color:#b48ead;\">int</span><span style=\"color:#c0c5ce;\"> t = </span><span style=\"color:#d08770;\">0</span><span style=\"color:#c0c5ce;\">;\n</span><span style=\"color:#c0c5ce;\">        </span><span style=\"color:#b48ead;\">if </span><span style=\"color:#c0c5ce;\">(su) t += su-&gt;</span><span style=\"color:#8fa1b3;\">rank</span><span style=\"color:#c0c5ce;\">();\n</span><span style=\"color:#c0c5ce;\">        </span><span style=\"color:#b48ead;\">if </span><span style=\"color:#c0c5ce;\">(sv) t += sv-&gt;</span><span style=\"color:#8fa1b3;\">rank</span><span style=\"color:#c0c5ce;\">();\n</span><span style=\"color:#c0c5ce;\">        </span><span style=\"color:#b48ead;\">if </span><span style=\"color:#c0c5ce;\">(sp) t -= sp-&gt;</span><span style=\"color:#8fa1b3;\">rank</span><span style=\"color:#c0c5ce;\">();\n</span><span style=\"color:#c0c5ce;\">        </span><span style=\"color:#b48ead;\">if </span><span style=\"color:#c0c5ce;\">(sf) t -= sf-&gt;</span><span style=\"color:#8fa1b3;\">rank</span><span style=\"color:#c0c5ce;\">();\n</span><span style=\"color:#c0c5ce;\">        </span><span style=\"color:#b48ead;\">if </span><span style=\"color:#c0c5ce;\">(k &lt;= t) {\n</span><span style=\"color:#c0c5ce;\">            </span><span style=\"color:#b48ead;\">if </span><span style=\"color:#c0c5ce;\">(su) su = su-&gt;</span><span style=\"color:#bf616a;\">lc</span><span style=\"color:#c0c5ce;\">;\n</span><span style=\"color:#c0c5ce;\">            </span><span style=\"color:#b48ead;\">if </span><span style=\"color:#c0c5ce;\">(sv) sv = sv-&gt;</span><span style=\"color:#bf616a;\">lc</span><span style=\"color:#c0c5ce;\">;\n</span><span style=\"color:#c0c5ce;\">            </span><span style=\"color:#b48ead;\">if </span><span style=\"color:#c0c5ce;\">(sp) sp = sp-&gt;</span><span style=\"color:#bf616a;\">lc</span><span style=\"color:#c0c5ce;\">;\n</span><span style=\"color:#c0c5ce;\">            </span><span style=\"color:#b48ead;\">if </span><span style=\"color:#c0c5ce;\">(sf) sf = sf-&gt;</span><span style=\"color:#bf616a;\">lc</span><span style=\"color:#c0c5ce;\">;\n</span><span style=\"color:#c0c5ce;\">            r = mid;\n</span><span style=\"color:#c0c5ce;\">        } </span><span style=\"color:#b48ead;\">else </span><span style=\"color:#c0c5ce;\">{\n</span><span style=\"color:#c0c5ce;\">            </span><span style=\"color:#b48ead;\">if </span><span style=\"color:#c0c5ce;\">(su) su = su-&gt;</span><span style=\"color:#bf616a;\">rc</span><span style=\"color:#c0c5ce;\">;\n</span><span style=\"color:#c0c5ce;\">            </span><span style=\"color:#b48ead;\">if </span><span style=\"color:#c0c5ce;\">(sv) sv = sv-&gt;</span><span style=\"color:#bf616a;\">rc</span><span style=\"color:#c0c5ce;\">;\n</span><span style=\"color:#c0c5ce;\">            </span><span style=\"color:#b48ead;\">if </span><span style=\"color:#c0c5ce;\">(sp) sp = sp-&gt;</span><span style=\"color:#bf616a;\">rc</span><span style=\"color:#c0c5ce;\">;\n</span><span style=\"color:#c0c5ce;\">            </span><span style=\"color:#b48ead;\">if </span><span style=\"color:#c0c5ce;\">(sf) sf = sf-&gt;</span><span style=\"color:#bf616a;\">rc</span><span style=\"color:#c0c5ce;\">;\n</span><span style=\"color:#c0c5ce;\">            k -= t;\n</span><span style=\"color:#c0c5ce;\">            l = mid + </span><span style=\"color:#d08770;\">1</span><span style=\"color:#c0c5ce;\">;\n</span><span style=\"color:#c0c5ce;\">        }\n</span><span style=\"color:#c0c5ce;\">    }\n</span><span style=\"color:#c0c5ce;\">    </span><span style=\"color:#b48ead;\">return</span><span style=\"color:#c0c5ce;\"> l;\n</span><span style=\"color:#c0c5ce;\">}\n</span><span style=\"color:#b48ead;\">int</span><span style=\"color:#c0c5ce;\"> map[MAXN];\n</span><span style=\"color:#b48ead;\">void </span><span style=\"color:#8fa1b3;\">discretization</span><span style=\"color:#c0c5ce;\">() {\n</span><span style=\"color:#c0c5ce;\">    </span><span style=\"color:#8fa1b3;\">std::sort</span><span style=\"color:#c0c5ce;\">(map + </span><span style=\"color:#d08770;\">1</span><span style=\"color:#c0c5ce;\">, map + n + </span><span style=\"color:#d08770;\">1</span><span style=\"color:#c0c5ce;\">);\n</span><span style=\"color:#c0c5ce;\">    </span><span style=\"color:#b48ead;\">int </span><span style=\"color:#c0c5ce;\">*end = </span><span style=\"color:#8fa1b3;\">std::unique</span><span style=\"color:#c0c5ce;\">(map + </span><span style=\"color:#d08770;\">1</span><span style=\"color:#c0c5ce;\">, map + n + </span><span style=\"color:#d08770;\">1</span><span style=\"color:#c0c5ce;\">);\n</span><span style=\"color:#c0c5ce;\">    </span><span style=\"color:#b48ead;\">for </span><span style=\"color:#c0c5ce;\">(</span><span style=\"color:#b48ead;\">int</span><span style=\"color:#c0c5ce;\"> i = </span><span style=\"color:#d08770;\">1</span><span style=\"color:#c0c5ce;\">; i &lt;= n; i++) N[i].</span><span style=\"color:#bf616a;\">w </span><span style=\"color:#c0c5ce;\">= </span><span style=\"color:#8fa1b3;\">std::lower_bound</span><span style=\"color:#c0c5ce;\">(map + </span><span style=\"color:#d08770;\">1</span><span style=\"color:#c0c5ce;\">, end, N[i].</span><span style=\"color:#bf616a;\">w</span><span style=\"color:#c0c5ce;\">) - map;\n</span><span style=\"color:#c0c5ce;\">}\n</span><span style=\"color:#b48ead;\">int </span><span style=\"color:#8fa1b3;\">main</span><span style=\"color:#c0c5ce;\">() {\n</span><span style=\"color:#c0c5ce;\">    </span><span style=\"color:#96b5b4;\">scanf</span><span style=\"color:#c0c5ce;\">(&quot;</span><span style=\"color:#d08770;\">%*d</span><span style=\"color:#c0c5ce;\">&quot;);\n</span><span style=\"color:#c0c5ce;\">    </span><span style=\"color:#b48ead;\">int</span><span style=\"color:#c0c5ce;\"> m, q;\n</span><span style=\"color:#c0c5ce;\">    </span><span style=\"color:#96b5b4;\">scanf</span><span style=\"color:#c0c5ce;\">(&quot;</span><span style=\"color:#d08770;\">%d %d %d</span><span style=\"color:#c0c5ce;\">&quot;, &amp;n, &amp;m, &amp;q);\n</span><span style=\"color:#c0c5ce;\">    ufs.</span><span style=\"color:#8fa1b3;\">init</span><span style=\"color:#c0c5ce;\">(n);\n</span><span style=\"color:#b48ead;\">#ifdef</span><span style=\"color:#c0c5ce;\"> DBG\n</span><span style=\"color:#c0c5ce;\">    </span><span style=\"color:#b48ead;\">for </span><span style=\"color:#c0c5ce;\">(</span><span style=\"color:#b48ead;\">int</span><span style=\"color:#c0c5ce;\"> i = </span><span style=\"color:#d08770;\">1</span><span style=\"color:#c0c5ce;\">; i &lt;= n; i++) N[i].</span><span style=\"color:#bf616a;\">id </span><span style=\"color:#c0c5ce;\">= i;\n</span><span style=\"color:#b48ead;\">#endif\n</span><span style=\"color:#c0c5ce;\">    </span><span style=\"color:#b48ead;\">for </span><span style=\"color:#c0c5ce;\">(; </span><span style=\"color:#d08770;\">1 </span><span style=\"color:#c0c5ce;\">&lt;&lt; (logn + </span><span style=\"color:#d08770;\">1</span><span style=\"color:#c0c5ce;\">) &lt;= n; logn++);\n</span><span style=\"color:#c0c5ce;\">    </span><span style=\"color:#b48ead;\">for </span><span style=\"color:#c0c5ce;\">(</span><span style=\"color:#b48ead;\">int</span><span style=\"color:#c0c5ce;\"> i = </span><span style=\"color:#d08770;\">1</span><span style=\"color:#c0c5ce;\">; i &lt;= n; i++) </span><span style=\"color:#96b5b4;\">scanf</span><span style=\"color:#c0c5ce;\">(&quot;</span><span style=\"color:#d08770;\">%d</span><span style=\"color:#c0c5ce;\">&quot;, &amp;N[i].</span><span style=\"color:#bf616a;\">w</span><span style=\"color:#c0c5ce;\">), map[i] = N[i].</span><span style=\"color:#bf616a;\">w</span><span style=\"color:#c0c5ce;\">;\n</span><span style=\"color:#c0c5ce;\">    </span><span style=\"color:#8fa1b3;\">discretization</span><span style=\"color:#c0c5ce;\">();\n</span><span style=\"color:#c0c5ce;\">    root = </span><span style=\"color:#b48ead;\">new </span><span style=\"color:#8fa1b3;\">PSegT</span><span style=\"color:#c0c5ce;\">(</span><span style=\"color:#d08770;\">1</span><span style=\"color:#c0c5ce;\">, n);\n</span><span style=\"color:#c0c5ce;\">    </span><span style=\"color:#b48ead;\">for </span><span style=\"color:#c0c5ce;\">(</span><span style=\"color:#b48ead;\">int</span><span style=\"color:#c0c5ce;\"> i = </span><span style=\"color:#d08770;\">0</span><span style=\"color:#c0c5ce;\">; i &lt; m; i++) {\n</span><span style=\"color:#c0c5ce;\">        </span><span style=\"color:#b48ead;\">int</span><span style=\"color:#c0c5ce;\"> u, v;\n</span><span style=\"color:#c0c5ce;\">        </span><span style=\"color:#96b5b4;\">scanf</span><span style=\"color:#c0c5ce;\">(&quot;</span><span style=\"color:#d08770;\">%d %d</span><span style=\"color:#c0c5ce;\">&quot;, &amp;u, &amp;v);\n</span><span style=\"color:#c0c5ce;\">        </span><span style=\"color:#8fa1b3;\">addEdge</span><span style=\"color:#c0c5ce;\">(u, v);\n</span><span style=\"color:#c0c5ce;\">        ufs.</span><span style=\"color:#8fa1b3;\">merge</span><span style=\"color:#c0c5ce;\">(u, v);\n</span><span style=\"color:#c0c5ce;\">    }\n</span><span style=\"color:#c0c5ce;\">    </span><span style=\"color:#8fa1b3;\">bfs</span><span style=\"color:#c0c5ce;\">();\n</span><span style=\"color:#c0c5ce;\">    </span><span style=\"color:#b48ead;\">int</span><span style=\"color:#c0c5ce;\"> lastAns = </span><span style=\"color:#d08770;\">0</span><span style=\"color:#c0c5ce;\">;\n</span><span style=\"color:#c0c5ce;\">    </span><span style=\"color:#b48ead;\">while </span><span style=\"color:#c0c5ce;\">(q--) {\n</span><span style=\"color:#c0c5ce;\">        </span><span style=\"color:#b48ead;\">char</span><span style=\"color:#c0c5ce;\"> op[</span><span style=\"color:#d08770;\">2</span><span style=\"color:#c0c5ce;\">];\n</span><span style=\"color:#c0c5ce;\">        </span><span style=\"color:#b48ead;\">int</span><span style=\"color:#c0c5ce;\"> u, v;\n</span><span style=\"color:#c0c5ce;\">        </span><span style=\"color:#96b5b4;\">scanf</span><span style=\"color:#c0c5ce;\">(&quot;</span><span style=\"color:#d08770;\">%s %d %d</span><span style=\"color:#c0c5ce;\">&quot;, op, &amp;u, &amp;v);\n</span><span style=\"color:#c0c5ce;\">        u ^= lastAns;\n</span><span style=\"color:#c0c5ce;\">        v ^= lastAns;\n</span><span style=\"color:#b48ead;\">#ifdef</span><span style=\"color:#c0c5ce;\"> DBG\n</span><span style=\"color:#c0c5ce;\">        </span><span style=\"color:#96b5b4;\">printf</span><span style=\"color:#c0c5ce;\">(&quot;</span><span style=\"color:#d08770;\">%s %d %d</span><span style=\"color:#96b5b4;\">\\n</span><span style=\"color:#c0c5ce;\">&quot;, op, u, v);\n</span><span style=\"color:#b48ead;\">#endif\n</span><span style=\"color:#c0c5ce;\">        </span><span style=\"color:#b48ead;\">if </span><span style=\"color:#c0c5ce;\">(op[</span><span style=\"color:#d08770;\">0</span><span style=\"color:#c0c5ce;\">] == &#39;</span><span style=\"color:#a3be8c;\">Q</span><span style=\"color:#c0c5ce;\">&#39;) {\n</span><span style=\"color:#c0c5ce;\">            </span><span style=\"color:#b48ead;\">int</span><span style=\"color:#c0c5ce;\"> k;\n</span><span style=\"color:#c0c5ce;\">            </span><span style=\"color:#96b5b4;\">scanf</span><span style=\"color:#c0c5ce;\">(&quot;</span><span style=\"color:#d08770;\">%d</span><span style=\"color:#c0c5ce;\">&quot;, &amp;k);\n</span><span style=\"color:#c0c5ce;\">            k ^= lastAns;\n</span><span style=\"color:#c0c5ce;\">            </span><span style=\"color:#96b5b4;\">printf</span><span style=\"color:#c0c5ce;\">(&quot;</span><span style=\"color:#d08770;\">%d</span><span style=\"color:#96b5b4;\">\\n</span><span style=\"color:#c0c5ce;\">&quot;, lastAns = map[</span><span style=\"color:#8fa1b3;\">query</span><span style=\"color:#c0c5ce;\">(&amp;N[u], &amp;N[v], k)]);\n</span><span style=\"color:#c0c5ce;\">        } </span><span style=\"color:#b48ead;\">else </span><span style=\"color:#8fa1b3;\">link</span><span style=\"color:#c0c5ce;\">(u, v);\n</span><span style=\"color:#c0c5ce;\">    }\n</span><span style=\"color:#c0c5ce;\">    </span><span style=\"color:#b48ead;\">return </span><span style=\"color:#d08770;\">0</span><span style=\"color:#c0c5ce;\">;\n</span><span style=\"color:#c0c5ce;\">}\n</span>\n</code></pre>\n"}