{"title":"[SCOI 2007] 排列","tags":["状压DP","DP"],"create_time":1491081470,"last_modified":1596710895,"toc":"<ol><li><a href=\"#题目大意\">题目大意</a></li><li><a href=\"#题目链接\">题目链接</a></li><li><a href=\"#题解\">题解</a></li><li><a href=\"#代码\">代码</a></li>","html":"<h2><a href=\"#题目大意\" aria-hidden=\"true\" class=\"anchor\" id=\"题目大意\"></a>题目大意</h2>\n<p>给一个数字串 <span class=\"katex\"><span class=\"katex-mathml\"><math xmlns=\"http://www.w3.org/1998/Math/MathML\"><semantics><mrow><mi>s</mi></mrow><annotation encoding=\"application/x-tex\">s</annotation></semantics></math></span><span class=\"katex-html\" aria-hidden=\"true\"><span class=\"base\"><span class=\"strut\" style=\"height:0.4306em;\"></span><span class=\"mord mathnormal\">s</span></span></span></span> 和正整数 <span class=\"katex\"><span class=\"katex-mathml\"><math xmlns=\"http://www.w3.org/1998/Math/MathML\"><semantics><mrow><mi>d</mi></mrow><annotation encoding=\"application/x-tex\">d</annotation></semantics></math></span><span class=\"katex-html\" aria-hidden=\"true\"><span class=\"base\"><span class=\"strut\" style=\"height:0.6944em;\"></span><span class=\"mord mathnormal\">d</span></span></span></span>, 统计 <span class=\"katex\"><span class=\"katex-mathml\"><math xmlns=\"http://www.w3.org/1998/Math/MathML\"><semantics><mrow><mi>s</mi></mrow><annotation encoding=\"application/x-tex\">s</annotation></semantics></math></span><span class=\"katex-html\" aria-hidden=\"true\"><span class=\"base\"><span class=\"strut\" style=\"height:0.4306em;\"></span><span class=\"mord mathnormal\">s</span></span></span></span> 有多少种不同的排列能被 <span class=\"katex\"><span class=\"katex-mathml\"><math xmlns=\"http://www.w3.org/1998/Math/MathML\"><semantics><mrow><mi>d</mi></mrow><annotation encoding=\"application/x-tex\">d</annotation></semantics></math></span><span class=\"katex-html\" aria-hidden=\"true\"><span class=\"base\"><span class=\"strut\" style=\"height:0.6944em;\"></span><span class=\"mord mathnormal\">d</span></span></span></span> 整除（可以有前导 <span class=\"katex\"><span class=\"katex-mathml\"><math xmlns=\"http://www.w3.org/1998/Math/MathML\"><semantics><mrow><mn>0</mn></mrow><annotation encoding=\"application/x-tex\">0</annotation></semantics></math></span><span class=\"katex-html\" aria-hidden=\"true\"><span class=\"base\"><span class=\"strut\" style=\"height:0.6444em;\"></span><span class=\"mord\">0</span></span></span></span>）。多组数据。</p>\n<p><span class=\"katex\"><span class=\"katex-mathml\"><math xmlns=\"http://www.w3.org/1998/Math/MathML\"><semantics><mrow><mn>1</mn><mo>⩽</mo><mi>T</mi><mo>⩽</mo><mn>15</mn></mrow><annotation encoding=\"application/x-tex\">1 \\leqslant T \\leqslant 15</annotation></semantics></math></span><span class=\"katex-html\" aria-hidden=\"true\"><span class=\"base\"><span class=\"strut\" style=\"height:0.7811em;vertical-align:-0.1367em;\"></span><span class=\"mord\">1</span><span class=\"mspace\" style=\"margin-right:0.2778em;\"></span><span class=\"mrel amsrm\">⩽</span><span class=\"mspace\" style=\"margin-right:0.2778em;\"></span></span><span class=\"base\"><span class=\"strut\" style=\"height:0.82em;vertical-align:-0.1367em;\"></span><span class=\"mord mathnormal\" style=\"margin-right:0.13889em;\">T</span><span class=\"mspace\" style=\"margin-right:0.2778em;\"></span><span class=\"mrel amsrm\">⩽</span><span class=\"mspace\" style=\"margin-right:0.2778em;\"></span></span><span class=\"base\"><span class=\"strut\" style=\"height:0.6444em;\"></span><span class=\"mord\">15</span></span></span></span></p>\n<p><span class=\"katex\"><span class=\"katex-mathml\"><math xmlns=\"http://www.w3.org/1998/Math/MathML\"><semantics><mrow><mn>1</mn><mo>⩽</mo><mi>d</mi><mo>⩽</mo><mn>1</mn><mo separator=\"true\">,</mo><mn>000</mn></mrow><annotation encoding=\"application/x-tex\">1 \\leqslant d \\leqslant 1,000</annotation></semantics></math></span><span class=\"katex-html\" aria-hidden=\"true\"><span class=\"base\"><span class=\"strut\" style=\"height:0.7811em;vertical-align:-0.1367em;\"></span><span class=\"mord\">1</span><span class=\"mspace\" style=\"margin-right:0.2778em;\"></span><span class=\"mrel amsrm\">⩽</span><span class=\"mspace\" style=\"margin-right:0.2778em;\"></span></span><span class=\"base\"><span class=\"strut\" style=\"height:0.8311em;vertical-align:-0.1367em;\"></span><span class=\"mord mathnormal\">d</span><span class=\"mspace\" style=\"margin-right:0.2778em;\"></span><span class=\"mrel amsrm\">⩽</span><span class=\"mspace\" style=\"margin-right:0.2778em;\"></span></span><span class=\"base\"><span class=\"strut\" style=\"height:0.8389em;vertical-align:-0.1944em;\"></span><span class=\"mord\">1</span><span class=\"mpunct\">,</span><span class=\"mspace\" style=\"margin-right:0.1667em;\"></span><span class=\"mord\">000</span></span></span></span></p>\n<p><span class=\"katex\"><span class=\"katex-mathml\"><math xmlns=\"http://www.w3.org/1998/Math/MathML\"><semantics><mrow><mi>s</mi><mtext> 的位数</mtext><mo>⩽</mo><mn>10</mn></mrow><annotation encoding=\"application/x-tex\">s \\ 的位数 \\leqslant 10</annotation></semantics></math></span><span class=\"katex-html\" aria-hidden=\"true\"><span class=\"base\"><span class=\"strut\" style=\"height:0.82em;vertical-align:-0.1367em;\"></span><span class=\"mord mathnormal\">s</span><span class=\"mspace\"> </span><span class=\"mord cjk_fallback\">的位数</span><span class=\"mspace\" style=\"margin-right:0.2778em;\"></span><span class=\"mrel amsrm\">⩽</span><span class=\"mspace\" style=\"margin-right:0.2778em;\"></span></span><span class=\"base\"><span class=\"strut\" style=\"height:0.6444em;\"></span><span class=\"mord\">10</span></span></span></span></p>\n<h2><a href=\"#题目链接\" aria-hidden=\"true\" class=\"anchor\" id=\"题目链接\"></a>题目链接</h2>\n<p><a href=\"https://www.luogu.com.cn/problem/P4163\">【SCOI 2007】排列 - Luogu 4163</a></p>\n<!-- more -->\n<h2><a href=\"#题解\" aria-hidden=\"true\" class=\"anchor\" id=\"题解\"></a>题解</h2>\n<p>状压 DP。</p>\n<p>先考虑由给定的数字串中的部分数字组成的数的答案，然后在其后加一个还没有考虑的数字进行转移。用二进制的 <span class=\"katex\"><span class=\"katex-mathml\"><math xmlns=\"http://www.w3.org/1998/Math/MathML\"><semantics><mrow><mn>1</mn></mrow><annotation encoding=\"application/x-tex\">1</annotation></semantics></math></span><span class=\"katex-html\" aria-hidden=\"true\"><span class=\"base\"><span class=\"strut\" style=\"height:0.6444em;\"></span><span class=\"mord\">1</span></span></span></span> 和 <span class=\"katex\"><span class=\"katex-mathml\"><math xmlns=\"http://www.w3.org/1998/Math/MathML\"><semantics><mrow><mn>0</mn></mrow><annotation encoding=\"application/x-tex\">0</annotation></semantics></math></span><span class=\"katex-html\" aria-hidden=\"true\"><span class=\"base\"><span class=\"strut\" style=\"height:0.6444em;\"></span><span class=\"mord\">0</span></span></span></span> 表示是否考虑了该数，<span class=\"katex\"><span class=\"katex-mathml\"><math xmlns=\"http://www.w3.org/1998/Math/MathML\"><semantics><mrow><mi>f</mi><mo stretchy=\"false\">[</mo><mi>i</mi><mo stretchy=\"false\">]</mo><mo stretchy=\"false\">[</mo><mi>j</mi><mo stretchy=\"false\">]</mo></mrow><annotation encoding=\"application/x-tex\">f[i][j]</annotation></semantics></math></span><span class=\"katex-html\" aria-hidden=\"true\"><span class=\"base\"><span class=\"strut\" style=\"height:1em;vertical-align:-0.25em;\"></span><span class=\"mord mathnormal\" style=\"margin-right:0.10764em;\">f</span><span class=\"mopen\">[</span><span class=\"mord mathnormal\">i</span><span class=\"mclose\">]</span><span class=\"mopen\">[</span><span class=\"mord mathnormal\" style=\"margin-right:0.05724em;\">j</span><span class=\"mclose\">]</span></span></span></span> 表示状态为 <span class=\"katex\"><span class=\"katex-mathml\"><math xmlns=\"http://www.w3.org/1998/Math/MathML\"><semantics><mrow><mi>i</mi></mrow><annotation encoding=\"application/x-tex\">i</annotation></semantics></math></span><span class=\"katex-html\" aria-hidden=\"true\"><span class=\"base\"><span class=\"strut\" style=\"height:0.6595em;\"></span><span class=\"mord mathnormal\">i</span></span></span></span>，模 <span class=\"katex\"><span class=\"katex-mathml\"><math xmlns=\"http://www.w3.org/1998/Math/MathML\"><semantics><mrow><mi>d</mi></mrow><annotation encoding=\"application/x-tex\">d</annotation></semantics></math></span><span class=\"katex-html\" aria-hidden=\"true\"><span class=\"base\"><span class=\"strut\" style=\"height:0.6944em;\"></span><span class=\"mord mathnormal\">d</span></span></span></span> 余数为 <span class=\"katex\"><span class=\"katex-mathml\"><math xmlns=\"http://www.w3.org/1998/Math/MathML\"><semantics><mrow><mi>j</mi></mrow><annotation encoding=\"application/x-tex\">j</annotation></semantics></math></span><span class=\"katex-html\" aria-hidden=\"true\"><span class=\"base\"><span class=\"strut\" style=\"height:0.854em;vertical-align:-0.1944em;\"></span><span class=\"mord mathnormal\" style=\"margin-right:0.05724em;\">j</span></span></span></span> 时的答案，转移如下：</p>\n<p class='katex-block'><span class=\"katex-display\"><span class=\"katex\"><span class=\"katex-mathml\"><math xmlns=\"http://www.w3.org/1998/Math/MathML\" display=\"block\"><semantics><mrow><mi>f</mi><mo stretchy=\"false\">[</mo><mi>i</mi><mo stretchy=\"false\">]</mo><mo stretchy=\"false\">[</mo><mi>j</mi><mo stretchy=\"false\">]</mo><mo>+</mo><mo>=</mo><mi>f</mi><mo stretchy=\"false\">[</mo><mi>i</mi><mtext>  </mtext><mi mathvariant=\"normal\">∣</mi><mtext>  </mtext><msup><mn>2</mn><mi>x</mi></msup><mo stretchy=\"false\">]</mo><mo stretchy=\"false\">[</mo><mo stretchy=\"false\">(</mo><mi>j</mi><mo>∗</mo><mn>10</mn><mo>+</mo><mi>n</mi><mi>u</mi><mi>m</mi><mo stretchy=\"false\">[</mo><mi>x</mi><mo stretchy=\"false\">]</mo><mo stretchy=\"false\">)</mo><mtext>  </mtext><mi>m</mi><mi>o</mi><mi>d</mi><mtext>  </mtext><mi>d</mi><mo stretchy=\"false\">]</mo><mo separator=\"true\">,</mo><mtext>  </mtext><mi>i</mi><mtext>  </mtext><mi mathvariant=\"normal\">&amp;</mi><mtext>  </mtext><msup><mn>2</mn><mi>x</mi></msup><mo>=</mo><mn>0</mn></mrow><annotation encoding=\"application/x-tex\">f[i][j] += f[i \\; | \\; 2^x][(j * 10 + num[x]) \\; mod \\; d], \\; i \\;  \\&amp; \\; 2^x = 0</annotation></semantics></math></span><span class=\"katex-html\" aria-hidden=\"true\"><span class=\"base\"><span class=\"strut\" style=\"height:1em;vertical-align:-0.25em;\"></span><span class=\"mord mathnormal\" style=\"margin-right:0.10764em;\">f</span><span class=\"mopen\">[</span><span class=\"mord mathnormal\">i</span><span class=\"mclose\">]</span><span class=\"mopen\">[</span><span class=\"mord mathnormal\" style=\"margin-right:0.05724em;\">j</span><span class=\"mclose\">]</span><span class=\"mord\">+</span><span class=\"mspace\" style=\"margin-right:0.2778em;\"></span><span class=\"mrel\">=</span><span class=\"mspace\" style=\"margin-right:0.2778em;\"></span></span><span class=\"base\"><span class=\"strut\" style=\"height:1em;vertical-align:-0.25em;\"></span><span class=\"mord mathnormal\" style=\"margin-right:0.10764em;\">f</span><span class=\"mopen\">[</span><span class=\"mord mathnormal\">i</span><span class=\"mspace\" style=\"margin-right:0.2778em;\"></span><span class=\"mord\">∣</span><span class=\"mspace\" style=\"margin-right:0.2778em;\"></span><span class=\"mord\"><span class=\"mord\">2</span><span class=\"msupsub\"><span class=\"vlist-t\"><span class=\"vlist-r\"><span class=\"vlist\" style=\"height:0.7144em;\"><span style=\"top:-3.113em;margin-right:0.05em;\"><span class=\"pstrut\" style=\"height:2.7em;\"></span><span class=\"sizing reset-size6 size3 mtight\"><span class=\"mord mathnormal mtight\">x</span></span></span></span></span></span></span></span><span class=\"mclose\">]</span><span class=\"mopen\">[(</span><span class=\"mord mathnormal\" style=\"margin-right:0.05724em;\">j</span><span class=\"mspace\" style=\"margin-right:0.2222em;\"></span><span class=\"mbin\">∗</span><span class=\"mspace\" style=\"margin-right:0.2222em;\"></span></span><span class=\"base\"><span class=\"strut\" style=\"height:0.7278em;vertical-align:-0.0833em;\"></span><span class=\"mord\">10</span><span class=\"mspace\" style=\"margin-right:0.2222em;\"></span><span class=\"mbin\">+</span><span class=\"mspace\" style=\"margin-right:0.2222em;\"></span></span><span class=\"base\"><span class=\"strut\" style=\"height:1em;vertical-align:-0.25em;\"></span><span class=\"mord mathnormal\">n</span><span class=\"mord mathnormal\">u</span><span class=\"mord mathnormal\">m</span><span class=\"mopen\">[</span><span class=\"mord mathnormal\">x</span><span class=\"mclose\">])</span><span class=\"mspace\" style=\"margin-right:0.2778em;\"></span><span class=\"mord mathnormal\">m</span><span class=\"mord mathnormal\">o</span><span class=\"mord mathnormal\">d</span><span class=\"mspace\" style=\"margin-right:0.2778em;\"></span><span class=\"mord mathnormal\">d</span><span class=\"mclose\">]</span><span class=\"mpunct\">,</span><span class=\"mspace\" style=\"margin-right:0.2778em;\"></span><span class=\"mspace\" style=\"margin-right:0.1667em;\"></span><span class=\"mord mathnormal\">i</span><span class=\"mspace\" style=\"margin-right:0.2778em;\"></span><span class=\"mord\">&amp;</span><span class=\"mspace\" style=\"margin-right:0.2778em;\"></span><span class=\"mord\"><span class=\"mord\">2</span><span class=\"msupsub\"><span class=\"vlist-t\"><span class=\"vlist-r\"><span class=\"vlist\" style=\"height:0.7144em;\"><span style=\"top:-3.113em;margin-right:0.05em;\"><span class=\"pstrut\" style=\"height:2.7em;\"></span><span class=\"sizing reset-size6 size3 mtight\"><span class=\"mord mathnormal mtight\">x</span></span></span></span></span></span></span></span><span class=\"mspace\" style=\"margin-right:0.2778em;\"></span><span class=\"mrel\">=</span><span class=\"mspace\" style=\"margin-right:0.2778em;\"></span></span><span class=\"base\"><span class=\"strut\" style=\"height:0.6444em;\"></span><span class=\"mord\">0</span></span></span></span></span></p>\n<p>不过这样在有重复数字时会重复计数，最后再除以 <span class=\"katex\"><span class=\"katex-mathml\"><math xmlns=\"http://www.w3.org/1998/Math/MathML\"><semantics><mrow><mo>∏</mo><mi>c</mi><mi>n</mi><mi>t</mi><mo stretchy=\"false\">[</mo><mi>i</mi><mo stretchy=\"false\">]</mo><mo stretchy=\"false\">!</mo><mo separator=\"true\">,</mo><mtext>  </mtext><mo stretchy=\"false\">(</mo><mi>i</mi><mo>=</mo><mn>1</mn><mo separator=\"true\">,</mo><mtext> </mtext><mn>2</mn><mo separator=\"true\">,</mo><mtext> </mtext><mn>3</mn><mo>…</mo><mo separator=\"true\">,</mo><mtext>  </mtext><mn>9</mn><mo stretchy=\"false\">)</mo></mrow><annotation encoding=\"application/x-tex\">\\prod cnt[i]!, ; (i = 1, \\ 2, \\ 3 \\dots, ; 9)</annotation></semantics></math></span><span class=\"katex-html\" aria-hidden=\"true\"><span class=\"base\"><span class=\"strut\" style=\"height:1em;vertical-align:-0.25em;\"></span><span class=\"mop op-symbol small-op\" style=\"position:relative;top:0em;\">∏</span><span class=\"mspace\" style=\"margin-right:0.1667em;\"></span><span class=\"mord mathnormal\">c</span><span class=\"mord mathnormal\">n</span><span class=\"mord mathnormal\">t</span><span class=\"mopen\">[</span><span class=\"mord mathnormal\">i</span><span class=\"mclose\">]!</span><span class=\"mpunct\">,</span><span class=\"mspace\" style=\"margin-right:0.2778em;\"></span><span class=\"mspace\" style=\"margin-right:0.1667em;\"></span><span class=\"mopen\">(</span><span class=\"mord mathnormal\">i</span><span class=\"mspace\" style=\"margin-right:0.2778em;\"></span><span class=\"mrel\">=</span><span class=\"mspace\" style=\"margin-right:0.2778em;\"></span></span><span class=\"base\"><span class=\"strut\" style=\"height:1em;vertical-align:-0.25em;\"></span><span class=\"mord\">1</span><span class=\"mpunct\">,</span><span class=\"mspace\"> </span><span class=\"mspace\" style=\"margin-right:0.1667em;\"></span><span class=\"mord\">2</span><span class=\"mpunct\">,</span><span class=\"mspace\"> </span><span class=\"mspace\" style=\"margin-right:0.1667em;\"></span><span class=\"mord\">3</span><span class=\"mspace\" style=\"margin-right:0.1667em;\"></span><span class=\"minner\">…</span><span class=\"mspace\" style=\"margin-right:0.1667em;\"></span><span class=\"mpunct\">,</span><span class=\"mspace\" style=\"margin-right:0.2778em;\"></span><span class=\"mspace\" style=\"margin-right:0.1667em;\"></span><span class=\"mord\">9</span><span class=\"mclose\">)</span></span></span></span> 即可（类比可重集合全排列，也要除以一个类似的东西）。</p>\n<h2><a href=\"#代码\" aria-hidden=\"true\" class=\"anchor\" id=\"代码\"></a>代码</h2>\n<p>当数据范围比较小的时候就不想给 <code>MAXN</code> 加上 <span class=\"katex\"><span class=\"katex-mathml\"><math xmlns=\"http://www.w3.org/1998/Math/MathML\"><semantics><mrow><mn>5</mn></mrow><annotation encoding=\"application/x-tex\">5</annotation></semantics></math></span><span class=\"katex-html\" aria-hidden=\"true\"><span class=\"base\"><span class=\"strut\" style=\"height:0.6444em;\"></span><span class=\"mord\">5</span></span></span></span> 或 <span class=\"katex\"><span class=\"katex-mathml\"><math xmlns=\"http://www.w3.org/1998/Math/MathML\"><semantics><mrow><mn>10</mn></mrow><annotation encoding=\"application/x-tex\">10</annotation></semantics></math></span><span class=\"katex-html\" aria-hidden=\"true\"><span class=\"base\"><span class=\"strut\" style=\"height:0.6444em;\"></span><span class=\"mord\">10</span></span></span></span> 之类的了。。。（这个习惯明明就是为了方便自己从 <span class=\"katex\"><span class=\"katex-mathml\"><math xmlns=\"http://www.w3.org/1998/Math/MathML\"><semantics><mrow><mn>1</mn></mrow><annotation encoding=\"application/x-tex\">1</annotation></semantics></math></span><span class=\"katex-html\" aria-hidden=\"true\"><span class=\"base\"><span class=\"strut\" style=\"height:0.6444em;\"></span><span class=\"mord\">1</span></span></span></span> 开始标号啊）</p>\n<pre style=\"background-color:#2b303b;\"><code class=\"language-c++\">\n<span style=\"color:#b48ead;\">#include </span><span style=\"color:#c0c5ce;\">&lt;</span><span style=\"color:#a3be8c;\">cstdio</span><span style=\"color:#c0c5ce;\">&gt;\n</span><span style=\"color:#b48ead;\">#include </span><span style=\"color:#c0c5ce;\">&lt;</span><span style=\"color:#a3be8c;\">cstring</span><span style=\"color:#c0c5ce;\">&gt;\n</span><span style=\"color:#b48ead;\">#include </span><span style=\"color:#c0c5ce;\">&lt;</span><span style=\"color:#a3be8c;\">algorithm</span><span style=\"color:#c0c5ce;\">&gt;\n</span><span style=\"color:#b48ead;\">const int</span><span style=\"color:#c0c5ce;\"> MAXN = </span><span style=\"color:#d08770;\">10</span><span style=\"color:#c0c5ce;\">;\n</span><span style=\"color:#b48ead;\">const int</span><span style=\"color:#c0c5ce;\"> MAXD = </span><span style=\"color:#d08770;\">1000</span><span style=\"color:#c0c5ce;\">;\n</span><span style=\"color:#b48ead;\">char</span><span style=\"color:#c0c5ce;\"> str[MAXN];\n</span><span style=\"color:#b48ead;\">int</span><span style=\"color:#c0c5ce;\"> num[MAXN], f[</span><span style=\"color:#d08770;\">1 </span><span style=\"color:#c0c5ce;\">&lt;&lt; MAXN][MAXD], cnt[MAXN], fact[MAXN + </span><span style=\"color:#d08770;\">1</span><span style=\"color:#c0c5ce;\">];\n</span><span style=\"color:#b48ead;\">void </span><span style=\"color:#8fa1b3;\">calcFact</span><span style=\"color:#c0c5ce;\">() {\n</span><span style=\"color:#c0c5ce;\">\tfact[</span><span style=\"color:#d08770;\">0</span><span style=\"color:#c0c5ce;\">] = </span><span style=\"color:#d08770;\">1</span><span style=\"color:#c0c5ce;\">;\n</span><span style=\"color:#c0c5ce;\">\t</span><span style=\"color:#b48ead;\">for </span><span style=\"color:#c0c5ce;\">(</span><span style=\"color:#b48ead;\">int</span><span style=\"color:#c0c5ce;\"> i = </span><span style=\"color:#d08770;\">1</span><span style=\"color:#c0c5ce;\">; i &lt;= MAXN; i++) fact[i] = fact[i - </span><span style=\"color:#d08770;\">1</span><span style=\"color:#c0c5ce;\">] * i;\n</span><span style=\"color:#c0c5ce;\">}\n</span><span style=\"color:#b48ead;\">void </span><span style=\"color:#8fa1b3;\">dp</span><span style=\"color:#c0c5ce;\">(</span><span style=\"color:#b48ead;\">int </span><span style=\"color:#bf616a;\">len</span><span style=\"color:#c0c5ce;\">, </span><span style=\"color:#b48ead;\">int </span><span style=\"color:#bf616a;\">d</span><span style=\"color:#c0c5ce;\">) {\n</span><span style=\"color:#c0c5ce;\">\t</span><span style=\"color:#96b5b4;\">memset</span><span style=\"color:#c0c5ce;\">(f, </span><span style=\"color:#d08770;\">0</span><span style=\"color:#c0c5ce;\">, sizeof (f));\n</span><span style=\"color:#c0c5ce;\">\tf[</span><span style=\"color:#d08770;\">0</span><span style=\"color:#c0c5ce;\">][</span><span style=\"color:#d08770;\">0</span><span style=\"color:#c0c5ce;\">] = </span><span style=\"color:#d08770;\">1</span><span style=\"color:#c0c5ce;\">;\n</span><span style=\"color:#c0c5ce;\">\t</span><span style=\"color:#b48ead;\">for </span><span style=\"color:#c0c5ce;\">(</span><span style=\"color:#b48ead;\">int</span><span style=\"color:#c0c5ce;\"> i = </span><span style=\"color:#d08770;\">0</span><span style=\"color:#c0c5ce;\">; i &lt; (</span><span style=\"color:#d08770;\">1 </span><span style=\"color:#c0c5ce;\">&lt;&lt; len); i++) {\n</span><span style=\"color:#c0c5ce;\">\t\t</span><span style=\"color:#b48ead;\">for </span><span style=\"color:#c0c5ce;\">(</span><span style=\"color:#b48ead;\">int</span><span style=\"color:#c0c5ce;\"> j = </span><span style=\"color:#d08770;\">0</span><span style=\"color:#c0c5ce;\">; j &lt; d; j++) {\n</span><span style=\"color:#c0c5ce;\">\t\t\t</span><span style=\"color:#b48ead;\">if </span><span style=\"color:#c0c5ce;\">(f[i][j]) {\n</span><span style=\"color:#c0c5ce;\">\t\t\t\t</span><span style=\"color:#b48ead;\">for </span><span style=\"color:#c0c5ce;\">(</span><span style=\"color:#b48ead;\">int</span><span style=\"color:#c0c5ce;\"> k = </span><span style=\"color:#d08770;\">0</span><span style=\"color:#c0c5ce;\">; k &lt; len; k++) {\n</span><span style=\"color:#c0c5ce;\">\t\t\t\t\t</span><span style=\"color:#b48ead;\">if </span><span style=\"color:#c0c5ce;\">((i &amp; (</span><span style=\"color:#d08770;\">1 </span><span style=\"color:#c0c5ce;\">&lt;&lt; k)) == </span><span style=\"color:#d08770;\">0</span><span style=\"color:#c0c5ce;\">)\n</span><span style=\"color:#c0c5ce;\">\t\t\t\t\t\tf[i | (</span><span style=\"color:#d08770;\">1 </span><span style=\"color:#c0c5ce;\">&lt;&lt; k)][(j * </span><span style=\"color:#d08770;\">10 </span><span style=\"color:#c0c5ce;\">+ num[k]) % d] += f[i][j];\n</span><span style=\"color:#c0c5ce;\">\t\t\t\t}\n</span><span style=\"color:#c0c5ce;\">\t\t\t}\n</span><span style=\"color:#c0c5ce;\">\t\t}\n</span><span style=\"color:#c0c5ce;\">\t}\n</span><span style=\"color:#c0c5ce;\">}\n</span><span style=\"color:#b48ead;\">int </span><span style=\"color:#8fa1b3;\">main</span><span style=\"color:#c0c5ce;\">() {\n</span><span style=\"color:#c0c5ce;\">\t</span><span style=\"color:#8fa1b3;\">calcFact</span><span style=\"color:#c0c5ce;\">();\n</span><span style=\"color:#c0c5ce;\">\t</span><span style=\"color:#b48ead;\">int</span><span style=\"color:#c0c5ce;\"> T;\n</span><span style=\"color:#c0c5ce;\">\t</span><span style=\"color:#96b5b4;\">scanf</span><span style=\"color:#c0c5ce;\">(&quot;</span><span style=\"color:#d08770;\">%d</span><span style=\"color:#c0c5ce;\">&quot;, &amp;T);\n</span><span style=\"color:#c0c5ce;\">\t</span><span style=\"color:#b48ead;\">while </span><span style=\"color:#c0c5ce;\">(T--) {\n</span><span style=\"color:#c0c5ce;\">\t\t</span><span style=\"color:#b48ead;\">int</span><span style=\"color:#c0c5ce;\"> d;\n</span><span style=\"color:#c0c5ce;\">\t\t</span><span style=\"color:#96b5b4;\">scanf</span><span style=\"color:#c0c5ce;\">(&quot;</span><span style=\"color:#d08770;\">%s%d</span><span style=\"color:#c0c5ce;\">&quot;, str, &amp;d);\n</span><span style=\"color:#c0c5ce;\">\t\t</span><span style=\"color:#b48ead;\">int</span><span style=\"color:#c0c5ce;\"> len = </span><span style=\"color:#96b5b4;\">strlen</span><span style=\"color:#c0c5ce;\">(str);\n</span><span style=\"color:#c0c5ce;\">\t\t</span><span style=\"color:#96b5b4;\">memset</span><span style=\"color:#c0c5ce;\">(cnt, </span><span style=\"color:#d08770;\">0</span><span style=\"color:#c0c5ce;\">, sizeof (cnt));\n</span><span style=\"color:#c0c5ce;\">\t\t</span><span style=\"color:#b48ead;\">for </span><span style=\"color:#c0c5ce;\">(</span><span style=\"color:#b48ead;\">int</span><span style=\"color:#c0c5ce;\"> i = </span><span style=\"color:#d08770;\">0</span><span style=\"color:#c0c5ce;\">; i &lt; len; i++) {\n</span><span style=\"color:#c0c5ce;\">\t\t\tnum[i] = str[i] - &#39;</span><span style=\"color:#a3be8c;\">0</span><span style=\"color:#c0c5ce;\">&#39;;\n</span><span style=\"color:#c0c5ce;\">\t\t\tcnt[num[i]]++;\n</span><span style=\"color:#c0c5ce;\">\t\t}\n</span><span style=\"color:#c0c5ce;\">\t\t</span><span style=\"color:#8fa1b3;\">dp</span><span style=\"color:#c0c5ce;\">(len, d);\n</span><span style=\"color:#c0c5ce;\">\t\t</span><span style=\"color:#b48ead;\">int</span><span style=\"color:#c0c5ce;\"> ans = f[(</span><span style=\"color:#d08770;\">1 </span><span style=\"color:#c0c5ce;\">&lt;&lt; len) - </span><span style=\"color:#d08770;\">1</span><span style=\"color:#c0c5ce;\">][</span><span style=\"color:#d08770;\">0</span><span style=\"color:#c0c5ce;\">];\n</span><span style=\"color:#c0c5ce;\">\t\t</span><span style=\"color:#b48ead;\">for </span><span style=\"color:#c0c5ce;\">(</span><span style=\"color:#b48ead;\">int</span><span style=\"color:#c0c5ce;\"> i = </span><span style=\"color:#d08770;\">0</span><span style=\"color:#c0c5ce;\">; i &lt;= </span><span style=\"color:#d08770;\">9</span><span style=\"color:#c0c5ce;\">; i++) ans /= fact[cnt[i]];\n</span><span style=\"color:#c0c5ce;\">\t\t</span><span style=\"color:#96b5b4;\">printf</span><span style=\"color:#c0c5ce;\">(&quot;</span><span style=\"color:#d08770;\">%d</span><span style=\"color:#96b5b4;\">\\n</span><span style=\"color:#c0c5ce;\">&quot;, ans);\n</span><span style=\"color:#c0c5ce;\">\t}\n</span><span style=\"color:#c0c5ce;\">\t</span><span style=\"color:#b48ead;\">return </span><span style=\"color:#d08770;\">0</span><span style=\"color:#c0c5ce;\">;\n</span><span style=\"color:#c0c5ce;\">}\n</span>\n</code></pre>\n"}