{"title":"[BZOJ 3944] Sum","tags":["数论","线性筛","杜教筛","莫比乌斯反演","模版"],"create_time":1493797729,"last_modified":1596725604,"toc":"<ol><li><a href=\"#题目大意\">题目大意</a></li><li><a href=\"#题目链接\">题目链接</a></li><li><a href=\"#题解\">题解</a></li><li><a href=\"#代码\">代码</a></li>","html":"<h2><a href=\"#题目大意\" aria-hidden=\"true\" class=\"anchor\" id=\"题目大意\"></a>题目大意</h2>\n<p>给定 <span class=\"katex\"><span class=\"katex-mathml\"><math xmlns=\"http://www.w3.org/1998/Math/MathML\"><semantics><mrow><mi>n</mi></mrow><annotation encoding=\"application/x-tex\">n</annotation></semantics></math></span><span class=\"katex-html\" aria-hidden=\"true\"><span class=\"base\"><span class=\"strut\" style=\"height:0.4306em;\"></span><span class=\"mord mathnormal\">n</span></span></span></span> ，求 <span class=\"katex\"><span class=\"katex-mathml\"><math xmlns=\"http://www.w3.org/1998/Math/MathML\"><semantics><mrow><msubsup><mo>∑</mo><mrow><mi>i</mi><mo>=</mo><mn>1</mn></mrow><mi>n</mi></msubsup><mi>φ</mi><mo stretchy=\"false\">(</mo><mi>i</mi><mo stretchy=\"false\">)</mo></mrow><annotation encoding=\"application/x-tex\">\\sum_{i = 1}^{n} \\varphi(i)</annotation></semantics></math></span><span class=\"katex-html\" aria-hidden=\"true\"><span class=\"base\"><span class=\"strut\" style=\"height:1.104em;vertical-align:-0.2997em;\"></span><span class=\"mop\"><span class=\"mop op-symbol small-op\" style=\"position:relative;top:0em;\">∑</span><span class=\"msupsub\"><span class=\"vlist-t vlist-t2\"><span class=\"vlist-r\"><span class=\"vlist\" style=\"height:0.8043em;\"><span style=\"top:-2.4003em;margin-left:0em;margin-right:0.05em;\"><span class=\"pstrut\" style=\"height:2.7em;\"></span><span class=\"sizing reset-size6 size3 mtight\"><span class=\"mord mtight\"><span class=\"mord mathnormal mtight\">i</span><span class=\"mrel mtight\">=</span><span class=\"mord mtight\">1</span></span></span></span><span style=\"top:-3.2029em;margin-right:0.05em;\"><span class=\"pstrut\" style=\"height:2.7em;\"></span><span class=\"sizing reset-size6 size3 mtight\"><span class=\"mord mtight\"><span class=\"mord mathnormal mtight\">n</span></span></span></span></span><span class=\"vlist-s\">​</span></span><span class=\"vlist-r\"><span class=\"vlist\" style=\"height:0.2997em;\"><span></span></span></span></span></span></span><span class=\"mspace\" style=\"margin-right:0.1667em;\"></span><span class=\"mord mathnormal\">φ</span><span class=\"mopen\">(</span><span class=\"mord mathnormal\">i</span><span class=\"mclose\">)</span></span></span></span> 和 <span class=\"katex\"><span class=\"katex-mathml\"><math xmlns=\"http://www.w3.org/1998/Math/MathML\"><semantics><mrow><msubsup><mo>∑</mo><mrow><mi>i</mi><mo>=</mo><mn>1</mn></mrow><mi>n</mi></msubsup><mi>μ</mi><mo stretchy=\"false\">(</mo><mi>i</mi><mo stretchy=\"false\">)</mo></mrow><annotation encoding=\"application/x-tex\">\\sum_{i = 1}^{n} \\mu(i)</annotation></semantics></math></span><span class=\"katex-html\" aria-hidden=\"true\"><span class=\"base\"><span class=\"strut\" style=\"height:1.104em;vertical-align:-0.2997em;\"></span><span class=\"mop\"><span class=\"mop op-symbol small-op\" style=\"position:relative;top:0em;\">∑</span><span class=\"msupsub\"><span class=\"vlist-t vlist-t2\"><span class=\"vlist-r\"><span class=\"vlist\" style=\"height:0.8043em;\"><span style=\"top:-2.4003em;margin-left:0em;margin-right:0.05em;\"><span class=\"pstrut\" style=\"height:2.7em;\"></span><span class=\"sizing reset-size6 size3 mtight\"><span class=\"mord mtight\"><span class=\"mord mathnormal mtight\">i</span><span class=\"mrel mtight\">=</span><span class=\"mord mtight\">1</span></span></span></span><span style=\"top:-3.2029em;margin-right:0.05em;\"><span class=\"pstrut\" style=\"height:2.7em;\"></span><span class=\"sizing reset-size6 size3 mtight\"><span class=\"mord mtight\"><span class=\"mord mathnormal mtight\">n</span></span></span></span></span><span class=\"vlist-s\">​</span></span><span class=\"vlist-r\"><span class=\"vlist\" style=\"height:0.2997em;\"><span></span></span></span></span></span></span><span class=\"mspace\" style=\"margin-right:0.1667em;\"></span><span class=\"mord mathnormal\">μ</span><span class=\"mopen\">(</span><span class=\"mord mathnormal\">i</span><span class=\"mclose\">)</span></span></span></span>，多组询问。</p>\n<p><span class=\"katex\"><span class=\"katex-mathml\"><math xmlns=\"http://www.w3.org/1998/Math/MathML\"><semantics><mrow><mn>1</mn><mo>⩽</mo><mi>T</mi><mo>⩽</mo><mn>10</mn></mrow><annotation encoding=\"application/x-tex\">1 \\leqslant T \\leqslant 10</annotation></semantics></math></span><span class=\"katex-html\" aria-hidden=\"true\"><span class=\"base\"><span class=\"strut\" style=\"height:0.7811em;vertical-align:-0.1367em;\"></span><span class=\"mord\">1</span><span class=\"mspace\" style=\"margin-right:0.2778em;\"></span><span class=\"mrel amsrm\">⩽</span><span class=\"mspace\" style=\"margin-right:0.2778em;\"></span></span><span class=\"base\"><span class=\"strut\" style=\"height:0.82em;vertical-align:-0.1367em;\"></span><span class=\"mord mathnormal\" style=\"margin-right:0.13889em;\">T</span><span class=\"mspace\" style=\"margin-right:0.2778em;\"></span><span class=\"mrel amsrm\">⩽</span><span class=\"mspace\" style=\"margin-right:0.2778em;\"></span></span><span class=\"base\"><span class=\"strut\" style=\"height:0.6444em;\"></span><span class=\"mord\">10</span></span></span></span></p>\n<p><span class=\"katex\"><span class=\"katex-mathml\"><math xmlns=\"http://www.w3.org/1998/Math/MathML\"><semantics><mrow><mn>0</mn><mo>⩽</mo><mi>n</mi><mo>&lt;</mo><msup><mn>2</mn><mn>31</mn></msup></mrow><annotation encoding=\"application/x-tex\">0 \\leqslant n &lt; 2^{31}</annotation></semantics></math></span><span class=\"katex-html\" aria-hidden=\"true\"><span class=\"base\"><span class=\"strut\" style=\"height:0.7811em;vertical-align:-0.1367em;\"></span><span class=\"mord\">0</span><span class=\"mspace\" style=\"margin-right:0.2778em;\"></span><span class=\"mrel amsrm\">⩽</span><span class=\"mspace\" style=\"margin-right:0.2778em;\"></span></span><span class=\"base\"><span class=\"strut\" style=\"height:0.5782em;vertical-align:-0.0391em;\"></span><span class=\"mord mathnormal\">n</span><span class=\"mspace\" style=\"margin-right:0.2778em;\"></span><span class=\"mrel\">&lt;</span><span class=\"mspace\" style=\"margin-right:0.2778em;\"></span></span><span class=\"base\"><span class=\"strut\" style=\"height:0.8141em;\"></span><span class=\"mord\"><span class=\"mord\">2</span><span class=\"msupsub\"><span class=\"vlist-t\"><span class=\"vlist-r\"><span class=\"vlist\" style=\"height:0.8141em;\"><span style=\"top:-3.063em;margin-right:0.05em;\"><span class=\"pstrut\" style=\"height:2.7em;\"></span><span class=\"sizing reset-size6 size3 mtight\"><span class=\"mord mtight\"><span class=\"mord mtight\">31</span></span></span></span></span></span></span></span></span></span></span></span> （为什么会有 <span class=\"katex\"><span class=\"katex-mathml\"><math xmlns=\"http://www.w3.org/1998/Math/MathML\"><semantics><mrow><mn>0</mn></mrow><annotation encoding=\"application/x-tex\">0</annotation></semantics></math></span><span class=\"katex-html\" aria-hidden=\"true\"><span class=\"base\"><span class=\"strut\" style=\"height:0.6444em;\"></span><span class=\"mord\">0</span></span></span></span>。。。）</p>\n<h2><a href=\"#题目链接\" aria-hidden=\"true\" class=\"anchor\" id=\"题目链接\"></a>题目链接</h2>\n<p><a href=\"http://www.lydsy.com/JudgeOnline/problem.php?id=3944\">BZOJ 3944</a></p>\n<!-- more -->\n<h2><a href=\"#题解\" aria-hidden=\"true\" class=\"anchor\" id=\"题解\"></a>题解</h2>\n<p>杜教筛模版题。</p>\n<p>狄利克雷卷积有 <span class=\"katex\"><span class=\"katex-mathml\"><math xmlns=\"http://www.w3.org/1998/Math/MathML\"><semantics><mrow><mi>φ</mi><mo>×</mo><mn>1</mn><mo>=</mo><mi>i</mi><mi>d</mi></mrow><annotation encoding=\"application/x-tex\">\\varphi \\times 1 = id</annotation></semantics></math></span><span class=\"katex-html\" aria-hidden=\"true\"><span class=\"base\"><span class=\"strut\" style=\"height:0.7778em;vertical-align:-0.1944em;\"></span><span class=\"mord mathnormal\">φ</span><span class=\"mspace\" style=\"margin-right:0.2222em;\"></span><span class=\"mbin\">×</span><span class=\"mspace\" style=\"margin-right:0.2222em;\"></span></span><span class=\"base\"><span class=\"strut\" style=\"height:0.6444em;\"></span><span class=\"mord\">1</span><span class=\"mspace\" style=\"margin-right:0.2778em;\"></span><span class=\"mrel\">=</span><span class=\"mspace\" style=\"margin-right:0.2778em;\"></span></span><span class=\"base\"><span class=\"strut\" style=\"height:0.6944em;\"></span><span class=\"mord mathnormal\">i</span><span class=\"mord mathnormal\">d</span></span></span></span> 、<span class=\"katex\"><span class=\"katex-mathml\"><math xmlns=\"http://www.w3.org/1998/Math/MathML\"><semantics><mrow><mi>m</mi><mi>u</mi><mo>×</mo><mn>1</mn><mo>=</mo><mi>e</mi></mrow><annotation encoding=\"application/x-tex\">mu \\times 1 = e</annotation></semantics></math></span><span class=\"katex-html\" aria-hidden=\"true\"><span class=\"base\"><span class=\"strut\" style=\"height:0.6667em;vertical-align:-0.0833em;\"></span><span class=\"mord mathnormal\">m</span><span class=\"mord mathnormal\">u</span><span class=\"mspace\" style=\"margin-right:0.2222em;\"></span><span class=\"mbin\">×</span><span class=\"mspace\" style=\"margin-right:0.2222em;\"></span></span><span class=\"base\"><span class=\"strut\" style=\"height:0.6444em;\"></span><span class=\"mord\">1</span><span class=\"mspace\" style=\"margin-right:0.2778em;\"></span><span class=\"mrel\">=</span><span class=\"mspace\" style=\"margin-right:0.2778em;\"></span></span><span class=\"base\"><span class=\"strut\" style=\"height:0.4306em;\"></span><span class=\"mord mathnormal\">e</span></span></span></span> ，则有：</p>\n<p class='katex-block'><span class=\"katex-display\"><span class=\"katex\"><span class=\"katex-mathml\"><math xmlns=\"http://www.w3.org/1998/Math/MathML\" display=\"block\"><semantics><mtable rowspacing=\"0.25em\" columnalign=\"right left\" columnspacing=\"0em\"><mtr><mtd class =\"mtr-glue\"></mtd><mtd><mstyle scriptlevel=\"0\" displaystyle=\"true\"><mrow><mi mathvariant=\"normal\">Φ</mi><mo stretchy=\"false\">(</mo><mi>n</mi><mo stretchy=\"false\">)</mo></mrow></mstyle></mtd><mtd><mstyle scriptlevel=\"0\" displaystyle=\"true\"><mrow><mrow></mrow><mo>=</mo><mfrac><mrow><mi>n</mi><mo stretchy=\"false\">(</mo><mi>n</mi><mo>+</mo><mn>1</mn><mo stretchy=\"false\">)</mo></mrow><mn>2</mn></mfrac><mo>−</mo><munderover><mo>∑</mo><mrow><mi>i</mi><mo>=</mo><mn>2</mn></mrow><mi>n</mi></munderover><mi mathvariant=\"normal\">Φ</mi><mo stretchy=\"false\">(</mo><mo stretchy=\"false\">⌊</mo><mfrac><mi>n</mi><mi>i</mi></mfrac><mo stretchy=\"false\">⌋</mo><mo stretchy=\"false\">)</mo></mrow></mstyle></mtd><mtd class =\"mtr-glue\"></mtd><mtd class =\"mml-eqn-num\"></mtd></mtr><mtr><mtd class =\"mtr-glue\"></mtd><mtd><mstyle scriptlevel=\"0\" displaystyle=\"true\"><mrow><mi>M</mi><mo stretchy=\"false\">(</mo><mi>n</mi><mo stretchy=\"false\">)</mo></mrow></mstyle></mtd><mtd><mstyle scriptlevel=\"0\" displaystyle=\"true\"><mrow><mrow></mrow><mo>=</mo><mn>1</mn><mo>−</mo><munderover><mo>∑</mo><mrow><mi>i</mi><mo>=</mo><mn>2</mn></mrow><mi>n</mi></munderover><mi>M</mi><mo stretchy=\"false\">(</mo><mo stretchy=\"false\">⌊</mo><mfrac><mi>n</mi><mi>i</mi></mfrac><mo stretchy=\"false\">⌋</mo><mo stretchy=\"false\">)</mo></mrow></mstyle></mtd><mtd class =\"mtr-glue\"></mtd><mtd class =\"mml-eqn-num\"></mtd></mtr></mtable><annotation encoding=\"application/x-tex\">\n\\begin{align}\n\\Phi(n) &amp;= \\frac{n (n + 1)}{2} - \\sum_{i = 2}^{n} \\Phi(\\lfloor \\frac{n}{i} \\rfloor) \\\\\nM(n) &amp;= 1 - \\sum_{i = 2}^{n} M(\\lfloor \\frac{n}{i} \\rfloor)\n\\end{align}\n</annotation></semantics></math></span><span class=\"katex-html\" aria-hidden=\"true\"><span class=\"base\"><span class=\"strut\" style=\"height:6.4581em;vertical-align:-2.9791em;\"></span><span class=\"mtable\"><span class=\"col-align-r\"><span class=\"vlist-t vlist-t2\"><span class=\"vlist-r\"><span class=\"vlist\" style=\"height:3.4791em;\"><span style=\"top:-5.4791em;\"><span class=\"pstrut\" style=\"height:3.6514em;\"></span><span class=\"mord\"><span class=\"mord\">Φ</span><span class=\"mopen\">(</span><span class=\"mord mathnormal\">n</span><span class=\"mclose\">)</span></span></span><span style=\"top:-2.25em;\"><span class=\"pstrut\" style=\"height:3.6514em;\"></span><span class=\"mord\"><span class=\"mord mathnormal\" style=\"margin-right:0.10903em;\">M</span><span class=\"mopen\">(</span><span class=\"mord mathnormal\">n</span><span class=\"mclose\">)</span></span></span></span><span class=\"vlist-s\">​</span></span><span class=\"vlist-r\"><span class=\"vlist\" style=\"height:2.9791em;\"><span></span></span></span></span></span><span class=\"col-align-l\"><span class=\"vlist-t vlist-t2\"><span class=\"vlist-r\"><span class=\"vlist\" style=\"height:3.4791em;\"><span style=\"top:-5.4791em;\"><span class=\"pstrut\" style=\"height:3.6514em;\"></span><span class=\"mord\"><span class=\"mord\"></span><span class=\"mspace\" style=\"margin-right:0.2778em;\"></span><span class=\"mrel\">=</span><span class=\"mspace\" style=\"margin-right:0.2778em;\"></span><span class=\"mord\"><span class=\"mopen nulldelimiter\"></span><span class=\"mfrac\"><span class=\"vlist-t vlist-t2\"><span class=\"vlist-r\"><span class=\"vlist\" style=\"height:1.427em;\"><span style=\"top:-2.314em;\"><span class=\"pstrut\" style=\"height:3em;\"></span><span class=\"mord\"><span class=\"mord\">2</span></span></span><span style=\"top:-3.23em;\"><span class=\"pstrut\" style=\"height:3em;\"></span><span class=\"frac-line\" style=\"border-bottom-width:0.04em;\"></span></span><span style=\"top:-3.677em;\"><span class=\"pstrut\" style=\"height:3em;\"></span><span class=\"mord\"><span class=\"mord mathnormal\">n</span><span class=\"mopen\">(</span><span class=\"mord mathnormal\">n</span><span class=\"mspace\" style=\"margin-right:0.2222em;\"></span><span class=\"mbin\">+</span><span class=\"mspace\" style=\"margin-right:0.2222em;\"></span><span class=\"mord\">1</span><span class=\"mclose\">)</span></span></span></span><span class=\"vlist-s\">​</span></span><span class=\"vlist-r\"><span class=\"vlist\" style=\"height:0.686em;\"><span></span></span></span></span></span><span class=\"mclose nulldelimiter\"></span></span><span class=\"mspace\" style=\"margin-right:0.2222em;\"></span><span class=\"mbin\">−</span><span class=\"mspace\" style=\"margin-right:0.2222em;\"></span><span class=\"mop op-limits\"><span class=\"vlist-t vlist-t2\"><span class=\"vlist-r\"><span class=\"vlist\" style=\"height:1.6514em;\"><span style=\"top:-1.8723em;margin-left:0em;\"><span class=\"pstrut\" style=\"height:3.05em;\"></span><span class=\"sizing reset-size6 size3 mtight\"><span class=\"mord mtight\"><span class=\"mord mathnormal mtight\">i</span><span class=\"mrel mtight\">=</span><span class=\"mord mtight\">2</span></span></span></span><span style=\"top:-3.05em;\"><span class=\"pstrut\" style=\"height:3.05em;\"></span><span><span class=\"mop op-symbol large-op\">∑</span></span></span><span style=\"top:-4.3em;margin-left:0em;\"><span class=\"pstrut\" style=\"height:3.05em;\"></span><span class=\"sizing reset-size6 size3 mtight\"><span class=\"mord mtight\"><span class=\"mord mathnormal mtight\">n</span></span></span></span></span><span class=\"vlist-s\">​</span></span><span class=\"vlist-r\"><span class=\"vlist\" style=\"height:1.2777em;\"><span></span></span></span></span></span><span class=\"mspace\" style=\"margin-right:0.1667em;\"></span><span class=\"mord\">Φ</span><span class=\"mopen\">(⌊</span><span class=\"mord\"><span class=\"mopen nulldelimiter\"></span><span class=\"mfrac\"><span class=\"vlist-t vlist-t2\"><span class=\"vlist-r\"><span class=\"vlist\" style=\"height:1.1076em;\"><span style=\"top:-2.314em;\"><span class=\"pstrut\" style=\"height:3em;\"></span><span class=\"mord\"><span class=\"mord mathnormal\">i</span></span></span><span style=\"top:-3.23em;\"><span class=\"pstrut\" style=\"height:3em;\"></span><span class=\"frac-line\" style=\"border-bottom-width:0.04em;\"></span></span><span style=\"top:-3.677em;\"><span class=\"pstrut\" style=\"height:3em;\"></span><span class=\"mord\"><span class=\"mord mathnormal\">n</span></span></span></span><span class=\"vlist-s\">​</span></span><span class=\"vlist-r\"><span class=\"vlist\" style=\"height:0.686em;\"><span></span></span></span></span></span><span class=\"mclose nulldelimiter\"></span></span><span class=\"mclose\">⌋)</span></span></span><span style=\"top:-2.25em;\"><span class=\"pstrut\" style=\"height:3.6514em;\"></span><span class=\"mord\"><span class=\"mord\"></span><span class=\"mspace\" style=\"margin-right:0.2778em;\"></span><span class=\"mrel\">=</span><span class=\"mspace\" style=\"margin-right:0.2778em;\"></span><span class=\"mord\">1</span><span class=\"mspace\" style=\"margin-right:0.2222em;\"></span><span class=\"mbin\">−</span><span class=\"mspace\" style=\"margin-right:0.2222em;\"></span><span class=\"mop op-limits\"><span class=\"vlist-t vlist-t2\"><span class=\"vlist-r\"><span class=\"vlist\" style=\"height:1.6514em;\"><span style=\"top:-1.8723em;margin-left:0em;\"><span class=\"pstrut\" style=\"height:3.05em;\"></span><span class=\"sizing reset-size6 size3 mtight\"><span class=\"mord mtight\"><span class=\"mord mathnormal mtight\">i</span><span class=\"mrel mtight\">=</span><span class=\"mord mtight\">2</span></span></span></span><span style=\"top:-3.05em;\"><span class=\"pstrut\" style=\"height:3.05em;\"></span><span><span class=\"mop op-symbol large-op\">∑</span></span></span><span style=\"top:-4.3em;margin-left:0em;\"><span class=\"pstrut\" style=\"height:3.05em;\"></span><span class=\"sizing reset-size6 size3 mtight\"><span class=\"mord mtight\"><span class=\"mord mathnormal mtight\">n</span></span></span></span></span><span class=\"vlist-s\">​</span></span><span class=\"vlist-r\"><span class=\"vlist\" style=\"height:1.2777em;\"><span></span></span></span></span></span><span class=\"mspace\" style=\"margin-right:0.1667em;\"></span><span class=\"mord mathnormal\" style=\"margin-right:0.10903em;\">M</span><span class=\"mopen\">(⌊</span><span class=\"mord\"><span class=\"mopen nulldelimiter\"></span><span class=\"mfrac\"><span class=\"vlist-t vlist-t2\"><span class=\"vlist-r\"><span class=\"vlist\" style=\"height:1.1076em;\"><span style=\"top:-2.314em;\"><span class=\"pstrut\" style=\"height:3em;\"></span><span class=\"mord\"><span class=\"mord mathnormal\">i</span></span></span><span style=\"top:-3.23em;\"><span class=\"pstrut\" style=\"height:3em;\"></span><span class=\"frac-line\" style=\"border-bottom-width:0.04em;\"></span></span><span style=\"top:-3.677em;\"><span class=\"pstrut\" style=\"height:3em;\"></span><span class=\"mord\"><span class=\"mord mathnormal\">n</span></span></span></span><span class=\"vlist-s\">​</span></span><span class=\"vlist-r\"><span class=\"vlist\" style=\"height:0.686em;\"><span></span></span></span></span></span><span class=\"mclose nulldelimiter\"></span></span><span class=\"mclose\">⌋)</span></span></span></span><span class=\"vlist-s\">​</span></span><span class=\"vlist-r\"><span class=\"vlist\" style=\"height:2.9791em;\"><span></span></span></span></span></span></span></span><span class=\"tag\"><span class=\"vlist-t vlist-t2\"><span class=\"vlist-r\"><span class=\"vlist\" style=\"height:3.4791em;\"><span style=\"top:-5.4791em;\"><span class=\"pstrut\" style=\"height:3.6514em;\"></span><span class=\"eqn-num\"></span></span><span style=\"top:-2.25em;\"><span class=\"pstrut\" style=\"height:3.6514em;\"></span><span class=\"eqn-num\"></span></span></span><span class=\"vlist-s\">​</span></span><span class=\"vlist-r\"><span class=\"vlist\" style=\"height:2.9791em;\"><span></span></span></span></span></span></span></span></span></p>\n这道题 RE、WA、TEL 了一共大概 <span class=\"katex\"><span class=\"katex-mathml\"><math xmlns=\"http://www.w3.org/1998/Math/MathML\"><semantics><mrow><mn>20</mn></mrow><annotation encoding=\"application/x-tex\">20</annotation></semantics></math></span><span class=\"katex-html\" aria-hidden=\"true\"><span class=\"base\"><span class=\"strut\" style=\"height:0.6444em;\"></span><span class=\"mord\">20</span></span></span></span> 次，其中四五次是和 [BZOJ 4805](http://pepcy.cf/BZOJ-4805-欧拉函数求和/) 一样的原因，一些是重写了一遍少些了一句的 TLE，一些是蜜汁 RE，一些是蜜汁运算中过了 `int` （好像）而 WA 。。。因为太惨不忍睹了，所以以上有一半是开了小号交的。。。\n<h2><a href=\"#代码\" aria-hidden=\"true\" class=\"anchor\" id=\"代码\"></a>代码</h2>\n<pre style=\"background-color:#2b303b;\"><code class=\"language-c++\">\n<span style=\"color:#b48ead;\">#include </span><span style=\"color:#c0c5ce;\">&lt;</span><span style=\"color:#a3be8c;\">cstdio</span><span style=\"color:#c0c5ce;\">&gt;\n</span><span style=\"color:#b48ead;\">#include </span><span style=\"color:#c0c5ce;\">&lt;</span><span style=\"color:#a3be8c;\">map</span><span style=\"color:#c0c5ce;\">&gt;\n</span><span style=\"color:#b48ead;\">const int</span><span style=\"color:#c0c5ce;\"> MAXNN = </span><span style=\"color:#d08770;\">1700000</span><span style=\"color:#c0c5ce;\">;\n</span><span style=\"color:#b48ead;\">long long</span><span style=\"color:#c0c5ce;\"> phi[MAXNN], mu[MAXNN];\n</span><span style=\"color:#b48ead;\">int</span><span style=\"color:#c0c5ce;\"> prime[MAXNN], primeCnt;\n</span><span style=\"color:#b48ead;\">bool</span><span style=\"color:#c0c5ce;\"> notPrime[MAXNN];\n</span><span style=\"color:#b48ead;\">void </span><span style=\"color:#8fa1b3;\">linearShaker</span><span style=\"color:#c0c5ce;\">() {\n</span><span style=\"color:#c0c5ce;\">    notPrime[</span><span style=\"color:#d08770;\">0</span><span style=\"color:#c0c5ce;\">] = notPrime[</span><span style=\"color:#d08770;\">1</span><span style=\"color:#c0c5ce;\">] = </span><span style=\"color:#d08770;\">true</span><span style=\"color:#c0c5ce;\">;\n</span><span style=\"color:#c0c5ce;\">    phi[</span><span style=\"color:#d08770;\">1</span><span style=\"color:#c0c5ce;\">] = mu[</span><span style=\"color:#d08770;\">1</span><span style=\"color:#c0c5ce;\">] = </span><span style=\"color:#d08770;\">1</span><span style=\"color:#c0c5ce;\">;\n</span><span style=\"color:#c0c5ce;\">    </span><span style=\"color:#b48ead;\">for </span><span style=\"color:#c0c5ce;\">(</span><span style=\"color:#b48ead;\">int</span><span style=\"color:#c0c5ce;\"> i = </span><span style=\"color:#d08770;\">2</span><span style=\"color:#c0c5ce;\">; i &lt; MAXNN; i++) {\n</span><span style=\"color:#c0c5ce;\">        </span><span style=\"color:#b48ead;\">if </span><span style=\"color:#c0c5ce;\">(!notPrime[i]) {\n</span><span style=\"color:#c0c5ce;\">            prime[++primeCnt] = i;\n</span><span style=\"color:#c0c5ce;\">            phi[i] = i - </span><span style=\"color:#d08770;\">1</span><span style=\"color:#c0c5ce;\">;\n</span><span style=\"color:#c0c5ce;\">            mu[i] = -</span><span style=\"color:#d08770;\">1</span><span style=\"color:#c0c5ce;\">;\n</span><span style=\"color:#c0c5ce;\">        }\n</span><span style=\"color:#c0c5ce;\">        </span><span style=\"color:#b48ead;\">for </span><span style=\"color:#c0c5ce;\">(</span><span style=\"color:#b48ead;\">int</span><span style=\"color:#c0c5ce;\"> j = </span><span style=\"color:#d08770;\">1</span><span style=\"color:#c0c5ce;\">; j &lt;= primeCnt &amp;&amp; i * prime[j] &lt; MAXNN; j++) {\n</span><span style=\"color:#c0c5ce;\">            notPrime[i * prime[j]] = </span><span style=\"color:#d08770;\">true</span><span style=\"color:#c0c5ce;\">;\n</span><span style=\"color:#c0c5ce;\">            </span><span style=\"color:#b48ead;\">if </span><span style=\"color:#c0c5ce;\">(i % prime[j] == </span><span style=\"color:#d08770;\">0</span><span style=\"color:#c0c5ce;\">) {\n</span><span style=\"color:#c0c5ce;\">                phi[i * prime[j]] = phi[i] * prime[j];\n</span><span style=\"color:#c0c5ce;\">                mu[i * prime[j]] = </span><span style=\"color:#d08770;\">0</span><span style=\"color:#c0c5ce;\">;\n</span><span style=\"color:#c0c5ce;\">                </span><span style=\"color:#b48ead;\">break</span><span style=\"color:#c0c5ce;\">;\n</span><span style=\"color:#c0c5ce;\">            } </span><span style=\"color:#b48ead;\">else </span><span style=\"color:#c0c5ce;\">{\n</span><span style=\"color:#c0c5ce;\">                phi[i * prime[j]] = phi[i] * (prime[j] - </span><span style=\"color:#d08770;\">1</span><span style=\"color:#c0c5ce;\">);\n</span><span style=\"color:#c0c5ce;\">                mu[i * prime[j]] = -mu[i];\n</span><span style=\"color:#c0c5ce;\">            }\n</span><span style=\"color:#c0c5ce;\">        }\n</span><span style=\"color:#c0c5ce;\">    }\n</span><span style=\"color:#c0c5ce;\">    </span><span style=\"color:#b48ead;\">for </span><span style=\"color:#c0c5ce;\">(</span><span style=\"color:#b48ead;\">int</span><span style=\"color:#c0c5ce;\"> i = </span><span style=\"color:#d08770;\">2</span><span style=\"color:#c0c5ce;\">; i &lt; MAXNN; i++) phi[i] += phi[i - </span><span style=\"color:#d08770;\">1</span><span style=\"color:#c0c5ce;\">], mu[i] += mu[i - </span><span style=\"color:#d08770;\">1</span><span style=\"color:#c0c5ce;\">];\n</span><span style=\"color:#c0c5ce;\">}\n</span><span style=\"color:#b48ead;\">long long </span><span style=\"color:#8fa1b3;\">pSumPhi</span><span style=\"color:#c0c5ce;\">(</span><span style=\"color:#b48ead;\">long long </span><span style=\"color:#bf616a;\">n</span><span style=\"color:#c0c5ce;\">) {\n</span><span style=\"color:#c0c5ce;\">    </span><span style=\"color:#b48ead;\">if </span><span style=\"color:#c0c5ce;\">(n &lt; MAXNN) </span><span style=\"color:#b48ead;\">return </span><span style=\"color:#c0c5ce;\">::phi[n];\n</span><span style=\"color:#c0c5ce;\">    </span><span style=\"color:#b48ead;\">static</span><span style=\"color:#c0c5ce;\"> std::map&lt;</span><span style=\"color:#b48ead;\">int</span><span style=\"color:#c0c5ce;\">, </span><span style=\"color:#b48ead;\">long long</span><span style=\"color:#c0c5ce;\">&gt; phi;\n</span><span style=\"color:#c0c5ce;\">    std::map&lt;</span><span style=\"color:#b48ead;\">int</span><span style=\"color:#c0c5ce;\">, </span><span style=\"color:#b48ead;\">long long</span><span style=\"color:#c0c5ce;\">&gt;::iterator it;\n</span><span style=\"color:#c0c5ce;\">    </span><span style=\"color:#b48ead;\">if </span><span style=\"color:#c0c5ce;\">((it = phi.</span><span style=\"color:#8fa1b3;\">find</span><span style=\"color:#c0c5ce;\">(n)) != phi.</span><span style=\"color:#8fa1b3;\">end</span><span style=\"color:#c0c5ce;\">()) </span><span style=\"color:#b48ead;\">return</span><span style=\"color:#c0c5ce;\"> it-&gt;</span><span style=\"color:#bf616a;\">second</span><span style=\"color:#c0c5ce;\">;\n</span><span style=\"color:#c0c5ce;\">    </span><span style=\"color:#b48ead;\">long long</span><span style=\"color:#c0c5ce;\"> res = (</span><span style=\"color:#b48ead;\">long long</span><span style=\"color:#c0c5ce;\">) n * (n + </span><span style=\"color:#d08770;\">1</span><span style=\"color:#c0c5ce;\">) / </span><span style=\"color:#d08770;\">2</span><span style=\"color:#c0c5ce;\">, last;\n</span><span style=\"color:#c0c5ce;\">    </span><span style=\"color:#b48ead;\">for </span><span style=\"color:#c0c5ce;\">(</span><span style=\"color:#b48ead;\">long long</span><span style=\"color:#c0c5ce;\"> i = </span><span style=\"color:#d08770;\">2</span><span style=\"color:#c0c5ce;\">; i &lt;= n; i = last + </span><span style=\"color:#d08770;\">1</span><span style=\"color:#c0c5ce;\">) {\n</span><span style=\"color:#c0c5ce;\">        last = n / (n / i);\n</span><span style=\"color:#c0c5ce;\">        res -= (last - i + </span><span style=\"color:#d08770;\">1</span><span style=\"color:#c0c5ce;\">) * </span><span style=\"color:#8fa1b3;\">pSumPhi</span><span style=\"color:#c0c5ce;\">(n / i);\n</span><span style=\"color:#c0c5ce;\">    }\n</span><span style=\"color:#c0c5ce;\">    </span><span style=\"color:#b48ead;\">return</span><span style=\"color:#c0c5ce;\"> phi[n] = res;\n</span><span style=\"color:#c0c5ce;\">}\n</span><span style=\"color:#b48ead;\">long long </span><span style=\"color:#8fa1b3;\">pSumMu</span><span style=\"color:#c0c5ce;\">(</span><span style=\"color:#b48ead;\">long long </span><span style=\"color:#bf616a;\">n</span><span style=\"color:#c0c5ce;\">) {\n</span><span style=\"color:#c0c5ce;\">    </span><span style=\"color:#b48ead;\">if </span><span style=\"color:#c0c5ce;\">(n &lt; MAXNN) </span><span style=\"color:#b48ead;\">return </span><span style=\"color:#c0c5ce;\">::mu[n];\n</span><span style=\"color:#c0c5ce;\">    </span><span style=\"color:#b48ead;\">static</span><span style=\"color:#c0c5ce;\"> std::map&lt;</span><span style=\"color:#b48ead;\">int</span><span style=\"color:#c0c5ce;\">, </span><span style=\"color:#b48ead;\">long long</span><span style=\"color:#c0c5ce;\">&gt; mu;\n</span><span style=\"color:#c0c5ce;\">    std::map&lt;</span><span style=\"color:#b48ead;\">int</span><span style=\"color:#c0c5ce;\">, </span><span style=\"color:#b48ead;\">long long</span><span style=\"color:#c0c5ce;\">&gt;::iterator it;\n</span><span style=\"color:#c0c5ce;\">    </span><span style=\"color:#b48ead;\">if </span><span style=\"color:#c0c5ce;\">((it = mu.</span><span style=\"color:#8fa1b3;\">find</span><span style=\"color:#c0c5ce;\">(n)) != mu.</span><span style=\"color:#8fa1b3;\">end</span><span style=\"color:#c0c5ce;\">()) </span><span style=\"color:#b48ead;\">return</span><span style=\"color:#c0c5ce;\"> it-&gt;</span><span style=\"color:#bf616a;\">second</span><span style=\"color:#c0c5ce;\">;\n</span><span style=\"color:#c0c5ce;\">    </span><span style=\"color:#b48ead;\">long long</span><span style=\"color:#c0c5ce;\"> res = </span><span style=\"color:#d08770;\">1</span><span style=\"color:#c0c5ce;\">, last;\n</span><span style=\"color:#c0c5ce;\">    </span><span style=\"color:#b48ead;\">for </span><span style=\"color:#c0c5ce;\">(</span><span style=\"color:#b48ead;\">long long</span><span style=\"color:#c0c5ce;\"> i = </span><span style=\"color:#d08770;\">2</span><span style=\"color:#c0c5ce;\">; i &lt;= n; i = last + </span><span style=\"color:#d08770;\">1</span><span style=\"color:#c0c5ce;\">) {\n</span><span style=\"color:#c0c5ce;\">        last = n / (n / i);\n</span><span style=\"color:#c0c5ce;\">        res -= (last - i + </span><span style=\"color:#d08770;\">1</span><span style=\"color:#c0c5ce;\">) * </span><span style=\"color:#8fa1b3;\">pSumMu</span><span style=\"color:#c0c5ce;\">(n / i);\n</span><span style=\"color:#c0c5ce;\">    }\n</span><span style=\"color:#c0c5ce;\">    </span><span style=\"color:#b48ead;\">return</span><span style=\"color:#c0c5ce;\"> mu[n] = res;\n</span><span style=\"color:#c0c5ce;\">}\n</span><span style=\"color:#b48ead;\">int </span><span style=\"color:#8fa1b3;\">main</span><span style=\"color:#c0c5ce;\">() {\n</span><span style=\"color:#c0c5ce;\">    </span><span style=\"color:#8fa1b3;\">linearShaker</span><span style=\"color:#c0c5ce;\">();\n</span><span style=\"color:#c0c5ce;\">    </span><span style=\"color:#b48ead;\">int</span><span style=\"color:#c0c5ce;\"> T;\n</span><span style=\"color:#c0c5ce;\">    </span><span style=\"color:#96b5b4;\">scanf</span><span style=\"color:#c0c5ce;\">(&quot;</span><span style=\"color:#d08770;\">%d</span><span style=\"color:#c0c5ce;\">&quot;, &amp;T);\n</span><span style=\"color:#c0c5ce;\">    </span><span style=\"color:#b48ead;\">while </span><span style=\"color:#c0c5ce;\">(T--) {\n</span><span style=\"color:#c0c5ce;\">        </span><span style=\"color:#b48ead;\">long long</span><span style=\"color:#c0c5ce;\"> n;\n</span><span style=\"color:#c0c5ce;\">        </span><span style=\"color:#96b5b4;\">scanf</span><span style=\"color:#c0c5ce;\">(&quot;</span><span style=\"color:#d08770;\">%lld</span><span style=\"color:#c0c5ce;\">&quot;, &amp;n);\n</span><span style=\"color:#c0c5ce;\">        </span><span style=\"color:#96b5b4;\">printf</span><span style=\"color:#c0c5ce;\">(&quot;</span><span style=\"color:#d08770;\">%lld %lld</span><span style=\"color:#96b5b4;\">\\n</span><span style=\"color:#c0c5ce;\">&quot;, </span><span style=\"color:#8fa1b3;\">pSumPhi</span><span style=\"color:#c0c5ce;\">(n), </span><span style=\"color:#8fa1b3;\">pSumMu</span><span style=\"color:#c0c5ce;\">(n));\n</span><span style=\"color:#c0c5ce;\">    }\n</span><span style=\"color:#c0c5ce;\">    </span><span style=\"color:#b48ead;\">return </span><span style=\"color:#d08770;\">0</span><span style=\"color:#c0c5ce;\">;\n</span><span style=\"color:#c0c5ce;\">}\n</span>\n</code></pre>\n"}