{"title":"[JSOI 2008] 魔兽地图","tags":["树形DP","DP"],"create_time":1491774260,"last_modified":1596710253,"toc":"<ol><li><a href=\"#题目大意\">题目大意</a></li><li><a href=\"#题目链接\">题目链接</a></li><li><a href=\"#题解\">题解</a></li><li><a href=\"#代码\">代码</a></li>","html":"<h2><a href=\"#题目大意\" aria-hidden=\"true\" class=\"anchor\" id=\"题目大意\"></a>题目大意</h2>\n<p>给定 <span class=\"katex\"><span class=\"katex-mathml\"><math xmlns=\"http://www.w3.org/1998/Math/MathML\"><semantics><mrow><mi>n</mi></mrow><annotation encoding=\"application/x-tex\">n</annotation></semantics></math></span><span class=\"katex-html\" aria-hidden=\"true\"><span class=\"base\"><span class=\"strut\" style=\"height:0.4306em;\"></span><span class=\"mord mathnormal\">n</span></span></span></span> 个装备和数量为 <span class=\"katex\"><span class=\"katex-mathml\"><math xmlns=\"http://www.w3.org/1998/Math/MathML\"><semantics><mrow><mi>m</mi></mrow><annotation encoding=\"application/x-tex\">m</annotation></semantics></math></span><span class=\"katex-html\" aria-hidden=\"true\"><span class=\"base\"><span class=\"strut\" style=\"height:0.4306em;\"></span><span class=\"mord mathnormal\">m</span></span></span></span> 的金钱，求可获得的最大力量。其中，每个装备有一个力量值，同时装备分为基本装备和高级装备，基本装备给定了价格和数量限制，高级装备需要一些其他装备来合成（需要哪些、需要几个已给定）。</p>\n<p><span class=\"katex\"><span class=\"katex-mathml\"><math xmlns=\"http://www.w3.org/1998/Math/MathML\"><semantics><mrow><mn>1</mn><mo>⩽</mo><mi>n</mi><mo>⩽</mo><mn>51</mn></mrow><annotation encoding=\"application/x-tex\">1 \\leqslant n \\leqslant 51</annotation></semantics></math></span><span class=\"katex-html\" aria-hidden=\"true\"><span class=\"base\"><span class=\"strut\" style=\"height:0.7811em;vertical-align:-0.1367em;\"></span><span class=\"mord\">1</span><span class=\"mspace\" style=\"margin-right:0.2778em;\"></span><span class=\"mrel amsrm\">⩽</span><span class=\"mspace\" style=\"margin-right:0.2778em;\"></span></span><span class=\"base\"><span class=\"strut\" style=\"height:0.7733em;vertical-align:-0.1367em;\"></span><span class=\"mord mathnormal\">n</span><span class=\"mspace\" style=\"margin-right:0.2778em;\"></span><span class=\"mrel amsrm\">⩽</span><span class=\"mspace\" style=\"margin-right:0.2778em;\"></span></span><span class=\"base\"><span class=\"strut\" style=\"height:0.6444em;\"></span><span class=\"mord\">51</span></span></span></span></p>\n<p><span class=\"katex\"><span class=\"katex-mathml\"><math xmlns=\"http://www.w3.org/1998/Math/MathML\"><semantics><mrow><mn>1</mn><mo>⩽</mo><mi>m</mi><mo>⩽</mo><mn>2</mn><mo separator=\"true\">,</mo><mn>000</mn></mrow><annotation encoding=\"application/x-tex\">1 \\leqslant m \\leqslant 2,000</annotation></semantics></math></span><span class=\"katex-html\" aria-hidden=\"true\"><span class=\"base\"><span class=\"strut\" style=\"height:0.7811em;vertical-align:-0.1367em;\"></span><span class=\"mord\">1</span><span class=\"mspace\" style=\"margin-right:0.2778em;\"></span><span class=\"mrel amsrm\">⩽</span><span class=\"mspace\" style=\"margin-right:0.2778em;\"></span></span><span class=\"base\"><span class=\"strut\" style=\"height:0.7733em;vertical-align:-0.1367em;\"></span><span class=\"mord mathnormal\">m</span><span class=\"mspace\" style=\"margin-right:0.2778em;\"></span><span class=\"mrel amsrm\">⩽</span><span class=\"mspace\" style=\"margin-right:0.2778em;\"></span></span><span class=\"base\"><span class=\"strut\" style=\"height:0.8389em;vertical-align:-0.1944em;\"></span><span class=\"mord\">2</span><span class=\"mpunct\">,</span><span class=\"mspace\" style=\"margin-right:0.1667em;\"></span><span class=\"mord\">000</span></span></span></span></p>\n<p><span class=\"katex\"><span class=\"katex-mathml\"><math xmlns=\"http://www.w3.org/1998/Math/MathML\"><semantics><mrow><mn>1</mn><mo>⩽</mo><mi>l</mi><mi>i</mi><mi>m</mi><mi>i</mi><mi>t</mi><mo>⩽</mo><mn>100</mn></mrow><annotation encoding=\"application/x-tex\">1 \\leqslant limit \\leqslant 100</annotation></semantics></math></span><span class=\"katex-html\" aria-hidden=\"true\"><span class=\"base\"><span class=\"strut\" style=\"height:0.7811em;vertical-align:-0.1367em;\"></span><span class=\"mord\">1</span><span class=\"mspace\" style=\"margin-right:0.2778em;\"></span><span class=\"mrel amsrm\">⩽</span><span class=\"mspace\" style=\"margin-right:0.2778em;\"></span></span><span class=\"base\"><span class=\"strut\" style=\"height:0.8311em;vertical-align:-0.1367em;\"></span><span class=\"mord mathnormal\" style=\"margin-right:0.01968em;\">l</span><span class=\"mord mathnormal\">imi</span><span class=\"mord mathnormal\">t</span><span class=\"mspace\" style=\"margin-right:0.2778em;\"></span><span class=\"mrel amsrm\">⩽</span><span class=\"mspace\" style=\"margin-right:0.2778em;\"></span></span><span class=\"base\"><span class=\"strut\" style=\"height:0.6444em;\"></span><span class=\"mord\">100</span></span></span></span>（数量限制）</p>\n<h2><a href=\"#题目链接\" aria-hidden=\"true\" class=\"anchor\" id=\"题目链接\"></a>题目链接</h2>\n<p><a href=\"https://www.luogu.com.cn/problem/P4037\">【JSOI 2008】魔兽地图 - Luogu 4037</a></p>\n<!-- more -->\n<h2><a href=\"#题解\" aria-hidden=\"true\" class=\"anchor\" id=\"题解\"></a>题解</h2>\n<p>树形 DP。</p>\n<p>对于每一个节点 <span class=\"katex\"><span class=\"katex-mathml\"><math xmlns=\"http://www.w3.org/1998/Math/MathML\"><semantics><mrow><mi>x</mi></mrow><annotation encoding=\"application/x-tex\">x</annotation></semantics></math></span><span class=\"katex-html\" aria-hidden=\"true\"><span class=\"base\"><span class=\"strut\" style=\"height:0.4306em;\"></span><span class=\"mord mathnormal\">x</span></span></span></span>，有一个 <span class=\"katex\"><span class=\"katex-mathml\"><math xmlns=\"http://www.w3.org/1998/Math/MathML\"><semantics><mrow><mi>f</mi><mo stretchy=\"false\">[</mo><mi>i</mi><mo separator=\"true\">,</mo><mtext>  </mtext><mi>j</mi><mo stretchy=\"false\">]</mo></mrow><annotation encoding=\"application/x-tex\">f[i, ; j]</annotation></semantics></math></span><span class=\"katex-html\" aria-hidden=\"true\"><span class=\"base\"><span class=\"strut\" style=\"height:1em;vertical-align:-0.25em;\"></span><span class=\"mord mathnormal\" style=\"margin-right:0.10764em;\">f</span><span class=\"mopen\">[</span><span class=\"mord mathnormal\">i</span><span class=\"mpunct\">,</span><span class=\"mspace\" style=\"margin-right:0.2778em;\"></span><span class=\"mspace\" style=\"margin-right:0.1667em;\"></span><span class=\"mord mathnormal\" style=\"margin-right:0.05724em;\">j</span><span class=\"mclose\">]</span></span></span></span>，表示花费 <span class=\"katex\"><span class=\"katex-mathml\"><math xmlns=\"http://www.w3.org/1998/Math/MathML\"><semantics><mrow><mi>j</mi></mrow><annotation encoding=\"application/x-tex\">j</annotation></semantics></math></span><span class=\"katex-html\" aria-hidden=\"true\"><span class=\"base\"><span class=\"strut\" style=\"height:0.854em;vertical-align:-0.1944em;\"></span><span class=\"mord mathnormal\" style=\"margin-right:0.05724em;\">j</span></span></span></span> 的金钱、有 <span class=\"katex\"><span class=\"katex-mathml\"><math xmlns=\"http://www.w3.org/1998/Math/MathML\"><semantics><mrow><mi>i</mi></mrow><annotation encoding=\"application/x-tex\">i</annotation></semantics></math></span><span class=\"katex-html\" aria-hidden=\"true\"><span class=\"base\"><span class=\"strut\" style=\"height:0.6595em;\"></span><span class=\"mord mathnormal\">i</span></span></span></span> 个 <span class=\"katex\"><span class=\"katex-mathml\"><math xmlns=\"http://www.w3.org/1998/Math/MathML\"><semantics><mrow><mi>x</mi></mrow><annotation encoding=\"application/x-tex\">x</annotation></semantics></math></span><span class=\"katex-html\" aria-hidden=\"true\"><span class=\"base\"><span class=\"strut\" style=\"height:0.4306em;\"></span><span class=\"mord mathnormal\">x</span></span></span></span> 被用于合成高一级的装备时的最大力量。在转移时，定义一个辅助数组 <span class=\"katex\"><span class=\"katex-mathml\"><math xmlns=\"http://www.w3.org/1998/Math/MathML\"><semantics><mrow><mi>g</mi><mo stretchy=\"false\">[</mo><mi>i</mi><mo separator=\"true\">,</mo><mtext>  </mtext><mi>j</mi><mo stretchy=\"false\">]</mo></mrow><annotation encoding=\"application/x-tex\">g[i, ; j]</annotation></semantics></math></span><span class=\"katex-html\" aria-hidden=\"true\"><span class=\"base\"><span class=\"strut\" style=\"height:1em;vertical-align:-0.25em;\"></span><span class=\"mord mathnormal\" style=\"margin-right:0.03588em;\">g</span><span class=\"mopen\">[</span><span class=\"mord mathnormal\">i</span><span class=\"mpunct\">,</span><span class=\"mspace\" style=\"margin-right:0.2778em;\"></span><span class=\"mspace\" style=\"margin-right:0.1667em;\"></span><span class=\"mord mathnormal\" style=\"margin-right:0.05724em;\">j</span><span class=\"mclose\">]</span></span></span></span>，表示当前节点的子节点中，已经考虑了 <span class=\"katex\"><span class=\"katex-mathml\"><math xmlns=\"http://www.w3.org/1998/Math/MathML\"><semantics><mrow><mi>i</mi></mrow><annotation encoding=\"application/x-tex\">i</annotation></semantics></math></span><span class=\"katex-html\" aria-hidden=\"true\"><span class=\"base\"><span class=\"strut\" style=\"height:0.6595em;\"></span><span class=\"mord mathnormal\">i</span></span></span></span> 个、花费为 <span class=\"katex\"><span class=\"katex-mathml\"><math xmlns=\"http://www.w3.org/1998/Math/MathML\"><semantics><mrow><mi>j</mi></mrow><annotation encoding=\"application/x-tex\">j</annotation></semantics></math></span><span class=\"katex-html\" aria-hidden=\"true\"><span class=\"base\"><span class=\"strut\" style=\"height:0.854em;vertical-align:-0.1944em;\"></span><span class=\"mord mathnormal\" style=\"margin-right:0.05724em;\">j</span></span></span></span> 的最大力量。记 <span class=\"katex\"><span class=\"katex-mathml\"><math xmlns=\"http://www.w3.org/1998/Math/MathML\"><semantics><mrow><mi>t</mi><mi>o</mi><mi>t</mi></mrow><annotation encoding=\"application/x-tex\">tot</annotation></semantics></math></span><span class=\"katex-html\" aria-hidden=\"true\"><span class=\"base\"><span class=\"strut\" style=\"height:0.6151em;\"></span><span class=\"mord mathnormal\">t</span><span class=\"mord mathnormal\">o</span><span class=\"mord mathnormal\">t</span></span></span></span> 为一个节点字节点数，则转移为（当前节点为 <span class=\"katex\"><span class=\"katex-mathml\"><math xmlns=\"http://www.w3.org/1998/Math/MathML\"><semantics><mrow><mi>x</mi></mrow><annotation encoding=\"application/x-tex\">x</annotation></semantics></math></span><span class=\"katex-html\" aria-hidden=\"true\"><span class=\"base\"><span class=\"strut\" style=\"height:0.4306em;\"></span><span class=\"mord mathnormal\">x</span></span></span></span>）：</p>\n<p>枚举 <span class=\"katex\"><span class=\"katex-mathml\"><math xmlns=\"http://www.w3.org/1998/Math/MathML\"><semantics><mrow><mi>x</mi></mrow><annotation encoding=\"application/x-tex\">x</annotation></semantics></math></span><span class=\"katex-html\" aria-hidden=\"true\"><span class=\"base\"><span class=\"strut\" style=\"height:0.4306em;\"></span><span class=\"mord mathnormal\">x</span></span></span></span> 的合成量 <span class=\"katex\"><span class=\"katex-mathml\"><math xmlns=\"http://www.w3.org/1998/Math/MathML\"><semantics><mrow><mi>l</mi></mrow><annotation encoding=\"application/x-tex\">l</annotation></semantics></math></span><span class=\"katex-html\" aria-hidden=\"true\"><span class=\"base\"><span class=\"strut\" style=\"height:0.6944em;\"></span><span class=\"mord mathnormal\" style=\"margin-right:0.01968em;\">l</span></span></span></span>：</p>\n<p class='katex-block'><span class=\"katex-display\"><span class=\"katex\"><span class=\"katex-mathml\"><math xmlns=\"http://www.w3.org/1998/Math/MathML\" display=\"block\"><semantics><mrow><mi>g</mi><mo stretchy=\"false\">[</mo><mi>i</mi><mo separator=\"true\">,</mo><mtext>  </mtext><mi>j</mi><mo stretchy=\"false\">]</mo><mo>=</mo><mi>m</mi><mi>a</mi><mi>x</mi><mo stretchy=\"false\">(</mo><mi>g</mi><mo stretchy=\"false\">[</mo><mi>i</mi><mo>−</mo><mn>1</mn><mo separator=\"true\">,</mo><mtext>  </mtext><mi>j</mi><mo>−</mo><mi>k</mi><mo stretchy=\"false\">]</mo><mo>+</mo><mi>v</mi><mi mathvariant=\"normal\">.</mi><mi>f</mi><mo stretchy=\"false\">[</mo><mi>l</mi><mo>×</mo><mi>n</mi><mi>u</mi><mi>m</mi><mo stretchy=\"false\">(</mo><mi>v</mi><mo>−</mo><mo>&gt;</mo><mi>x</mi><mo stretchy=\"false\">)</mo><mo separator=\"true\">,</mo><mtext>  </mtext><mi>k</mi><mo stretchy=\"false\">]</mo><mo stretchy=\"false\">)</mo><mo separator=\"true\">,</mo><mtext>  </mtext><mi>v</mi><mtext>  </mtext><mi>i</mi><mi>s</mi><mtext>  </mtext><mi>s</mi><mi>o</mi><mi>n</mi><mtext>  </mtext><mi>o</mi><mi>f</mi><mtext>  </mtext><mi>x</mi></mrow><annotation encoding=\"application/x-tex\">g[i, \\; j] = max(g[i - 1, \\; j - k] + v.f[l \\times num(v-&gt;x), \\; k]), \\; v \\; is \\; son \\; of \\; x</annotation></semantics></math></span><span class=\"katex-html\" aria-hidden=\"true\"><span class=\"base\"><span class=\"strut\" style=\"height:1em;vertical-align:-0.25em;\"></span><span class=\"mord mathnormal\" style=\"margin-right:0.03588em;\">g</span><span class=\"mopen\">[</span><span class=\"mord mathnormal\">i</span><span class=\"mpunct\">,</span><span class=\"mspace\" style=\"margin-right:0.2778em;\"></span><span class=\"mspace\" style=\"margin-right:0.1667em;\"></span><span class=\"mord mathnormal\" style=\"margin-right:0.05724em;\">j</span><span class=\"mclose\">]</span><span class=\"mspace\" style=\"margin-right:0.2778em;\"></span><span class=\"mrel\">=</span><span class=\"mspace\" style=\"margin-right:0.2778em;\"></span></span><span class=\"base\"><span class=\"strut\" style=\"height:1em;vertical-align:-0.25em;\"></span><span class=\"mord mathnormal\">ma</span><span class=\"mord mathnormal\">x</span><span class=\"mopen\">(</span><span class=\"mord mathnormal\" style=\"margin-right:0.03588em;\">g</span><span class=\"mopen\">[</span><span class=\"mord mathnormal\">i</span><span class=\"mspace\" style=\"margin-right:0.2222em;\"></span><span class=\"mbin\">−</span><span class=\"mspace\" style=\"margin-right:0.2222em;\"></span></span><span class=\"base\"><span class=\"strut\" style=\"height:0.854em;vertical-align:-0.1944em;\"></span><span class=\"mord\">1</span><span class=\"mpunct\">,</span><span class=\"mspace\" style=\"margin-right:0.2778em;\"></span><span class=\"mspace\" style=\"margin-right:0.1667em;\"></span><span class=\"mord mathnormal\" style=\"margin-right:0.05724em;\">j</span><span class=\"mspace\" style=\"margin-right:0.2222em;\"></span><span class=\"mbin\">−</span><span class=\"mspace\" style=\"margin-right:0.2222em;\"></span></span><span class=\"base\"><span class=\"strut\" style=\"height:1em;vertical-align:-0.25em;\"></span><span class=\"mord mathnormal\" style=\"margin-right:0.03148em;\">k</span><span class=\"mclose\">]</span><span class=\"mspace\" style=\"margin-right:0.2222em;\"></span><span class=\"mbin\">+</span><span class=\"mspace\" style=\"margin-right:0.2222em;\"></span></span><span class=\"base\"><span class=\"strut\" style=\"height:1em;vertical-align:-0.25em;\"></span><span class=\"mord mathnormal\" style=\"margin-right:0.03588em;\">v</span><span class=\"mord\">.</span><span class=\"mord mathnormal\" style=\"margin-right:0.10764em;\">f</span><span class=\"mopen\">[</span><span class=\"mord mathnormal\" style=\"margin-right:0.01968em;\">l</span><span class=\"mspace\" style=\"margin-right:0.2222em;\"></span><span class=\"mbin\">×</span><span class=\"mspace\" style=\"margin-right:0.2222em;\"></span></span><span class=\"base\"><span class=\"strut\" style=\"height:1em;vertical-align:-0.25em;\"></span><span class=\"mord mathnormal\">n</span><span class=\"mord mathnormal\">u</span><span class=\"mord mathnormal\">m</span><span class=\"mopen\">(</span><span class=\"mord mathnormal\" style=\"margin-right:0.03588em;\">v</span><span class=\"mord\">−</span><span class=\"mspace\" style=\"margin-right:0.2778em;\"></span><span class=\"mrel\">&gt;</span><span class=\"mspace\" style=\"margin-right:0.2778em;\"></span></span><span class=\"base\"><span class=\"strut\" style=\"height:1em;vertical-align:-0.25em;\"></span><span class=\"mord mathnormal\">x</span><span class=\"mclose\">)</span><span class=\"mpunct\">,</span><span class=\"mspace\" style=\"margin-right:0.2778em;\"></span><span class=\"mspace\" style=\"margin-right:0.1667em;\"></span><span class=\"mord mathnormal\" style=\"margin-right:0.03148em;\">k</span><span class=\"mclose\">])</span><span class=\"mpunct\">,</span><span class=\"mspace\" style=\"margin-right:0.2778em;\"></span><span class=\"mspace\" style=\"margin-right:0.1667em;\"></span><span class=\"mord mathnormal\" style=\"margin-right:0.03588em;\">v</span><span class=\"mspace\" style=\"margin-right:0.2778em;\"></span><span class=\"mord mathnormal\">i</span><span class=\"mord mathnormal\">s</span><span class=\"mspace\" style=\"margin-right:0.2778em;\"></span><span class=\"mord mathnormal\">so</span><span class=\"mord mathnormal\">n</span><span class=\"mspace\" style=\"margin-right:0.2778em;\"></span><span class=\"mord mathnormal\">o</span><span class=\"mord mathnormal\" style=\"margin-right:0.10764em;\">f</span><span class=\"mspace\" style=\"margin-right:0.2778em;\"></span><span class=\"mord mathnormal\">x</span></span></span></span></span></p>\n<p>再枚举其中的 <span class=\"katex\"><span class=\"katex-mathml\"><math xmlns=\"http://www.w3.org/1998/Math/MathML\"><semantics><mrow><mi>i</mi></mrow><annotation encoding=\"application/x-tex\">i</annotation></semantics></math></span><span class=\"katex-html\" aria-hidden=\"true\"><span class=\"base\"><span class=\"strut\" style=\"height:0.6595em;\"></span><span class=\"mord mathnormal\">i</span></span></span></span> 个用于合成高一级装备：</p>\n<p class='katex-block'><span class=\"katex-display\"><span class=\"katex\"><span class=\"katex-mathml\"><math xmlns=\"http://www.w3.org/1998/Math/MathML\" display=\"block\"><semantics><mrow><mi>x</mi><mi mathvariant=\"normal\">.</mi><mi>f</mi><mo stretchy=\"false\">[</mo><mi>i</mi><mo separator=\"true\">,</mo><mtext>  </mtext><mi>j</mi><mo stretchy=\"false\">]</mo><mo>=</mo><mi>m</mi><mi>a</mi><mi>x</mi><mo stretchy=\"false\">(</mo><mi>g</mi><mo stretchy=\"false\">[</mo><mi>t</mi><mi>o</mi><mi>t</mi><mo separator=\"true\">,</mo><mtext>  </mtext><mi>j</mi><mo stretchy=\"false\">]</mo><mo>+</mo><mi>x</mi><mi mathvariant=\"normal\">.</mi><mi>p</mi><mi>r</mi><mi>i</mi><mi>c</mi><mi>e</mi><mo>×</mo><mo stretchy=\"false\">(</mo><mi>l</mi><mo>−</mo><mi>i</mi><mo stretchy=\"false\">)</mo><mo stretchy=\"false\">)</mo></mrow><annotation encoding=\"application/x-tex\">x.f[i, \\; j] = max(g[tot, \\; j] + x.price \\times (l - i))</annotation></semantics></math></span><span class=\"katex-html\" aria-hidden=\"true\"><span class=\"base\"><span class=\"strut\" style=\"height:1em;vertical-align:-0.25em;\"></span><span class=\"mord mathnormal\">x</span><span class=\"mord\">.</span><span class=\"mord mathnormal\" style=\"margin-right:0.10764em;\">f</span><span class=\"mopen\">[</span><span class=\"mord mathnormal\">i</span><span class=\"mpunct\">,</span><span class=\"mspace\" style=\"margin-right:0.2778em;\"></span><span class=\"mspace\" style=\"margin-right:0.1667em;\"></span><span class=\"mord mathnormal\" style=\"margin-right:0.05724em;\">j</span><span class=\"mclose\">]</span><span class=\"mspace\" style=\"margin-right:0.2778em;\"></span><span class=\"mrel\">=</span><span class=\"mspace\" style=\"margin-right:0.2778em;\"></span></span><span class=\"base\"><span class=\"strut\" style=\"height:1em;vertical-align:-0.25em;\"></span><span class=\"mord mathnormal\">ma</span><span class=\"mord mathnormal\">x</span><span class=\"mopen\">(</span><span class=\"mord mathnormal\" style=\"margin-right:0.03588em;\">g</span><span class=\"mopen\">[</span><span class=\"mord mathnormal\">t</span><span class=\"mord mathnormal\">o</span><span class=\"mord mathnormal\">t</span><span class=\"mpunct\">,</span><span class=\"mspace\" style=\"margin-right:0.2778em;\"></span><span class=\"mspace\" style=\"margin-right:0.1667em;\"></span><span class=\"mord mathnormal\" style=\"margin-right:0.05724em;\">j</span><span class=\"mclose\">]</span><span class=\"mspace\" style=\"margin-right:0.2222em;\"></span><span class=\"mbin\">+</span><span class=\"mspace\" style=\"margin-right:0.2222em;\"></span></span><span class=\"base\"><span class=\"strut\" style=\"height:0.854em;vertical-align:-0.1944em;\"></span><span class=\"mord mathnormal\">x</span><span class=\"mord\">.</span><span class=\"mord mathnormal\">p</span><span class=\"mord mathnormal\" style=\"margin-right:0.02778em;\">r</span><span class=\"mord mathnormal\">i</span><span class=\"mord mathnormal\">ce</span><span class=\"mspace\" style=\"margin-right:0.2222em;\"></span><span class=\"mbin\">×</span><span class=\"mspace\" style=\"margin-right:0.2222em;\"></span></span><span class=\"base\"><span class=\"strut\" style=\"height:1em;vertical-align:-0.25em;\"></span><span class=\"mopen\">(</span><span class=\"mord mathnormal\" style=\"margin-right:0.01968em;\">l</span><span class=\"mspace\" style=\"margin-right:0.2222em;\"></span><span class=\"mbin\">−</span><span class=\"mspace\" style=\"margin-right:0.2222em;\"></span></span><span class=\"base\"><span class=\"strut\" style=\"height:1em;vertical-align:-0.25em;\"></span><span class=\"mord mathnormal\">i</span><span class=\"mclose\">))</span></span></span></span></span></p>\n<h2><a href=\"#代码\" aria-hidden=\"true\" class=\"anchor\" id=\"代码\"></a>代码</h2>\n<pre style=\"background-color:#2b303b;\"><code class=\"language-c++\">\n<span style=\"color:#b48ead;\">#include </span><span style=\"color:#c0c5ce;\">&lt;</span><span style=\"color:#a3be8c;\">cstdio</span><span style=\"color:#c0c5ce;\">&gt;\n</span><span style=\"color:#b48ead;\">#include </span><span style=\"color:#c0c5ce;\">&lt;</span><span style=\"color:#a3be8c;\">climits</span><span style=\"color:#c0c5ce;\">&gt;\n</span><span style=\"color:#b48ead;\">#include </span><span style=\"color:#c0c5ce;\">&lt;</span><span style=\"color:#a3be8c;\">cstring</span><span style=\"color:#c0c5ce;\">&gt;\n</span><span style=\"color:#b48ead;\">#include </span><span style=\"color:#c0c5ce;\">&lt;</span><span style=\"color:#a3be8c;\">algorithm</span><span style=\"color:#c0c5ce;\">&gt;\n</span><span style=\"color:#65737e;\">// #define DBG\n</span><span style=\"color:#b48ead;\">const int</span><span style=\"color:#c0c5ce;\"> MAXN = </span><span style=\"color:#d08770;\">55</span><span style=\"color:#c0c5ce;\">;\n</span><span style=\"color:#b48ead;\">const int</span><span style=\"color:#c0c5ce;\"> MAXLIMIT = </span><span style=\"color:#d08770;\">105</span><span style=\"color:#c0c5ce;\">;\n</span><span style=\"color:#b48ead;\">const int</span><span style=\"color:#c0c5ce;\"> MAXM = </span><span style=\"color:#d08770;\">2005</span><span style=\"color:#c0c5ce;\">;\n</span><span style=\"color:#b48ead;\">struct </span><span style=\"color:#c0c5ce;\">Edge;\n</span><span style=\"color:#b48ead;\">struct </span><span style=\"color:#c0c5ce;\">Node {\n</span><span style=\"color:#c0c5ce;\">    Edge *e;\n</span><span style=\"color:#c0c5ce;\">    </span><span style=\"color:#b48ead;\">int</span><span style=\"color:#c0c5ce;\"> strength, limit, price, deg;\n</span><span style=\"color:#c0c5ce;\">    </span><span style=\"color:#b48ead;\">int</span><span style=\"color:#c0c5ce;\"> f[MAXLIMIT][MAXM];\n</span><span style=\"color:#b48ead;\">#ifdef</span><span style=\"color:#c0c5ce;\"> DBG\n</span><span style=\"color:#c0c5ce;\">    </span><span style=\"color:#b48ead;\">int</span><span style=\"color:#c0c5ce;\"> id;\n</span><span style=\"color:#b48ead;\">#endif\n</span><span style=\"color:#c0c5ce;\">} N[MAXN];\n</span><span style=\"color:#b48ead;\">struct </span><span style=\"color:#c0c5ce;\">Edge {\n</span><span style=\"color:#c0c5ce;\">    Node *u, *v;\n</span><span style=\"color:#c0c5ce;\">    Edge *next;\n</span><span style=\"color:#c0c5ce;\">    </span><span style=\"color:#b48ead;\">int</span><span style=\"color:#c0c5ce;\"> w;\n</span><span style=\"color:#c0c5ce;\">    </span><span style=\"color:#8fa1b3;\">Edge</span><span style=\"color:#c0c5ce;\">(Node *</span><span style=\"color:#bf616a;\">u</span><span style=\"color:#c0c5ce;\">, Node *</span><span style=\"color:#bf616a;\">v</span><span style=\"color:#c0c5ce;\">, </span><span style=\"color:#b48ead;\">int </span><span style=\"color:#bf616a;\">w</span><span style=\"color:#c0c5ce;\">) : </span><span style=\"color:#bf616a;\">u</span><span style=\"color:#c0c5ce;\">(u), </span><span style=\"color:#bf616a;\">v</span><span style=\"color:#c0c5ce;\">(v), </span><span style=\"color:#bf616a;\">w</span><span style=\"color:#c0c5ce;\">(w), </span><span style=\"color:#bf616a;\">next</span><span style=\"color:#c0c5ce;\">(u-&gt;</span><span style=\"color:#bf616a;\">e</span><span style=\"color:#c0c5ce;\">) {}\n</span><span style=\"color:#c0c5ce;\">};\n</span><span style=\"color:#b48ead;\">void </span><span style=\"color:#8fa1b3;\">addEdge</span><span style=\"color:#c0c5ce;\">(</span><span style=\"color:#b48ead;\">int </span><span style=\"color:#bf616a;\">u</span><span style=\"color:#c0c5ce;\">, </span><span style=\"color:#b48ead;\">int </span><span style=\"color:#bf616a;\">v</span><span style=\"color:#c0c5ce;\">, </span><span style=\"color:#b48ead;\">int </span><span style=\"color:#bf616a;\">w</span><span style=\"color:#c0c5ce;\">) {\n</span><span style=\"color:#c0c5ce;\">    N[u].</span><span style=\"color:#bf616a;\">e </span><span style=\"color:#c0c5ce;\">= </span><span style=\"color:#b48ead;\">new </span><span style=\"color:#8fa1b3;\">Edge</span><span style=\"color:#c0c5ce;\">(&amp;N[u], &amp;N[v], w);\n</span><span style=\"color:#c0c5ce;\">    N[v].</span><span style=\"color:#bf616a;\">deg</span><span style=\"color:#c0c5ce;\">++;\n</span><span style=\"color:#c0c5ce;\">}\n</span><span style=\"color:#b48ead;\">int</span><span style=\"color:#c0c5ce;\"> n, m;\n</span><span style=\"color:#b48ead;\">int</span><span style=\"color:#c0c5ce;\"> g[MAXN][MAXM];\n</span><span style=\"color:#b48ead;\">void </span><span style=\"color:#8fa1b3;\">dp</span><span style=\"color:#c0c5ce;\">(Node *</span><span style=\"color:#bf616a;\">u</span><span style=\"color:#c0c5ce;\">) {\n</span><span style=\"color:#b48ead;\">#ifdef</span><span style=\"color:#c0c5ce;\"> DBG\n</span><span style=\"color:#c0c5ce;\">    </span><span style=\"color:#96b5b4;\">printf</span><span style=\"color:#c0c5ce;\">(&quot;</span><span style=\"color:#a3be8c;\">dp(</span><span style=\"color:#d08770;\">%d</span><span style=\"color:#a3be8c;\">)</span><span style=\"color:#96b5b4;\">\\n</span><span style=\"color:#c0c5ce;\">&quot;, u-&gt;</span><span style=\"color:#bf616a;\">id</span><span style=\"color:#c0c5ce;\">);\n</span><span style=\"color:#b48ead;\">#endif\n</span><span style=\"color:#c0c5ce;\">    </span><span style=\"color:#b48ead;\">if </span><span style=\"color:#c0c5ce;\">(!u-&gt;</span><span style=\"color:#bf616a;\">e</span><span style=\"color:#c0c5ce;\">) {\n</span><span style=\"color:#c0c5ce;\">        u-&gt;</span><span style=\"color:#bf616a;\">limit </span><span style=\"color:#c0c5ce;\">= </span><span style=\"color:#8fa1b3;\">std::min</span><span style=\"color:#c0c5ce;\">(u-&gt;</span><span style=\"color:#bf616a;\">limit</span><span style=\"color:#c0c5ce;\">, m / u-&gt;</span><span style=\"color:#bf616a;\">price</span><span style=\"color:#c0c5ce;\">);\n</span><span style=\"color:#c0c5ce;\">        </span><span style=\"color:#b48ead;\">for </span><span style=\"color:#c0c5ce;\">(</span><span style=\"color:#b48ead;\">int</span><span style=\"color:#c0c5ce;\"> i = </span><span style=\"color:#d08770;\">0</span><span style=\"color:#c0c5ce;\">; i &lt;= u-&gt;</span><span style=\"color:#bf616a;\">limit</span><span style=\"color:#c0c5ce;\">; i++) {\n</span><span style=\"color:#c0c5ce;\">            </span><span style=\"color:#b48ead;\">for </span><span style=\"color:#c0c5ce;\">(</span><span style=\"color:#b48ead;\">int</span><span style=\"color:#c0c5ce;\"> j = i; j &lt;= u-&gt;</span><span style=\"color:#bf616a;\">limit</span><span style=\"color:#c0c5ce;\">; j++) \n</span><span style=\"color:#c0c5ce;\">                u-&gt;</span><span style=\"color:#bf616a;\">f</span><span style=\"color:#c0c5ce;\">[i][j * u-&gt;</span><span style=\"color:#bf616a;\">price</span><span style=\"color:#c0c5ce;\">] = (j - i) * u-&gt;</span><span style=\"color:#bf616a;\">strength</span><span style=\"color:#c0c5ce;\">;\n</span><span style=\"color:#c0c5ce;\">        }\n</span><span style=\"color:#b48ead;\">#ifdef</span><span style=\"color:#c0c5ce;\"> DBG\n</span><span style=\"color:#c0c5ce;\">        </span><span style=\"color:#96b5b4;\">printf</span><span style=\"color:#c0c5ce;\">(&quot;</span><span style=\"color:#a3be8c;\">end dp(</span><span style=\"color:#d08770;\">%d</span><span style=\"color:#a3be8c;\">), limit = </span><span style=\"color:#d08770;\">%d</span><span style=\"color:#96b5b4;\">\\n</span><span style=\"color:#c0c5ce;\">&quot;, u-&gt;</span><span style=\"color:#bf616a;\">id</span><span style=\"color:#c0c5ce;\">, u-&gt;</span><span style=\"color:#bf616a;\">limit</span><span style=\"color:#c0c5ce;\">);\n</span><span style=\"color:#b48ead;\">#endif\n</span><span style=\"color:#c0c5ce;\">        </span><span style=\"color:#b48ead;\">return</span><span style=\"color:#c0c5ce;\">;\n</span><span style=\"color:#c0c5ce;\">    }\n</span><span style=\"color:#c0c5ce;\">    u-&gt;</span><span style=\"color:#bf616a;\">limit </span><span style=\"color:#c0c5ce;\">= INT_MAX;\n</span><span style=\"color:#c0c5ce;\">    </span><span style=\"color:#b48ead;\">for </span><span style=\"color:#c0c5ce;\">(Edge *e = u-&gt;</span><span style=\"color:#bf616a;\">e</span><span style=\"color:#c0c5ce;\">; e; e = e-&gt;</span><span style=\"color:#bf616a;\">next</span><span style=\"color:#c0c5ce;\">) {\n</span><span style=\"color:#c0c5ce;\">        </span><span style=\"color:#8fa1b3;\">dp</span><span style=\"color:#c0c5ce;\">(e-&gt;</span><span style=\"color:#bf616a;\">v</span><span style=\"color:#c0c5ce;\">);\n</span><span style=\"color:#c0c5ce;\">        u-&gt;</span><span style=\"color:#bf616a;\">limit </span><span style=\"color:#c0c5ce;\">= </span><span style=\"color:#8fa1b3;\">std::min</span><span style=\"color:#c0c5ce;\">(u-&gt;</span><span style=\"color:#bf616a;\">limit</span><span style=\"color:#c0c5ce;\">, e-&gt;</span><span style=\"color:#bf616a;\">v</span><span style=\"color:#c0c5ce;\">-&gt;</span><span style=\"color:#bf616a;\">limit </span><span style=\"color:#c0c5ce;\">/ e-&gt;</span><span style=\"color:#bf616a;\">w</span><span style=\"color:#c0c5ce;\">);\n</span><span style=\"color:#c0c5ce;\">        u-&gt;</span><span style=\"color:#bf616a;\">price </span><span style=\"color:#c0c5ce;\">+= e-&gt;</span><span style=\"color:#bf616a;\">v</span><span style=\"color:#c0c5ce;\">-&gt;</span><span style=\"color:#bf616a;\">price </span><span style=\"color:#c0c5ce;\">* e-&gt;</span><span style=\"color:#bf616a;\">w</span><span style=\"color:#c0c5ce;\">;\n</span><span style=\"color:#c0c5ce;\">    }\n</span><span style=\"color:#c0c5ce;\">    u-&gt;</span><span style=\"color:#bf616a;\">limit </span><span style=\"color:#c0c5ce;\">= </span><span style=\"color:#8fa1b3;\">std::min</span><span style=\"color:#c0c5ce;\">(u-&gt;</span><span style=\"color:#bf616a;\">limit</span><span style=\"color:#c0c5ce;\">, m / u-&gt;</span><span style=\"color:#bf616a;\">price</span><span style=\"color:#c0c5ce;\">);\n</span><span style=\"color:#b48ead;\">#ifdef</span><span style=\"color:#c0c5ce;\"> DBG\n</span><span style=\"color:#c0c5ce;\">    </span><span style=\"color:#96b5b4;\">printf</span><span style=\"color:#c0c5ce;\">(&quot;</span><span style=\"color:#a3be8c;\">end calcLimit(</span><span style=\"color:#d08770;\">%d</span><span style=\"color:#a3be8c;\">), limit = </span><span style=\"color:#d08770;\">%d</span><span style=\"color:#96b5b4;\">\\n</span><span style=\"color:#c0c5ce;\">&quot;, u-&gt;</span><span style=\"color:#bf616a;\">id</span><span style=\"color:#c0c5ce;\">, u-&gt;</span><span style=\"color:#bf616a;\">limit</span><span style=\"color:#c0c5ce;\">);\n</span><span style=\"color:#b48ead;\">#endif\n</span><span style=\"color:#c0c5ce;\">    </span><span style=\"color:#96b5b4;\">memset</span><span style=\"color:#c0c5ce;\">(g, -</span><span style=\"color:#d08770;\">0x3f3f3f3f</span><span style=\"color:#c0c5ce;\">, sizeof (g));\n</span><span style=\"color:#c0c5ce;\">    g[</span><span style=\"color:#d08770;\">0</span><span style=\"color:#c0c5ce;\">][</span><span style=\"color:#d08770;\">0</span><span style=\"color:#c0c5ce;\">] = </span><span style=\"color:#d08770;\">0</span><span style=\"color:#c0c5ce;\">;\n</span><span style=\"color:#c0c5ce;\">    </span><span style=\"color:#b48ead;\">for </span><span style=\"color:#c0c5ce;\">(</span><span style=\"color:#b48ead;\">int</span><span style=\"color:#c0c5ce;\"> l = u-&gt;</span><span style=\"color:#bf616a;\">limit</span><span style=\"color:#c0c5ce;\">; l &gt;=</span><span style=\"color:#d08770;\">0</span><span style=\"color:#c0c5ce;\">; l--) {\n</span><span style=\"color:#c0c5ce;\">        </span><span style=\"color:#b48ead;\">int</span><span style=\"color:#c0c5ce;\"> tot = </span><span style=\"color:#d08770;\">0</span><span style=\"color:#c0c5ce;\">;\n</span><span style=\"color:#c0c5ce;\">        </span><span style=\"color:#b48ead;\">for </span><span style=\"color:#c0c5ce;\">(Edge *e = u-&gt;</span><span style=\"color:#bf616a;\">e</span><span style=\"color:#c0c5ce;\">; e; e = e-&gt;</span><span style=\"color:#bf616a;\">next</span><span style=\"color:#c0c5ce;\">) {\n</span><span style=\"color:#c0c5ce;\">            tot++;\n</span><span style=\"color:#c0c5ce;\">            </span><span style=\"color:#b48ead;\">for </span><span style=\"color:#c0c5ce;\">(</span><span style=\"color:#b48ead;\">int</span><span style=\"color:#c0c5ce;\"> i = </span><span style=\"color:#d08770;\">0</span><span style=\"color:#c0c5ce;\">; i &lt;= m; i++) {\n</span><span style=\"color:#c0c5ce;\">                </span><span style=\"color:#b48ead;\">for </span><span style=\"color:#c0c5ce;\">(</span><span style=\"color:#b48ead;\">int</span><span style=\"color:#c0c5ce;\"> j = </span><span style=\"color:#d08770;\">0</span><span style=\"color:#c0c5ce;\">; j &lt;= i; j++) \n</span><span style=\"color:#c0c5ce;\">                    g[tot][i] = </span><span style=\"color:#8fa1b3;\">std::max</span><span style=\"color:#c0c5ce;\">(g[tot][i], \n</span><span style=\"color:#c0c5ce;\">                                         g[tot - </span><span style=\"color:#d08770;\">1</span><span style=\"color:#c0c5ce;\">][i - j] + e-&gt;</span><span style=\"color:#bf616a;\">v</span><span style=\"color:#c0c5ce;\">-&gt;</span><span style=\"color:#bf616a;\">f</span><span style=\"color:#c0c5ce;\">[e-&gt;</span><span style=\"color:#bf616a;\">w </span><span style=\"color:#c0c5ce;\">* l][j]);\n</span><span style=\"color:#c0c5ce;\">            }\n</span><span style=\"color:#c0c5ce;\">        }\n</span><span style=\"color:#c0c5ce;\">        </span><span style=\"color:#b48ead;\">for </span><span style=\"color:#c0c5ce;\">(</span><span style=\"color:#b48ead;\">int</span><span style=\"color:#c0c5ce;\"> i = </span><span style=\"color:#d08770;\">0</span><span style=\"color:#c0c5ce;\">; i &lt;= l; i++) {\n</span><span style=\"color:#c0c5ce;\">            </span><span style=\"color:#b48ead;\">for </span><span style=\"color:#c0c5ce;\">(</span><span style=\"color:#b48ead;\">int</span><span style=\"color:#c0c5ce;\"> j = </span><span style=\"color:#d08770;\">0</span><span style=\"color:#c0c5ce;\">; j &lt;= m; j++) \n</span><span style=\"color:#c0c5ce;\">                u-&gt;</span><span style=\"color:#bf616a;\">f</span><span style=\"color:#c0c5ce;\">[i][j] = </span><span style=\"color:#8fa1b3;\">std::max</span><span style=\"color:#c0c5ce;\">(u-&gt;</span><span style=\"color:#bf616a;\">f</span><span style=\"color:#c0c5ce;\">[i][j], g[tot][j] + (l - i) * u-&gt;</span><span style=\"color:#bf616a;\">strength</span><span style=\"color:#c0c5ce;\">);\n</span><span style=\"color:#c0c5ce;\">        }\n</span><span style=\"color:#c0c5ce;\">    }\n</span><span style=\"color:#c0c5ce;\">}\n</span><span style=\"color:#b48ead;\">int </span><span style=\"color:#8fa1b3;\">main</span><span style=\"color:#c0c5ce;\">() {\n</span><span style=\"color:#c0c5ce;\">    </span><span style=\"color:#96b5b4;\">scanf</span><span style=\"color:#c0c5ce;\">(&quot;</span><span style=\"color:#d08770;\">%d %d</span><span style=\"color:#c0c5ce;\">&quot;, &amp;n, &amp;m);\n</span><span style=\"color:#b48ead;\">#ifdef</span><span style=\"color:#c0c5ce;\"> DBG\n</span><span style=\"color:#c0c5ce;\">    </span><span style=\"color:#b48ead;\">for </span><span style=\"color:#c0c5ce;\">(</span><span style=\"color:#b48ead;\">int</span><span style=\"color:#c0c5ce;\"> i = </span><span style=\"color:#d08770;\">1</span><span style=\"color:#c0c5ce;\">; i &lt;= n; i++) N[i].</span><span style=\"color:#bf616a;\">id </span><span style=\"color:#c0c5ce;\">= i;\n</span><span style=\"color:#b48ead;\">#endif\n</span><span style=\"color:#c0c5ce;\">    </span><span style=\"color:#b48ead;\">for </span><span style=\"color:#c0c5ce;\">(</span><span style=\"color:#b48ead;\">int</span><span style=\"color:#c0c5ce;\"> i = </span><span style=\"color:#d08770;\">1</span><span style=\"color:#c0c5ce;\">; i &lt;= n; i++) {\n</span><span style=\"color:#c0c5ce;\">        </span><span style=\"color:#b48ead;\">char</span><span style=\"color:#c0c5ce;\"> type[</span><span style=\"color:#d08770;\">2</span><span style=\"color:#c0c5ce;\">];\n</span><span style=\"color:#c0c5ce;\">        </span><span style=\"color:#96b5b4;\">scanf</span><span style=\"color:#c0c5ce;\">(&quot;</span><span style=\"color:#d08770;\">%d %c</span><span style=\"color:#c0c5ce;\">&quot;, &amp;N[i].</span><span style=\"color:#bf616a;\">strength</span><span style=\"color:#c0c5ce;\">, type);\n</span><span style=\"color:#c0c5ce;\">        </span><span style=\"color:#b48ead;\">if </span><span style=\"color:#c0c5ce;\">(type[</span><span style=\"color:#d08770;\">0</span><span style=\"color:#c0c5ce;\">] == &#39;</span><span style=\"color:#a3be8c;\">A</span><span style=\"color:#c0c5ce;\">&#39;) {\n</span><span style=\"color:#c0c5ce;\">            </span><span style=\"color:#b48ead;\">int</span><span style=\"color:#c0c5ce;\"> c;\n</span><span style=\"color:#c0c5ce;\">            </span><span style=\"color:#96b5b4;\">scanf</span><span style=\"color:#c0c5ce;\">(&quot;</span><span style=\"color:#d08770;\">%d</span><span style=\"color:#c0c5ce;\">&quot;, &amp;c);\n</span><span style=\"color:#c0c5ce;\">            </span><span style=\"color:#b48ead;\">for </span><span style=\"color:#c0c5ce;\">(</span><span style=\"color:#b48ead;\">int</span><span style=\"color:#c0c5ce;\"> j = </span><span style=\"color:#d08770;\">0</span><span style=\"color:#c0c5ce;\">; j &lt; c; j++) {\n</span><span style=\"color:#c0c5ce;\">                </span><span style=\"color:#b48ead;\">int</span><span style=\"color:#c0c5ce;\"> x, num;\n</span><span style=\"color:#c0c5ce;\">                </span><span style=\"color:#96b5b4;\">scanf</span><span style=\"color:#c0c5ce;\">(&quot;</span><span style=\"color:#d08770;\">%d %d</span><span style=\"color:#c0c5ce;\">&quot;, &amp;x, &amp;num);\n</span><span style=\"color:#c0c5ce;\">                </span><span style=\"color:#8fa1b3;\">addEdge</span><span style=\"color:#c0c5ce;\">(i, x, num);\n</span><span style=\"color:#c0c5ce;\">            }\n</span><span style=\"color:#c0c5ce;\">        } </span><span style=\"color:#b48ead;\">else </span><span style=\"color:#96b5b4;\">scanf</span><span style=\"color:#c0c5ce;\">(&quot;</span><span style=\"color:#d08770;\">%d %d</span><span style=\"color:#c0c5ce;\">&quot;, &amp;N[i].</span><span style=\"color:#bf616a;\">price</span><span style=\"color:#c0c5ce;\">, &amp;N[i].</span><span style=\"color:#bf616a;\">limit</span><span style=\"color:#c0c5ce;\">);\n</span><span style=\"color:#c0c5ce;\">    }\n</span><span style=\"color:#c0c5ce;\">    </span><span style=\"color:#b48ead;\">for </span><span style=\"color:#c0c5ce;\">(</span><span style=\"color:#b48ead;\">int</span><span style=\"color:#c0c5ce;\"> i = </span><span style=\"color:#d08770;\">1</span><span style=\"color:#c0c5ce;\">; i &lt;= n; i++) </span><span style=\"color:#96b5b4;\">memset</span><span style=\"color:#c0c5ce;\">(N[i].</span><span style=\"color:#bf616a;\">f</span><span style=\"color:#c0c5ce;\">, -</span><span style=\"color:#d08770;\">0x3f3f3f3f</span><span style=\"color:#c0c5ce;\">, sizeof (N[i].</span><span style=\"color:#bf616a;\">f</span><span style=\"color:#c0c5ce;\">));\n</span><span style=\"color:#c0c5ce;\">    </span><span style=\"color:#b48ead;\">static int</span><span style=\"color:#c0c5ce;\"> h[MAXN][MAXM];\n</span><span style=\"color:#c0c5ce;\">    </span><span style=\"color:#b48ead;\">int</span><span style=\"color:#c0c5ce;\"> tot = </span><span style=\"color:#d08770;\">0</span><span style=\"color:#c0c5ce;\">;\n</span><span style=\"color:#c0c5ce;\">    </span><span style=\"color:#b48ead;\">for </span><span style=\"color:#c0c5ce;\">(</span><span style=\"color:#b48ead;\">int</span><span style=\"color:#c0c5ce;\"> x = </span><span style=\"color:#d08770;\">1</span><span style=\"color:#c0c5ce;\">; x &lt;= n; x++) {\n</span><span style=\"color:#b48ead;\">#ifdef</span><span style=\"color:#c0c5ce;\"> DBG\n</span><span style=\"color:#c0c5ce;\">        </span><span style=\"color:#96b5b4;\">printf</span><span style=\"color:#c0c5ce;\">(&quot;</span><span style=\"color:#a3be8c;\">x = </span><span style=\"color:#d08770;\">%d</span><span style=\"color:#96b5b4;\">\\n</span><span style=\"color:#c0c5ce;\">&quot;, x);\n</span><span style=\"color:#b48ead;\">#endif\n</span><span style=\"color:#c0c5ce;\">        </span><span style=\"color:#b48ead;\">if </span><span style=\"color:#c0c5ce;\">(N[x].</span><span style=\"color:#bf616a;\">deg </span><span style=\"color:#c0c5ce;\">== </span><span style=\"color:#d08770;\">0</span><span style=\"color:#c0c5ce;\">) {\n</span><span style=\"color:#c0c5ce;\">            </span><span style=\"color:#8fa1b3;\">dp</span><span style=\"color:#c0c5ce;\">(&amp;N[x]);\n</span><span style=\"color:#c0c5ce;\">            tot++;\n</span><span style=\"color:#b48ead;\">#ifdef</span><span style=\"color:#c0c5ce;\"> DBG\n</span><span style=\"color:#c0c5ce;\">            </span><span style=\"color:#96b5b4;\">printf</span><span style=\"color:#c0c5ce;\">(&quot;</span><span style=\"color:#a3be8c;\">tot = </span><span style=\"color:#d08770;\">%d</span><span style=\"color:#96b5b4;\">\\n</span><span style=\"color:#c0c5ce;\">&quot;, tot);\n</span><span style=\"color:#b48ead;\">#endif\n</span><span style=\"color:#c0c5ce;\">            </span><span style=\"color:#b48ead;\">for </span><span style=\"color:#c0c5ce;\">(</span><span style=\"color:#b48ead;\">int</span><span style=\"color:#c0c5ce;\"> i = </span><span style=\"color:#d08770;\">0</span><span style=\"color:#c0c5ce;\">; i &lt;= m; i++) {\n</span><span style=\"color:#c0c5ce;\">                </span><span style=\"color:#b48ead;\">for </span><span style=\"color:#c0c5ce;\">(</span><span style=\"color:#b48ead;\">int</span><span style=\"color:#c0c5ce;\"> j = </span><span style=\"color:#d08770;\">0</span><span style=\"color:#c0c5ce;\">; j &lt;= i; j++) {\n</span><span style=\"color:#c0c5ce;\">                    </span><span style=\"color:#b48ead;\">for </span><span style=\"color:#c0c5ce;\">(</span><span style=\"color:#b48ead;\">int</span><span style=\"color:#c0c5ce;\"> k = </span><span style=\"color:#d08770;\">0</span><span style=\"color:#c0c5ce;\">; k &lt;= N[x].</span><span style=\"color:#bf616a;\">limit</span><span style=\"color:#c0c5ce;\">; k++) {\n</span><span style=\"color:#c0c5ce;\">                        h[tot][i] = </span><span style=\"color:#8fa1b3;\">std::max</span><span style=\"color:#c0c5ce;\">(h[tot][i], \n</span><span style=\"color:#c0c5ce;\">                                             h[tot - </span><span style=\"color:#d08770;\">1</span><span style=\"color:#c0c5ce;\">][j] + N[x].</span><span style=\"color:#bf616a;\">f</span><span style=\"color:#c0c5ce;\">[k][i - j]);\n</span><span style=\"color:#c0c5ce;\">                    }\n</span><span style=\"color:#c0c5ce;\">                }\n</span><span style=\"color:#c0c5ce;\">            }\n</span><span style=\"color:#c0c5ce;\">        }\n</span><span style=\"color:#c0c5ce;\">    }\n</span><span style=\"color:#c0c5ce;\">    </span><span style=\"color:#b48ead;\">int</span><span style=\"color:#c0c5ce;\"> ans = </span><span style=\"color:#d08770;\">0</span><span style=\"color:#c0c5ce;\">;\n</span><span style=\"color:#c0c5ce;\">    </span><span style=\"color:#b48ead;\">for </span><span style=\"color:#c0c5ce;\">(</span><span style=\"color:#b48ead;\">int</span><span style=\"color:#c0c5ce;\"> i = </span><span style=\"color:#d08770;\">0</span><span style=\"color:#c0c5ce;\">; i &lt;= m; i++) ans = </span><span style=\"color:#8fa1b3;\">std::max</span><span style=\"color:#c0c5ce;\">(ans, h[tot][i]);\n</span><span style=\"color:#c0c5ce;\">    </span><span style=\"color:#96b5b4;\">printf</span><span style=\"color:#c0c5ce;\">(&quot;</span><span style=\"color:#d08770;\">%d</span><span style=\"color:#96b5b4;\">\\n</span><span style=\"color:#c0c5ce;\">&quot;, ans);\n</span><span style=\"color:#c0c5ce;\">    </span><span style=\"color:#b48ead;\">return </span><span style=\"color:#d08770;\">0</span><span style=\"color:#c0c5ce;\">;\n</span><span style=\"color:#c0c5ce;\">}\n</span>\n</code></pre>\n"}