{"title":"[BZOJ 4238] 电压","tags":["图","DFS"],"create_time":1491772314,"last_modified":1596725756,"toc":"<ol><li><a href=\"#题目大意\">题目大意</a></li><li><a href=\"#题目链接\">题目链接</a></li><li><a href=\"#题解\">题解</a></li><li><a href=\"#使用静态分配内存加速\">使用静态分配内存加速</a></li><li><a href=\"#代码\">代码</a></li>","html":"<h2><a href=\"#题目大意\" aria-hidden=\"true\" class=\"anchor\" id=\"题目大意\"></a>题目大意</h2>\n<p>给定一个 <span class=\"katex\"><span class=\"katex-mathml\"><math xmlns=\"http://www.w3.org/1998/Math/MathML\"><semantics><mrow><mi>n</mi></mrow><annotation encoding=\"application/x-tex\">n</annotation></semantics></math></span><span class=\"katex-html\" aria-hidden=\"true\"><span class=\"base\"><span class=\"strut\" style=\"height:0.4306em;\"></span><span class=\"mord mathnormal\">n</span></span></span></span> 个节点，<span class=\"katex\"><span class=\"katex-mathml\"><math xmlns=\"http://www.w3.org/1998/Math/MathML\"><semantics><mrow><mi>m</mi></mrow><annotation encoding=\"application/x-tex\">m</annotation></semantics></math></span><span class=\"katex-html\" aria-hidden=\"true\"><span class=\"base\"><span class=\"strut\" style=\"height:0.4306em;\"></span><span class=\"mord mathnormal\">m</span></span></span></span> 条边的无向图（可能有重边，可能不连通），求有多少条边满足：边的两个节点同色，对剩下的图可以黑白着色。</p>\n<p><span class=\"katex\"><span class=\"katex-mathml\"><math xmlns=\"http://www.w3.org/1998/Math/MathML\"><semantics><mrow><mn>2</mn><mo>⩽</mo><mi>n</mi><mo>⩽</mo><mn>10</mn><mo separator=\"true\">,</mo><mn>000</mn></mrow><annotation encoding=\"application/x-tex\">2 \\leqslant n \\leqslant 10,000</annotation></semantics></math></span><span class=\"katex-html\" aria-hidden=\"true\"><span class=\"base\"><span class=\"strut\" style=\"height:0.7811em;vertical-align:-0.1367em;\"></span><span class=\"mord\">2</span><span class=\"mspace\" style=\"margin-right:0.2778em;\"></span><span class=\"mrel amsrm\">⩽</span><span class=\"mspace\" style=\"margin-right:0.2778em;\"></span></span><span class=\"base\"><span class=\"strut\" style=\"height:0.7733em;vertical-align:-0.1367em;\"></span><span class=\"mord mathnormal\">n</span><span class=\"mspace\" style=\"margin-right:0.2778em;\"></span><span class=\"mrel amsrm\">⩽</span><span class=\"mspace\" style=\"margin-right:0.2778em;\"></span></span><span class=\"base\"><span class=\"strut\" style=\"height:0.8389em;vertical-align:-0.1944em;\"></span><span class=\"mord\">10</span><span class=\"mpunct\">,</span><span class=\"mspace\" style=\"margin-right:0.1667em;\"></span><span class=\"mord\">000</span></span></span></span></p>\n<p><span class=\"katex\"><span class=\"katex-mathml\"><math xmlns=\"http://www.w3.org/1998/Math/MathML\"><semantics><mrow><mn>1</mn><mo>⩽</mo><mi>m</mi><mo>⩽</mo><mn>20</mn><mo separator=\"true\">,</mo><mn>000</mn></mrow><annotation encoding=\"application/x-tex\">1 \\leqslant m \\leqslant 20,000</annotation></semantics></math></span><span class=\"katex-html\" aria-hidden=\"true\"><span class=\"base\"><span class=\"strut\" style=\"height:0.7811em;vertical-align:-0.1367em;\"></span><span class=\"mord\">1</span><span class=\"mspace\" style=\"margin-right:0.2778em;\"></span><span class=\"mrel amsrm\">⩽</span><span class=\"mspace\" style=\"margin-right:0.2778em;\"></span></span><span class=\"base\"><span class=\"strut\" style=\"height:0.7733em;vertical-align:-0.1367em;\"></span><span class=\"mord mathnormal\">m</span><span class=\"mspace\" style=\"margin-right:0.2778em;\"></span><span class=\"mrel amsrm\">⩽</span><span class=\"mspace\" style=\"margin-right:0.2778em;\"></span></span><span class=\"base\"><span class=\"strut\" style=\"height:0.8389em;vertical-align:-0.1944em;\"></span><span class=\"mord\">20</span><span class=\"mpunct\">,</span><span class=\"mspace\" style=\"margin-right:0.1667em;\"></span><span class=\"mord\">000</span></span></span></span></p>\n<h2><a href=\"#题目链接\" aria-hidden=\"true\" class=\"anchor\" id=\"题目链接\"></a>题目链接</h2>\n<p><a href=\"http://www.lydsy.com/JudgeOnline/problem.php?id=4238\">BZOJ 4238</a></p>\n<!-- more -->\n<h2><a href=\"#题解\" aria-hidden=\"true\" class=\"anchor\" id=\"题解\"></a>题解</h2>\n<p>所求的边一定在所有的奇环上，同时不在任何一个偶环上。</p>\n<p>对图进行 dfs，当遇到环时，通过节点深度差判断环的奇偶（差是奇数时是偶环。。。）。具体实现时，为深度大的点的权值 <span class=\"katex\"><span class=\"katex-mathml\"><math xmlns=\"http://www.w3.org/1998/Math/MathML\"><semantics><mrow><mo>+</mo><mn>1</mn></mrow><annotation encoding=\"application/x-tex\">+ 1</annotation></semantics></math></span><span class=\"katex-html\" aria-hidden=\"true\"><span class=\"base\"><span class=\"strut\" style=\"height:0.7278em;vertical-align:-0.0833em;\"></span><span class=\"mord\">+</span><span class=\"mord\">1</span></span></span></span>，为小的 <span class=\"katex\"><span class=\"katex-mathml\"><math xmlns=\"http://www.w3.org/1998/Math/MathML\"><semantics><mrow><mo>−</mo><mn>1</mn></mrow><annotation encoding=\"application/x-tex\">- 1</annotation></semantics></math></span><span class=\"katex-html\" aria-hidden=\"true\"><span class=\"base\"><span class=\"strut\" style=\"height:0.7278em;vertical-align:-0.0833em;\"></span><span class=\"mord\">−</span><span class=\"mord\">1</span></span></span></span>，子节点 dfs 后用子节点的权值更新父节点。</p>\n<p>（我好菜啊，Po 姐的题解我没有看懂。。。T_T）</p>\n<h2><a href=\"#使用静态分配内存加速\" aria-hidden=\"true\" class=\"anchor\" id=\"使用静态分配内存加速\"></a>使用静态分配内存加速</h2>\n<p>当你很喜欢用 <code>new</code> 却有担心动态分配内存会超时时，可以使用静态分配内存。</p>\n<p>大概就像这样：</p>\n<pre style=\"background-color:#2b303b;\"><code class=\"language-c++\">\n<span style=\"color:#b48ead;\">#include </span><span style=\"color:#c0c5ce;\">&lt;</span><span style=\"color:#a3be8c;\">new</span><span style=\"color:#c0c5ce;\">&gt;\n</span><span style=\"color:#c0c5ce;\">\n</span><span style=\"color:#b48ead;\">struct </span><span style=\"color:#c0c5ce;\">Edge {\n</span><span style=\"color:#c0c5ce;\">    Node *u, *v;\n</span><span style=\"color:#c0c5ce;\">    Edge *next;\n</span><span style=\"color:#c0c5ce;\">    </span><span style=\"color:#8fa1b3;\">Edge</span><span style=\"color:#c0c5ce;\">() {}\n</span><span style=\"color:#c0c5ce;\">    </span><span style=\"color:#8fa1b3;\">Edge</span><span style=\"color:#c0c5ce;\">(Node *</span><span style=\"color:#bf616a;\">u</span><span style=\"color:#c0c5ce;\">, Node *</span><span style=\"color:#bf616a;\">v</span><span style=\"color:#c0c5ce;\">) :</span><span style=\"color:#bf616a;\">u</span><span style=\"color:#c0c5ce;\">(u), </span><span style=\"color:#bf616a;\">v</span><span style=\"color:#c0c5ce;\">(v), </span><span style=\"color:#bf616a;\">next</span><span style=\"color:#c0c5ce;\">(u-&gt;</span><span style=\"color:#bf616a;\">e</span><span style=\"color:#c0c5ce;\">) {}\n</span><span style=\"color:#c0c5ce;\">} _pool[MAXM &lt;&lt; </span><span style=\"color:#d08770;\">1</span><span style=\"color:#c0c5ce;\">], *_cur = _pool;\n</span><span style=\"color:#c0c5ce;\">\n</span><span style=\"color:#b48ead;\">void </span><span style=\"color:#8fa1b3;\">addEdge</span><span style=\"color:#c0c5ce;\">(</span><span style=\"color:#b48ead;\">int </span><span style=\"color:#bf616a;\">u</span><span style=\"color:#c0c5ce;\">, </span><span style=\"color:#b48ead;\">int </span><span style=\"color:#bf616a;\">v</span><span style=\"color:#c0c5ce;\">) {\n</span><span style=\"color:#c0c5ce;\">    N[u].</span><span style=\"color:#bf616a;\">e </span><span style=\"color:#c0c5ce;\">= </span><span style=\"color:#b48ead;\">new </span><span style=\"color:#c0c5ce;\">(_cur++) </span><span style=\"color:#8fa1b3;\">Edge</span><span style=\"color:#c0c5ce;\">(&amp;N[u], &amp;N[v]);\n</span><span style=\"color:#c0c5ce;\">    N[v].</span><span style=\"color:#bf616a;\">e </span><span style=\"color:#c0c5ce;\">= </span><span style=\"color:#b48ead;\">new </span><span style=\"color:#c0c5ce;\">(_cur++) </span><span style=\"color:#8fa1b3;\">Edge</span><span style=\"color:#c0c5ce;\">(&amp;N[v], &amp;N[u]);\n</span><span style=\"color:#c0c5ce;\">}\n</span>\n</code></pre>\n<p>对于这道题，在 BZOJ 上，动态分配内存运行了 4872s，静态分配内存运行了 4044s。（好吧，好像加速得不是太多。。。）</p>\n<p>另外，以这种方式创建的对象，**一定不能用 <code>delete</code> **。</p>\n<h2><a href=\"#代码\" aria-hidden=\"true\" class=\"anchor\" id=\"代码\"></a>代码</h2>\n<pre style=\"background-color:#2b303b;\"><code class=\"language-c++\">\n<span style=\"color:#b48ead;\">#include </span><span style=\"color:#c0c5ce;\">&lt;</span><span style=\"color:#a3be8c;\">cstdio</span><span style=\"color:#c0c5ce;\">&gt;\n</span><span style=\"color:#b48ead;\">#include </span><span style=\"color:#c0c5ce;\">&lt;</span><span style=\"color:#a3be8c;\">new</span><span style=\"color:#c0c5ce;\">&gt;\n</span><span style=\"color:#b48ead;\">const int</span><span style=\"color:#c0c5ce;\"> MAXN = </span><span style=\"color:#d08770;\">100005</span><span style=\"color:#c0c5ce;\">;\n</span><span style=\"color:#b48ead;\">const int</span><span style=\"color:#c0c5ce;\"> MAXM = </span><span style=\"color:#d08770;\">200005</span><span style=\"color:#c0c5ce;\">;\n</span><span style=\"color:#b48ead;\">struct </span><span style=\"color:#c0c5ce;\">Edge;\n</span><span style=\"color:#b48ead;\">struct </span><span style=\"color:#c0c5ce;\">Node {\n</span><span style=\"color:#c0c5ce;\">    Edge *e;\n</span><span style=\"color:#c0c5ce;\">    Node *fa;\n</span><span style=\"color:#c0c5ce;\">    </span><span style=\"color:#b48ead;\">int</span><span style=\"color:#c0c5ce;\"> circleCnt[</span><span style=\"color:#d08770;\">2</span><span style=\"color:#c0c5ce;\">], deep;\n</span><span style=\"color:#c0c5ce;\">} N[MAXN];\n</span><span style=\"color:#b48ead;\">struct </span><span style=\"color:#c0c5ce;\">Edge {\n</span><span style=\"color:#c0c5ce;\">    Node *u, *v;\n</span><span style=\"color:#c0c5ce;\">    Edge *next, *rev;\n</span><span style=\"color:#c0c5ce;\">    </span><span style=\"color:#b48ead;\">bool</span><span style=\"color:#c0c5ce;\"> vis;\n</span><span style=\"color:#c0c5ce;\">    </span><span style=\"color:#8fa1b3;\">Edge</span><span style=\"color:#c0c5ce;\">() {}\n</span><span style=\"color:#c0c5ce;\">    </span><span style=\"color:#8fa1b3;\">Edge</span><span style=\"color:#c0c5ce;\">(Node *</span><span style=\"color:#bf616a;\">u</span><span style=\"color:#c0c5ce;\">, Node *</span><span style=\"color:#bf616a;\">v</span><span style=\"color:#c0c5ce;\">) : </span><span style=\"color:#bf616a;\">u</span><span style=\"color:#c0c5ce;\">(u), </span><span style=\"color:#bf616a;\">v</span><span style=\"color:#c0c5ce;\">(v), </span><span style=\"color:#bf616a;\">vis</span><span style=\"color:#c0c5ce;\">(</span><span style=\"color:#d08770;\">false</span><span style=\"color:#c0c5ce;\">), </span><span style=\"color:#bf616a;\">next</span><span style=\"color:#c0c5ce;\">(u-&gt;</span><span style=\"color:#bf616a;\">e</span><span style=\"color:#c0c5ce;\">) {}\n</span><span style=\"color:#c0c5ce;\">} _pool[MAXM &lt;&lt; </span><span style=\"color:#d08770;\">1</span><span style=\"color:#c0c5ce;\">], *_cur = _pool;\n</span><span style=\"color:#b48ead;\">void </span><span style=\"color:#8fa1b3;\">addEdge</span><span style=\"color:#c0c5ce;\">(</span><span style=\"color:#b48ead;\">int </span><span style=\"color:#bf616a;\">u</span><span style=\"color:#c0c5ce;\">, </span><span style=\"color:#b48ead;\">int </span><span style=\"color:#bf616a;\">v</span><span style=\"color:#c0c5ce;\">) {\n</span><span style=\"color:#c0c5ce;\">    N[u].</span><span style=\"color:#bf616a;\">e </span><span style=\"color:#c0c5ce;\">= </span><span style=\"color:#b48ead;\">new </span><span style=\"color:#c0c5ce;\">(_cur++) </span><span style=\"color:#8fa1b3;\">Edge</span><span style=\"color:#c0c5ce;\">(&amp;N[u], &amp;N[v]);\n</span><span style=\"color:#c0c5ce;\">    N[v].</span><span style=\"color:#bf616a;\">e </span><span style=\"color:#c0c5ce;\">= </span><span style=\"color:#b48ead;\">new </span><span style=\"color:#c0c5ce;\">(_cur++) </span><span style=\"color:#8fa1b3;\">Edge</span><span style=\"color:#c0c5ce;\">(&amp;N[v], &amp;N[u]);\n</span><span style=\"color:#c0c5ce;\">    N[u].</span><span style=\"color:#bf616a;\">e</span><span style=\"color:#c0c5ce;\">-&gt;</span><span style=\"color:#bf616a;\">rev </span><span style=\"color:#c0c5ce;\">= N[v].</span><span style=\"color:#bf616a;\">e</span><span style=\"color:#c0c5ce;\">;\n</span><span style=\"color:#c0c5ce;\">    N[v].</span><span style=\"color:#bf616a;\">e</span><span style=\"color:#c0c5ce;\">-&gt;</span><span style=\"color:#bf616a;\">rev </span><span style=\"color:#c0c5ce;\">= N[u].</span><span style=\"color:#bf616a;\">e</span><span style=\"color:#c0c5ce;\">;\n</span><span style=\"color:#c0c5ce;\">}\n</span><span style=\"color:#b48ead;\">int</span><span style=\"color:#c0c5ce;\"> n, m;\n</span><span style=\"color:#b48ead;\">int</span><span style=\"color:#c0c5ce;\"> circleCnt[</span><span style=\"color:#d08770;\">2</span><span style=\"color:#c0c5ce;\">];\n</span><span style=\"color:#b48ead;\">void </span><span style=\"color:#8fa1b3;\">dfs</span><span style=\"color:#c0c5ce;\">(Node *</span><span style=\"color:#bf616a;\">u</span><span style=\"color:#c0c5ce;\">) {\n</span><span style=\"color:#c0c5ce;\">    </span><span style=\"color:#b48ead;\">for </span><span style=\"color:#c0c5ce;\">(Edge *e = u-&gt;</span><span style=\"color:#bf616a;\">e</span><span style=\"color:#c0c5ce;\">; e; e = e-&gt;</span><span style=\"color:#bf616a;\">next</span><span style=\"color:#c0c5ce;\">) {\n</span><span style=\"color:#c0c5ce;\">        </span><span style=\"color:#b48ead;\">if </span><span style=\"color:#c0c5ce;\">(e-&gt;</span><span style=\"color:#bf616a;\">vis</span><span style=\"color:#c0c5ce;\">) </span><span style=\"color:#b48ead;\">continue</span><span style=\"color:#c0c5ce;\">;\n</span><span style=\"color:#c0c5ce;\">        </span><span style=\"color:#b48ead;\">if </span><span style=\"color:#c0c5ce;\">(e-&gt;</span><span style=\"color:#bf616a;\">v</span><span style=\"color:#c0c5ce;\">-&gt;</span><span style=\"color:#bf616a;\">deep </span><span style=\"color:#c0c5ce;\">== </span><span style=\"color:#d08770;\">0</span><span style=\"color:#c0c5ce;\">) {\n</span><span style=\"color:#c0c5ce;\">            e-&gt;</span><span style=\"color:#bf616a;\">v</span><span style=\"color:#c0c5ce;\">-&gt;</span><span style=\"color:#bf616a;\">deep </span><span style=\"color:#c0c5ce;\">= u-&gt;</span><span style=\"color:#bf616a;\">deep </span><span style=\"color:#c0c5ce;\">+ </span><span style=\"color:#d08770;\">1</span><span style=\"color:#c0c5ce;\">;\n</span><span style=\"color:#c0c5ce;\">            e-&gt;</span><span style=\"color:#bf616a;\">vis </span><span style=\"color:#c0c5ce;\">= e-&gt;</span><span style=\"color:#bf616a;\">rev</span><span style=\"color:#c0c5ce;\">-&gt;</span><span style=\"color:#bf616a;\">vis </span><span style=\"color:#c0c5ce;\">= </span><span style=\"color:#d08770;\">true</span><span style=\"color:#c0c5ce;\">;\n</span><span style=\"color:#c0c5ce;\">            e-&gt;</span><span style=\"color:#bf616a;\">v</span><span style=\"color:#c0c5ce;\">-&gt;</span><span style=\"color:#bf616a;\">fa </span><span style=\"color:#c0c5ce;\">= u;\n</span><span style=\"color:#c0c5ce;\">            </span><span style=\"color:#8fa1b3;\">dfs</span><span style=\"color:#c0c5ce;\">(e-&gt;</span><span style=\"color:#bf616a;\">v</span><span style=\"color:#c0c5ce;\">);\n</span><span style=\"color:#c0c5ce;\">            u-&gt;</span><span style=\"color:#bf616a;\">circleCnt</span><span style=\"color:#c0c5ce;\">[</span><span style=\"color:#d08770;\">0</span><span style=\"color:#c0c5ce;\">] += e-&gt;</span><span style=\"color:#bf616a;\">v</span><span style=\"color:#c0c5ce;\">-&gt;</span><span style=\"color:#bf616a;\">circleCnt</span><span style=\"color:#c0c5ce;\">[</span><span style=\"color:#d08770;\">0</span><span style=\"color:#c0c5ce;\">];\n</span><span style=\"color:#c0c5ce;\">            u-&gt;</span><span style=\"color:#bf616a;\">circleCnt</span><span style=\"color:#c0c5ce;\">[</span><span style=\"color:#d08770;\">1</span><span style=\"color:#c0c5ce;\">] += e-&gt;</span><span style=\"color:#bf616a;\">v</span><span style=\"color:#c0c5ce;\">-&gt;</span><span style=\"color:#bf616a;\">circleCnt</span><span style=\"color:#c0c5ce;\">[</span><span style=\"color:#d08770;\">1</span><span style=\"color:#c0c5ce;\">];\n</span><span style=\"color:#c0c5ce;\">        } </span><span style=\"color:#b48ead;\">else </span><span style=\"color:#c0c5ce;\">{\n</span><span style=\"color:#c0c5ce;\">            </span><span style=\"color:#b48ead;\">if </span><span style=\"color:#c0c5ce;\">(e-&gt;</span><span style=\"color:#bf616a;\">v</span><span style=\"color:#c0c5ce;\">-&gt;</span><span style=\"color:#bf616a;\">deep </span><span style=\"color:#c0c5ce;\">&lt;= u-&gt;</span><span style=\"color:#bf616a;\">deep</span><span style=\"color:#c0c5ce;\">) {\n</span><span style=\"color:#c0c5ce;\">                </span><span style=\"color:#b48ead;\">int</span><span style=\"color:#c0c5ce;\"> x = ((u-&gt;</span><span style=\"color:#bf616a;\">deep </span><span style=\"color:#c0c5ce;\">- e-&gt;</span><span style=\"color:#bf616a;\">v</span><span style=\"color:#c0c5ce;\">-&gt;</span><span style=\"color:#bf616a;\">deep</span><span style=\"color:#c0c5ce;\">) &amp; </span><span style=\"color:#d08770;\">1</span><span style=\"color:#c0c5ce;\">) ^ </span><span style=\"color:#d08770;\">1</span><span style=\"color:#c0c5ce;\">;\n</span><span style=\"color:#c0c5ce;\">                u-&gt;</span><span style=\"color:#bf616a;\">circleCnt</span><span style=\"color:#c0c5ce;\">[x]++;\n</span><span style=\"color:#c0c5ce;\">                e-&gt;</span><span style=\"color:#bf616a;\">v</span><span style=\"color:#c0c5ce;\">-&gt;</span><span style=\"color:#bf616a;\">circleCnt</span><span style=\"color:#c0c5ce;\">[x]--;\n</span><span style=\"color:#c0c5ce;\">                circleCnt[x]++;\n</span><span style=\"color:#c0c5ce;\">            }\n</span><span style=\"color:#c0c5ce;\">        }\n</span><span style=\"color:#c0c5ce;\">    }\n</span><span style=\"color:#c0c5ce;\">}\n</span><span style=\"color:#b48ead;\">int </span><span style=\"color:#8fa1b3;\">main</span><span style=\"color:#c0c5ce;\">() {\n</span><span style=\"color:#c0c5ce;\">    </span><span style=\"color:#96b5b4;\">scanf</span><span style=\"color:#c0c5ce;\">(&quot;</span><span style=\"color:#d08770;\">%d %d</span><span style=\"color:#c0c5ce;\">&quot;, &amp;n, &amp;m);\n</span><span style=\"color:#c0c5ce;\">    </span><span style=\"color:#b48ead;\">while </span><span style=\"color:#c0c5ce;\">(m--) {\n</span><span style=\"color:#c0c5ce;\">        </span><span style=\"color:#b48ead;\">int</span><span style=\"color:#c0c5ce;\"> u, v;\n</span><span style=\"color:#c0c5ce;\">        </span><span style=\"color:#96b5b4;\">scanf</span><span style=\"color:#c0c5ce;\">(&quot;</span><span style=\"color:#d08770;\">%d %d</span><span style=\"color:#c0c5ce;\">&quot;, &amp;u, &amp;v);\n</span><span style=\"color:#c0c5ce;\">        </span><span style=\"color:#8fa1b3;\">addEdge</span><span style=\"color:#c0c5ce;\">(u, v);\n</span><span style=\"color:#c0c5ce;\">    }\n</span><span style=\"color:#c0c5ce;\">    </span><span style=\"color:#b48ead;\">for </span><span style=\"color:#c0c5ce;\">(</span><span style=\"color:#b48ead;\">int</span><span style=\"color:#c0c5ce;\"> i = </span><span style=\"color:#d08770;\">1</span><span style=\"color:#c0c5ce;\">; i &lt;= n; i++) {\n</span><span style=\"color:#c0c5ce;\">        </span><span style=\"color:#b48ead;\">if </span><span style=\"color:#c0c5ce;\">(N[i].</span><span style=\"color:#bf616a;\">deep </span><span style=\"color:#c0c5ce;\">== </span><span style=\"color:#d08770;\">0</span><span style=\"color:#c0c5ce;\">) {\n</span><span style=\"color:#c0c5ce;\">            N[i].</span><span style=\"color:#bf616a;\">deep </span><span style=\"color:#c0c5ce;\">= </span><span style=\"color:#d08770;\">1</span><span style=\"color:#c0c5ce;\">;\n</span><span style=\"color:#c0c5ce;\">            </span><span style=\"color:#8fa1b3;\">dfs</span><span style=\"color:#c0c5ce;\">(&amp;N[i]);\n</span><span style=\"color:#c0c5ce;\">        }\n</span><span style=\"color:#c0c5ce;\">    }\n</span><span style=\"color:#c0c5ce;\">    </span><span style=\"color:#b48ead;\">int</span><span style=\"color:#c0c5ce;\"> ans = </span><span style=\"color:#d08770;\">0</span><span style=\"color:#c0c5ce;\">;\n</span><span style=\"color:#c0c5ce;\">    </span><span style=\"color:#b48ead;\">for </span><span style=\"color:#c0c5ce;\">(</span><span style=\"color:#b48ead;\">int</span><span style=\"color:#c0c5ce;\"> i = </span><span style=\"color:#d08770;\">1</span><span style=\"color:#c0c5ce;\">; i &lt;= n; i++) {\n</span><span style=\"color:#c0c5ce;\">        </span><span style=\"color:#b48ead;\">if </span><span style=\"color:#c0c5ce;\">(N[i].</span><span style=\"color:#bf616a;\">fa </span><span style=\"color:#c0c5ce;\">&amp;&amp; N[i].</span><span style=\"color:#bf616a;\">circleCnt</span><span style=\"color:#c0c5ce;\">[</span><span style=\"color:#d08770;\">0</span><span style=\"color:#c0c5ce;\">] == </span><span style=\"color:#d08770;\">0 \n</span><span style=\"color:#c0c5ce;\">            &amp;&amp; N[i].</span><span style=\"color:#bf616a;\">circleCnt</span><span style=\"color:#c0c5ce;\">[</span><span style=\"color:#d08770;\">1</span><span style=\"color:#c0c5ce;\">] == circleCnt[</span><span style=\"color:#d08770;\">1</span><span style=\"color:#c0c5ce;\">]) ans++;\n</span><span style=\"color:#c0c5ce;\">    }\n</span><span style=\"color:#c0c5ce;\">    </span><span style=\"color:#b48ead;\">if </span><span style=\"color:#c0c5ce;\">(circleCnt[</span><span style=\"color:#d08770;\">1</span><span style=\"color:#c0c5ce;\">] == </span><span style=\"color:#d08770;\">1</span><span style=\"color:#c0c5ce;\">) ans++;\n</span><span style=\"color:#c0c5ce;\">    </span><span style=\"color:#96b5b4;\">printf</span><span style=\"color:#c0c5ce;\">(&quot;</span><span style=\"color:#d08770;\">%d</span><span style=\"color:#96b5b4;\">\\n</span><span style=\"color:#c0c5ce;\">&quot;, ans);\n</span><span style=\"color:#c0c5ce;\">    </span><span style=\"color:#b48ead;\">return </span><span style=\"color:#d08770;\">0</span><span style=\"color:#c0c5ce;\">;\n</span><span style=\"color:#c0c5ce;\">}\n</span>\n</code></pre>\n"}