{"title":"[HNOI 2007] 紧急疏散","tags":["网络流","二分"],"create_time":1490994042,"last_modified":1596712392,"toc":"<ol><li><a href=\"#题目大意\">题目大意</a></li><li><a href=\"#题目链接\">题目链接</a></li><li><a href=\"#题解\">题解</a></li><li><a href=\"#代码\">代码</a></li>","html":"<h2><a href=\"#题目大意\" aria-hidden=\"true\" class=\"anchor\" id=\"题目大意\"></a>题目大意</h2>\n<p>假设每个房间是一个 <span class=\"katex\"><span class=\"katex-mathml\"><math xmlns=\"http://www.w3.org/1998/Math/MathML\"><semantics><mrow><mi>N</mi><mo>×</mo><mi>M</mi></mrow><annotation encoding=\"application/x-tex\">N \\times M</annotation></semantics></math></span><span class=\"katex-html\" aria-hidden=\"true\"><span class=\"base\"><span class=\"strut\" style=\"height:0.7667em;vertical-align:-0.0833em;\"></span><span class=\"mord mathnormal\" style=\"margin-right:0.10903em;\">N</span><span class=\"mspace\" style=\"margin-right:0.2222em;\"></span><span class=\"mbin\">×</span><span class=\"mspace\" style=\"margin-right:0.2222em;\"></span></span><span class=\"base\"><span class=\"strut\" style=\"height:0.6833em;\"></span><span class=\"mord mathnormal\" style=\"margin-right:0.10903em;\">M</span></span></span></span> 的矩形区域。每个格子如果是 <code>.</code> ，那么表示这是一块空地；如果是 <code>X</code>，那么表示这是一面墙，如果是 <code>D</code>，那么表示这是一扇门，人们可以从这儿撤出房间。已知门一定在房间的边界上，并且边界上不会有空地。最初，每块空地上都有一个人，在疏散时，每一秒钟每个人都可以向上下左右四个方向移动一格，当然他也可以站着不动。疏散开始后，每块空地上可以同时站无数个人。但是，每一秒钟只能有一个人移动到门的位置，一旦移动到门的位置，就表示他已经安全撤离了。</p>\n<p>如果希望所有的人安全撤离，最短需要多少时间？或者告知根本不可能。</p>\n<p><span class=\"katex\"><span class=\"katex-mathml\"><math xmlns=\"http://www.w3.org/1998/Math/MathML\"><semantics><mrow><mn>3</mn><mo>⩽</mo><mi>N</mi><mo separator=\"true\">,</mo><mtext> </mtext><mi>M</mi><mo>⩽</mo><mn>20</mn></mrow><annotation encoding=\"application/x-tex\">3 \\leqslant N, \\ M \\leqslant 20</annotation></semantics></math></span><span class=\"katex-html\" aria-hidden=\"true\"><span class=\"base\"><span class=\"strut\" style=\"height:0.7811em;vertical-align:-0.1367em;\"></span><span class=\"mord\">3</span><span class=\"mspace\" style=\"margin-right:0.2778em;\"></span><span class=\"mrel amsrm\">⩽</span><span class=\"mspace\" style=\"margin-right:0.2778em;\"></span></span><span class=\"base\"><span class=\"strut\" style=\"height:0.8778em;vertical-align:-0.1944em;\"></span><span class=\"mord mathnormal\" style=\"margin-right:0.10903em;\">N</span><span class=\"mpunct\">,</span><span class=\"mspace\"> </span><span class=\"mspace\" style=\"margin-right:0.1667em;\"></span><span class=\"mord mathnormal\" style=\"margin-right:0.10903em;\">M</span><span class=\"mspace\" style=\"margin-right:0.2778em;\"></span><span class=\"mrel amsrm\">⩽</span><span class=\"mspace\" style=\"margin-right:0.2778em;\"></span></span><span class=\"base\"><span class=\"strut\" style=\"height:0.6444em;\"></span><span class=\"mord\">20</span></span></span></span></p>\n<h2><a href=\"#题目链接\" aria-hidden=\"true\" class=\"anchor\" id=\"题目链接\"></a>题目链接</h2>\n<p><a href=\"https://www.luogu.com.cn/problem/P3191\">【HNOI 2007】紧急疏散 - Luogu 3191</a></p>\n<!-- more -->\n<h2><a href=\"#题解\" aria-hidden=\"true\" class=\"anchor\" id=\"题解\"></a>题解</h2>\n<p>二分答案 + 网络流判断可行。</p>\n<p>在建图的时候，要注意一些细节。对于要检查的时间 <span class=\"katex\"><span class=\"katex-mathml\"><math xmlns=\"http://www.w3.org/1998/Math/MathML\"><semantics><mrow><mi>t</mi></mrow><annotation encoding=\"application/x-tex\">t</annotation></semantics></math></span><span class=\"katex-html\" aria-hidden=\"true\"><span class=\"base\"><span class=\"strut\" style=\"height:0.6151em;\"></span><span class=\"mord mathnormal\">t</span></span></span></span>，我们对于每一个空地，从源点向其建一条容量为 <span class=\"katex\"><span class=\"katex-mathml\"><math xmlns=\"http://www.w3.org/1998/Math/MathML\"><semantics><mrow><mn>1</mn></mrow><annotation encoding=\"application/x-tex\">1</annotation></semantics></math></span><span class=\"katex-html\" aria-hidden=\"true\"><span class=\"base\"><span class=\"strut\" style=\"height:0.6444em;\"></span><span class=\"mord\">1</span></span></span></span> 的边；对于每一个门，拆成 <span class=\"katex\"><span class=\"katex-mathml\"><math xmlns=\"http://www.w3.org/1998/Math/MathML\"><semantics><mrow><mi>t</mi></mrow><annotation encoding=\"application/x-tex\">t</annotation></semantics></math></span><span class=\"katex-html\" aria-hidden=\"true\"><span class=\"base\"><span class=\"strut\" style=\"height:0.6151em;\"></span><span class=\"mord mathnormal\">t</span></span></span></span> 个点，每一个点向汇点建一条容量为 <span class=\"katex\"><span class=\"katex-mathml\"><math xmlns=\"http://www.w3.org/1998/Math/MathML\"><semantics><mrow><mn>1</mn></mrow><annotation encoding=\"application/x-tex\">1</annotation></semantics></math></span><span class=\"katex-html\" aria-hidden=\"true\"><span class=\"base\"><span class=\"strut\" style=\"height:0.6444em;\"></span><span class=\"mord\">1</span></span></span></span> 的边；对于每一个空地，向此时它能到的门的对应时间的点建一条容量为 <span class=\"katex\"><span class=\"katex-mathml\"><math xmlns=\"http://www.w3.org/1998/Math/MathML\"><semantics><mrow><mn>1</mn></mrow><annotation encoding=\"application/x-tex\">1</annotation></semantics></math></span><span class=\"katex-html\" aria-hidden=\"true\"><span class=\"base\"><span class=\"strut\" style=\"height:0.6444em;\"></span><span class=\"mord\">1</span></span></span></span> 的边（要向最早到达时间及以后时间的点连边，最短时间可由 bfs 求得），跑一遍最大流就是时间 <span class=\"katex\"><span class=\"katex-mathml\"><math xmlns=\"http://www.w3.org/1998/Math/MathML\"><semantics><mrow><mi>t</mi></mrow><annotation encoding=\"application/x-tex\">t</annotation></semantics></math></span><span class=\"katex-html\" aria-hidden=\"true\"><span class=\"base\"><span class=\"strut\" style=\"height:0.6151em;\"></span><span class=\"mord mathnormal\">t</span></span></span></span> 下最多能逃离的人数。网上我看到的大部分题解在建图时都没有对门拆点，而是直接从门向汇点建一条容量为<span class=\"katex\"><span class=\"katex-mathml\"><math xmlns=\"http://www.w3.org/1998/Math/MathML\"><semantics><mrow><mi>t</mi></mrow><annotation encoding=\"application/x-tex\">t</annotation></semantics></math></span><span class=\"katex-html\" aria-hidden=\"true\"><span class=\"base\"><span class=\"strut\" style=\"height:0.6151em;\"></span><span class=\"mord mathnormal\">t</span></span></span></span>的边，这种方法用下面这个数据就能叉掉：</p>\n<pre style=\"background-color:#2b303b;\"><code>\n<span style=\"color:#c0c5ce;\">4 5\n</span><span style=\"color:#c0c5ce;\">XXDXX\n</span><span style=\"color:#c0c5ce;\">XX.XX\n</span><span style=\"color:#c0c5ce;\">X...X\n</span><span style=\"color:#c0c5ce;\">XXDXX\n</span>\n</code></pre>\n<p>这组数据的答案为 <span class=\"katex\"><span class=\"katex-mathml\"><math xmlns=\"http://www.w3.org/1998/Math/MathML\"><semantics><mrow><mn>3</mn></mrow><annotation encoding=\"application/x-tex\">3</annotation></semantics></math></span><span class=\"katex-html\" aria-hidden=\"true\"><span class=\"base\"><span class=\"strut\" style=\"height:0.6444em;\"></span><span class=\"mord\">3</span></span></span></span>，用不拆点的方法建图得到的答案是 <span class=\"katex\"><span class=\"katex-mathml\"><math xmlns=\"http://www.w3.org/1998/Math/MathML\"><semantics><mrow><mn>2</mn></mrow><annotation encoding=\"application/x-tex\">2</annotation></semantics></math></span><span class=\"katex-html\" aria-hidden=\"true\"><span class=\"base\"><span class=\"strut\" style=\"height:0.6444em;\"></span><span class=\"mord\">2</span></span></span></span>。。。</p>\n<h2><a href=\"#代码\" aria-hidden=\"true\" class=\"anchor\" id=\"代码\"></a>代码</h2>\n<p>对点的编号纠结了相当长的时间，之后又由于码力太差，调了一下午。。。</p>\n<pre style=\"background-color:#2b303b;\"><code class=\"language-cpp\">\n<span style=\"color:#b48ead;\">#include </span><span style=\"color:#c0c5ce;\">&lt;</span><span style=\"color:#a3be8c;\">cstdio</span><span style=\"color:#c0c5ce;\">&gt;\n</span><span style=\"color:#b48ead;\">#include </span><span style=\"color:#c0c5ce;\">&lt;</span><span style=\"color:#a3be8c;\">climits</span><span style=\"color:#c0c5ce;\">&gt;\n</span><span style=\"color:#b48ead;\">#include </span><span style=\"color:#c0c5ce;\">&lt;</span><span style=\"color:#a3be8c;\">vector</span><span style=\"color:#c0c5ce;\">&gt;\n</span><span style=\"color:#b48ead;\">#include </span><span style=\"color:#c0c5ce;\">&lt;</span><span style=\"color:#a3be8c;\">queue</span><span style=\"color:#c0c5ce;\">&gt;\n</span><span style=\"color:#b48ead;\">#include </span><span style=\"color:#c0c5ce;\">&lt;</span><span style=\"color:#a3be8c;\">algorithm</span><span style=\"color:#c0c5ce;\">&gt;\n</span><span style=\"color:#65737e;\">// #define DBG\n</span><span style=\"color:#b48ead;\">const int</span><span style=\"color:#c0c5ce;\"> MAXN = </span><span style=\"color:#d08770;\">20</span><span style=\"color:#c0c5ce;\">;\n</span><span style=\"color:#b48ead;\">int</span><span style=\"color:#c0c5ce;\"> g[MAXN + </span><span style=\"color:#d08770;\">1</span><span style=\"color:#c0c5ce;\">][MAXN + </span><span style=\"color:#d08770;\">1</span><span style=\"color:#c0c5ce;\">];\n</span><span style=\"color:#b48ead;\">struct </span><span style=\"color:#c0c5ce;\">Edge;\n</span><span style=\"color:#b48ead;\">struct </span><span style=\"color:#c0c5ce;\">Node {\n</span><span style=\"color:#c0c5ce;\">\tstd::vector&lt;Edge *&gt; E;\n</span><span style=\"color:#c0c5ce;\">\tstd::vector&lt;Edge *&gt;::iterator currEdge;\n</span><span style=\"color:#c0c5ce;\">\t</span><span style=\"color:#b48ead;\">int</span><span style=\"color:#c0c5ce;\"> level;\n</span><span style=\"color:#c0c5ce;\">} N[</span><span style=\"color:#d08770;\">2 </span><span style=\"color:#c0c5ce;\">+ MAXN * MAXN + MAXN * MAXN * MAXN * MAXN];\n</span><span style=\"color:#b48ead;\">struct </span><span style=\"color:#c0c5ce;\">Edge {\n</span><span style=\"color:#c0c5ce;\">\tNode *u, *v;\n</span><span style=\"color:#c0c5ce;\">\tEdge *revEdge;\n</span><span style=\"color:#c0c5ce;\">\t</span><span style=\"color:#b48ead;\">int</span><span style=\"color:#c0c5ce;\"> cap, flow;\n</span><span style=\"color:#c0c5ce;\">\t</span><span style=\"color:#8fa1b3;\">Edge</span><span style=\"color:#c0c5ce;\">(Node *</span><span style=\"color:#bf616a;\">u</span><span style=\"color:#c0c5ce;\">, Node *</span><span style=\"color:#bf616a;\">v</span><span style=\"color:#c0c5ce;\">, </span><span style=\"color:#b48ead;\">int </span><span style=\"color:#bf616a;\">cap</span><span style=\"color:#c0c5ce;\">) : </span><span style=\"color:#bf616a;\">u</span><span style=\"color:#c0c5ce;\">(u), </span><span style=\"color:#bf616a;\">v</span><span style=\"color:#c0c5ce;\">(v), </span><span style=\"color:#bf616a;\">cap</span><span style=\"color:#c0c5ce;\">(cap), </span><span style=\"color:#bf616a;\">flow</span><span style=\"color:#c0c5ce;\">(</span><span style=\"color:#d08770;\">0</span><span style=\"color:#c0c5ce;\">) {}\n</span><span style=\"color:#c0c5ce;\">};\n</span><span style=\"color:#b48ead;\">void </span><span style=\"color:#8fa1b3;\">addEdge</span><span style=\"color:#c0c5ce;\">(</span><span style=\"color:#b48ead;\">int </span><span style=\"color:#bf616a;\">u</span><span style=\"color:#c0c5ce;\">, </span><span style=\"color:#b48ead;\">int </span><span style=\"color:#bf616a;\">v</span><span style=\"color:#c0c5ce;\">, </span><span style=\"color:#b48ead;\">int </span><span style=\"color:#bf616a;\">cap </span><span style=\"color:#c0c5ce;\">= </span><span style=\"color:#d08770;\">1</span><span style=\"color:#c0c5ce;\">) {\n</span><span style=\"color:#b48ead;\">#ifdef</span><span style=\"color:#c0c5ce;\"> DBG\n</span><span style=\"color:#c0c5ce;\">\t</span><span style=\"color:#96b5b4;\">printf</span><span style=\"color:#c0c5ce;\">(&quot;</span><span style=\"color:#a3be8c;\">edge: </span><span style=\"color:#d08770;\">%d</span><span style=\"color:#a3be8c;\"> --&gt; </span><span style=\"color:#d08770;\">%d</span><span style=\"color:#96b5b4;\">\\n</span><span style=\"color:#c0c5ce;\">&quot;, u, v);\n</span><span style=\"color:#b48ead;\">#endif\t\n</span><span style=\"color:#c0c5ce;\">\tEdge *a = </span><span style=\"color:#b48ead;\">new </span><span style=\"color:#8fa1b3;\">Edge</span><span style=\"color:#c0c5ce;\">(&amp;N[u], &amp;N[v], cap);\n</span><span style=\"color:#c0c5ce;\">\tEdge *b = </span><span style=\"color:#b48ead;\">new </span><span style=\"color:#8fa1b3;\">Edge</span><span style=\"color:#c0c5ce;\">(&amp;N[v], &amp;N[u], </span><span style=\"color:#d08770;\">0</span><span style=\"color:#c0c5ce;\">);\n</span><span style=\"color:#c0c5ce;\">\ta-&gt;</span><span style=\"color:#bf616a;\">revEdge </span><span style=\"color:#c0c5ce;\">= b;\n</span><span style=\"color:#c0c5ce;\">\tb-&gt;</span><span style=\"color:#bf616a;\">revEdge </span><span style=\"color:#c0c5ce;\">= a;\n</span><span style=\"color:#c0c5ce;\">\tN[u].</span><span style=\"color:#bf616a;\">E</span><span style=\"color:#c0c5ce;\">.</span><span style=\"color:#8fa1b3;\">push_back</span><span style=\"color:#c0c5ce;\">(a);\n</span><span style=\"color:#c0c5ce;\">\tN[v].</span><span style=\"color:#bf616a;\">E</span><span style=\"color:#c0c5ce;\">.</span><span style=\"color:#8fa1b3;\">push_back</span><span style=\"color:#c0c5ce;\">(b);\n</span><span style=\"color:#c0c5ce;\">}\n</span><span style=\"color:#b48ead;\">struct </span><span style=\"color:#c0c5ce;\">Dinic {\n</span><span style=\"color:#c0c5ce;\">\t</span><span style=\"color:#b48ead;\">bool </span><span style=\"color:#8fa1b3;\">makeLevelGraph</span><span style=\"color:#c0c5ce;\">(Node *</span><span style=\"color:#bf616a;\">s</span><span style=\"color:#c0c5ce;\">, Node *</span><span style=\"color:#bf616a;\">t</span><span style=\"color:#c0c5ce;\">, </span><span style=\"color:#b48ead;\">int </span><span style=\"color:#bf616a;\">n</span><span style=\"color:#c0c5ce;\">) {\n</span><span style=\"color:#c0c5ce;\">\t\t</span><span style=\"color:#b48ead;\">for </span><span style=\"color:#c0c5ce;\">(</span><span style=\"color:#b48ead;\">int</span><span style=\"color:#c0c5ce;\"> i = </span><span style=\"color:#d08770;\">0</span><span style=\"color:#c0c5ce;\">; i &lt; n; i++) N[i].</span><span style=\"color:#bf616a;\">level </span><span style=\"color:#c0c5ce;\">= </span><span style=\"color:#d08770;\">0</span><span style=\"color:#c0c5ce;\">;\n</span><span style=\"color:#c0c5ce;\">\t\ts-&gt;</span><span style=\"color:#bf616a;\">level </span><span style=\"color:#c0c5ce;\">= </span><span style=\"color:#d08770;\">1</span><span style=\"color:#c0c5ce;\">;\n</span><span style=\"color:#c0c5ce;\">\t\tstd::queue&lt;Node *&gt; q;\n</span><span style=\"color:#c0c5ce;\">\t\tq.</span><span style=\"color:#8fa1b3;\">push</span><span style=\"color:#c0c5ce;\">(s);\n</span><span style=\"color:#c0c5ce;\">\t\t</span><span style=\"color:#b48ead;\">while </span><span style=\"color:#c0c5ce;\">(!q.</span><span style=\"color:#8fa1b3;\">empty</span><span style=\"color:#c0c5ce;\">()) {\n</span><span style=\"color:#c0c5ce;\">\t\t\tNode *u = q.</span><span style=\"color:#8fa1b3;\">front</span><span style=\"color:#c0c5ce;\">();\n</span><span style=\"color:#c0c5ce;\">\t\t\tq.</span><span style=\"color:#8fa1b3;\">pop</span><span style=\"color:#c0c5ce;\">();\n</span><span style=\"color:#c0c5ce;\">\t\t\t</span><span style=\"color:#b48ead;\">for </span><span style=\"color:#c0c5ce;\">(std::vector&lt;Edge *&gt;::iterator it = u-&gt;</span><span style=\"color:#bf616a;\">E</span><span style=\"color:#c0c5ce;\">.</span><span style=\"color:#8fa1b3;\">begin</span><span style=\"color:#c0c5ce;\">(); it != u-&gt;</span><span style=\"color:#bf616a;\">E</span><span style=\"color:#c0c5ce;\">.</span><span style=\"color:#8fa1b3;\">end</span><span style=\"color:#c0c5ce;\">(); it++) {\n</span><span style=\"color:#c0c5ce;\">\t\t\t\tEdge *e = *it;\n</span><span style=\"color:#c0c5ce;\">\t\t\t\t</span><span style=\"color:#b48ead;\">if </span><span style=\"color:#c0c5ce;\">(e-&gt;</span><span style=\"color:#bf616a;\">cap </span><span style=\"color:#c0c5ce;\">&gt; e-&gt;</span><span style=\"color:#bf616a;\">flow </span><span style=\"color:#c0c5ce;\">&amp;&amp; e-&gt;</span><span style=\"color:#bf616a;\">v</span><span style=\"color:#c0c5ce;\">-&gt;</span><span style=\"color:#bf616a;\">level </span><span style=\"color:#c0c5ce;\">== </span><span style=\"color:#d08770;\">0</span><span style=\"color:#c0c5ce;\">) {\n</span><span style=\"color:#c0c5ce;\">\t\t\t\t\te-&gt;</span><span style=\"color:#bf616a;\">v</span><span style=\"color:#c0c5ce;\">-&gt;</span><span style=\"color:#bf616a;\">level </span><span style=\"color:#c0c5ce;\">= u-&gt;</span><span style=\"color:#bf616a;\">level </span><span style=\"color:#c0c5ce;\">+ </span><span style=\"color:#d08770;\">1</span><span style=\"color:#c0c5ce;\">;\n</span><span style=\"color:#c0c5ce;\">\t\t\t\t\t</span><span style=\"color:#b48ead;\">if </span><span style=\"color:#c0c5ce;\">(e-&gt;</span><span style=\"color:#bf616a;\">v </span><span style=\"color:#c0c5ce;\">== t) </span><span style=\"color:#b48ead;\">return </span><span style=\"color:#d08770;\">true</span><span style=\"color:#c0c5ce;\">;\n</span><span style=\"color:#c0c5ce;\">\t\t\t\t\tq.</span><span style=\"color:#8fa1b3;\">push</span><span style=\"color:#c0c5ce;\">(e-&gt;</span><span style=\"color:#bf616a;\">v</span><span style=\"color:#c0c5ce;\">);\n</span><span style=\"color:#c0c5ce;\">\t\t\t\t}\n</span><span style=\"color:#c0c5ce;\">\t\t\t}\n</span><span style=\"color:#c0c5ce;\">\t\t}\n</span><span style=\"color:#c0c5ce;\">\t\t</span><span style=\"color:#b48ead;\">return </span><span style=\"color:#d08770;\">false</span><span style=\"color:#c0c5ce;\">;\n</span><span style=\"color:#c0c5ce;\">\t}\n</span><span style=\"color:#c0c5ce;\">\t</span><span style=\"color:#b48ead;\">int </span><span style=\"color:#8fa1b3;\">findPath</span><span style=\"color:#c0c5ce;\">(Node *</span><span style=\"color:#bf616a;\">s</span><span style=\"color:#c0c5ce;\">, Node *</span><span style=\"color:#bf616a;\">t</span><span style=\"color:#c0c5ce;\">, </span><span style=\"color:#b48ead;\">int </span><span style=\"color:#bf616a;\">limit </span><span style=\"color:#c0c5ce;\">= INT_MAX) {\n</span><span style=\"color:#c0c5ce;\">\t\t</span><span style=\"color:#b48ead;\">if </span><span style=\"color:#c0c5ce;\">(s == t) </span><span style=\"color:#b48ead;\">return</span><span style=\"color:#c0c5ce;\"> limit;\n</span><span style=\"color:#c0c5ce;\">\t\t</span><span style=\"color:#b48ead;\">for </span><span style=\"color:#c0c5ce;\">(std::vector&lt;Edge *&gt;::iterator &amp;it = s-&gt;</span><span style=\"color:#bf616a;\">currEdge</span><span style=\"color:#c0c5ce;\">; it != s-&gt;</span><span style=\"color:#bf616a;\">E</span><span style=\"color:#c0c5ce;\">.</span><span style=\"color:#8fa1b3;\">end</span><span style=\"color:#c0c5ce;\">(); it++) {\n</span><span style=\"color:#c0c5ce;\">\t\t\tEdge *e = *it;\n</span><span style=\"color:#c0c5ce;\">\t\t\t</span><span style=\"color:#b48ead;\">if </span><span style=\"color:#c0c5ce;\">(e-&gt;</span><span style=\"color:#bf616a;\">cap </span><span style=\"color:#c0c5ce;\">&gt; e-&gt;</span><span style=\"color:#bf616a;\">flow </span><span style=\"color:#c0c5ce;\">&amp;&amp; e-&gt;</span><span style=\"color:#bf616a;\">v</span><span style=\"color:#c0c5ce;\">-&gt;</span><span style=\"color:#bf616a;\">level </span><span style=\"color:#c0c5ce;\">== s-&gt;</span><span style=\"color:#bf616a;\">level </span><span style=\"color:#c0c5ce;\">+ </span><span style=\"color:#d08770;\">1</span><span style=\"color:#c0c5ce;\">) {\n</span><span style=\"color:#c0c5ce;\">\t\t\t\t</span><span style=\"color:#b48ead;\">int</span><span style=\"color:#c0c5ce;\"> flow = </span><span style=\"color:#8fa1b3;\">findPath</span><span style=\"color:#c0c5ce;\">(e-&gt;</span><span style=\"color:#bf616a;\">v</span><span style=\"color:#c0c5ce;\">, t, </span><span style=\"color:#8fa1b3;\">std::min</span><span style=\"color:#c0c5ce;\">(limit, e-&gt;</span><span style=\"color:#bf616a;\">cap </span><span style=\"color:#c0c5ce;\">- e-&gt;</span><span style=\"color:#bf616a;\">flow</span><span style=\"color:#c0c5ce;\">));\n</span><span style=\"color:#c0c5ce;\">\t\t\t\t</span><span style=\"color:#b48ead;\">if </span><span style=\"color:#c0c5ce;\">(flow &gt; </span><span style=\"color:#d08770;\">0</span><span style=\"color:#c0c5ce;\">) {\n</span><span style=\"color:#c0c5ce;\">\t\t\t\t\te-&gt;</span><span style=\"color:#bf616a;\">flow </span><span style=\"color:#c0c5ce;\">+= flow;\n</span><span style=\"color:#c0c5ce;\">\t\t\t\t\te-&gt;</span><span style=\"color:#bf616a;\">revEdge</span><span style=\"color:#c0c5ce;\">-&gt;</span><span style=\"color:#bf616a;\">flow </span><span style=\"color:#c0c5ce;\">-= flow;\n</span><span style=\"color:#c0c5ce;\">\t\t\t\t\t</span><span style=\"color:#b48ead;\">return</span><span style=\"color:#c0c5ce;\"> flow;\n</span><span style=\"color:#c0c5ce;\">\t\t\t\t}\n</span><span style=\"color:#c0c5ce;\">\t\t\t}\n</span><span style=\"color:#c0c5ce;\">\t\t}\n</span><span style=\"color:#c0c5ce;\">\t\t</span><span style=\"color:#b48ead;\">return </span><span style=\"color:#d08770;\">0</span><span style=\"color:#c0c5ce;\">;\n</span><span style=\"color:#c0c5ce;\">\t}\n</span><span style=\"color:#c0c5ce;\">\t</span><span style=\"color:#b48ead;\">int </span><span style=\"color:#8fa1b3;\">operator()</span><span style=\"color:#c0c5ce;\">(</span><span style=\"color:#b48ead;\">int </span><span style=\"color:#bf616a;\">s</span><span style=\"color:#c0c5ce;\">, </span><span style=\"color:#b48ead;\">int </span><span style=\"color:#bf616a;\">t</span><span style=\"color:#c0c5ce;\">, </span><span style=\"color:#b48ead;\">int </span><span style=\"color:#bf616a;\">n</span><span style=\"color:#c0c5ce;\">) {\n</span><span style=\"color:#c0c5ce;\">\t\t</span><span style=\"color:#b48ead;\">int</span><span style=\"color:#c0c5ce;\"> res = </span><span style=\"color:#d08770;\">0</span><span style=\"color:#c0c5ce;\">;\n</span><span style=\"color:#c0c5ce;\">\t\t</span><span style=\"color:#b48ead;\">while </span><span style=\"color:#c0c5ce;\">(</span><span style=\"color:#8fa1b3;\">makeLevelGraph</span><span style=\"color:#c0c5ce;\">(&amp;N[s], &amp;N[t], n)) {\n</span><span style=\"color:#c0c5ce;\">\t\t\t</span><span style=\"color:#b48ead;\">for </span><span style=\"color:#c0c5ce;\">(</span><span style=\"color:#b48ead;\">int</span><span style=\"color:#c0c5ce;\"> i = </span><span style=\"color:#d08770;\">0</span><span style=\"color:#c0c5ce;\">; i &lt; n; i++) N[i].</span><span style=\"color:#bf616a;\">currEdge </span><span style=\"color:#c0c5ce;\">= N[i].</span><span style=\"color:#bf616a;\">E</span><span style=\"color:#c0c5ce;\">.</span><span style=\"color:#8fa1b3;\">begin</span><span style=\"color:#c0c5ce;\">();\n</span><span style=\"color:#c0c5ce;\">\t\t\t</span><span style=\"color:#b48ead;\">int</span><span style=\"color:#c0c5ce;\"> flow = </span><span style=\"color:#d08770;\">0</span><span style=\"color:#c0c5ce;\">;\n</span><span style=\"color:#c0c5ce;\">\t\t\t</span><span style=\"color:#b48ead;\">while </span><span style=\"color:#c0c5ce;\">((flow = </span><span style=\"color:#8fa1b3;\">findPath</span><span style=\"color:#c0c5ce;\">(&amp;N[s], &amp;N[t])) &gt; </span><span style=\"color:#d08770;\">0</span><span style=\"color:#c0c5ce;\">) res += flow;\n</span><span style=\"color:#c0c5ce;\">\t\t}\n</span><span style=\"color:#c0c5ce;\">\t\t</span><span style=\"color:#b48ead;\">return</span><span style=\"color:#c0c5ce;\"> res;\n</span><span style=\"color:#c0c5ce;\">\t}\n</span><span style=\"color:#c0c5ce;\">} dinic;\n</span><span style=\"color:#b48ead;\">int</span><span style=\"color:#c0c5ce;\"> n, m;\n</span><span style=\"color:#b48ead;\">struct </span><span style=\"color:#c0c5ce;\">Point {\n</span><span style=\"color:#c0c5ce;\">\t</span><span style=\"color:#b48ead;\">int</span><span style=\"color:#c0c5ce;\"> x, y, d;\n</span><span style=\"color:#c0c5ce;\">\t</span><span style=\"color:#8fa1b3;\">Point</span><span style=\"color:#c0c5ce;\">(</span><span style=\"color:#b48ead;\">int </span><span style=\"color:#bf616a;\">x</span><span style=\"color:#c0c5ce;\">, </span><span style=\"color:#b48ead;\">int </span><span style=\"color:#bf616a;\">y</span><span style=\"color:#c0c5ce;\">, </span><span style=\"color:#b48ead;\">int </span><span style=\"color:#bf616a;\">d</span><span style=\"color:#c0c5ce;\">) : </span><span style=\"color:#bf616a;\">x</span><span style=\"color:#c0c5ce;\">(x), </span><span style=\"color:#bf616a;\">y</span><span style=\"color:#c0c5ce;\">(y), </span><span style=\"color:#bf616a;\">d</span><span style=\"color:#c0c5ce;\">(d) {}\n</span><span style=\"color:#c0c5ce;\">};\n</span><span style=\"color:#b48ead;\">const int</span><span style=\"color:#c0c5ce;\"> dx[</span><span style=\"color:#d08770;\">4</span><span style=\"color:#c0c5ce;\">] = {</span><span style=\"color:#d08770;\">0</span><span style=\"color:#c0c5ce;\">, </span><span style=\"color:#d08770;\">0</span><span style=\"color:#c0c5ce;\">, </span><span style=\"color:#d08770;\">1</span><span style=\"color:#c0c5ce;\">, -</span><span style=\"color:#d08770;\">1</span><span style=\"color:#c0c5ce;\">}, dy[</span><span style=\"color:#d08770;\">4</span><span style=\"color:#c0c5ce;\">] = {</span><span style=\"color:#d08770;\">1</span><span style=\"color:#c0c5ce;\">, -</span><span style=\"color:#d08770;\">1</span><span style=\"color:#c0c5ce;\">, </span><span style=\"color:#d08770;\">0</span><span style=\"color:#c0c5ce;\">, </span><span style=\"color:#d08770;\">0</span><span style=\"color:#c0c5ce;\">};\n</span><span style=\"color:#b48ead;\">int</span><span style=\"color:#c0c5ce;\"> dist[MAXN * MAXN + </span><span style=\"color:#d08770;\">2</span><span style=\"color:#c0c5ce;\">][MAXN + </span><span style=\"color:#d08770;\">1</span><span style=\"color:#c0c5ce;\">][MAXN + </span><span style=\"color:#d08770;\">1</span><span style=\"color:#c0c5ce;\">], people, door = </span><span style=\"color:#d08770;\">1</span><span style=\"color:#c0c5ce;\">;\n</span><span style=\"color:#b48ead;\">bool </span><span style=\"color:#8fa1b3;\">isValid</span><span style=\"color:#c0c5ce;\">(</span><span style=\"color:#b48ead;\">const</span><span style=\"color:#c0c5ce;\"> Point &amp;</span><span style=\"color:#bf616a;\">p</span><span style=\"color:#c0c5ce;\">) {\n</span><span style=\"color:#c0c5ce;\">\t</span><span style=\"color:#b48ead;\">return</span><span style=\"color:#c0c5ce;\"> p.</span><span style=\"color:#bf616a;\">x </span><span style=\"color:#c0c5ce;\">&gt;= </span><span style=\"color:#d08770;\">1 </span><span style=\"color:#c0c5ce;\">&amp;&amp; p.</span><span style=\"color:#bf616a;\">x </span><span style=\"color:#c0c5ce;\">&lt;= n &amp;&amp; p.</span><span style=\"color:#bf616a;\">y </span><span style=\"color:#c0c5ce;\">&gt;= </span><span style=\"color:#d08770;\">1 </span><span style=\"color:#c0c5ce;\">&amp;&amp; p.</span><span style=\"color:#bf616a;\">y </span><span style=\"color:#c0c5ce;\">&lt;= m &amp;&amp; g[p.</span><span style=\"color:#bf616a;\">x</span><span style=\"color:#c0c5ce;\">][p.</span><span style=\"color:#bf616a;\">y</span><span style=\"color:#c0c5ce;\">] == </span><span style=\"color:#d08770;\">1</span><span style=\"color:#c0c5ce;\">;\n</span><span style=\"color:#c0c5ce;\">}\n</span><span style=\"color:#b48ead;\">void </span><span style=\"color:#8fa1b3;\">search</span><span style=\"color:#c0c5ce;\">(</span><span style=\"color:#b48ead;\">int </span><span style=\"color:#bf616a;\">k</span><span style=\"color:#c0c5ce;\">, </span><span style=\"color:#b48ead;\">int </span><span style=\"color:#bf616a;\">x</span><span style=\"color:#c0c5ce;\">, </span><span style=\"color:#b48ead;\">int </span><span style=\"color:#bf616a;\">y</span><span style=\"color:#c0c5ce;\">) {\n</span><span style=\"color:#c0c5ce;\">\tstd::queue&lt;Point&gt; q;\n</span><span style=\"color:#c0c5ce;\">\tq.</span><span style=\"color:#8fa1b3;\">push</span><span style=\"color:#c0c5ce;\">(</span><span style=\"color:#8fa1b3;\">Point</span><span style=\"color:#c0c5ce;\">(x, y, </span><span style=\"color:#d08770;\">0</span><span style=\"color:#c0c5ce;\">));\n</span><span style=\"color:#c0c5ce;\">\t</span><span style=\"color:#b48ead;\">while </span><span style=\"color:#c0c5ce;\">(!q.</span><span style=\"color:#8fa1b3;\">empty</span><span style=\"color:#c0c5ce;\">()) {\n</span><span style=\"color:#c0c5ce;\">\t\tPoint u = q.</span><span style=\"color:#8fa1b3;\">front</span><span style=\"color:#c0c5ce;\">();\n</span><span style=\"color:#c0c5ce;\">\t\tq.</span><span style=\"color:#8fa1b3;\">pop</span><span style=\"color:#c0c5ce;\">();\n</span><span style=\"color:#c0c5ce;\">\t\t</span><span style=\"color:#b48ead;\">for </span><span style=\"color:#c0c5ce;\">(</span><span style=\"color:#b48ead;\">int</span><span style=\"color:#c0c5ce;\"> i = </span><span style=\"color:#d08770;\">0</span><span style=\"color:#c0c5ce;\">; i &lt; </span><span style=\"color:#d08770;\">4</span><span style=\"color:#c0c5ce;\">; i++) {\n</span><span style=\"color:#c0c5ce;\">\t\t\tPoint </span><span style=\"color:#8fa1b3;\">v</span><span style=\"color:#c0c5ce;\">(u.</span><span style=\"color:#bf616a;\">x </span><span style=\"color:#c0c5ce;\">+ dx[i], u.</span><span style=\"color:#bf616a;\">y </span><span style=\"color:#c0c5ce;\">+ dy[i], </span><span style=\"color:#d08770;\">0</span><span style=\"color:#c0c5ce;\">);\n</span><span style=\"color:#c0c5ce;\">\t\t\t</span><span style=\"color:#b48ead;\">if </span><span style=\"color:#c0c5ce;\">(!</span><span style=\"color:#8fa1b3;\">isValid</span><span style=\"color:#c0c5ce;\">(v)) </span><span style=\"color:#b48ead;\">continue</span><span style=\"color:#c0c5ce;\">;\n</span><span style=\"color:#c0c5ce;\">\t\t\t</span><span style=\"color:#b48ead;\">if </span><span style=\"color:#c0c5ce;\">(dist[k][v.</span><span style=\"color:#bf616a;\">x</span><span style=\"color:#c0c5ce;\">][v.</span><span style=\"color:#bf616a;\">y</span><span style=\"color:#c0c5ce;\">] == INT_MAX) {\n</span><span style=\"color:#c0c5ce;\">\t\t\t\tdist[k][v.</span><span style=\"color:#bf616a;\">x</span><span style=\"color:#c0c5ce;\">][v.</span><span style=\"color:#bf616a;\">y</span><span style=\"color:#c0c5ce;\">] = u.</span><span style=\"color:#bf616a;\">d </span><span style=\"color:#c0c5ce;\">+ </span><span style=\"color:#d08770;\">1</span><span style=\"color:#c0c5ce;\">;\n</span><span style=\"color:#c0c5ce;\">\t\t\t\tq.</span><span style=\"color:#8fa1b3;\">push</span><span style=\"color:#c0c5ce;\">(</span><span style=\"color:#8fa1b3;\">Point</span><span style=\"color:#c0c5ce;\">(v.</span><span style=\"color:#bf616a;\">x</span><span style=\"color:#c0c5ce;\">, v.</span><span style=\"color:#bf616a;\">y</span><span style=\"color:#c0c5ce;\">, u.</span><span style=\"color:#bf616a;\">d </span><span style=\"color:#c0c5ce;\">+ </span><span style=\"color:#d08770;\">1</span><span style=\"color:#c0c5ce;\">));\n</span><span style=\"color:#c0c5ce;\">\t\t\t}\n</span><span style=\"color:#c0c5ce;\">\t\t}\n</span><span style=\"color:#c0c5ce;\">\t}\n</span><span style=\"color:#c0c5ce;\">}\n</span><span style=\"color:#b48ead;\">void </span><span style=\"color:#8fa1b3;\">clear</span><span style=\"color:#c0c5ce;\">(</span><span style=\"color:#b48ead;\">int </span><span style=\"color:#bf616a;\">n</span><span style=\"color:#c0c5ce;\">) {\n</span><span style=\"color:#c0c5ce;\">\t</span><span style=\"color:#b48ead;\">for </span><span style=\"color:#c0c5ce;\">(</span><span style=\"color:#b48ead;\">int</span><span style=\"color:#c0c5ce;\"> i = </span><span style=\"color:#d08770;\">0</span><span style=\"color:#c0c5ce;\">; i &lt; n; i++) N[i].</span><span style=\"color:#bf616a;\">E</span><span style=\"color:#c0c5ce;\">.</span><span style=\"color:#8fa1b3;\">clear</span><span style=\"color:#c0c5ce;\">();\n</span><span style=\"color:#c0c5ce;\">}\n</span><span style=\"color:#b48ead;\">void </span><span style=\"color:#8fa1b3;\">build</span><span style=\"color:#c0c5ce;\">(</span><span style=\"color:#b48ead;\">int </span><span style=\"color:#bf616a;\">N</span><span style=\"color:#c0c5ce;\">, </span><span style=\"color:#b48ead;\">int </span><span style=\"color:#bf616a;\">T</span><span style=\"color:#c0c5ce;\">, </span><span style=\"color:#b48ead;\">int </span><span style=\"color:#bf616a;\">s</span><span style=\"color:#c0c5ce;\">, </span><span style=\"color:#b48ead;\">int </span><span style=\"color:#bf616a;\">t</span><span style=\"color:#c0c5ce;\">) {\n</span><span style=\"color:#c0c5ce;\">\t</span><span style=\"color:#8fa1b3;\">clear</span><span style=\"color:#c0c5ce;\">(N);\n</span><span style=\"color:#c0c5ce;\">\t</span><span style=\"color:#b48ead;\">for </span><span style=\"color:#c0c5ce;\">(</span><span style=\"color:#b48ead;\">int</span><span style=\"color:#c0c5ce;\"> i = </span><span style=\"color:#d08770;\">1</span><span style=\"color:#c0c5ce;\">; i &lt;= n; i++) </span><span style=\"color:#b48ead;\">for </span><span style=\"color:#c0c5ce;\">(</span><span style=\"color:#b48ead;\">int</span><span style=\"color:#c0c5ce;\"> j = </span><span style=\"color:#d08770;\">1</span><span style=\"color:#c0c5ce;\">; j &lt;= m; j++) {\n</span><span style=\"color:#c0c5ce;\">\t\t</span><span style=\"color:#b48ead;\">if </span><span style=\"color:#c0c5ce;\">(g[i][j] == </span><span style=\"color:#d08770;\">1</span><span style=\"color:#c0c5ce;\">) </span><span style=\"color:#8fa1b3;\">addEdge</span><span style=\"color:#c0c5ce;\">(s, (i - </span><span style=\"color:#d08770;\">1</span><span style=\"color:#c0c5ce;\">) * m + j);\n</span><span style=\"color:#c0c5ce;\">\t}\n</span><span style=\"color:#c0c5ce;\">\t</span><span style=\"color:#b48ead;\">for </span><span style=\"color:#c0c5ce;\">(</span><span style=\"color:#b48ead;\">int</span><span style=\"color:#c0c5ce;\"> i = n * m + </span><span style=\"color:#d08770;\">1</span><span style=\"color:#c0c5ce;\">; i &lt; t; i++) </span><span style=\"color:#8fa1b3;\">addEdge</span><span style=\"color:#c0c5ce;\">(i, t);\n</span><span style=\"color:#c0c5ce;\">\t</span><span style=\"color:#b48ead;\">for </span><span style=\"color:#c0c5ce;\">(</span><span style=\"color:#b48ead;\">int</span><span style=\"color:#c0c5ce;\"> i = </span><span style=\"color:#d08770;\">2</span><span style=\"color:#c0c5ce;\">; i &lt;= door; i++) </span><span style=\"color:#b48ead;\">for </span><span style=\"color:#c0c5ce;\">(</span><span style=\"color:#b48ead;\">int</span><span style=\"color:#c0c5ce;\"> j = </span><span style=\"color:#d08770;\">1</span><span style=\"color:#c0c5ce;\">; j &lt;= n; j++) </span><span style=\"color:#b48ead;\">for </span><span style=\"color:#c0c5ce;\">(</span><span style=\"color:#b48ead;\">int</span><span style=\"color:#c0c5ce;\"> k = </span><span style=\"color:#d08770;\">1</span><span style=\"color:#c0c5ce;\">; k &lt;= m; k++) </span><span style=\"color:#b48ead;\">for </span><span style=\"color:#c0c5ce;\">(</span><span style=\"color:#b48ead;\">int</span><span style=\"color:#c0c5ce;\"> l = dist[i][j][k]; l &lt;= T; l++)\n</span><span style=\"color:#c0c5ce;\">\t\t</span><span style=\"color:#8fa1b3;\">addEdge</span><span style=\"color:#c0c5ce;\">((j - </span><span style=\"color:#d08770;\">1</span><span style=\"color:#c0c5ce;\">) * m + k, n * m + (door - </span><span style=\"color:#d08770;\">1</span><span style=\"color:#c0c5ce;\">) * (l - </span><span style=\"color:#d08770;\">1</span><span style=\"color:#c0c5ce;\">) + i - </span><span style=\"color:#d08770;\">1</span><span style=\"color:#c0c5ce;\">);\n</span><span style=\"color:#c0c5ce;\">}\n</span><span style=\"color:#b48ead;\">bool </span><span style=\"color:#8fa1b3;\">check</span><span style=\"color:#c0c5ce;\">(</span><span style=\"color:#b48ead;\">int </span><span style=\"color:#bf616a;\">T</span><span style=\"color:#c0c5ce;\">) {\n</span><span style=\"color:#b48ead;\">#ifdef</span><span style=\"color:#c0c5ce;\"> DBG\n</span><span style=\"color:#c0c5ce;\">\t</span><span style=\"color:#96b5b4;\">printf</span><span style=\"color:#c0c5ce;\">(&quot;</span><span style=\"color:#a3be8c;\">check(</span><span style=\"color:#d08770;\">%d</span><span style=\"color:#a3be8c;\">)</span><span style=\"color:#96b5b4;\">\\n</span><span style=\"color:#c0c5ce;\">&quot;, T);\n</span><span style=\"color:#b48ead;\">#endif\t\n</span><span style=\"color:#c0c5ce;\">\t</span><span style=\"color:#b48ead;\">int</span><span style=\"color:#c0c5ce;\"> N = </span><span style=\"color:#d08770;\">2 </span><span style=\"color:#c0c5ce;\">+ n * m + (door - </span><span style=\"color:#d08770;\">1</span><span style=\"color:#c0c5ce;\">) * T;\n</span><span style=\"color:#c0c5ce;\">\t</span><span style=\"color:#b48ead;\">int</span><span style=\"color:#c0c5ce;\"> s = </span><span style=\"color:#d08770;\">0</span><span style=\"color:#c0c5ce;\">, t = N - </span><span style=\"color:#d08770;\">1</span><span style=\"color:#c0c5ce;\">;\n</span><span style=\"color:#c0c5ce;\">\t</span><span style=\"color:#8fa1b3;\">build</span><span style=\"color:#c0c5ce;\">(N, T, s, t);\n</span><span style=\"color:#c0c5ce;\">\t</span><span style=\"color:#b48ead;\">int</span><span style=\"color:#c0c5ce;\"> flow = </span><span style=\"color:#8fa1b3;\">dinic</span><span style=\"color:#c0c5ce;\">(s, t, N);\n</span><span style=\"color:#b48ead;\">#ifdef</span><span style=\"color:#c0c5ce;\"> DBG\n</span><span style=\"color:#c0c5ce;\">\t</span><span style=\"color:#96b5b4;\">printf</span><span style=\"color:#c0c5ce;\">(&quot;</span><span style=\"color:#a3be8c;\">check(</span><span style=\"color:#d08770;\">%d</span><span style=\"color:#a3be8c;\">): flow = </span><span style=\"color:#d08770;\">%d</span><span style=\"color:#96b5b4;\">\\n</span><span style=\"color:#c0c5ce;\">&quot;, T, flow);\n</span><span style=\"color:#b48ead;\">#endif\n</span><span style=\"color:#c0c5ce;\">\t</span><span style=\"color:#b48ead;\">if </span><span style=\"color:#c0c5ce;\">(flow == people) </span><span style=\"color:#b48ead;\">return </span><span style=\"color:#d08770;\">true</span><span style=\"color:#c0c5ce;\">;\n</span><span style=\"color:#c0c5ce;\">\t</span><span style=\"color:#b48ead;\">else return </span><span style=\"color:#d08770;\">false</span><span style=\"color:#c0c5ce;\">;\n</span><span style=\"color:#c0c5ce;\">}\n</span><span style=\"color:#b48ead;\">int </span><span style=\"color:#8fa1b3;\">dichotomy</span><span style=\"color:#c0c5ce;\">() {\n</span><span style=\"color:#c0c5ce;\">\t</span><span style=\"color:#b48ead;\">int</span><span style=\"color:#c0c5ce;\"> l = </span><span style=\"color:#d08770;\">0</span><span style=\"color:#c0c5ce;\">, r = m * n;\n</span><span style=\"color:#c0c5ce;\">\t</span><span style=\"color:#b48ead;\">int</span><span style=\"color:#c0c5ce;\"> res = -</span><span style=\"color:#d08770;\">1</span><span style=\"color:#c0c5ce;\">;\n</span><span style=\"color:#c0c5ce;\">\t</span><span style=\"color:#b48ead;\">while </span><span style=\"color:#c0c5ce;\">(l &lt; r) {\n</span><span style=\"color:#c0c5ce;\">\t\t</span><span style=\"color:#b48ead;\">int</span><span style=\"color:#c0c5ce;\"> mid = l + (r - l) / </span><span style=\"color:#d08770;\">2</span><span style=\"color:#c0c5ce;\">;\n</span><span style=\"color:#c0c5ce;\">\t\t</span><span style=\"color:#b48ead;\">if </span><span style=\"color:#c0c5ce;\">(</span><span style=\"color:#8fa1b3;\">check</span><span style=\"color:#c0c5ce;\">(mid)) res = mid, r = mid;\n</span><span style=\"color:#c0c5ce;\">\t\t</span><span style=\"color:#b48ead;\">else</span><span style=\"color:#c0c5ce;\"> l = mid + </span><span style=\"color:#d08770;\">1</span><span style=\"color:#c0c5ce;\">;\n</span><span style=\"color:#c0c5ce;\">\t}\n</span><span style=\"color:#c0c5ce;\">\t</span><span style=\"color:#b48ead;\">return</span><span style=\"color:#c0c5ce;\"> res;\n</span><span style=\"color:#c0c5ce;\">}\n</span><span style=\"color:#b48ead;\">int </span><span style=\"color:#8fa1b3;\">main</span><span style=\"color:#c0c5ce;\">() {\n</span><span style=\"color:#c0c5ce;\">\t</span><span style=\"color:#96b5b4;\">scanf</span><span style=\"color:#c0c5ce;\">(&quot;</span><span style=\"color:#d08770;\">%d %d</span><span style=\"color:#c0c5ce;\">&quot;, &amp;n, &amp;m);\n</span><span style=\"color:#c0c5ce;\">\t</span><span style=\"color:#b48ead;\">char</span><span style=\"color:#c0c5ce;\"> str[MAXN + </span><span style=\"color:#d08770;\">1</span><span style=\"color:#c0c5ce;\">];\n</span><span style=\"color:#c0c5ce;\">\t</span><span style=\"color:#b48ead;\">for </span><span style=\"color:#c0c5ce;\">(</span><span style=\"color:#b48ead;\">int</span><span style=\"color:#c0c5ce;\"> i = </span><span style=\"color:#d08770;\">1</span><span style=\"color:#c0c5ce;\">; i &lt;= n; i++) {\n</span><span style=\"color:#c0c5ce;\">\t\t</span><span style=\"color:#96b5b4;\">scanf</span><span style=\"color:#c0c5ce;\">(&quot;</span><span style=\"color:#d08770;\">%s</span><span style=\"color:#c0c5ce;\">&quot;, str + </span><span style=\"color:#d08770;\">1</span><span style=\"color:#c0c5ce;\">);\n</span><span style=\"color:#c0c5ce;\">\t\t</span><span style=\"color:#b48ead;\">for </span><span style=\"color:#c0c5ce;\">(</span><span style=\"color:#b48ead;\">int</span><span style=\"color:#c0c5ce;\"> j = </span><span style=\"color:#d08770;\">1</span><span style=\"color:#c0c5ce;\">; j &lt;= m; j++) {\n</span><span style=\"color:#c0c5ce;\">\t\t\t</span><span style=\"color:#b48ead;\">if </span><span style=\"color:#c0c5ce;\">(str[j] == &#39;</span><span style=\"color:#a3be8c;\">.</span><span style=\"color:#c0c5ce;\">&#39;) g[i][j] = </span><span style=\"color:#d08770;\">1</span><span style=\"color:#c0c5ce;\">, people++;\n</span><span style=\"color:#c0c5ce;\">\t\t\t</span><span style=\"color:#b48ead;\">else if </span><span style=\"color:#c0c5ce;\">(str[j] == &#39;</span><span style=\"color:#a3be8c;\">D</span><span style=\"color:#c0c5ce;\">&#39;) g[i][j] = ++door;\n</span><span style=\"color:#c0c5ce;\">\t\t}\n</span><span style=\"color:#c0c5ce;\">\t}\n</span><span style=\"color:#c0c5ce;\">\t</span><span style=\"color:#b48ead;\">for </span><span style=\"color:#c0c5ce;\">(</span><span style=\"color:#b48ead;\">int</span><span style=\"color:#c0c5ce;\"> i = </span><span style=\"color:#d08770;\">2</span><span style=\"color:#c0c5ce;\">; i &lt;= door; i++) </span><span style=\"color:#b48ead;\">for </span><span style=\"color:#c0c5ce;\">(</span><span style=\"color:#b48ead;\">int</span><span style=\"color:#c0c5ce;\"> j = </span><span style=\"color:#d08770;\">1</span><span style=\"color:#c0c5ce;\">; j &lt;= n; j++) </span><span style=\"color:#b48ead;\">for </span><span style=\"color:#c0c5ce;\">(</span><span style=\"color:#b48ead;\">int</span><span style=\"color:#c0c5ce;\"> k = </span><span style=\"color:#d08770;\">1</span><span style=\"color:#c0c5ce;\">; k &lt;= m; k++) dist[i][j][k] = INT_MAX;\n</span><span style=\"color:#c0c5ce;\">\t</span><span style=\"color:#b48ead;\">for </span><span style=\"color:#c0c5ce;\">(</span><span style=\"color:#b48ead;\">int</span><span style=\"color:#c0c5ce;\"> i = </span><span style=\"color:#d08770;\">1</span><span style=\"color:#c0c5ce;\">; i &lt;= n; i++) </span><span style=\"color:#b48ead;\">for </span><span style=\"color:#c0c5ce;\">(</span><span style=\"color:#b48ead;\">int</span><span style=\"color:#c0c5ce;\"> j = </span><span style=\"color:#d08770;\">1</span><span style=\"color:#c0c5ce;\">; j &lt;= m; j++) </span><span style=\"color:#b48ead;\">if </span><span style=\"color:#c0c5ce;\">(g[i][j] &gt; </span><span style=\"color:#d08770;\">1</span><span style=\"color:#c0c5ce;\">) </span><span style=\"color:#8fa1b3;\">search</span><span style=\"color:#c0c5ce;\">(g[i][j], i, j);\n</span><span style=\"color:#b48ead;\">#ifdef</span><span style=\"color:#c0c5ce;\"> DBG\n</span><span style=\"color:#c0c5ce;\">\t</span><span style=\"color:#b48ead;\">for </span><span style=\"color:#c0c5ce;\">(</span><span style=\"color:#b48ead;\">int</span><span style=\"color:#c0c5ce;\"> i = </span><span style=\"color:#d08770;\">2</span><span style=\"color:#c0c5ce;\">; i &lt;= door; i++) {\n</span><span style=\"color:#c0c5ce;\">\t\t</span><span style=\"color:#96b5b4;\">printf</span><span style=\"color:#c0c5ce;\">(&quot;</span><span style=\"color:#a3be8c;\">Door : </span><span style=\"color:#d08770;\">%d</span><span style=\"color:#96b5b4;\">\\n</span><span style=\"color:#c0c5ce;\">&quot;, i - </span><span style=\"color:#d08770;\">1</span><span style=\"color:#c0c5ce;\">);\n</span><span style=\"color:#c0c5ce;\">\t\t</span><span style=\"color:#b48ead;\">for </span><span style=\"color:#c0c5ce;\">(</span><span style=\"color:#b48ead;\">int</span><span style=\"color:#c0c5ce;\"> j = </span><span style=\"color:#d08770;\">1</span><span style=\"color:#c0c5ce;\">; j &lt;= n; j++) </span><span style=\"color:#b48ead;\">for </span><span style=\"color:#c0c5ce;\">(</span><span style=\"color:#b48ead;\">int</span><span style=\"color:#c0c5ce;\"> k = </span><span style=\"color:#d08770;\">1</span><span style=\"color:#c0c5ce;\">; k &lt;= m; k++)\n</span><span style=\"color:#c0c5ce;\">\t\t\t</span><span style=\"color:#96b5b4;\">printf</span><span style=\"color:#c0c5ce;\">(&quot;</span><span style=\"color:#a3be8c;\">dist[</span><span style=\"color:#d08770;\">%d</span><span style=\"color:#a3be8c;\">][</span><span style=\"color:#d08770;\">%d</span><span style=\"color:#a3be8c;\">][</span><span style=\"color:#d08770;\">%d</span><span style=\"color:#a3be8c;\">] = </span><span style=\"color:#d08770;\">%d%c</span><span style=\"color:#c0c5ce;\">&quot;, i, j, k, dist[i][j][k], k == m ? &#39;</span><span style=\"color:#96b5b4;\">\\n</span><span style=\"color:#c0c5ce;\">&#39; : &#39; &#39;);\n</span><span style=\"color:#c0c5ce;\">\t}\n</span><span style=\"color:#b48ead;\">#endif\t\n</span><span style=\"color:#c0c5ce;\">\t</span><span style=\"color:#b48ead;\">int</span><span style=\"color:#c0c5ce;\"> ans = </span><span style=\"color:#8fa1b3;\">dichotomy</span><span style=\"color:#c0c5ce;\">();\n</span><span style=\"color:#c0c5ce;\">\t</span><span style=\"color:#b48ead;\">if </span><span style=\"color:#c0c5ce;\">(ans == -</span><span style=\"color:#d08770;\">1</span><span style=\"color:#c0c5ce;\">) </span><span style=\"color:#96b5b4;\">puts</span><span style=\"color:#c0c5ce;\">(&quot;</span><span style=\"color:#a3be8c;\">impossible</span><span style=\"color:#c0c5ce;\">&quot;);\n</span><span style=\"color:#c0c5ce;\">\t</span><span style=\"color:#b48ead;\">else </span><span style=\"color:#96b5b4;\">printf</span><span style=\"color:#c0c5ce;\">(&quot;</span><span style=\"color:#d08770;\">%d</span><span style=\"color:#96b5b4;\">\\n</span><span style=\"color:#c0c5ce;\">&quot;, ans);\n</span><span style=\"color:#c0c5ce;\">\t</span><span style=\"color:#b48ead;\">return </span><span style=\"color:#d08770;\">0</span><span style=\"color:#c0c5ce;\">;\n</span><span style=\"color:#c0c5ce;\">}\n</span>\n</code></pre>\n"}