{"title":"[APIO 2010] 特别行动队","tags":["DP","斜率优化DP","单调队列"],"create_time":1492295257,"last_modified":1596713000,"toc":"<ol><li><a href=\"#题目大意\">题目大意</a></li><li><a href=\"#题目链接\">题目链接</a></li><li><a href=\"#题解\">题解</a></li><li><a href=\"#代码\">代码</a></li>","html":"<h2><a href=\"#题目大意\" aria-hidden=\"true\" class=\"anchor\" id=\"题目大意\"></a>题目大意</h2>\n<p>有 <span class=\"katex\"><span class=\"katex-mathml\"><math xmlns=\"http://www.w3.org/1998/Math/MathML\"><semantics><mrow><mi>n</mi></mrow><annotation encoding=\"application/x-tex\">n</annotation></semantics></math></span><span class=\"katex-html\" aria-hidden=\"true\"><span class=\"base\"><span class=\"strut\" style=\"height:0.4306em;\"></span><span class=\"mord mathnormal\">n</span></span></span></span> 个士兵，初始战斗力为 <span class=\"katex\"><span class=\"katex-mathml\"><math xmlns=\"http://www.w3.org/1998/Math/MathML\"><semantics><mrow><msub><mi>x</mi><mi>i</mi></msub></mrow><annotation encoding=\"application/x-tex\">x_i</annotation></semantics></math></span><span class=\"katex-html\" aria-hidden=\"true\"><span class=\"base\"><span class=\"strut\" style=\"height:0.5806em;vertical-align:-0.15em;\"></span><span class=\"mord\"><span class=\"mord mathnormal\">x</span><span class=\"msupsub\"><span class=\"vlist-t vlist-t2\"><span class=\"vlist-r\"><span class=\"vlist\" style=\"height:0.3117em;\"><span style=\"top:-2.55em;margin-left:0em;margin-right:0.05em;\"><span class=\"pstrut\" style=\"height:2.7em;\"></span><span class=\"sizing reset-size6 size3 mtight\"><span class=\"mord mathnormal mtight\">i</span></span></span></span><span class=\"vlist-s\">​</span></span><span class=\"vlist-r\"><span class=\"vlist\" style=\"height:0.15em;\"><span></span></span></span></span></span></span></span></span></span>。先分为几段作为特别行动队（每段编号连续），每段的初始战斗力为 <span class=\"katex\"><span class=\"katex-mathml\"><math xmlns=\"http://www.w3.org/1998/Math/MathML\"><semantics><mrow><mi>x</mi><mo>=</mo><msub><mo>∑</mo><mrow><mi>i</mi><mo>∈</mo><mo stretchy=\"false\">[</mo><mi>l</mi><mo separator=\"true\">,</mo><mtext>  </mtext><mi>r</mi><mo stretchy=\"false\">]</mo></mrow></msub><msub><mi>x</mi><mi>i</mi></msub></mrow><annotation encoding=\"application/x-tex\">x = \\sum_{i \\in [l, ; r]} x_i</annotation></semantics></math></span><span class=\"katex-html\" aria-hidden=\"true\"><span class=\"base\"><span class=\"strut\" style=\"height:0.4306em;\"></span><span class=\"mord mathnormal\">x</span><span class=\"mspace\" style=\"margin-right:0.2778em;\"></span><span class=\"mrel\">=</span><span class=\"mspace\" style=\"margin-right:0.2778em;\"></span></span><span class=\"base\"><span class=\"strut\" style=\"height:1.2247em;vertical-align:-0.4747em;\"></span><span class=\"mop\"><span class=\"mop op-symbol small-op\" style=\"position:relative;top:0em;\">∑</span><span class=\"msupsub\"><span class=\"vlist-t vlist-t2\"><span class=\"vlist-r\"><span class=\"vlist\" style=\"height:0.2253em;\"><span style=\"top:-2.4003em;margin-left:0em;margin-right:0.05em;\"><span class=\"pstrut\" style=\"height:2.7em;\"></span><span class=\"sizing reset-size6 size3 mtight\"><span class=\"mord mtight\"><span class=\"mord mathnormal mtight\">i</span><span class=\"mrel mtight\">∈</span><span class=\"mopen mtight\">[</span><span class=\"mord mathnormal mtight\" style=\"margin-right:0.01968em;\">l</span><span class=\"mpunct mtight\">,</span><span class=\"mspace mtight\" style=\"margin-right:0.3253em;\"></span><span class=\"mord mathnormal mtight\" style=\"margin-right:0.02778em;\">r</span><span class=\"mclose mtight\">]</span></span></span></span></span><span class=\"vlist-s\">​</span></span><span class=\"vlist-r\"><span class=\"vlist\" style=\"height:0.4747em;\"><span></span></span></span></span></span></span><span class=\"mspace\" style=\"margin-right:0.1667em;\"></span><span class=\"mord\"><span class=\"mord mathnormal\">x</span><span class=\"msupsub\"><span class=\"vlist-t vlist-t2\"><span class=\"vlist-r\"><span class=\"vlist\" style=\"height:0.3117em;\"><span style=\"top:-2.55em;margin-left:0em;margin-right:0.05em;\"><span class=\"pstrut\" style=\"height:2.7em;\"></span><span class=\"sizing reset-size6 size3 mtight\"><span class=\"mord mathnormal mtight\">i</span></span></span></span><span class=\"vlist-s\">​</span></span><span class=\"vlist-r\"><span class=\"vlist\" style=\"height:0.15em;\"><span></span></span></span></span></span></span></span></span></span>，之后再处理为 <span class=\"katex\"><span class=\"katex-mathml\"><math xmlns=\"http://www.w3.org/1998/Math/MathML\"><semantics><mrow><msup><mi>x</mi><mo mathvariant=\"normal\" lspace=\"0em\" rspace=\"0em\">′</mo></msup><mo>=</mo><mi>A</mi><msup><mi>x</mi><mn>2</mn></msup><mo>+</mo><mi>B</mi><mi>x</mi><mo>+</mo><mi>C</mi></mrow><annotation encoding=\"application/x-tex\">x' = A x^2 + B x + C</annotation></semantics></math></span><span class=\"katex-html\" aria-hidden=\"true\"><span class=\"base\"><span class=\"strut\" style=\"height:0.7519em;\"></span><span class=\"mord\"><span class=\"mord mathnormal\">x</span><span class=\"msupsub\"><span class=\"vlist-t\"><span class=\"vlist-r\"><span class=\"vlist\" style=\"height:0.7519em;\"><span style=\"top:-3.063em;margin-right:0.05em;\"><span class=\"pstrut\" style=\"height:2.7em;\"></span><span class=\"sizing reset-size6 size3 mtight\"><span class=\"mord mtight\"><span class=\"mord mtight\">′</span></span></span></span></span></span></span></span></span><span class=\"mspace\" style=\"margin-right:0.2778em;\"></span><span class=\"mrel\">=</span><span class=\"mspace\" style=\"margin-right:0.2778em;\"></span></span><span class=\"base\"><span class=\"strut\" style=\"height:0.8974em;vertical-align:-0.0833em;\"></span><span class=\"mord mathnormal\">A</span><span class=\"mord\"><span class=\"mord mathnormal\">x</span><span class=\"msupsub\"><span class=\"vlist-t\"><span class=\"vlist-r\"><span class=\"vlist\" style=\"height:0.8141em;\"><span style=\"top:-3.063em;margin-right:0.05em;\"><span class=\"pstrut\" style=\"height:2.7em;\"></span><span class=\"sizing reset-size6 size3 mtight\"><span class=\"mord mtight\">2</span></span></span></span></span></span></span></span><span class=\"mspace\" style=\"margin-right:0.2222em;\"></span><span class=\"mbin\">+</span><span class=\"mspace\" style=\"margin-right:0.2222em;\"></span></span><span class=\"base\"><span class=\"strut\" style=\"height:0.7667em;vertical-align:-0.0833em;\"></span><span class=\"mord mathnormal\" style=\"margin-right:0.05017em;\">B</span><span class=\"mord mathnormal\">x</span><span class=\"mspace\" style=\"margin-right:0.2222em;\"></span><span class=\"mbin\">+</span><span class=\"mspace\" style=\"margin-right:0.2222em;\"></span></span><span class=\"base\"><span class=\"strut\" style=\"height:0.6833em;\"></span><span class=\"mord mathnormal\" style=\"margin-right:0.07153em;\">C</span></span></span></span>。求最大的战斗力。</p>\n<p><span class=\"katex\"><span class=\"katex-mathml\"><math xmlns=\"http://www.w3.org/1998/Math/MathML\"><semantics><mrow><mn>1</mn><mo>⩽</mo><mi>n</mi><mo>⩽</mo><mn>1</mn><mo separator=\"true\">,</mo><mn>000</mn><mo separator=\"true\">,</mo><mn>000</mn></mrow><annotation encoding=\"application/x-tex\">1 \\leqslant n \\leqslant 1,000,000</annotation></semantics></math></span><span class=\"katex-html\" aria-hidden=\"true\"><span class=\"base\"><span class=\"strut\" style=\"height:0.7811em;vertical-align:-0.1367em;\"></span><span class=\"mord\">1</span><span class=\"mspace\" style=\"margin-right:0.2778em;\"></span><span class=\"mrel amsrm\">⩽</span><span class=\"mspace\" style=\"margin-right:0.2778em;\"></span></span><span class=\"base\"><span class=\"strut\" style=\"height:0.7733em;vertical-align:-0.1367em;\"></span><span class=\"mord mathnormal\">n</span><span class=\"mspace\" style=\"margin-right:0.2778em;\"></span><span class=\"mrel amsrm\">⩽</span><span class=\"mspace\" style=\"margin-right:0.2778em;\"></span></span><span class=\"base\"><span class=\"strut\" style=\"height:0.8389em;vertical-align:-0.1944em;\"></span><span class=\"mord\">1</span><span class=\"mpunct\">,</span><span class=\"mspace\" style=\"margin-right:0.1667em;\"></span><span class=\"mord\">000</span><span class=\"mpunct\">,</span><span class=\"mspace\" style=\"margin-right:0.1667em;\"></span><span class=\"mord\">000</span></span></span></span></p>\n<p><span class=\"katex\"><span class=\"katex-mathml\"><math xmlns=\"http://www.w3.org/1998/Math/MathML\"><semantics><mrow><mn>1</mn><mo>⩽</mo><msub><mi>x</mi><mi>i</mi></msub><mo>⩽</mo><mn>100</mn></mrow><annotation encoding=\"application/x-tex\">1\\leqslant x_i \\leqslant 100</annotation></semantics></math></span><span class=\"katex-html\" aria-hidden=\"true\"><span class=\"base\"><span class=\"strut\" style=\"height:0.7811em;vertical-align:-0.1367em;\"></span><span class=\"mord\">1</span><span class=\"mspace\" style=\"margin-right:0.2778em;\"></span><span class=\"mrel amsrm\">⩽</span><span class=\"mspace\" style=\"margin-right:0.2778em;\"></span></span><span class=\"base\"><span class=\"strut\" style=\"height:0.7867em;vertical-align:-0.15em;\"></span><span class=\"mord\"><span class=\"mord mathnormal\">x</span><span class=\"msupsub\"><span class=\"vlist-t vlist-t2\"><span class=\"vlist-r\"><span class=\"vlist\" style=\"height:0.3117em;\"><span style=\"top:-2.55em;margin-left:0em;margin-right:0.05em;\"><span class=\"pstrut\" style=\"height:2.7em;\"></span><span class=\"sizing reset-size6 size3 mtight\"><span class=\"mord mathnormal mtight\">i</span></span></span></span><span class=\"vlist-s\">​</span></span><span class=\"vlist-r\"><span class=\"vlist\" style=\"height:0.15em;\"><span></span></span></span></span></span></span><span class=\"mspace\" style=\"margin-right:0.2778em;\"></span><span class=\"mrel amsrm\">⩽</span><span class=\"mspace\" style=\"margin-right:0.2778em;\"></span></span><span class=\"base\"><span class=\"strut\" style=\"height:0.6444em;\"></span><span class=\"mord\">100</span></span></span></span></p>\n<p><span class=\"katex\"><span class=\"katex-mathml\"><math xmlns=\"http://www.w3.org/1998/Math/MathML\"><semantics><mrow><mo>−</mo><mn>5</mn><mo>⩽</mo><mi>A</mi><mo>⩽</mo><mo>−</mo><mn>1</mn></mrow><annotation encoding=\"application/x-tex\">-5 \\leqslant A \\leqslant -1</annotation></semantics></math></span><span class=\"katex-html\" aria-hidden=\"true\"><span class=\"base\"><span class=\"strut\" style=\"height:0.7811em;vertical-align:-0.1367em;\"></span><span class=\"mord\">−</span><span class=\"mord\">5</span><span class=\"mspace\" style=\"margin-right:0.2778em;\"></span><span class=\"mrel amsrm\">⩽</span><span class=\"mspace\" style=\"margin-right:0.2778em;\"></span></span><span class=\"base\"><span class=\"strut\" style=\"height:0.82em;vertical-align:-0.1367em;\"></span><span class=\"mord mathnormal\">A</span><span class=\"mspace\" style=\"margin-right:0.2778em;\"></span><span class=\"mrel amsrm\">⩽</span><span class=\"mspace\" style=\"margin-right:0.2778em;\"></span></span><span class=\"base\"><span class=\"strut\" style=\"height:0.7278em;vertical-align:-0.0833em;\"></span><span class=\"mord\">−</span><span class=\"mord\">1</span></span></span></span></p>\n<p><span class=\"katex\"><span class=\"katex-mathml\"><math xmlns=\"http://www.w3.org/1998/Math/MathML\"><semantics><mrow><mi mathvariant=\"normal\">∣</mi><mi>B</mi><mi mathvariant=\"normal\">∣</mi><mo separator=\"true\">,</mo><mtext>  </mtext><mi mathvariant=\"normal\">∣</mi><mi>C</mi><mi mathvariant=\"normal\">∣</mi><mo>⩽</mo><mn>10</mn><mo separator=\"true\">,</mo><mn>000</mn><mo separator=\"true\">,</mo><mn>000</mn></mrow><annotation encoding=\"application/x-tex\">|B|, ; |C| \\leqslant 10,000,000</annotation></semantics></math></span><span class=\"katex-html\" aria-hidden=\"true\"><span class=\"base\"><span class=\"strut\" style=\"height:1em;vertical-align:-0.25em;\"></span><span class=\"mord\">∣</span><span class=\"mord mathnormal\" style=\"margin-right:0.05017em;\">B</span><span class=\"mord\">∣</span><span class=\"mpunct\">,</span><span class=\"mspace\" style=\"margin-right:0.2778em;\"></span><span class=\"mspace\" style=\"margin-right:0.1667em;\"></span><span class=\"mord\">∣</span><span class=\"mord mathnormal\" style=\"margin-right:0.07153em;\">C</span><span class=\"mord\">∣</span><span class=\"mspace\" style=\"margin-right:0.2778em;\"></span><span class=\"mrel amsrm\">⩽</span><span class=\"mspace\" style=\"margin-right:0.2778em;\"></span></span><span class=\"base\"><span class=\"strut\" style=\"height:0.8389em;vertical-align:-0.1944em;\"></span><span class=\"mord\">10</span><span class=\"mpunct\">,</span><span class=\"mspace\" style=\"margin-right:0.1667em;\"></span><span class=\"mord\">000</span><span class=\"mpunct\">,</span><span class=\"mspace\" style=\"margin-right:0.1667em;\"></span><span class=\"mord\">000</span></span></span></span></p>\n<h2><a href=\"#题目链接\" aria-hidden=\"true\" class=\"anchor\" id=\"题目链接\"></a>题目链接</h2>\n<p><a href=\"https://www.luogu.com.cn/problem/P3628\">【APIO 2010】特别行动队</a></p>\n<!-- more -->\n<h2><a href=\"#题解\" aria-hidden=\"true\" class=\"anchor\" id=\"题解\"></a>题解</h2>\n<p>DP + 斜率优化。</p>\n<p>记 <span class=\"katex\"><span class=\"katex-mathml\"><math xmlns=\"http://www.w3.org/1998/Math/MathML\"><semantics><mrow><mi>f</mi><mo stretchy=\"false\">[</mo><mi>i</mi><mo stretchy=\"false\">]</mo></mrow><annotation encoding=\"application/x-tex\">f[i]</annotation></semantics></math></span><span class=\"katex-html\" aria-hidden=\"true\"><span class=\"base\"><span class=\"strut\" style=\"height:1em;vertical-align:-0.25em;\"></span><span class=\"mord mathnormal\" style=\"margin-right:0.10764em;\">f</span><span class=\"mopen\">[</span><span class=\"mord mathnormal\">i</span><span class=\"mclose\">]</span></span></span></span> 为前 <span class=\"katex\"><span class=\"katex-mathml\"><math xmlns=\"http://www.w3.org/1998/Math/MathML\"><semantics><mrow><mi>i</mi></mrow><annotation encoding=\"application/x-tex\">i</annotation></semantics></math></span><span class=\"katex-html\" aria-hidden=\"true\"><span class=\"base\"><span class=\"strut\" style=\"height:0.6595em;\"></span><span class=\"mord mathnormal\">i</span></span></span></span> 个的答案，则转移为：</p>\n<p class='katex-block'><span class=\"katex-display\"><span class=\"katex\"><span class=\"katex-mathml\"><math xmlns=\"http://www.w3.org/1998/Math/MathML\" display=\"block\"><semantics><mrow><mi>f</mi><mo stretchy=\"false\">[</mo><mi>i</mi><mo stretchy=\"false\">]</mo><mo>=</mo><mi>m</mi><mi>a</mi><mi>x</mi><mo stretchy=\"false\">(</mo><mi>f</mi><mo stretchy=\"false\">[</mo><mi>j</mi><mo stretchy=\"false\">]</mo><mo>+</mo><mi>A</mi><mo stretchy=\"false\">(</mo><mi>X</mi><mo stretchy=\"false\">[</mo><mi>i</mi><mo stretchy=\"false\">]</mo><mo>−</mo><mi>X</mi><mo stretchy=\"false\">[</mo><mi>j</mi><mo stretchy=\"false\">]</mo><msup><mo stretchy=\"false\">)</mo><mn>2</mn></msup><mo>+</mo><mi>B</mi><mo stretchy=\"false\">(</mo><mi>X</mi><mo stretchy=\"false\">[</mo><mi>i</mi><mo stretchy=\"false\">]</mo><mo>−</mo><mi>X</mi><mo stretchy=\"false\">[</mo><mi>j</mi><mo stretchy=\"false\">]</mo><mo stretchy=\"false\">)</mo><mo>+</mo><mi>C</mi><mo stretchy=\"false\">)</mo><mspace width=\"1em\"/><mi>j</mi><mo>∈</mo><mo stretchy=\"false\">[</mo><mn>1</mn><mo separator=\"true\">,</mo><mtext>  </mtext><mi>i</mi><mo>−</mo><mn>1</mn><mo stretchy=\"false\">]</mo></mrow><annotation encoding=\"application/x-tex\">\nf[i] = max(f[j] + A (X[i] - X[j])^2 + B (X[i] - X[j]) + C) \\quad j \\in [1, \\; i - 1]\n</annotation></semantics></math></span><span class=\"katex-html\" aria-hidden=\"true\"><span class=\"base\"><span class=\"strut\" style=\"height:1em;vertical-align:-0.25em;\"></span><span class=\"mord mathnormal\" style=\"margin-right:0.10764em;\">f</span><span class=\"mopen\">[</span><span class=\"mord mathnormal\">i</span><span class=\"mclose\">]</span><span class=\"mspace\" style=\"margin-right:0.2778em;\"></span><span class=\"mrel\">=</span><span class=\"mspace\" style=\"margin-right:0.2778em;\"></span></span><span class=\"base\"><span class=\"strut\" style=\"height:1em;vertical-align:-0.25em;\"></span><span class=\"mord mathnormal\">ma</span><span class=\"mord mathnormal\">x</span><span class=\"mopen\">(</span><span class=\"mord mathnormal\" style=\"margin-right:0.10764em;\">f</span><span class=\"mopen\">[</span><span class=\"mord mathnormal\" style=\"margin-right:0.05724em;\">j</span><span class=\"mclose\">]</span><span class=\"mspace\" style=\"margin-right:0.2222em;\"></span><span class=\"mbin\">+</span><span class=\"mspace\" style=\"margin-right:0.2222em;\"></span></span><span class=\"base\"><span class=\"strut\" style=\"height:1em;vertical-align:-0.25em;\"></span><span class=\"mord mathnormal\">A</span><span class=\"mopen\">(</span><span class=\"mord mathnormal\" style=\"margin-right:0.07847em;\">X</span><span class=\"mopen\">[</span><span class=\"mord mathnormal\">i</span><span class=\"mclose\">]</span><span class=\"mspace\" style=\"margin-right:0.2222em;\"></span><span class=\"mbin\">−</span><span class=\"mspace\" style=\"margin-right:0.2222em;\"></span></span><span class=\"base\"><span class=\"strut\" style=\"height:1.1141em;vertical-align:-0.25em;\"></span><span class=\"mord mathnormal\" style=\"margin-right:0.07847em;\">X</span><span class=\"mopen\">[</span><span class=\"mord mathnormal\" style=\"margin-right:0.05724em;\">j</span><span class=\"mclose\">]</span><span class=\"mclose\"><span class=\"mclose\">)</span><span class=\"msupsub\"><span class=\"vlist-t\"><span class=\"vlist-r\"><span class=\"vlist\" style=\"height:0.8641em;\"><span style=\"top:-3.113em;margin-right:0.05em;\"><span class=\"pstrut\" style=\"height:2.7em;\"></span><span class=\"sizing reset-size6 size3 mtight\"><span class=\"mord mtight\">2</span></span></span></span></span></span></span></span><span class=\"mspace\" style=\"margin-right:0.2222em;\"></span><span class=\"mbin\">+</span><span class=\"mspace\" style=\"margin-right:0.2222em;\"></span></span><span class=\"base\"><span class=\"strut\" style=\"height:1em;vertical-align:-0.25em;\"></span><span class=\"mord mathnormal\" style=\"margin-right:0.05017em;\">B</span><span class=\"mopen\">(</span><span class=\"mord mathnormal\" style=\"margin-right:0.07847em;\">X</span><span class=\"mopen\">[</span><span class=\"mord mathnormal\">i</span><span class=\"mclose\">]</span><span class=\"mspace\" style=\"margin-right:0.2222em;\"></span><span class=\"mbin\">−</span><span class=\"mspace\" style=\"margin-right:0.2222em;\"></span></span><span class=\"base\"><span class=\"strut\" style=\"height:1em;vertical-align:-0.25em;\"></span><span class=\"mord mathnormal\" style=\"margin-right:0.07847em;\">X</span><span class=\"mopen\">[</span><span class=\"mord mathnormal\" style=\"margin-right:0.05724em;\">j</span><span class=\"mclose\">])</span><span class=\"mspace\" style=\"margin-right:0.2222em;\"></span><span class=\"mbin\">+</span><span class=\"mspace\" style=\"margin-right:0.2222em;\"></span></span><span class=\"base\"><span class=\"strut\" style=\"height:1em;vertical-align:-0.25em;\"></span><span class=\"mord mathnormal\" style=\"margin-right:0.07153em;\">C</span><span class=\"mclose\">)</span><span class=\"mspace\" style=\"margin-right:1em;\"></span><span class=\"mord mathnormal\" style=\"margin-right:0.05724em;\">j</span><span class=\"mspace\" style=\"margin-right:0.2778em;\"></span><span class=\"mrel\">∈</span><span class=\"mspace\" style=\"margin-right:0.2778em;\"></span></span><span class=\"base\"><span class=\"strut\" style=\"height:1em;vertical-align:-0.25em;\"></span><span class=\"mopen\">[</span><span class=\"mord\">1</span><span class=\"mpunct\">,</span><span class=\"mspace\" style=\"margin-right:0.2778em;\"></span><span class=\"mspace\" style=\"margin-right:0.1667em;\"></span><span class=\"mord mathnormal\">i</span><span class=\"mspace\" style=\"margin-right:0.2222em;\"></span><span class=\"mbin\">−</span><span class=\"mspace\" style=\"margin-right:0.2222em;\"></span></span><span class=\"base\"><span class=\"strut\" style=\"height:1em;vertical-align:-0.25em;\"></span><span class=\"mord\">1</span><span class=\"mclose\">]</span></span></span></span></span></p>\n其中 <span class=\"katex\"><span class=\"katex-mathml\"><math xmlns=\"http://www.w3.org/1998/Math/MathML\"><semantics><mrow><mi>X</mi></mrow><annotation encoding=\"application/x-tex\">X</annotation></semantics></math></span><span class=\"katex-html\" aria-hidden=\"true\"><span class=\"base\"><span class=\"strut\" style=\"height:0.6833em;\"></span><span class=\"mord mathnormal\" style=\"margin-right:0.07847em;\">X</span></span></span></span> 为 <span class=\"katex\"><span class=\"katex-mathml\"><math xmlns=\"http://www.w3.org/1998/Math/MathML\"><semantics><mrow><msub><mi>x</mi><mi>i</mi></msub></mrow><annotation encoding=\"application/x-tex\">x_i</annotation></semantics></math></span><span class=\"katex-html\" aria-hidden=\"true\"><span class=\"base\"><span class=\"strut\" style=\"height:0.5806em;vertical-align:-0.15em;\"></span><span class=\"mord\"><span class=\"mord mathnormal\">x</span><span class=\"msupsub\"><span class=\"vlist-t vlist-t2\"><span class=\"vlist-r\"><span class=\"vlist\" style=\"height:0.3117em;\"><span style=\"top:-2.55em;margin-left:0em;margin-right:0.05em;\"><span class=\"pstrut\" style=\"height:2.7em;\"></span><span class=\"sizing reset-size6 size3 mtight\"><span class=\"mord mathnormal mtight\">i</span></span></span></span><span class=\"vlist-s\">​</span></span><span class=\"vlist-r\"><span class=\"vlist\" style=\"height:0.15em;\"><span></span></span></span></span></span></span></span></span></span> 的前缀和。\n<p>对于后面的一堆，考虑两个决策点 <span class=\"katex\"><span class=\"katex-mathml\"><math xmlns=\"http://www.w3.org/1998/Math/MathML\"><semantics><mrow><mi>a</mi></mrow><annotation encoding=\"application/x-tex\">a</annotation></semantics></math></span><span class=\"katex-html\" aria-hidden=\"true\"><span class=\"base\"><span class=\"strut\" style=\"height:0.4306em;\"></span><span class=\"mord mathnormal\">a</span></span></span></span>、<span class=\"katex\"><span class=\"katex-mathml\"><math xmlns=\"http://www.w3.org/1998/Math/MathML\"><semantics><mrow><mi>b</mi></mrow><annotation encoding=\"application/x-tex\">b</annotation></semantics></math></span><span class=\"katex-html\" aria-hidden=\"true\"><span class=\"base\"><span class=\"strut\" style=\"height:0.6944em;\"></span><span class=\"mord mathnormal\">b</span></span></span></span>（<span class=\"katex\"><span class=\"katex-mathml\"><math xmlns=\"http://www.w3.org/1998/Math/MathML\"><semantics><mrow><mi>a</mi><mo>&gt;</mo><mi>b</mi></mrow><annotation encoding=\"application/x-tex\">a &gt; b</annotation></semantics></math></span><span class=\"katex-html\" aria-hidden=\"true\"><span class=\"base\"><span class=\"strut\" style=\"height:0.5782em;vertical-align:-0.0391em;\"></span><span class=\"mord mathnormal\">a</span><span class=\"mspace\" style=\"margin-right:0.2778em;\"></span><span class=\"mrel\">&gt;</span><span class=\"mspace\" style=\"margin-right:0.2778em;\"></span></span><span class=\"base\"><span class=\"strut\" style=\"height:0.6944em;\"></span><span class=\"mord mathnormal\">b</span></span></span></span>），假设 <span class=\"katex\"><span class=\"katex-mathml\"><math xmlns=\"http://www.w3.org/1998/Math/MathML\"><semantics><mrow><mi>a</mi></mrow><annotation encoding=\"application/x-tex\">a</annotation></semantics></math></span><span class=\"katex-html\" aria-hidden=\"true\"><span class=\"base\"><span class=\"strut\" style=\"height:0.4306em;\"></span><span class=\"mord mathnormal\">a</span></span></span></span> 优于 <span class=\"katex\"><span class=\"katex-mathml\"><math xmlns=\"http://www.w3.org/1998/Math/MathML\"><semantics><mrow><mi>b</mi></mrow><annotation encoding=\"application/x-tex\">b</annotation></semantics></math></span><span class=\"katex-html\" aria-hidden=\"true\"><span class=\"base\"><span class=\"strut\" style=\"height:0.6944em;\"></span><span class=\"mord mathnormal\">b</span></span></span></span>，有：</p>\n<p class='katex-block'><span class=\"katex-display\"><span class=\"katex\"><span class=\"katex-mathml\"><math xmlns=\"http://www.w3.org/1998/Math/MathML\" display=\"block\"><semantics><mtable rowspacing=\"0.25em\" columnalign=\"right left\" columnspacing=\"0em\"><mtr><mtd class =\"mtr-glue\"></mtd><mtd><mstyle scriptlevel=\"0\" displaystyle=\"true\"><mrow><mi>f</mi><mo stretchy=\"false\">[</mo><mi>a</mi><mo stretchy=\"false\">]</mo><mo>+</mo><mi>A</mi><mo stretchy=\"false\">(</mo><mi>X</mi><mo stretchy=\"false\">[</mo><mi>i</mi><mo stretchy=\"false\">]</mo><mo>−</mo><mi>X</mi><mo stretchy=\"false\">[</mo><mi>a</mi><mo stretchy=\"false\">]</mo><msup><mo stretchy=\"false\">)</mo><mn>2</mn></msup><mo>+</mo><mi>B</mi><mo stretchy=\"false\">(</mo><mi>X</mi><mo stretchy=\"false\">[</mo><mi>i</mi><mo stretchy=\"false\">]</mo><mo>−</mo><mi>X</mi><mo stretchy=\"false\">[</mo><mi>a</mi><mo stretchy=\"false\">]</mo><mo stretchy=\"false\">)</mo><mo>+</mo><mi>C</mi></mrow></mstyle></mtd><mtd><mstyle scriptlevel=\"0\" displaystyle=\"true\"><mrow><mrow></mrow><mo>&gt;</mo><mi>f</mi><mo stretchy=\"false\">[</mo><mi>b</mi><mo stretchy=\"false\">]</mo><mo>+</mo><mi>A</mi><mo stretchy=\"false\">(</mo><mi>X</mi><mo stretchy=\"false\">[</mo><mi>i</mi><mo stretchy=\"false\">]</mo><mo>−</mo><mi>X</mi><mo stretchy=\"false\">[</mo><mi>b</mi><mo stretchy=\"false\">]</mo><msup><mo stretchy=\"false\">)</mo><mn>2</mn></msup></mrow></mstyle></mtd><mtd class =\"mtr-glue\"></mtd><mtd class =\"mml-eqn-num\"></mtd></mtr><mtr><mtd class =\"mtr-glue\"></mtd><mtd><mstyle scriptlevel=\"0\" displaystyle=\"true\"><mrow></mrow></mstyle></mtd><mtd><mstyle scriptlevel=\"0\" displaystyle=\"true\"><mrow><mrow></mrow><mo>+</mo><mi>B</mi><mo stretchy=\"false\">(</mo><mi>X</mi><mo stretchy=\"false\">[</mo><mi>i</mi><mo stretchy=\"false\">]</mo><mo>−</mo><mi>X</mi><mo stretchy=\"false\">[</mo><mi>b</mi><mo stretchy=\"false\">]</mo><mo stretchy=\"false\">)</mo><mo>+</mo><mi>C</mi></mrow></mstyle></mtd><mtd class =\"mtr-glue\"></mtd><mtd class =\"mml-eqn-num\"></mtd></mtr><mtr><mtd class =\"mtr-glue\"></mtd><mtd><mstyle scriptlevel=\"0\" displaystyle=\"true\"><mrow><mi>f</mi><mo stretchy=\"false\">[</mo><mi>a</mi><mo stretchy=\"false\">]</mo><mo>+</mo><mi>A</mi><mi>X</mi><mo stretchy=\"false\">[</mo><mi>a</mi><msup><mo stretchy=\"false\">]</mo><mn>2</mn></msup><mo>−</mo><mn>2</mn><mi>A</mi><mi>X</mi><mo stretchy=\"false\">[</mo><mi>i</mi><mo stretchy=\"false\">]</mo><mi>X</mi><mo stretchy=\"false\">[</mo><mi>a</mi><mo stretchy=\"false\">]</mo><mo>−</mo><mi>B</mi><mi>X</mi><mo stretchy=\"false\">[</mo><mi>a</mi><mo stretchy=\"false\">]</mo></mrow></mstyle></mtd><mtd><mstyle scriptlevel=\"0\" displaystyle=\"true\"><mrow><mrow></mrow><mo>&gt;</mo><mi>f</mi><mo stretchy=\"false\">[</mo><mi>b</mi><mo stretchy=\"false\">]</mo><mo>+</mo><mi>A</mi><mi>X</mi><mo stretchy=\"false\">[</mo><mi>b</mi><msup><mo stretchy=\"false\">]</mo><mn>2</mn></msup></mrow></mstyle></mtd><mtd class =\"mtr-glue\"></mtd><mtd class =\"mml-eqn-num\"></mtd></mtr><mtr><mtd class =\"mtr-glue\"></mtd><mtd><mstyle scriptlevel=\"0\" displaystyle=\"true\"><mrow></mrow></mstyle></mtd><mtd><mstyle scriptlevel=\"0\" displaystyle=\"true\"><mrow><mrow></mrow><mo>−</mo><mn>2</mn><mi>A</mi><mi>X</mi><mo stretchy=\"false\">[</mo><mi>i</mi><mo stretchy=\"false\">]</mo><mi>X</mi><mo stretchy=\"false\">[</mo><mi>b</mi><mo stretchy=\"false\">]</mo><mo>−</mo><mi>B</mi><mi>X</mi><mo stretchy=\"false\">[</mo><mi>b</mi><mo stretchy=\"false\">]</mo></mrow></mstyle></mtd><mtd class =\"mtr-glue\"></mtd><mtd class =\"mml-eqn-num\"></mtd></mtr><mtr><mtd class =\"mtr-glue\"></mtd><mtd><mstyle scriptlevel=\"0\" displaystyle=\"true\"><mfrac><mrow><mo stretchy=\"false\">(</mo><mi>f</mi><mo stretchy=\"false\">[</mo><mi>a</mi><mo stretchy=\"false\">]</mo><mo>+</mo><mi>A</mi><mi>X</mi><mo stretchy=\"false\">[</mo><mi>a</mi><msup><mo stretchy=\"false\">]</mo><mn>2</mn></msup><mo>−</mo><mi>B</mi><mi>X</mi><mo stretchy=\"false\">[</mo><mi>a</mi><mo stretchy=\"false\">]</mo><mo stretchy=\"false\">)</mo><mo>−</mo><mo stretchy=\"false\">(</mo><mi>f</mi><mo stretchy=\"false\">[</mo><mi>b</mi><mo stretchy=\"false\">]</mo><mo>+</mo><mi>A</mi><mi>X</mi><mo stretchy=\"false\">[</mo><mi>b</mi><msup><mo stretchy=\"false\">]</mo><mn>2</mn></msup><mo>−</mo><mi>B</mi><mi>X</mi><mo stretchy=\"false\">[</mo><mi>b</mi><mo stretchy=\"false\">]</mo><mo stretchy=\"false\">)</mo></mrow><mrow><mi>X</mi><mo stretchy=\"false\">[</mo><mi>a</mi><mo stretchy=\"false\">]</mo><mo>−</mo><mi>X</mi><mo stretchy=\"false\">[</mo><mi>b</mi><mo stretchy=\"false\">]</mo></mrow></mfrac></mstyle></mtd><mtd><mstyle scriptlevel=\"0\" displaystyle=\"true\"><mrow><mrow></mrow><mo>&gt;</mo><mn>2</mn><mi>A</mi><mi>X</mi><mo stretchy=\"false\">[</mo><mi>i</mi><mo stretchy=\"false\">]</mo></mrow></mstyle></mtd><mtd class =\"mtr-glue\"></mtd><mtd class =\"mml-eqn-num\"></mtd></mtr></mtable><annotation encoding=\"application/x-tex\">\n\\begin{align}\nf[a] + A(X[i] - X[a])^2 + B(X[i] - X[a]) + C &amp;&gt; f[b] + A(X[i] - X[b])^2\\\\\n&amp;+ B(X[i] - X[b]) + C \\\\\nf[a] + A X[a]^2 - 2 A X[i] X[a] - B X[a] &amp;&gt; f[b] + A X[b]^2\\\\\n&amp;- 2 A X[i] X[b] - B X[b] \\\\\n\\frac{(f[a] + A X[a]^2 - B X[a]) - (f[b] + A X[b]^2 - B X[b])}{X[a] - X[b]} &amp;&gt; 2 A X[i]\n\\end{align}\n</annotation></semantics></math></span><span class=\"katex-html\" aria-hidden=\"true\"><span class=\"base\"><span class=\"strut\" style=\"height:8.7753em;vertical-align:-4.1377em;\"></span><span class=\"mtable\"><span class=\"col-align-r\"><span class=\"vlist-t vlist-t2\"><span class=\"vlist-r\"><span class=\"vlist\" style=\"height:4.6377em;\"><span style=\"top:-7.2647em;\"><span class=\"pstrut\" style=\"height:3.4911em;\"></span><span class=\"mord\"><span class=\"mord mathnormal\" style=\"margin-right:0.10764em;\">f</span><span class=\"mopen\">[</span><span class=\"mord mathnormal\">a</span><span class=\"mclose\">]</span><span class=\"mspace\" style=\"margin-right:0.2222em;\"></span><span class=\"mbin\">+</span><span class=\"mspace\" style=\"margin-right:0.2222em;\"></span><span class=\"mord mathnormal\">A</span><span class=\"mopen\">(</span><span class=\"mord mathnormal\" style=\"margin-right:0.07847em;\">X</span><span class=\"mopen\">[</span><span class=\"mord mathnormal\">i</span><span class=\"mclose\">]</span><span class=\"mspace\" style=\"margin-right:0.2222em;\"></span><span class=\"mbin\">−</span><span class=\"mspace\" style=\"margin-right:0.2222em;\"></span><span class=\"mord mathnormal\" style=\"margin-right:0.07847em;\">X</span><span class=\"mopen\">[</span><span class=\"mord mathnormal\">a</span><span class=\"mclose\">]</span><span class=\"mclose\"><span class=\"mclose\">)</span><span class=\"msupsub\"><span class=\"vlist-t\"><span class=\"vlist-r\"><span class=\"vlist\" style=\"height:0.8641em;\"><span style=\"top:-3.113em;margin-right:0.05em;\"><span class=\"pstrut\" style=\"height:2.7em;\"></span><span class=\"sizing reset-size6 size3 mtight\"><span class=\"mord mtight\">2</span></span></span></span></span></span></span></span><span class=\"mspace\" style=\"margin-right:0.2222em;\"></span><span class=\"mbin\">+</span><span class=\"mspace\" style=\"margin-right:0.2222em;\"></span><span class=\"mord mathnormal\" style=\"margin-right:0.05017em;\">B</span><span class=\"mopen\">(</span><span class=\"mord mathnormal\" style=\"margin-right:0.07847em;\">X</span><span class=\"mopen\">[</span><span class=\"mord mathnormal\">i</span><span class=\"mclose\">]</span><span class=\"mspace\" style=\"margin-right:0.2222em;\"></span><span class=\"mbin\">−</span><span class=\"mspace\" style=\"margin-right:0.2222em;\"></span><span class=\"mord mathnormal\" style=\"margin-right:0.07847em;\">X</span><span class=\"mopen\">[</span><span class=\"mord mathnormal\">a</span><span class=\"mclose\">])</span><span class=\"mspace\" style=\"margin-right:0.2222em;\"></span><span class=\"mbin\">+</span><span class=\"mspace\" style=\"margin-right:0.2222em;\"></span><span class=\"mord mathnormal\" style=\"margin-right:0.07153em;\">C</span></span></span><span style=\"top:-5.7647em;\"><span class=\"pstrut\" style=\"height:3.4911em;\"></span><span class=\"mord\"></span></span><span style=\"top:-4.2406em;\"><span class=\"pstrut\" style=\"height:3.4911em;\"></span><span class=\"mord\"><span class=\"mord mathnormal\" style=\"margin-right:0.10764em;\">f</span><span class=\"mopen\">[</span><span class=\"mord mathnormal\">a</span><span class=\"mclose\">]</span><span class=\"mspace\" style=\"margin-right:0.2222em;\"></span><span class=\"mbin\">+</span><span class=\"mspace\" style=\"margin-right:0.2222em;\"></span><span class=\"mord mathnormal\">A</span><span class=\"mord mathnormal\" style=\"margin-right:0.07847em;\">X</span><span class=\"mopen\">[</span><span class=\"mord mathnormal\">a</span><span class=\"mclose\"><span class=\"mclose\">]</span><span class=\"msupsub\"><span class=\"vlist-t\"><span class=\"vlist-r\"><span class=\"vlist\" style=\"height:0.8641em;\"><span style=\"top:-3.113em;margin-right:0.05em;\"><span class=\"pstrut\" style=\"height:2.7em;\"></span><span class=\"sizing reset-size6 size3 mtight\"><span class=\"mord mtight\">2</span></span></span></span></span></span></span></span><span class=\"mspace\" style=\"margin-right:0.2222em;\"></span><span class=\"mbin\">−</span><span class=\"mspace\" style=\"margin-right:0.2222em;\"></span><span class=\"mord\">2</span><span class=\"mord mathnormal\">A</span><span class=\"mord mathnormal\" style=\"margin-right:0.07847em;\">X</span><span class=\"mopen\">[</span><span class=\"mord mathnormal\">i</span><span class=\"mclose\">]</span><span class=\"mord mathnormal\" style=\"margin-right:0.07847em;\">X</span><span class=\"mopen\">[</span><span class=\"mord mathnormal\">a</span><span class=\"mclose\">]</span><span class=\"mspace\" style=\"margin-right:0.2222em;\"></span><span class=\"mbin\">−</span><span class=\"mspace\" style=\"margin-right:0.2222em;\"></span><span class=\"mord mathnormal\" style=\"margin-right:0.07847em;\">BX</span><span class=\"mopen\">[</span><span class=\"mord mathnormal\">a</span><span class=\"mclose\">]</span></span></span><span style=\"top:-2.7406em;\"><span class=\"pstrut\" style=\"height:3.4911em;\"></span><span class=\"mord\"></span></span><span style=\"top:-0.5894em;\"><span class=\"pstrut\" style=\"height:3.4911em;\"></span><span class=\"mord\"><span class=\"mord\"><span class=\"mopen nulldelimiter\"></span><span class=\"mfrac\"><span class=\"vlist-t vlist-t2\"><span class=\"vlist-r\"><span class=\"vlist\" style=\"height:1.4911em;\"><span style=\"top:-2.314em;\"><span class=\"pstrut\" style=\"height:3em;\"></span><span class=\"mord\"><span class=\"mord mathnormal\" style=\"margin-right:0.07847em;\">X</span><span class=\"mopen\">[</span><span class=\"mord mathnormal\">a</span><span class=\"mclose\">]</span><span class=\"mspace\" style=\"margin-right:0.2222em;\"></span><span class=\"mbin\">−</span><span class=\"mspace\" style=\"margin-right:0.2222em;\"></span><span class=\"mord mathnormal\" style=\"margin-right:0.07847em;\">X</span><span class=\"mopen\">[</span><span class=\"mord mathnormal\">b</span><span class=\"mclose\">]</span></span></span><span style=\"top:-3.23em;\"><span class=\"pstrut\" style=\"height:3em;\"></span><span class=\"frac-line\" style=\"border-bottom-width:0.04em;\"></span></span><span style=\"top:-3.677em;\"><span class=\"pstrut\" style=\"height:3em;\"></span><span class=\"mord\"><span class=\"mopen\">(</span><span class=\"mord mathnormal\" style=\"margin-right:0.10764em;\">f</span><span class=\"mopen\">[</span><span class=\"mord mathnormal\">a</span><span class=\"mclose\">]</span><span class=\"mspace\" style=\"margin-right:0.2222em;\"></span><span class=\"mbin\">+</span><span class=\"mspace\" style=\"margin-right:0.2222em;\"></span><span class=\"mord mathnormal\">A</span><span class=\"mord mathnormal\" style=\"margin-right:0.07847em;\">X</span><span class=\"mopen\">[</span><span class=\"mord mathnormal\">a</span><span class=\"mclose\"><span class=\"mclose\">]</span><span class=\"msupsub\"><span class=\"vlist-t\"><span class=\"vlist-r\"><span class=\"vlist\" style=\"height:0.8141em;\"><span style=\"top:-3.063em;margin-right:0.05em;\"><span class=\"pstrut\" style=\"height:2.7em;\"></span><span class=\"sizing reset-size6 size3 mtight\"><span class=\"mord mtight\">2</span></span></span></span></span></span></span></span><span class=\"mspace\" style=\"margin-right:0.2222em;\"></span><span class=\"mbin\">−</span><span class=\"mspace\" style=\"margin-right:0.2222em;\"></span><span class=\"mord mathnormal\" style=\"margin-right:0.07847em;\">BX</span><span class=\"mopen\">[</span><span class=\"mord mathnormal\">a</span><span class=\"mclose\">])</span><span class=\"mspace\" style=\"margin-right:0.2222em;\"></span><span class=\"mbin\">−</span><span class=\"mspace\" style=\"margin-right:0.2222em;\"></span><span class=\"mopen\">(</span><span class=\"mord mathnormal\" style=\"margin-right:0.10764em;\">f</span><span class=\"mopen\">[</span><span class=\"mord mathnormal\">b</span><span class=\"mclose\">]</span><span class=\"mspace\" style=\"margin-right:0.2222em;\"></span><span class=\"mbin\">+</span><span class=\"mspace\" style=\"margin-right:0.2222em;\"></span><span class=\"mord mathnormal\">A</span><span class=\"mord mathnormal\" style=\"margin-right:0.07847em;\">X</span><span class=\"mopen\">[</span><span class=\"mord mathnormal\">b</span><span class=\"mclose\"><span class=\"mclose\">]</span><span class=\"msupsub\"><span class=\"vlist-t\"><span class=\"vlist-r\"><span class=\"vlist\" style=\"height:0.8141em;\"><span style=\"top:-3.063em;margin-right:0.05em;\"><span class=\"pstrut\" style=\"height:2.7em;\"></span><span class=\"sizing reset-size6 size3 mtight\"><span class=\"mord mtight\">2</span></span></span></span></span></span></span></span><span class=\"mspace\" style=\"margin-right:0.2222em;\"></span><span class=\"mbin\">−</span><span class=\"mspace\" style=\"margin-right:0.2222em;\"></span><span class=\"mord mathnormal\" style=\"margin-right:0.07847em;\">BX</span><span class=\"mopen\">[</span><span class=\"mord mathnormal\">b</span><span class=\"mclose\">])</span></span></span></span><span class=\"vlist-s\">​</span></span><span class=\"vlist-r\"><span class=\"vlist\" style=\"height:0.936em;\"><span></span></span></span></span></span><span class=\"mclose nulldelimiter\"></span></span></span></span></span><span class=\"vlist-s\">​</span></span><span class=\"vlist-r\"><span class=\"vlist\" style=\"height:4.1377em;\"><span></span></span></span></span></span><span class=\"col-align-l\"><span class=\"vlist-t vlist-t2\"><span class=\"vlist-r\"><span class=\"vlist\" style=\"height:4.6377em;\"><span style=\"top:-7.2647em;\"><span class=\"pstrut\" style=\"height:3.4911em;\"></span><span class=\"mord\"><span class=\"mord\"></span><span class=\"mspace\" style=\"margin-right:0.2778em;\"></span><span class=\"mrel\">&gt;</span><span class=\"mspace\" style=\"margin-right:0.2778em;\"></span><span class=\"mord mathnormal\" style=\"margin-right:0.10764em;\">f</span><span class=\"mopen\">[</span><span class=\"mord mathnormal\">b</span><span class=\"mclose\">]</span><span class=\"mspace\" style=\"margin-right:0.2222em;\"></span><span class=\"mbin\">+</span><span class=\"mspace\" style=\"margin-right:0.2222em;\"></span><span class=\"mord mathnormal\">A</span><span class=\"mopen\">(</span><span class=\"mord mathnormal\" style=\"margin-right:0.07847em;\">X</span><span class=\"mopen\">[</span><span class=\"mord mathnormal\">i</span><span class=\"mclose\">]</span><span class=\"mspace\" style=\"margin-right:0.2222em;\"></span><span class=\"mbin\">−</span><span class=\"mspace\" style=\"margin-right:0.2222em;\"></span><span class=\"mord mathnormal\" style=\"margin-right:0.07847em;\">X</span><span class=\"mopen\">[</span><span class=\"mord mathnormal\">b</span><span class=\"mclose\">]</span><span class=\"mclose\"><span class=\"mclose\">)</span><span class=\"msupsub\"><span class=\"vlist-t\"><span class=\"vlist-r\"><span class=\"vlist\" style=\"height:0.8641em;\"><span style=\"top:-3.113em;margin-right:0.05em;\"><span class=\"pstrut\" style=\"height:2.7em;\"></span><span class=\"sizing reset-size6 size3 mtight\"><span class=\"mord mtight\">2</span></span></span></span></span></span></span></span></span></span><span style=\"top:-5.7647em;\"><span class=\"pstrut\" style=\"height:3.4911em;\"></span><span class=\"mord\"><span class=\"mord\"></span><span class=\"mspace\" style=\"margin-right:0.2222em;\"></span><span class=\"mbin\">+</span><span class=\"mspace\" style=\"margin-right:0.2222em;\"></span><span class=\"mord mathnormal\" style=\"margin-right:0.05017em;\">B</span><span class=\"mopen\">(</span><span class=\"mord mathnormal\" style=\"margin-right:0.07847em;\">X</span><span class=\"mopen\">[</span><span class=\"mord mathnormal\">i</span><span class=\"mclose\">]</span><span class=\"mspace\" style=\"margin-right:0.2222em;\"></span><span class=\"mbin\">−</span><span class=\"mspace\" style=\"margin-right:0.2222em;\"></span><span class=\"mord mathnormal\" style=\"margin-right:0.07847em;\">X</span><span class=\"mopen\">[</span><span class=\"mord mathnormal\">b</span><span class=\"mclose\">])</span><span class=\"mspace\" style=\"margin-right:0.2222em;\"></span><span class=\"mbin\">+</span><span class=\"mspace\" style=\"margin-right:0.2222em;\"></span><span class=\"mord mathnormal\" style=\"margin-right:0.07153em;\">C</span></span></span><span style=\"top:-4.2406em;\"><span class=\"pstrut\" style=\"height:3.4911em;\"></span><span class=\"mord\"><span class=\"mord\"></span><span class=\"mspace\" style=\"margin-right:0.2778em;\"></span><span class=\"mrel\">&gt;</span><span class=\"mspace\" style=\"margin-right:0.2778em;\"></span><span class=\"mord mathnormal\" style=\"margin-right:0.10764em;\">f</span><span class=\"mopen\">[</span><span class=\"mord mathnormal\">b</span><span class=\"mclose\">]</span><span class=\"mspace\" style=\"margin-right:0.2222em;\"></span><span class=\"mbin\">+</span><span class=\"mspace\" style=\"margin-right:0.2222em;\"></span><span class=\"mord mathnormal\">A</span><span class=\"mord mathnormal\" style=\"margin-right:0.07847em;\">X</span><span class=\"mopen\">[</span><span class=\"mord mathnormal\">b</span><span class=\"mclose\"><span class=\"mclose\">]</span><span class=\"msupsub\"><span class=\"vlist-t\"><span class=\"vlist-r\"><span class=\"vlist\" style=\"height:0.8641em;\"><span style=\"top:-3.113em;margin-right:0.05em;\"><span class=\"pstrut\" style=\"height:2.7em;\"></span><span class=\"sizing reset-size6 size3 mtight\"><span class=\"mord mtight\">2</span></span></span></span></span></span></span></span></span></span><span style=\"top:-2.7406em;\"><span class=\"pstrut\" style=\"height:3.4911em;\"></span><span class=\"mord\"><span class=\"mord\"></span><span class=\"mspace\" style=\"margin-right:0.2222em;\"></span><span class=\"mbin\">−</span><span class=\"mspace\" style=\"margin-right:0.2222em;\"></span><span class=\"mord\">2</span><span class=\"mord mathnormal\">A</span><span class=\"mord mathnormal\" style=\"margin-right:0.07847em;\">X</span><span class=\"mopen\">[</span><span class=\"mord mathnormal\">i</span><span class=\"mclose\">]</span><span class=\"mord mathnormal\" style=\"margin-right:0.07847em;\">X</span><span class=\"mopen\">[</span><span class=\"mord mathnormal\">b</span><span class=\"mclose\">]</span><span class=\"mspace\" style=\"margin-right:0.2222em;\"></span><span class=\"mbin\">−</span><span class=\"mspace\" style=\"margin-right:0.2222em;\"></span><span class=\"mord mathnormal\" style=\"margin-right:0.07847em;\">BX</span><span class=\"mopen\">[</span><span class=\"mord mathnormal\">b</span><span class=\"mclose\">]</span></span></span><span style=\"top:-0.5894em;\"><span class=\"pstrut\" style=\"height:3.4911em;\"></span><span class=\"mord\"><span class=\"mord\"></span><span class=\"mspace\" style=\"margin-right:0.2778em;\"></span><span class=\"mrel\">&gt;</span><span class=\"mspace\" style=\"margin-right:0.2778em;\"></span><span class=\"mord\">2</span><span class=\"mord mathnormal\">A</span><span class=\"mord mathnormal\" style=\"margin-right:0.07847em;\">X</span><span class=\"mopen\">[</span><span class=\"mord mathnormal\">i</span><span class=\"mclose\">]</span></span></span></span><span class=\"vlist-s\">​</span></span><span class=\"vlist-r\"><span class=\"vlist\" style=\"height:4.1377em;\"><span></span></span></span></span></span></span></span><span class=\"tag\"><span class=\"vlist-t vlist-t2\"><span class=\"vlist-r\"><span class=\"vlist\" style=\"height:4.6377em;\"><span style=\"top:-7.2647em;\"><span class=\"pstrut\" style=\"height:3.4911em;\"></span><span class=\"eqn-num\"></span></span><span style=\"top:-5.7647em;\"><span class=\"pstrut\" style=\"height:3.4911em;\"></span><span class=\"eqn-num\"></span></span><span style=\"top:-4.2406em;\"><span class=\"pstrut\" style=\"height:3.4911em;\"></span><span class=\"eqn-num\"></span></span><span style=\"top:-2.7406em;\"><span class=\"pstrut\" style=\"height:3.4911em;\"></span><span class=\"eqn-num\"></span></span><span style=\"top:-0.5894em;\"><span class=\"pstrut\" style=\"height:3.4911em;\"></span><span class=\"eqn-num\"></span></span></span><span class=\"vlist-s\">​</span></span><span class=\"vlist-r\"><span class=\"vlist\" style=\"height:4.1377em;\"><span></span></span></span></span></span></span></span></span></p>\n用斜率的单调队列维护决策点，最优决策点在一个上凸包上。\n<h2><a href=\"#代码\" aria-hidden=\"true\" class=\"anchor\" id=\"代码\"></a>代码</h2>\n<pre style=\"background-color:#2b303b;\"><code class=\"language-c++\">\n<span style=\"color:#b48ead;\">#include </span><span style=\"color:#c0c5ce;\">&lt;</span><span style=\"color:#a3be8c;\">cstdio</span><span style=\"color:#c0c5ce;\">&gt;\n</span><span style=\"color:#b48ead;\">const int</span><span style=\"color:#c0c5ce;\"> MAXN = </span><span style=\"color:#d08770;\">1000005</span><span style=\"color:#c0c5ce;\">;\n</span><span style=\"color:#b48ead;\">long long</span><span style=\"color:#c0c5ce;\"> f[MAXN];\n</span><span style=\"color:#b48ead;\">long long</span><span style=\"color:#c0c5ce;\"> x[MAXN], pSumX[MAXN], a, b, c;\n</span><span style=\"color:#b48ead;\">long long </span><span style=\"color:#8fa1b3;\">y</span><span style=\"color:#c0c5ce;\">(</span><span style=\"color:#b48ead;\">int </span><span style=\"color:#bf616a;\">i</span><span style=\"color:#c0c5ce;\">) {\n</span><span style=\"color:#c0c5ce;\">    </span><span style=\"color:#b48ead;\">return</span><span style=\"color:#c0c5ce;\"> f[i] + a * pSumX[i] * pSumX[i] - b * pSumX[i];\n</span><span style=\"color:#c0c5ce;\">}\n</span><span style=\"color:#b48ead;\">double </span><span style=\"color:#8fa1b3;\">slope</span><span style=\"color:#c0c5ce;\">(</span><span style=\"color:#b48ead;\">int </span><span style=\"color:#bf616a;\">i</span><span style=\"color:#c0c5ce;\">, </span><span style=\"color:#b48ead;\">int </span><span style=\"color:#bf616a;\">j</span><span style=\"color:#c0c5ce;\">) {\n</span><span style=\"color:#c0c5ce;\">    </span><span style=\"color:#b48ead;\">return </span><span style=\"color:#c0c5ce;\">(</span><span style=\"color:#b48ead;\">double</span><span style=\"color:#c0c5ce;\">) (</span><span style=\"color:#8fa1b3;\">y</span><span style=\"color:#c0c5ce;\">(i) - </span><span style=\"color:#8fa1b3;\">y</span><span style=\"color:#c0c5ce;\">(j)) / (pSumX[i] - pSumX[j]);\n</span><span style=\"color:#c0c5ce;\">}\n</span><span style=\"color:#b48ead;\">int</span><span style=\"color:#c0c5ce;\"> n;\n</span><span style=\"color:#b48ead;\">void </span><span style=\"color:#8fa1b3;\">dp</span><span style=\"color:#c0c5ce;\">() {\n</span><span style=\"color:#c0c5ce;\">    </span><span style=\"color:#b48ead;\">static int</span><span style=\"color:#c0c5ce;\"> q[MAXN];\n</span><span style=\"color:#c0c5ce;\">    </span><span style=\"color:#b48ead;\">int </span><span style=\"color:#c0c5ce;\">*l = q, *r = q;\n</span><span style=\"color:#c0c5ce;\">    </span><span style=\"color:#b48ead;\">for </span><span style=\"color:#c0c5ce;\">(</span><span style=\"color:#b48ead;\">int</span><span style=\"color:#c0c5ce;\"> i = </span><span style=\"color:#d08770;\">1</span><span style=\"color:#c0c5ce;\">; i &lt;= n; i++) {\n</span><span style=\"color:#c0c5ce;\">        </span><span style=\"color:#b48ead;\">while </span><span style=\"color:#c0c5ce;\">(l &lt; r &amp;&amp; </span><span style=\"color:#8fa1b3;\">slope</span><span style=\"color:#c0c5ce;\">(*l, *(l + </span><span style=\"color:#d08770;\">1</span><span style=\"color:#c0c5ce;\">)) &gt; </span><span style=\"color:#d08770;\">2 </span><span style=\"color:#c0c5ce;\">* a * pSumX[i]) l++;\n</span><span style=\"color:#c0c5ce;\">        </span><span style=\"color:#b48ead;\">int</span><span style=\"color:#c0c5ce;\"> k = *l;\n</span><span style=\"color:#c0c5ce;\">        </span><span style=\"color:#b48ead;\">long long</span><span style=\"color:#c0c5ce;\"> temp = pSumX[i] - pSumX[k];\n</span><span style=\"color:#c0c5ce;\">        f[i] = f[k] + a * temp * temp + b * temp + c;\n</span><span style=\"color:#c0c5ce;\">        </span><span style=\"color:#b48ead;\">while </span><span style=\"color:#c0c5ce;\">(l &lt; r &amp;&amp; </span><span style=\"color:#8fa1b3;\">slope</span><span style=\"color:#c0c5ce;\">(*(r - </span><span style=\"color:#d08770;\">1</span><span style=\"color:#c0c5ce;\">), *r) &lt; </span><span style=\"color:#8fa1b3;\">slope</span><span style=\"color:#c0c5ce;\">(*r, i)) r--;\n</span><span style=\"color:#c0c5ce;\">        *++r = i;\n</span><span style=\"color:#c0c5ce;\">    }\n</span><span style=\"color:#c0c5ce;\">}\n</span><span style=\"color:#b48ead;\">int </span><span style=\"color:#8fa1b3;\">main</span><span style=\"color:#c0c5ce;\">() {\n</span><span style=\"color:#c0c5ce;\">    </span><span style=\"color:#96b5b4;\">scanf</span><span style=\"color:#c0c5ce;\">(&quot;</span><span style=\"color:#d08770;\">%d %lld %lld %lld</span><span style=\"color:#c0c5ce;\">&quot;, &amp;n, &amp;a, &amp;b, &amp;c);\n</span><span style=\"color:#c0c5ce;\">    </span><span style=\"color:#b48ead;\">for </span><span style=\"color:#c0c5ce;\">(</span><span style=\"color:#b48ead;\">int</span><span style=\"color:#c0c5ce;\"> i = </span><span style=\"color:#d08770;\">1</span><span style=\"color:#c0c5ce;\">; i &lt;= n; i++) </span><span style=\"color:#96b5b4;\">scanf</span><span style=\"color:#c0c5ce;\">(&quot;</span><span style=\"color:#d08770;\">%lld</span><span style=\"color:#c0c5ce;\">&quot;, &amp;x[i]);\n</span><span style=\"color:#c0c5ce;\">    </span><span style=\"color:#b48ead;\">for </span><span style=\"color:#c0c5ce;\">(</span><span style=\"color:#b48ead;\">int</span><span style=\"color:#c0c5ce;\"> i = </span><span style=\"color:#d08770;\">1</span><span style=\"color:#c0c5ce;\">; i &lt;= n; i++) pSumX[i] = pSumX[i - </span><span style=\"color:#d08770;\">1</span><span style=\"color:#c0c5ce;\">] + x[i];\n</span><span style=\"color:#c0c5ce;\">    </span><span style=\"color:#8fa1b3;\">dp</span><span style=\"color:#c0c5ce;\">();\n</span><span style=\"color:#c0c5ce;\">    </span><span style=\"color:#96b5b4;\">printf</span><span style=\"color:#c0c5ce;\">(&quot;</span><span style=\"color:#d08770;\">%lld</span><span style=\"color:#96b5b4;\">\\n</span><span style=\"color:#c0c5ce;\">&quot;, f[n]);\n</span><span style=\"color:#c0c5ce;\">    </span><span style=\"color:#b48ead;\">return </span><span style=\"color:#d08770;\">0</span><span style=\"color:#c0c5ce;\">;\n</span><span style=\"color:#c0c5ce;\">}\n</span>\n</code></pre>\n"}