{"title":"[ZJOI 2010] 网络扩容","tags":["网络流","费用流"],"create_time":1493497927,"last_modified":1596712854,"toc":"<ol><li><a href=\"#题目大意\">题目大意</a></li><li><a href=\"#题目链接\">题目链接</a></li><li><a href=\"#题解\">题解</a></li><li><a href=\"#代码\">代码</a></li>","html":"<h2><a href=\"#题目大意\" aria-hidden=\"true\" class=\"anchor\" id=\"题目大意\"></a>题目大意</h2>\n<p>给定一张有向图，每条边都有一个容量 <span class=\"katex\"><span class=\"katex-mathml\"><math xmlns=\"http://www.w3.org/1998/Math/MathML\"><semantics><mrow><mi>c</mi></mrow><annotation encoding=\"application/x-tex\">c</annotation></semantics></math></span><span class=\"katex-html\" aria-hidden=\"true\"><span class=\"base\"><span class=\"strut\" style=\"height:0.4306em;\"></span><span class=\"mord mathnormal\">c</span></span></span></span> 和一个扩容费用 <span class=\"katex\"><span class=\"katex-mathml\"><math xmlns=\"http://www.w3.org/1998/Math/MathML\"><semantics><mrow><mi>w</mi></mrow><annotation encoding=\"application/x-tex\">w</annotation></semantics></math></span><span class=\"katex-html\" aria-hidden=\"true\"><span class=\"base\"><span class=\"strut\" style=\"height:0.4306em;\"></span><span class=\"mord mathnormal\" style=\"margin-right:0.02691em;\">w</span></span></span></span>。这里扩容费用是指将容量扩大 <span class=\"katex\"><span class=\"katex-mathml\"><math xmlns=\"http://www.w3.org/1998/Math/MathML\"><semantics><mrow><mn>1</mn></mrow><annotation encoding=\"application/x-tex\">1</annotation></semantics></math></span><span class=\"katex-html\" aria-hidden=\"true\"><span class=\"base\"><span class=\"strut\" style=\"height:0.6444em;\"></span><span class=\"mord\">1</span></span></span></span> 所需的费用。求：</p>\n<ul>\n<li>在不扩容的情况下，<span class=\"katex\"><span class=\"katex-mathml\"><math xmlns=\"http://www.w3.org/1998/Math/MathML\"><semantics><mrow><mn>1</mn></mrow><annotation encoding=\"application/x-tex\">1</annotation></semantics></math></span><span class=\"katex-html\" aria-hidden=\"true\"><span class=\"base\"><span class=\"strut\" style=\"height:0.6444em;\"></span><span class=\"mord\">1</span></span></span></span> 到 <span class=\"katex\"><span class=\"katex-mathml\"><math xmlns=\"http://www.w3.org/1998/Math/MathML\"><semantics><mrow><mi>n</mi></mrow><annotation encoding=\"application/x-tex\">n</annotation></semantics></math></span><span class=\"katex-html\" aria-hidden=\"true\"><span class=\"base\"><span class=\"strut\" style=\"height:0.4306em;\"></span><span class=\"mord mathnormal\">n</span></span></span></span> 的最大流</li>\n<li>将 <span class=\"katex\"><span class=\"katex-mathml\"><math xmlns=\"http://www.w3.org/1998/Math/MathML\"><semantics><mrow><mn>1</mn></mrow><annotation encoding=\"application/x-tex\">1</annotation></semantics></math></span><span class=\"katex-html\" aria-hidden=\"true\"><span class=\"base\"><span class=\"strut\" style=\"height:0.6444em;\"></span><span class=\"mord\">1</span></span></span></span> 到 <span class=\"katex\"><span class=\"katex-mathml\"><math xmlns=\"http://www.w3.org/1998/Math/MathML\"><semantics><mrow><mi>n</mi></mrow><annotation encoding=\"application/x-tex\">n</annotation></semantics></math></span><span class=\"katex-html\" aria-hidden=\"true\"><span class=\"base\"><span class=\"strut\" style=\"height:0.4306em;\"></span><span class=\"mord mathnormal\">n</span></span></span></span> 的最大流增加 <span class=\"katex\"><span class=\"katex-mathml\"><math xmlns=\"http://www.w3.org/1998/Math/MathML\"><semantics><mrow><mi>k</mi></mrow><annotation encoding=\"application/x-tex\">k</annotation></semantics></math></span><span class=\"katex-html\" aria-hidden=\"true\"><span class=\"base\"><span class=\"strut\" style=\"height:0.6944em;\"></span><span class=\"mord mathnormal\" style=\"margin-right:0.03148em;\">k</span></span></span></span> 所需的最小扩容费用。</li>\n</ul>\n<p><span class=\"katex\"><span class=\"katex-mathml\"><math xmlns=\"http://www.w3.org/1998/Math/MathML\"><semantics><mrow><mn>1</mn><mo>⩽</mo><mi>n</mi><mo>⩽</mo><mn>1</mn><mo separator=\"true\">,</mo><mn>000</mn></mrow><annotation encoding=\"application/x-tex\">1 \\leqslant n \\leqslant 1,000</annotation></semantics></math></span><span class=\"katex-html\" aria-hidden=\"true\"><span class=\"base\"><span class=\"strut\" style=\"height:0.7811em;vertical-align:-0.1367em;\"></span><span class=\"mord\">1</span><span class=\"mspace\" style=\"margin-right:0.2778em;\"></span><span class=\"mrel amsrm\">⩽</span><span class=\"mspace\" style=\"margin-right:0.2778em;\"></span></span><span class=\"base\"><span class=\"strut\" style=\"height:0.7733em;vertical-align:-0.1367em;\"></span><span class=\"mord mathnormal\">n</span><span class=\"mspace\" style=\"margin-right:0.2778em;\"></span><span class=\"mrel amsrm\">⩽</span><span class=\"mspace\" style=\"margin-right:0.2778em;\"></span></span><span class=\"base\"><span class=\"strut\" style=\"height:0.8389em;vertical-align:-0.1944em;\"></span><span class=\"mord\">1</span><span class=\"mpunct\">,</span><span class=\"mspace\" style=\"margin-right:0.1667em;\"></span><span class=\"mord\">000</span></span></span></span></p>\n<p><span class=\"katex\"><span class=\"katex-mathml\"><math xmlns=\"http://www.w3.org/1998/Math/MathML\"><semantics><mrow><mn>1</mn><mo>⩽</mo><mi>m</mi><mo>⩽</mo><mn>5</mn><mo separator=\"true\">,</mo><mn>000</mn></mrow><annotation encoding=\"application/x-tex\">1 \\leqslant m \\leqslant 5,000</annotation></semantics></math></span><span class=\"katex-html\" aria-hidden=\"true\"><span class=\"base\"><span class=\"strut\" style=\"height:0.7811em;vertical-align:-0.1367em;\"></span><span class=\"mord\">1</span><span class=\"mspace\" style=\"margin-right:0.2778em;\"></span><span class=\"mrel amsrm\">⩽</span><span class=\"mspace\" style=\"margin-right:0.2778em;\"></span></span><span class=\"base\"><span class=\"strut\" style=\"height:0.7733em;vertical-align:-0.1367em;\"></span><span class=\"mord mathnormal\">m</span><span class=\"mspace\" style=\"margin-right:0.2778em;\"></span><span class=\"mrel amsrm\">⩽</span><span class=\"mspace\" style=\"margin-right:0.2778em;\"></span></span><span class=\"base\"><span class=\"strut\" style=\"height:0.8389em;vertical-align:-0.1944em;\"></span><span class=\"mord\">5</span><span class=\"mpunct\">,</span><span class=\"mspace\" style=\"margin-right:0.1667em;\"></span><span class=\"mord\">000</span></span></span></span></p>\n<p><span class=\"katex\"><span class=\"katex-mathml\"><math xmlns=\"http://www.w3.org/1998/Math/MathML\"><semantics><mrow><mn>1</mn><mo>⩽</mo><mi>k</mi><mo>⩽</mo><mn>10</mn></mrow><annotation encoding=\"application/x-tex\">1 \\leqslant k \\leqslant 10</annotation></semantics></math></span><span class=\"katex-html\" aria-hidden=\"true\"><span class=\"base\"><span class=\"strut\" style=\"height:0.7811em;vertical-align:-0.1367em;\"></span><span class=\"mord\">1</span><span class=\"mspace\" style=\"margin-right:0.2778em;\"></span><span class=\"mrel amsrm\">⩽</span><span class=\"mspace\" style=\"margin-right:0.2778em;\"></span></span><span class=\"base\"><span class=\"strut\" style=\"height:0.8311em;vertical-align:-0.1367em;\"></span><span class=\"mord mathnormal\" style=\"margin-right:0.03148em;\">k</span><span class=\"mspace\" style=\"margin-right:0.2778em;\"></span><span class=\"mrel amsrm\">⩽</span><span class=\"mspace\" style=\"margin-right:0.2778em;\"></span></span><span class=\"base\"><span class=\"strut\" style=\"height:0.6444em;\"></span><span class=\"mord\">10</span></span></span></span></p>\n<h2><a href=\"#题目链接\" aria-hidden=\"true\" class=\"anchor\" id=\"题目链接\"></a>题目链接</h2>\n<p><a href=\"https://www.luogu.com.cn/problem/P2604\">【ZJOI 2010】网络扩容 - Luogu 2604</a></p>\n<!-- more -->\n<h2><a href=\"#题解\" aria-hidden=\"true\" class=\"anchor\" id=\"题解\"></a>题解</h2>\n<p>第一问直接跑最大流。</p>\n<p>第二问，对于每条边，再连一条费用为 <span class=\"katex\"><span class=\"katex-mathml\"><math xmlns=\"http://www.w3.org/1998/Math/MathML\"><semantics><mrow><mi>w</mi></mrow><annotation encoding=\"application/x-tex\">w</annotation></semantics></math></span><span class=\"katex-html\" aria-hidden=\"true\"><span class=\"base\"><span class=\"strut\" style=\"height:0.4306em;\"></span><span class=\"mord mathnormal\" style=\"margin-right:0.02691em;\">w</span></span></span></span>、容量无限的边表示扩容，最后从源点向 <span class=\"katex\"><span class=\"katex-mathml\"><math xmlns=\"http://www.w3.org/1998/Math/MathML\"><semantics><mrow><mn>1</mn></mrow><annotation encoding=\"application/x-tex\">1</annotation></semantics></math></span><span class=\"katex-html\" aria-hidden=\"true\"><span class=\"base\"><span class=\"strut\" style=\"height:0.6444em;\"></span><span class=\"mord\">1</span></span></span></span> 连一条容量为 <span class=\"katex\"><span class=\"katex-mathml\"><math xmlns=\"http://www.w3.org/1998/Math/MathML\"><semantics><mrow><mi>k</mi></mrow><annotation encoding=\"application/x-tex\">k</annotation></semantics></math></span><span class=\"katex-html\" aria-hidden=\"true\"><span class=\"base\"><span class=\"strut\" style=\"height:0.6944em;\"></span><span class=\"mord mathnormal\" style=\"margin-right:0.03148em;\">k</span></span></span></span> 的边限制容量。</p>\n<h2><a href=\"#代码\" aria-hidden=\"true\" class=\"anchor\" id=\"代码\"></a>代码</h2>\n<pre style=\"background-color:#2b303b;\"><code class=\"language-c++\">\n<span style=\"color:#b48ead;\">#include </span><span style=\"color:#c0c5ce;\">&lt;</span><span style=\"color:#a3be8c;\">cstdio</span><span style=\"color:#c0c5ce;\">&gt;\n</span><span style=\"color:#b48ead;\">#include </span><span style=\"color:#c0c5ce;\">&lt;</span><span style=\"color:#a3be8c;\">climits</span><span style=\"color:#c0c5ce;\">&gt;\n</span><span style=\"color:#b48ead;\">#include </span><span style=\"color:#c0c5ce;\">&lt;</span><span style=\"color:#a3be8c;\">queue</span><span style=\"color:#c0c5ce;\">&gt;\n</span><span style=\"color:#b48ead;\">#include </span><span style=\"color:#c0c5ce;\">&lt;</span><span style=\"color:#a3be8c;\">algorithm</span><span style=\"color:#c0c5ce;\">&gt;\n</span><span style=\"color:#b48ead;\">const int</span><span style=\"color:#c0c5ce;\"> MAXN = </span><span style=\"color:#d08770;\">1005</span><span style=\"color:#c0c5ce;\">;\n</span><span style=\"color:#b48ead;\">const int</span><span style=\"color:#c0c5ce;\"> MAXM = </span><span style=\"color:#d08770;\">5005</span><span style=\"color:#c0c5ce;\">;\n</span><span style=\"color:#b48ead;\">struct </span><span style=\"color:#c0c5ce;\">Edge;\n</span><span style=\"color:#b48ead;\">struct </span><span style=\"color:#c0c5ce;\">Node {\n</span><span style=\"color:#c0c5ce;\">    Edge *e, *curr, *pre;\n</span><span style=\"color:#c0c5ce;\">    </span><span style=\"color:#b48ead;\">int</span><span style=\"color:#c0c5ce;\"> level, flow, dist;\n</span><span style=\"color:#c0c5ce;\">    </span><span style=\"color:#b48ead;\">bool</span><span style=\"color:#c0c5ce;\"> inq;\n</span><span style=\"color:#c0c5ce;\">} N[MAXN];\n</span><span style=\"color:#b48ead;\">struct </span><span style=\"color:#c0c5ce;\">Edge {\n</span><span style=\"color:#c0c5ce;\">    Node *u, *v;\n</span><span style=\"color:#c0c5ce;\">    Edge *next, *rev;\n</span><span style=\"color:#c0c5ce;\">    </span><span style=\"color:#b48ead;\">int</span><span style=\"color:#c0c5ce;\"> cap, flow, cost;\n</span><span style=\"color:#c0c5ce;\">    </span><span style=\"color:#8fa1b3;\">Edge</span><span style=\"color:#c0c5ce;\">(Node *</span><span style=\"color:#bf616a;\">u</span><span style=\"color:#c0c5ce;\">, Node *</span><span style=\"color:#bf616a;\">v</span><span style=\"color:#c0c5ce;\">, </span><span style=\"color:#b48ead;\">int </span><span style=\"color:#bf616a;\">cap</span><span style=\"color:#c0c5ce;\">, </span><span style=\"color:#b48ead;\">int </span><span style=\"color:#bf616a;\">cost</span><span style=\"color:#c0c5ce;\">) : </span><span style=\"color:#bf616a;\">u</span><span style=\"color:#c0c5ce;\">(u), </span><span style=\"color:#bf616a;\">v</span><span style=\"color:#c0c5ce;\">(v), </span><span style=\"color:#bf616a;\">cap</span><span style=\"color:#c0c5ce;\">(cap), </span><span style=\"color:#bf616a;\">flow</span><span style=\"color:#c0c5ce;\">(</span><span style=\"color:#d08770;\">0</span><span style=\"color:#c0c5ce;\">), </span><span style=\"color:#bf616a;\">cost</span><span style=\"color:#c0c5ce;\">(cost), </span><span style=\"color:#bf616a;\">next</span><span style=\"color:#c0c5ce;\">(u-&gt;</span><span style=\"color:#bf616a;\">e</span><span style=\"color:#c0c5ce;\">) {}\n</span><span style=\"color:#c0c5ce;\">};\n</span><span style=\"color:#b48ead;\">void </span><span style=\"color:#8fa1b3;\">addEdge</span><span style=\"color:#c0c5ce;\">(</span><span style=\"color:#b48ead;\">int </span><span style=\"color:#bf616a;\">u</span><span style=\"color:#c0c5ce;\">, </span><span style=\"color:#b48ead;\">int </span><span style=\"color:#bf616a;\">v</span><span style=\"color:#c0c5ce;\">, </span><span style=\"color:#b48ead;\">int </span><span style=\"color:#bf616a;\">cap</span><span style=\"color:#c0c5ce;\">, </span><span style=\"color:#b48ead;\">int </span><span style=\"color:#bf616a;\">cost</span><span style=\"color:#c0c5ce;\">) {\n</span><span style=\"color:#c0c5ce;\">    N[u].</span><span style=\"color:#bf616a;\">e </span><span style=\"color:#c0c5ce;\">= </span><span style=\"color:#b48ead;\">new </span><span style=\"color:#8fa1b3;\">Edge</span><span style=\"color:#c0c5ce;\">(&amp;N[u], &amp;N[v], cap, cost);\n</span><span style=\"color:#c0c5ce;\">    N[v].</span><span style=\"color:#bf616a;\">e </span><span style=\"color:#c0c5ce;\">= </span><span style=\"color:#b48ead;\">new </span><span style=\"color:#8fa1b3;\">Edge</span><span style=\"color:#c0c5ce;\">(&amp;N[v], &amp;N[u], </span><span style=\"color:#d08770;\">0</span><span style=\"color:#c0c5ce;\">, -cost);\n</span><span style=\"color:#c0c5ce;\">    N[u].</span><span style=\"color:#bf616a;\">e</span><span style=\"color:#c0c5ce;\">-&gt;</span><span style=\"color:#bf616a;\">rev </span><span style=\"color:#c0c5ce;\">= N[v].</span><span style=\"color:#bf616a;\">e</span><span style=\"color:#c0c5ce;\">;\n</span><span style=\"color:#c0c5ce;\">    N[v].</span><span style=\"color:#bf616a;\">e</span><span style=\"color:#c0c5ce;\">-&gt;</span><span style=\"color:#bf616a;\">rev </span><span style=\"color:#c0c5ce;\">= N[u].</span><span style=\"color:#bf616a;\">e</span><span style=\"color:#c0c5ce;\">;\n</span><span style=\"color:#c0c5ce;\">}\n</span><span style=\"color:#b48ead;\">namespace </span><span style=\"color:#c0c5ce;\">Dinic {\n</span><span style=\"color:#c0c5ce;\">    </span><span style=\"color:#b48ead;\">bool </span><span style=\"color:#8fa1b3;\">makeLevelGraph</span><span style=\"color:#c0c5ce;\">(Node *</span><span style=\"color:#bf616a;\">s</span><span style=\"color:#c0c5ce;\">, Node *</span><span style=\"color:#bf616a;\">t</span><span style=\"color:#c0c5ce;\">, </span><span style=\"color:#b48ead;\">int </span><span style=\"color:#bf616a;\">n</span><span style=\"color:#c0c5ce;\">) {\n</span><span style=\"color:#c0c5ce;\">        </span><span style=\"color:#b48ead;\">for </span><span style=\"color:#c0c5ce;\">(</span><span style=\"color:#b48ead;\">int</span><span style=\"color:#c0c5ce;\"> i = </span><span style=\"color:#d08770;\">1</span><span style=\"color:#c0c5ce;\">; i &lt;= n; i++) N[i].</span><span style=\"color:#bf616a;\">level </span><span style=\"color:#c0c5ce;\">= </span><span style=\"color:#d08770;\">0</span><span style=\"color:#c0c5ce;\">;\n</span><span style=\"color:#c0c5ce;\">        std::queue&lt;Node *&gt; q;\n</span><span style=\"color:#c0c5ce;\">        q.</span><span style=\"color:#8fa1b3;\">push</span><span style=\"color:#c0c5ce;\">(s);\n</span><span style=\"color:#c0c5ce;\">        s-&gt;</span><span style=\"color:#bf616a;\">level </span><span style=\"color:#c0c5ce;\">= </span><span style=\"color:#d08770;\">1</span><span style=\"color:#c0c5ce;\">;\n</span><span style=\"color:#c0c5ce;\">        </span><span style=\"color:#b48ead;\">while </span><span style=\"color:#c0c5ce;\">(!q.</span><span style=\"color:#8fa1b3;\">empty</span><span style=\"color:#c0c5ce;\">()) {\n</span><span style=\"color:#c0c5ce;\">            Node *u = q.</span><span style=\"color:#8fa1b3;\">front</span><span style=\"color:#c0c5ce;\">();\n</span><span style=\"color:#c0c5ce;\">            q.</span><span style=\"color:#8fa1b3;\">pop</span><span style=\"color:#c0c5ce;\">();\n</span><span style=\"color:#c0c5ce;\">            </span><span style=\"color:#b48ead;\">for </span><span style=\"color:#c0c5ce;\">(Edge *e = u-&gt;</span><span style=\"color:#bf616a;\">e</span><span style=\"color:#c0c5ce;\">; e; e = e-&gt;</span><span style=\"color:#bf616a;\">next</span><span style=\"color:#c0c5ce;\">) {\n</span><span style=\"color:#c0c5ce;\">                </span><span style=\"color:#b48ead;\">if </span><span style=\"color:#c0c5ce;\">(e-&gt;</span><span style=\"color:#bf616a;\">cap </span><span style=\"color:#c0c5ce;\">&gt; e-&gt;</span><span style=\"color:#bf616a;\">flow </span><span style=\"color:#c0c5ce;\">&amp;&amp; e-&gt;</span><span style=\"color:#bf616a;\">v</span><span style=\"color:#c0c5ce;\">-&gt;</span><span style=\"color:#bf616a;\">level </span><span style=\"color:#c0c5ce;\">== </span><span style=\"color:#d08770;\">0</span><span style=\"color:#c0c5ce;\">) {\n</span><span style=\"color:#c0c5ce;\">                    e-&gt;</span><span style=\"color:#bf616a;\">v</span><span style=\"color:#c0c5ce;\">-&gt;</span><span style=\"color:#bf616a;\">level </span><span style=\"color:#c0c5ce;\">= u-&gt;</span><span style=\"color:#bf616a;\">level </span><span style=\"color:#c0c5ce;\">+ </span><span style=\"color:#d08770;\">1</span><span style=\"color:#c0c5ce;\">;\n</span><span style=\"color:#c0c5ce;\">                    </span><span style=\"color:#b48ead;\">if </span><span style=\"color:#c0c5ce;\">(e-&gt;</span><span style=\"color:#bf616a;\">v </span><span style=\"color:#c0c5ce;\">== t) </span><span style=\"color:#b48ead;\">return </span><span style=\"color:#d08770;\">true</span><span style=\"color:#c0c5ce;\">;\n</span><span style=\"color:#c0c5ce;\">                    q.</span><span style=\"color:#8fa1b3;\">push</span><span style=\"color:#c0c5ce;\">(e-&gt;</span><span style=\"color:#bf616a;\">v</span><span style=\"color:#c0c5ce;\">);\n</span><span style=\"color:#c0c5ce;\">                }\n</span><span style=\"color:#c0c5ce;\">            }\n</span><span style=\"color:#c0c5ce;\">        }\n</span><span style=\"color:#c0c5ce;\">        </span><span style=\"color:#b48ead;\">return </span><span style=\"color:#d08770;\">false</span><span style=\"color:#c0c5ce;\">;\n</span><span style=\"color:#c0c5ce;\">    }\n</span><span style=\"color:#c0c5ce;\">    </span><span style=\"color:#b48ead;\">int </span><span style=\"color:#8fa1b3;\">findPath</span><span style=\"color:#c0c5ce;\">(Node *</span><span style=\"color:#bf616a;\">s</span><span style=\"color:#c0c5ce;\">, Node *</span><span style=\"color:#bf616a;\">t</span><span style=\"color:#c0c5ce;\">, </span><span style=\"color:#b48ead;\">int </span><span style=\"color:#bf616a;\">limit </span><span style=\"color:#c0c5ce;\">= INT_MAX) {\n</span><span style=\"color:#c0c5ce;\">        </span><span style=\"color:#b48ead;\">if </span><span style=\"color:#c0c5ce;\">(s == t) </span><span style=\"color:#b48ead;\">return</span><span style=\"color:#c0c5ce;\"> limit;\n</span><span style=\"color:#c0c5ce;\">        </span><span style=\"color:#b48ead;\">for </span><span style=\"color:#c0c5ce;\">(Edge *&amp;e = s-&gt;</span><span style=\"color:#bf616a;\">curr</span><span style=\"color:#c0c5ce;\">; e; e = e-&gt;</span><span style=\"color:#bf616a;\">next</span><span style=\"color:#c0c5ce;\">) {\n</span><span style=\"color:#c0c5ce;\">            </span><span style=\"color:#b48ead;\">if </span><span style=\"color:#c0c5ce;\">(e-&gt;</span><span style=\"color:#bf616a;\">cap </span><span style=\"color:#c0c5ce;\">&gt; e-&gt;</span><span style=\"color:#bf616a;\">flow </span><span style=\"color:#c0c5ce;\">&amp;&amp; e-&gt;</span><span style=\"color:#bf616a;\">v</span><span style=\"color:#c0c5ce;\">-&gt;</span><span style=\"color:#bf616a;\">level </span><span style=\"color:#c0c5ce;\">== s-&gt;</span><span style=\"color:#bf616a;\">level </span><span style=\"color:#c0c5ce;\">+ </span><span style=\"color:#d08770;\">1</span><span style=\"color:#c0c5ce;\">) {\n</span><span style=\"color:#c0c5ce;\">                </span><span style=\"color:#b48ead;\">int</span><span style=\"color:#c0c5ce;\"> flow = </span><span style=\"color:#8fa1b3;\">findPath</span><span style=\"color:#c0c5ce;\">(e-&gt;</span><span style=\"color:#bf616a;\">v</span><span style=\"color:#c0c5ce;\">, t, </span><span style=\"color:#8fa1b3;\">std::min</span><span style=\"color:#c0c5ce;\">(limit, e-&gt;</span><span style=\"color:#bf616a;\">cap </span><span style=\"color:#c0c5ce;\">- e-&gt;</span><span style=\"color:#bf616a;\">flow</span><span style=\"color:#c0c5ce;\">));\n</span><span style=\"color:#c0c5ce;\">                </span><span style=\"color:#b48ead;\">if </span><span style=\"color:#c0c5ce;\">(flow &gt; </span><span style=\"color:#d08770;\">0</span><span style=\"color:#c0c5ce;\">) {\n</span><span style=\"color:#c0c5ce;\">                    e-&gt;</span><span style=\"color:#bf616a;\">flow </span><span style=\"color:#c0c5ce;\">+= flow;\n</span><span style=\"color:#c0c5ce;\">                    e-&gt;</span><span style=\"color:#bf616a;\">rev</span><span style=\"color:#c0c5ce;\">-&gt;</span><span style=\"color:#bf616a;\">flow </span><span style=\"color:#c0c5ce;\">-= flow;\n</span><span style=\"color:#c0c5ce;\">                    </span><span style=\"color:#b48ead;\">return</span><span style=\"color:#c0c5ce;\"> flow;\n</span><span style=\"color:#c0c5ce;\">                }\n</span><span style=\"color:#c0c5ce;\">            }\n</span><span style=\"color:#c0c5ce;\">        }\n</span><span style=\"color:#c0c5ce;\">        </span><span style=\"color:#b48ead;\">return </span><span style=\"color:#d08770;\">0</span><span style=\"color:#c0c5ce;\">;\n</span><span style=\"color:#c0c5ce;\">    }\n</span><span style=\"color:#c0c5ce;\">    </span><span style=\"color:#b48ead;\">int </span><span style=\"color:#8fa1b3;\">solve</span><span style=\"color:#c0c5ce;\">(</span><span style=\"color:#b48ead;\">int </span><span style=\"color:#bf616a;\">s</span><span style=\"color:#c0c5ce;\">, </span><span style=\"color:#b48ead;\">int </span><span style=\"color:#bf616a;\">t</span><span style=\"color:#c0c5ce;\">, </span><span style=\"color:#b48ead;\">int </span><span style=\"color:#bf616a;\">n</span><span style=\"color:#c0c5ce;\">) {\n</span><span style=\"color:#c0c5ce;\">        </span><span style=\"color:#b48ead;\">int</span><span style=\"color:#c0c5ce;\"> res = </span><span style=\"color:#d08770;\">0</span><span style=\"color:#c0c5ce;\">;\n</span><span style=\"color:#c0c5ce;\">        </span><span style=\"color:#b48ead;\">while </span><span style=\"color:#c0c5ce;\">(</span><span style=\"color:#8fa1b3;\">makeLevelGraph</span><span style=\"color:#c0c5ce;\">(&amp;N[s], &amp;N[t], n)) {\n</span><span style=\"color:#c0c5ce;\">            </span><span style=\"color:#b48ead;\">for </span><span style=\"color:#c0c5ce;\">(</span><span style=\"color:#b48ead;\">int</span><span style=\"color:#c0c5ce;\"> i = </span><span style=\"color:#d08770;\">1</span><span style=\"color:#c0c5ce;\">; i &lt;= n; i++) N[i].</span><span style=\"color:#bf616a;\">curr </span><span style=\"color:#c0c5ce;\">= N[i].</span><span style=\"color:#bf616a;\">e</span><span style=\"color:#c0c5ce;\">;\n</span><span style=\"color:#c0c5ce;\">            </span><span style=\"color:#b48ead;\">int</span><span style=\"color:#c0c5ce;\"> flow;\n</span><span style=\"color:#c0c5ce;\">            </span><span style=\"color:#b48ead;\">while </span><span style=\"color:#c0c5ce;\">((flow = </span><span style=\"color:#8fa1b3;\">findPath</span><span style=\"color:#c0c5ce;\">(&amp;N[s], &amp;N[t])) &gt; </span><span style=\"color:#d08770;\">0</span><span style=\"color:#c0c5ce;\">) res += flow;\n</span><span style=\"color:#c0c5ce;\">        }\n</span><span style=\"color:#c0c5ce;\">        </span><span style=\"color:#b48ead;\">return</span><span style=\"color:#c0c5ce;\"> res;\n</span><span style=\"color:#c0c5ce;\">    }\n</span><span style=\"color:#c0c5ce;\">}\n</span><span style=\"color:#b48ead;\">namespace </span><span style=\"color:#c0c5ce;\">EdmondsKarp {\n</span><span style=\"color:#c0c5ce;\">    </span><span style=\"color:#b48ead;\">void </span><span style=\"color:#8fa1b3;\">solve</span><span style=\"color:#c0c5ce;\">(</span><span style=\"color:#b48ead;\">int </span><span style=\"color:#bf616a;\">s</span><span style=\"color:#c0c5ce;\">, </span><span style=\"color:#b48ead;\">int </span><span style=\"color:#bf616a;\">t</span><span style=\"color:#c0c5ce;\">, </span><span style=\"color:#b48ead;\">int </span><span style=\"color:#bf616a;\">n</span><span style=\"color:#c0c5ce;\">, </span><span style=\"color:#b48ead;\">int </span><span style=\"color:#c0c5ce;\">&amp;</span><span style=\"color:#bf616a;\">flow</span><span style=\"color:#c0c5ce;\">, </span><span style=\"color:#b48ead;\">int </span><span style=\"color:#c0c5ce;\">&amp;</span><span style=\"color:#bf616a;\">cost</span><span style=\"color:#c0c5ce;\">) {\n</span><span style=\"color:#c0c5ce;\">        flow = cost = </span><span style=\"color:#d08770;\">0</span><span style=\"color:#c0c5ce;\">;\n</span><span style=\"color:#c0c5ce;\">        </span><span style=\"color:#b48ead;\">while </span><span style=\"color:#c0c5ce;\">(</span><span style=\"color:#d08770;\">true</span><span style=\"color:#c0c5ce;\">) {\n</span><span style=\"color:#c0c5ce;\">            </span><span style=\"color:#b48ead;\">for </span><span style=\"color:#c0c5ce;\">(</span><span style=\"color:#b48ead;\">int</span><span style=\"color:#c0c5ce;\"> i = </span><span style=\"color:#d08770;\">0</span><span style=\"color:#c0c5ce;\">; i &lt; n; i++) {\n</span><span style=\"color:#c0c5ce;\">                N[i].</span><span style=\"color:#bf616a;\">dist </span><span style=\"color:#c0c5ce;\">= INT_MAX;\n</span><span style=\"color:#c0c5ce;\">                N[i].</span><span style=\"color:#bf616a;\">flow </span><span style=\"color:#c0c5ce;\">= </span><span style=\"color:#d08770;\">0</span><span style=\"color:#c0c5ce;\">;\n</span><span style=\"color:#c0c5ce;\">                N[i].</span><span style=\"color:#bf616a;\">pre </span><span style=\"color:#c0c5ce;\">= </span><span style=\"color:#d08770;\">NULL</span><span style=\"color:#c0c5ce;\">;\n</span><span style=\"color:#c0c5ce;\">                N[i].</span><span style=\"color:#bf616a;\">inq </span><span style=\"color:#c0c5ce;\">= </span><span style=\"color:#d08770;\">false</span><span style=\"color:#c0c5ce;\">;\n</span><span style=\"color:#c0c5ce;\">            }\n</span><span style=\"color:#c0c5ce;\">            std::queue&lt;Node *&gt; q;\n</span><span style=\"color:#c0c5ce;\">            q.</span><span style=\"color:#8fa1b3;\">push</span><span style=\"color:#c0c5ce;\">(&amp;N[s]);\n</span><span style=\"color:#c0c5ce;\">            N[s].</span><span style=\"color:#bf616a;\">dist </span><span style=\"color:#c0c5ce;\">= </span><span style=\"color:#d08770;\">0</span><span style=\"color:#c0c5ce;\">;\n</span><span style=\"color:#c0c5ce;\">            N[s].</span><span style=\"color:#bf616a;\">flow </span><span style=\"color:#c0c5ce;\">= INT_MAX;\n</span><span style=\"color:#c0c5ce;\">            </span><span style=\"color:#b48ead;\">while </span><span style=\"color:#c0c5ce;\">(!q.</span><span style=\"color:#8fa1b3;\">empty</span><span style=\"color:#c0c5ce;\">()) {\n</span><span style=\"color:#c0c5ce;\">                Node *u = q.</span><span style=\"color:#8fa1b3;\">front</span><span style=\"color:#c0c5ce;\">();\n</span><span style=\"color:#c0c5ce;\">                q.</span><span style=\"color:#8fa1b3;\">pop</span><span style=\"color:#c0c5ce;\">();\n</span><span style=\"color:#c0c5ce;\">                u-&gt;</span><span style=\"color:#bf616a;\">inq </span><span style=\"color:#c0c5ce;\">= </span><span style=\"color:#d08770;\">false</span><span style=\"color:#c0c5ce;\">;\n</span><span style=\"color:#c0c5ce;\">                </span><span style=\"color:#b48ead;\">for </span><span style=\"color:#c0c5ce;\">(Edge *e = u-&gt;</span><span style=\"color:#bf616a;\">e</span><span style=\"color:#c0c5ce;\">; e; e = e-&gt;</span><span style=\"color:#bf616a;\">next</span><span style=\"color:#c0c5ce;\">) {\n</span><span style=\"color:#c0c5ce;\">                    </span><span style=\"color:#b48ead;\">if </span><span style=\"color:#c0c5ce;\">(e-&gt;</span><span style=\"color:#bf616a;\">cap </span><span style=\"color:#c0c5ce;\">&gt; e-&gt;</span><span style=\"color:#bf616a;\">flow </span><span style=\"color:#c0c5ce;\">&amp;&amp; e-&gt;</span><span style=\"color:#bf616a;\">v</span><span style=\"color:#c0c5ce;\">-&gt;</span><span style=\"color:#bf616a;\">dist </span><span style=\"color:#c0c5ce;\">&gt; u-&gt;</span><span style=\"color:#bf616a;\">dist </span><span style=\"color:#c0c5ce;\">+ e-&gt;</span><span style=\"color:#bf616a;\">cost</span><span style=\"color:#c0c5ce;\">) {\n</span><span style=\"color:#c0c5ce;\">                        e-&gt;</span><span style=\"color:#bf616a;\">v</span><span style=\"color:#c0c5ce;\">-&gt;</span><span style=\"color:#bf616a;\">dist </span><span style=\"color:#c0c5ce;\">= u-&gt;</span><span style=\"color:#bf616a;\">dist </span><span style=\"color:#c0c5ce;\">+ e-&gt;</span><span style=\"color:#bf616a;\">cost</span><span style=\"color:#c0c5ce;\">;\n</span><span style=\"color:#c0c5ce;\">                        e-&gt;</span><span style=\"color:#bf616a;\">v</span><span style=\"color:#c0c5ce;\">-&gt;</span><span style=\"color:#bf616a;\">flow </span><span style=\"color:#c0c5ce;\">= </span><span style=\"color:#8fa1b3;\">std::min</span><span style=\"color:#c0c5ce;\">(u-&gt;</span><span style=\"color:#bf616a;\">flow</span><span style=\"color:#c0c5ce;\">, e-&gt;</span><span style=\"color:#bf616a;\">cap </span><span style=\"color:#c0c5ce;\">- e-&gt;</span><span style=\"color:#bf616a;\">flow</span><span style=\"color:#c0c5ce;\">);\n</span><span style=\"color:#c0c5ce;\">                        e-&gt;</span><span style=\"color:#bf616a;\">v</span><span style=\"color:#c0c5ce;\">-&gt;</span><span style=\"color:#bf616a;\">pre </span><span style=\"color:#c0c5ce;\">= e;\n</span><span style=\"color:#c0c5ce;\">                        </span><span style=\"color:#b48ead;\">if </span><span style=\"color:#c0c5ce;\">(!e-&gt;</span><span style=\"color:#bf616a;\">v</span><span style=\"color:#c0c5ce;\">-&gt;</span><span style=\"color:#bf616a;\">inq</span><span style=\"color:#c0c5ce;\">) {\n</span><span style=\"color:#c0c5ce;\">                            e-&gt;</span><span style=\"color:#bf616a;\">v</span><span style=\"color:#c0c5ce;\">-&gt;</span><span style=\"color:#bf616a;\">inq </span><span style=\"color:#c0c5ce;\">= </span><span style=\"color:#d08770;\">true</span><span style=\"color:#c0c5ce;\">;\n</span><span style=\"color:#c0c5ce;\">                            q.</span><span style=\"color:#8fa1b3;\">push</span><span style=\"color:#c0c5ce;\">(e-&gt;</span><span style=\"color:#bf616a;\">v</span><span style=\"color:#c0c5ce;\">);\n</span><span style=\"color:#c0c5ce;\">                        }\n</span><span style=\"color:#c0c5ce;\">                    }\n</span><span style=\"color:#c0c5ce;\">                }\n</span><span style=\"color:#c0c5ce;\">            }\n</span><span style=\"color:#c0c5ce;\">            </span><span style=\"color:#b48ead;\">if </span><span style=\"color:#c0c5ce;\">(N[t].</span><span style=\"color:#bf616a;\">dist </span><span style=\"color:#c0c5ce;\">== INT_MAX) </span><span style=\"color:#b48ead;\">break</span><span style=\"color:#c0c5ce;\">;\n</span><span style=\"color:#c0c5ce;\">            </span><span style=\"color:#b48ead;\">for </span><span style=\"color:#c0c5ce;\">(Edge *e = N[t].</span><span style=\"color:#bf616a;\">pre</span><span style=\"color:#c0c5ce;\">; e; e = e-&gt;</span><span style=\"color:#bf616a;\">u</span><span style=\"color:#c0c5ce;\">-&gt;</span><span style=\"color:#bf616a;\">pre</span><span style=\"color:#c0c5ce;\">) {\n</span><span style=\"color:#c0c5ce;\">                e-&gt;</span><span style=\"color:#bf616a;\">flow </span><span style=\"color:#c0c5ce;\">+= N[t].</span><span style=\"color:#bf616a;\">flow</span><span style=\"color:#c0c5ce;\">;\n</span><span style=\"color:#c0c5ce;\">                e-&gt;</span><span style=\"color:#bf616a;\">rev</span><span style=\"color:#c0c5ce;\">-&gt;</span><span style=\"color:#bf616a;\">flow </span><span style=\"color:#c0c5ce;\">-= N[t].</span><span style=\"color:#bf616a;\">flow</span><span style=\"color:#c0c5ce;\">;\n</span><span style=\"color:#c0c5ce;\">            }\n</span><span style=\"color:#c0c5ce;\">            flow += N[t].</span><span style=\"color:#bf616a;\">flow</span><span style=\"color:#c0c5ce;\">;\n</span><span style=\"color:#c0c5ce;\">            cost += N[t].</span><span style=\"color:#bf616a;\">dist </span><span style=\"color:#c0c5ce;\">* N[t].</span><span style=\"color:#bf616a;\">flow</span><span style=\"color:#c0c5ce;\">;\n</span><span style=\"color:#c0c5ce;\">        }\n</span><span style=\"color:#c0c5ce;\">    }\n</span><span style=\"color:#c0c5ce;\">}\n</span><span style=\"color:#b48ead;\">struct </span><span style=\"color:#c0c5ce;\">Pair {\n</span><span style=\"color:#c0c5ce;\">    </span><span style=\"color:#b48ead;\">int</span><span style=\"color:#c0c5ce;\"> u, v, cap, cost;\n</span><span style=\"color:#c0c5ce;\">} E[MAXM];\n</span><span style=\"color:#b48ead;\">int </span><span style=\"color:#8fa1b3;\">main</span><span style=\"color:#c0c5ce;\">() {\n</span><span style=\"color:#c0c5ce;\">    </span><span style=\"color:#b48ead;\">int</span><span style=\"color:#c0c5ce;\"> n, m, k;\n</span><span style=\"color:#c0c5ce;\">    </span><span style=\"color:#96b5b4;\">scanf</span><span style=\"color:#c0c5ce;\">(&quot;</span><span style=\"color:#d08770;\">%d %d %d</span><span style=\"color:#c0c5ce;\">&quot;, &amp;n, &amp;m, &amp;k);\n</span><span style=\"color:#c0c5ce;\">    </span><span style=\"color:#b48ead;\">for </span><span style=\"color:#c0c5ce;\">(</span><span style=\"color:#b48ead;\">int</span><span style=\"color:#c0c5ce;\"> i = </span><span style=\"color:#d08770;\">0</span><span style=\"color:#c0c5ce;\">; i &lt; m; i++) {\n</span><span style=\"color:#c0c5ce;\">        </span><span style=\"color:#96b5b4;\">scanf</span><span style=\"color:#c0c5ce;\">(&quot;</span><span style=\"color:#d08770;\">%d %d %d %d</span><span style=\"color:#c0c5ce;\">&quot;, &amp;E[i].</span><span style=\"color:#bf616a;\">u</span><span style=\"color:#c0c5ce;\">, &amp;E[i].</span><span style=\"color:#bf616a;\">v</span><span style=\"color:#c0c5ce;\">, &amp;E[i].</span><span style=\"color:#bf616a;\">cap</span><span style=\"color:#c0c5ce;\">, &amp;E[i].</span><span style=\"color:#bf616a;\">cost</span><span style=\"color:#c0c5ce;\">);\n</span><span style=\"color:#c0c5ce;\">        </span><span style=\"color:#8fa1b3;\">addEdge</span><span style=\"color:#c0c5ce;\">(E[i].</span><span style=\"color:#bf616a;\">u</span><span style=\"color:#c0c5ce;\">, E[i].</span><span style=\"color:#bf616a;\">v</span><span style=\"color:#c0c5ce;\">, E[i].</span><span style=\"color:#bf616a;\">cap</span><span style=\"color:#c0c5ce;\">, </span><span style=\"color:#d08770;\">0</span><span style=\"color:#c0c5ce;\">);\n</span><span style=\"color:#c0c5ce;\">    }\n</span><span style=\"color:#c0c5ce;\">    </span><span style=\"color:#b48ead;\">int</span><span style=\"color:#c0c5ce;\"> maxFlow = </span><span style=\"color:#8fa1b3;\">Dinic::solve</span><span style=\"color:#c0c5ce;\">(</span><span style=\"color:#d08770;\">1</span><span style=\"color:#c0c5ce;\">, n, n);\n</span><span style=\"color:#c0c5ce;\">    </span><span style=\"color:#b48ead;\">for </span><span style=\"color:#c0c5ce;\">(</span><span style=\"color:#b48ead;\">int</span><span style=\"color:#c0c5ce;\"> i = </span><span style=\"color:#d08770;\">0</span><span style=\"color:#c0c5ce;\">; i &lt; m; i++) </span><span style=\"color:#8fa1b3;\">addEdge</span><span style=\"color:#c0c5ce;\">(E[i].</span><span style=\"color:#bf616a;\">u</span><span style=\"color:#c0c5ce;\">, E[i].</span><span style=\"color:#bf616a;\">v</span><span style=\"color:#c0c5ce;\">, INT_MAX, E[i].</span><span style=\"color:#bf616a;\">cost</span><span style=\"color:#c0c5ce;\">);\n</span><span style=\"color:#c0c5ce;\">    </span><span style=\"color:#8fa1b3;\">addEdge</span><span style=\"color:#c0c5ce;\">(</span><span style=\"color:#d08770;\">0</span><span style=\"color:#c0c5ce;\">, </span><span style=\"color:#d08770;\">1</span><span style=\"color:#c0c5ce;\">, k, </span><span style=\"color:#d08770;\">0</span><span style=\"color:#c0c5ce;\">);\n</span><span style=\"color:#c0c5ce;\">    </span><span style=\"color:#b48ead;\">int</span><span style=\"color:#c0c5ce;\"> flow, cost;\n</span><span style=\"color:#c0c5ce;\">    </span><span style=\"color:#8fa1b3;\">EdmondsKarp::solve</span><span style=\"color:#c0c5ce;\">(</span><span style=\"color:#d08770;\">0</span><span style=\"color:#c0c5ce;\">, n, n + </span><span style=\"color:#d08770;\">1</span><span style=\"color:#c0c5ce;\">, flow, cost);\n</span><span style=\"color:#c0c5ce;\">    </span><span style=\"color:#96b5b4;\">printf</span><span style=\"color:#c0c5ce;\">(&quot;</span><span style=\"color:#d08770;\">%d %d</span><span style=\"color:#96b5b4;\">\\n</span><span style=\"color:#c0c5ce;\">&quot;, maxFlow, cost);\n</span><span style=\"color:#c0c5ce;\">    </span><span style=\"color:#b48ead;\">return </span><span style=\"color:#d08770;\">0</span><span style=\"color:#c0c5ce;\">;\n</span><span style=\"color:#c0c5ce;\">}\n</span>\n</code></pre>\n"}