{"title":"[CQOI 2016] 手机号码","tags":["DP","数位DP"],"create_time":1494018574,"last_modified":1596725958,"toc":"<ol><li><a href=\"#题目大意\">题目大意</a></li><li><a href=\"#题目链接\">题目链接</a></li><li><a href=\"#题解\">题解</a></li><li><a href=\"#代码\">代码</a></li>","html":"<h2><a href=\"#题目大意\" aria-hidden=\"true\" class=\"anchor\" id=\"题目大意\"></a>题目大意</h2>\n<p>求 <span class=\"katex\"><span class=\"katex-mathml\"><math xmlns=\"http://www.w3.org/1998/Math/MathML\"><semantics><mrow><mo stretchy=\"false\">[</mo><mi>l</mi><mo separator=\"true\">,</mo><mtext>  </mtext><mi>r</mi><mo stretchy=\"false\">]</mo></mrow><annotation encoding=\"application/x-tex\">[l, ; r]</annotation></semantics></math></span><span class=\"katex-html\" aria-hidden=\"true\"><span class=\"base\"><span class=\"strut\" style=\"height:1em;vertical-align:-0.25em;\"></span><span class=\"mopen\">[</span><span class=\"mord mathnormal\" style=\"margin-right:0.01968em;\">l</span><span class=\"mpunct\">,</span><span class=\"mspace\" style=\"margin-right:0.2778em;\"></span><span class=\"mspace\" style=\"margin-right:0.1667em;\"></span><span class=\"mord mathnormal\" style=\"margin-right:0.02778em;\">r</span><span class=\"mclose\">]</span></span></span></span> 内满足以下条件的数的个数：</p>\n<ul>\n<li>有三个及以上连着的相同数字</li>\n<li><span class=\"katex\"><span class=\"katex-mathml\"><math xmlns=\"http://www.w3.org/1998/Math/MathML\"><semantics><mrow><mn>4</mn></mrow><annotation encoding=\"application/x-tex\">4</annotation></semantics></math></span><span class=\"katex-html\" aria-hidden=\"true\"><span class=\"base\"><span class=\"strut\" style=\"height:0.6444em;\"></span><span class=\"mord\">4</span></span></span></span> 和 <span class=\"katex\"><span class=\"katex-mathml\"><math xmlns=\"http://www.w3.org/1998/Math/MathML\"><semantics><mrow><mn>8</mn></mrow><annotation encoding=\"application/x-tex\">8</annotation></semantics></math></span><span class=\"katex-html\" aria-hidden=\"true\"><span class=\"base\"><span class=\"strut\" style=\"height:0.6444em;\"></span><span class=\"mord\">8</span></span></span></span> 不同时存在</li>\n</ul>\n<p><span class=\"katex\"><span class=\"katex-mathml\"><math xmlns=\"http://www.w3.org/1998/Math/MathML\"><semantics><mrow><mn>1</mn><mo>×</mo><mn>1</mn><msup><mn>0</mn><mn>10</mn></msup><mo>⩽</mo><mi>l</mi><mo separator=\"true\">,</mo><mtext>  </mtext><mi>r</mi><mo>&lt;</mo><mn>1</mn><mo>×</mo><mn>1</mn><msup><mn>0</mn><mn>11</mn></msup></mrow><annotation encoding=\"application/x-tex\">1 \\times 10^{10} \\leqslant l, ; r &lt; 1 \\times 10^{11}</annotation></semantics></math></span><span class=\"katex-html\" aria-hidden=\"true\"><span class=\"base\"><span class=\"strut\" style=\"height:0.7278em;vertical-align:-0.0833em;\"></span><span class=\"mord\">1</span><span class=\"mspace\" style=\"margin-right:0.2222em;\"></span><span class=\"mbin\">×</span><span class=\"mspace\" style=\"margin-right:0.2222em;\"></span></span><span class=\"base\"><span class=\"strut\" style=\"height:0.9508em;vertical-align:-0.1367em;\"></span><span class=\"mord\">1</span><span class=\"mord\"><span class=\"mord\">0</span><span class=\"msupsub\"><span class=\"vlist-t\"><span class=\"vlist-r\"><span class=\"vlist\" style=\"height:0.8141em;\"><span style=\"top:-3.063em;margin-right:0.05em;\"><span class=\"pstrut\" style=\"height:2.7em;\"></span><span class=\"sizing reset-size6 size3 mtight\"><span class=\"mord mtight\"><span class=\"mord mtight\">10</span></span></span></span></span></span></span></span></span><span class=\"mspace\" style=\"margin-right:0.2778em;\"></span><span class=\"mrel amsrm\">⩽</span><span class=\"mspace\" style=\"margin-right:0.2778em;\"></span></span><span class=\"base\"><span class=\"strut\" style=\"height:0.8889em;vertical-align:-0.1944em;\"></span><span class=\"mord mathnormal\" style=\"margin-right:0.01968em;\">l</span><span class=\"mpunct\">,</span><span class=\"mspace\" style=\"margin-right:0.2778em;\"></span><span class=\"mspace\" style=\"margin-right:0.1667em;\"></span><span class=\"mord mathnormal\" style=\"margin-right:0.02778em;\">r</span><span class=\"mspace\" style=\"margin-right:0.2778em;\"></span><span class=\"mrel\">&lt;</span><span class=\"mspace\" style=\"margin-right:0.2778em;\"></span></span><span class=\"base\"><span class=\"strut\" style=\"height:0.7278em;vertical-align:-0.0833em;\"></span><span class=\"mord\">1</span><span class=\"mspace\" style=\"margin-right:0.2222em;\"></span><span class=\"mbin\">×</span><span class=\"mspace\" style=\"margin-right:0.2222em;\"></span></span><span class=\"base\"><span class=\"strut\" style=\"height:0.8141em;\"></span><span class=\"mord\">1</span><span class=\"mord\"><span class=\"mord\">0</span><span class=\"msupsub\"><span class=\"vlist-t\"><span class=\"vlist-r\"><span class=\"vlist\" style=\"height:0.8141em;\"><span style=\"top:-3.063em;margin-right:0.05em;\"><span class=\"pstrut\" style=\"height:2.7em;\"></span><span class=\"sizing reset-size6 size3 mtight\"><span class=\"mord mtight\"><span class=\"mord mtight\">11</span></span></span></span></span></span></span></span></span></span></span></span></p>\n<h2><a href=\"#题目链接\" aria-hidden=\"true\" class=\"anchor\" id=\"题目链接\"></a>题目链接</h2>\n<p><a href=\"https://loj.ac/problem/2044\">【CQOI 2016】手机号码</a></p>\n<!-- more -->\n<h2><a href=\"#题解\" aria-hidden=\"true\" class=\"anchor\" id=\"题解\"></a>题解</h2>\n<p>数位 DP。</p>\n<p>计算小于等于一个数的答案，最终答案相减。</p>\n<p>DP 时，记 <span class=\"katex\"><span class=\"katex-mathml\"><math xmlns=\"http://www.w3.org/1998/Math/MathML\"><semantics><mrow><mi>f</mi><mo stretchy=\"false\">(</mo><mi>n</mi><mo separator=\"true\">,</mo><mi>l</mi><mi>i</mi><mi>m</mi><mi>i</mi><mi>t</mi><mo separator=\"true\">,</mo><mi>l</mi><mi>a</mi><mi>s</mi><mi>t</mi><mo separator=\"true\">,</mo><mi>e</mi><mi>q</mi><mi>u</mi><mi>a</mi><mi>l</mi><mo separator=\"true\">,</mo><mi>l</mi><mi>a</mi><mi>s</mi><mi>t</mi><mo separator=\"true\">,</mo><mi>h</mi><mi>a</mi><mi>s</mi><mn>4</mn><mo separator=\"true\">,</mo><mi>h</mi><mi>a</mi><mi>s</mi><mn>8</mn><mo stretchy=\"false\">)</mo></mrow><annotation encoding=\"application/x-tex\">f(n, limit, last, equal, last, has4, has8)</annotation></semantics></math></span><span class=\"katex-html\" aria-hidden=\"true\"><span class=\"base\"><span class=\"strut\" style=\"height:1em;vertical-align:-0.25em;\"></span><span class=\"mord mathnormal\" style=\"margin-right:0.10764em;\">f</span><span class=\"mopen\">(</span><span class=\"mord mathnormal\">n</span><span class=\"mpunct\">,</span><span class=\"mspace\" style=\"margin-right:0.1667em;\"></span><span class=\"mord mathnormal\" style=\"margin-right:0.01968em;\">l</span><span class=\"mord mathnormal\">imi</span><span class=\"mord mathnormal\">t</span><span class=\"mpunct\">,</span><span class=\"mspace\" style=\"margin-right:0.1667em;\"></span><span class=\"mord mathnormal\" style=\"margin-right:0.01968em;\">l</span><span class=\"mord mathnormal\">a</span><span class=\"mord mathnormal\">s</span><span class=\"mord mathnormal\">t</span><span class=\"mpunct\">,</span><span class=\"mspace\" style=\"margin-right:0.1667em;\"></span><span class=\"mord mathnormal\">e</span><span class=\"mord mathnormal\" style=\"margin-right:0.03588em;\">q</span><span class=\"mord mathnormal\">u</span><span class=\"mord mathnormal\">a</span><span class=\"mord mathnormal\" style=\"margin-right:0.01968em;\">l</span><span class=\"mpunct\">,</span><span class=\"mspace\" style=\"margin-right:0.1667em;\"></span><span class=\"mord mathnormal\" style=\"margin-right:0.01968em;\">l</span><span class=\"mord mathnormal\">a</span><span class=\"mord mathnormal\">s</span><span class=\"mord mathnormal\">t</span><span class=\"mpunct\">,</span><span class=\"mspace\" style=\"margin-right:0.1667em;\"></span><span class=\"mord mathnormal\">ha</span><span class=\"mord mathnormal\">s</span><span class=\"mord\">4</span><span class=\"mpunct\">,</span><span class=\"mspace\" style=\"margin-right:0.1667em;\"></span><span class=\"mord mathnormal\">ha</span><span class=\"mord mathnormal\">s</span><span class=\"mord\">8</span><span class=\"mclose\">)</span></span></span></span> 为还剩 <span class=\"katex\"><span class=\"katex-mathml\"><math xmlns=\"http://www.w3.org/1998/Math/MathML\"><semantics><mrow><mi>n</mi></mrow><annotation encoding=\"application/x-tex\">n</annotation></semantics></math></span><span class=\"katex-html\" aria-hidden=\"true\"><span class=\"base\"><span class=\"strut\" style=\"height:0.4306em;\"></span><span class=\"mord mathnormal\">n</span></span></span></span> 位（从高位开始）、当前位最大值为 <span class=\"katex\"><span class=\"katex-mathml\"><math xmlns=\"http://www.w3.org/1998/Math/MathML\"><semantics><mrow><mi>l</mi><mi>i</mi><mi>m</mi><mi>i</mi><mi>t</mi></mrow><annotation encoding=\"application/x-tex\">limit</annotation></semantics></math></span><span class=\"katex-html\" aria-hidden=\"true\"><span class=\"base\"><span class=\"strut\" style=\"height:0.6944em;\"></span><span class=\"mord mathnormal\" style=\"margin-right:0.01968em;\">l</span><span class=\"mord mathnormal\">imi</span><span class=\"mord mathnormal\">t</span></span></span></span> 、上一位为 <span class=\"katex\"><span class=\"katex-mathml\"><math xmlns=\"http://www.w3.org/1998/Math/MathML\"><semantics><mrow><mi>l</mi><mi>a</mi><mi>s</mi><mi>t</mi></mrow><annotation encoding=\"application/x-tex\">last</annotation></semantics></math></span><span class=\"katex-html\" aria-hidden=\"true\"><span class=\"base\"><span class=\"strut\" style=\"height:0.6944em;\"></span><span class=\"mord mathnormal\" style=\"margin-right:0.01968em;\">l</span><span class=\"mord mathnormal\">a</span><span class=\"mord mathnormal\">s</span><span class=\"mord mathnormal\">t</span></span></span></span> 、上一位与再上一位是否相等、是否有 <span class=\"katex\"><span class=\"katex-mathml\"><math xmlns=\"http://www.w3.org/1998/Math/MathML\"><semantics><mrow><mn>4</mn></mrow><annotation encoding=\"application/x-tex\">4</annotation></semantics></math></span><span class=\"katex-html\" aria-hidden=\"true\"><span class=\"base\"><span class=\"strut\" style=\"height:0.6444em;\"></span><span class=\"mord\">4</span></span></span></span> 、是否有 <span class=\"katex\"><span class=\"katex-mathml\"><math xmlns=\"http://www.w3.org/1998/Math/MathML\"><semantics><mrow><mn>8</mn></mrow><annotation encoding=\"application/x-tex\">8</annotation></semantics></math></span><span class=\"katex-html\" aria-hidden=\"true\"><span class=\"base\"><span class=\"strut\" style=\"height:0.6444em;\"></span><span class=\"mord\">8</span></span></span></span> 时的答案。转移时，枚举每一位，如果同时有 <span class=\"katex\"><span class=\"katex-mathml\"><math xmlns=\"http://www.w3.org/1998/Math/MathML\"><semantics><mrow><mn>4</mn></mrow><annotation encoding=\"application/x-tex\">4</annotation></semantics></math></span><span class=\"katex-html\" aria-hidden=\"true\"><span class=\"base\"><span class=\"strut\" style=\"height:0.6444em;\"></span><span class=\"mord\">4</span></span></span></span> 和 <span class=\"katex\"><span class=\"katex-mathml\"><math xmlns=\"http://www.w3.org/1998/Math/MathML\"><semantics><mrow><mn>8</mn></mrow><annotation encoding=\"application/x-tex\">8</annotation></semantics></math></span><span class=\"katex-html\" aria-hidden=\"true\"><span class=\"base\"><span class=\"strut\" style=\"height:0.6444em;\"></span><span class=\"mord\">8</span></span></span></span> 就跳过，否则去考虑下一位。代码中，<span class=\"katex\"><span class=\"katex-mathml\"><math xmlns=\"http://www.w3.org/1998/Math/MathML\"><semantics><mrow><mi>l</mi><mi>i</mi><mi>m</mi><mi>i</mi><mi>t</mi><mo>=</mo><mn>10</mn></mrow><annotation encoding=\"application/x-tex\">limit = 10</annotation></semantics></math></span><span class=\"katex-html\" aria-hidden=\"true\"><span class=\"base\"><span class=\"strut\" style=\"height:0.6944em;\"></span><span class=\"mord mathnormal\" style=\"margin-right:0.01968em;\">l</span><span class=\"mord mathnormal\">imi</span><span class=\"mord mathnormal\">t</span><span class=\"mspace\" style=\"margin-right:0.2778em;\"></span><span class=\"mrel\">=</span><span class=\"mspace\" style=\"margin-right:0.2778em;\"></span></span><span class=\"base\"><span class=\"strut\" style=\"height:0.6444em;\"></span><span class=\"mord\">10</span></span></span></span> 表示这一位与接下来的位都没有限制。</p>\n<h2><a href=\"#代码\" aria-hidden=\"true\" class=\"anchor\" id=\"代码\"></a>代码</h2>\n<pre style=\"background-color:#2b303b;\"><code class=\"language-c++\">\n<span style=\"color:#b48ead;\">#include </span><span style=\"color:#c0c5ce;\">&lt;</span><span style=\"color:#a3be8c;\">cstdio</span><span style=\"color:#c0c5ce;\">&gt;\n</span><span style=\"color:#b48ead;\">#include </span><span style=\"color:#c0c5ce;\">&lt;</span><span style=\"color:#a3be8c;\">cstring</span><span style=\"color:#c0c5ce;\">&gt;\n</span><span style=\"color:#b48ead;\">#include </span><span style=\"color:#c0c5ce;\">&lt;</span><span style=\"color:#a3be8c;\">algorithm</span><span style=\"color:#c0c5ce;\">&gt;\n</span><span style=\"color:#b48ead;\">const int</span><span style=\"color:#c0c5ce;\"> LEN = </span><span style=\"color:#d08770;\">11</span><span style=\"color:#c0c5ce;\">;\n</span><span style=\"color:#b48ead;\">const long long</span><span style=\"color:#c0c5ce;\"> MIN = </span><span style=\"color:#d08770;\">1e10</span><span style=\"color:#c0c5ce;\">;\n</span><span style=\"color:#b48ead;\">int</span><span style=\"color:#c0c5ce;\"> a[LEN];\n</span><span style=\"color:#b48ead;\">long long</span><span style=\"color:#c0c5ce;\"> f[LEN][</span><span style=\"color:#d08770;\">11</span><span style=\"color:#c0c5ce;\">][</span><span style=\"color:#d08770;\">10</span><span style=\"color:#c0c5ce;\">][</span><span style=\"color:#d08770;\">2</span><span style=\"color:#c0c5ce;\">][</span><span style=\"color:#d08770;\">2</span><span style=\"color:#c0c5ce;\">][</span><span style=\"color:#d08770;\">2</span><span style=\"color:#c0c5ce;\">][</span><span style=\"color:#d08770;\">2</span><span style=\"color:#c0c5ce;\">];\n</span><span style=\"color:#b48ead;\">bool</span><span style=\"color:#c0c5ce;\"> calced[LEN][</span><span style=\"color:#d08770;\">11</span><span style=\"color:#c0c5ce;\">][</span><span style=\"color:#d08770;\">10</span><span style=\"color:#c0c5ce;\">][</span><span style=\"color:#d08770;\">2</span><span style=\"color:#c0c5ce;\">][</span><span style=\"color:#d08770;\">2</span><span style=\"color:#c0c5ce;\">][</span><span style=\"color:#d08770;\">2</span><span style=\"color:#c0c5ce;\">][</span><span style=\"color:#d08770;\">2</span><span style=\"color:#c0c5ce;\">];\n</span><span style=\"color:#b48ead;\">long long </span><span style=\"color:#8fa1b3;\">dp</span><span style=\"color:#c0c5ce;\">(</span><span style=\"color:#b48ead;\">int </span><span style=\"color:#bf616a;\">n</span><span style=\"color:#c0c5ce;\">, </span><span style=\"color:#b48ead;\">int </span><span style=\"color:#bf616a;\">limit</span><span style=\"color:#c0c5ce;\">, </span><span style=\"color:#b48ead;\">int </span><span style=\"color:#bf616a;\">last</span><span style=\"color:#c0c5ce;\">, </span><span style=\"color:#b48ead;\">bool </span><span style=\"color:#bf616a;\">equal</span><span style=\"color:#c0c5ce;\">, </span><span style=\"color:#b48ead;\">bool </span><span style=\"color:#bf616a;\">flag</span><span style=\"color:#c0c5ce;\">, </span><span style=\"color:#b48ead;\">bool </span><span style=\"color:#bf616a;\">has4</span><span style=\"color:#c0c5ce;\">, </span><span style=\"color:#b48ead;\">bool </span><span style=\"color:#bf616a;\">has8</span><span style=\"color:#c0c5ce;\">) {\n</span><span style=\"color:#c0c5ce;\">    </span><span style=\"color:#b48ead;\">long long </span><span style=\"color:#c0c5ce;\">&amp;curr = f[n][limit][last][equal][flag][has4][has8];\n</span><span style=\"color:#c0c5ce;\">    </span><span style=\"color:#b48ead;\">if </span><span style=\"color:#c0c5ce;\">(calced[n][limit][last][equal][flag][has4][has8]) </span><span style=\"color:#b48ead;\">return</span><span style=\"color:#c0c5ce;\"> curr;\n</span><span style=\"color:#c0c5ce;\">    calced[n][limit][last][equal][flag][has4][has8] = </span><span style=\"color:#d08770;\">true</span><span style=\"color:#c0c5ce;\">;\n</span><span style=\"color:#c0c5ce;\">    curr = </span><span style=\"color:#d08770;\">0</span><span style=\"color:#c0c5ce;\">;\n</span><span style=\"color:#c0c5ce;\">    </span><span style=\"color:#b48ead;\">if </span><span style=\"color:#c0c5ce;\">(n == </span><span style=\"color:#d08770;\">1</span><span style=\"color:#c0c5ce;\">) {\n</span><span style=\"color:#c0c5ce;\">        </span><span style=\"color:#b48ead;\">for </span><span style=\"color:#c0c5ce;\">(</span><span style=\"color:#b48ead;\">int</span><span style=\"color:#c0c5ce;\"> i = </span><span style=\"color:#d08770;\">0</span><span style=\"color:#c0c5ce;\">; i &lt;= </span><span style=\"color:#8fa1b3;\">std::min</span><span style=\"color:#c0c5ce;\">(limit, </span><span style=\"color:#d08770;\">9</span><span style=\"color:#c0c5ce;\">); i++) {\n</span><span style=\"color:#c0c5ce;\">            </span><span style=\"color:#b48ead;\">if </span><span style=\"color:#c0c5ce;\">((has4 &amp;&amp; has8) || (i == </span><span style=\"color:#d08770;\">4 </span><span style=\"color:#c0c5ce;\">&amp;&amp; has8) || (i == </span><span style=\"color:#d08770;\">8 </span><span style=\"color:#c0c5ce;\">&amp;&amp; has4)) </span><span style=\"color:#b48ead;\">continue</span><span style=\"color:#c0c5ce;\">;\n</span><span style=\"color:#c0c5ce;\">            </span><span style=\"color:#b48ead;\">if </span><span style=\"color:#c0c5ce;\">(flag || (equal &amp;&amp; i == last)) curr++;\n</span><span style=\"color:#c0c5ce;\">        }\n</span><span style=\"color:#c0c5ce;\">    } </span><span style=\"color:#b48ead;\">else </span><span style=\"color:#c0c5ce;\">{\n</span><span style=\"color:#c0c5ce;\">        </span><span style=\"color:#b48ead;\">int</span><span style=\"color:#c0c5ce;\"> next = a[LEN - n + </span><span style=\"color:#d08770;\">1</span><span style=\"color:#c0c5ce;\">];\n</span><span style=\"color:#c0c5ce;\">        </span><span style=\"color:#b48ead;\">for </span><span style=\"color:#c0c5ce;\">(</span><span style=\"color:#b48ead;\">int</span><span style=\"color:#c0c5ce;\"> i = </span><span style=\"color:#d08770;\">0</span><span style=\"color:#c0c5ce;\">; i &lt;= </span><span style=\"color:#8fa1b3;\">std::min</span><span style=\"color:#c0c5ce;\">(limit, </span><span style=\"color:#d08770;\">9</span><span style=\"color:#c0c5ce;\">); i++) {\n</span><span style=\"color:#c0c5ce;\">            </span><span style=\"color:#b48ead;\">if </span><span style=\"color:#c0c5ce;\">((has4 &amp;&amp; has8) || (i == </span><span style=\"color:#d08770;\">4 </span><span style=\"color:#c0c5ce;\">&amp;&amp; has8) || (i == </span><span style=\"color:#d08770;\">8 </span><span style=\"color:#c0c5ce;\">&amp;&amp; has4)) </span><span style=\"color:#b48ead;\">continue</span><span style=\"color:#c0c5ce;\">;\n</span><span style=\"color:#c0c5ce;\">            </span><span style=\"color:#b48ead;\">int</span><span style=\"color:#c0c5ce;\"> temp = i &lt; limit || limit == </span><span style=\"color:#d08770;\">10 </span><span style=\"color:#c0c5ce;\">? </span><span style=\"color:#d08770;\">10 </span><span style=\"color:#c0c5ce;\">: next;\n</span><span style=\"color:#c0c5ce;\">            curr += </span><span style=\"color:#8fa1b3;\">dp</span><span style=\"color:#c0c5ce;\">(n - </span><span style=\"color:#d08770;\">1</span><span style=\"color:#c0c5ce;\">, temp, i, i == last, flag || (equal &amp;&amp; i == last), \n</span><span style=\"color:#c0c5ce;\">                       has4 || (i == </span><span style=\"color:#d08770;\">4</span><span style=\"color:#c0c5ce;\">), has8 || (i == </span><span style=\"color:#d08770;\">8</span><span style=\"color:#c0c5ce;\">));\n</span><span style=\"color:#c0c5ce;\">        }\n</span><span style=\"color:#c0c5ce;\">    }\n</span><span style=\"color:#c0c5ce;\">    </span><span style=\"color:#b48ead;\">return</span><span style=\"color:#c0c5ce;\"> curr;\n</span><span style=\"color:#c0c5ce;\">}\n</span><span style=\"color:#b48ead;\">long long </span><span style=\"color:#8fa1b3;\">calc</span><span style=\"color:#c0c5ce;\">(</span><span style=\"color:#b48ead;\">long long </span><span style=\"color:#bf616a;\">x</span><span style=\"color:#c0c5ce;\">) {\n</span><span style=\"color:#c0c5ce;\">    </span><span style=\"color:#b48ead;\">if </span><span style=\"color:#c0c5ce;\">(x &lt; MIN) </span><span style=\"color:#b48ead;\">return </span><span style=\"color:#d08770;\">0</span><span style=\"color:#c0c5ce;\">;\n</span><span style=\"color:#c0c5ce;\">    </span><span style=\"color:#b48ead;\">for </span><span style=\"color:#c0c5ce;\">(</span><span style=\"color:#b48ead;\">int</span><span style=\"color:#c0c5ce;\"> i = LEN - </span><span style=\"color:#d08770;\">1</span><span style=\"color:#c0c5ce;\">; ~i; i--) a[i] = x % </span><span style=\"color:#d08770;\">10</span><span style=\"color:#c0c5ce;\">, x /= </span><span style=\"color:#d08770;\">10</span><span style=\"color:#c0c5ce;\">;\n</span><span style=\"color:#c0c5ce;\">    </span><span style=\"color:#96b5b4;\">memset</span><span style=\"color:#c0c5ce;\">(calced, </span><span style=\"color:#d08770;\">false</span><span style=\"color:#c0c5ce;\">, sizeof (calced));\n</span><span style=\"color:#c0c5ce;\">    </span><span style=\"color:#b48ead;\">long long</span><span style=\"color:#c0c5ce;\"> res = </span><span style=\"color:#d08770;\">0</span><span style=\"color:#c0c5ce;\">;\n</span><span style=\"color:#c0c5ce;\">    </span><span style=\"color:#b48ead;\">for </span><span style=\"color:#c0c5ce;\">(</span><span style=\"color:#b48ead;\">int</span><span style=\"color:#c0c5ce;\"> i = </span><span style=\"color:#d08770;\">1</span><span style=\"color:#c0c5ce;\">; i &lt;= a[</span><span style=\"color:#d08770;\">0</span><span style=\"color:#c0c5ce;\">]; i++) {\n</span><span style=\"color:#c0c5ce;\">        </span><span style=\"color:#b48ead;\">int</span><span style=\"color:#c0c5ce;\"> limit = i == a[</span><span style=\"color:#d08770;\">0</span><span style=\"color:#c0c5ce;\">] ? a[</span><span style=\"color:#d08770;\">1</span><span style=\"color:#c0c5ce;\">] : </span><span style=\"color:#d08770;\">10</span><span style=\"color:#c0c5ce;\">;\n</span><span style=\"color:#c0c5ce;\">        res += </span><span style=\"color:#8fa1b3;\">dp</span><span style=\"color:#c0c5ce;\">(LEN - </span><span style=\"color:#d08770;\">1</span><span style=\"color:#c0c5ce;\">, limit, i, </span><span style=\"color:#d08770;\">false</span><span style=\"color:#c0c5ce;\">, </span><span style=\"color:#d08770;\">false</span><span style=\"color:#c0c5ce;\">, i == </span><span style=\"color:#d08770;\">4</span><span style=\"color:#c0c5ce;\">, i == </span><span style=\"color:#d08770;\">8</span><span style=\"color:#c0c5ce;\">);\n</span><span style=\"color:#c0c5ce;\">    }\n</span><span style=\"color:#c0c5ce;\">    </span><span style=\"color:#b48ead;\">return</span><span style=\"color:#c0c5ce;\"> res;\n</span><span style=\"color:#c0c5ce;\">}\n</span><span style=\"color:#b48ead;\">int </span><span style=\"color:#8fa1b3;\">main</span><span style=\"color:#c0c5ce;\">() {\n</span><span style=\"color:#c0c5ce;\">    </span><span style=\"color:#b48ead;\">long long</span><span style=\"color:#c0c5ce;\"> l, r;\n</span><span style=\"color:#c0c5ce;\">    </span><span style=\"color:#96b5b4;\">scanf</span><span style=\"color:#c0c5ce;\">(&quot;</span><span style=\"color:#d08770;\">%lld %lld</span><span style=\"color:#c0c5ce;\">&quot;, &amp;l, &amp;r);\n</span><span style=\"color:#c0c5ce;\">    </span><span style=\"color:#96b5b4;\">printf</span><span style=\"color:#c0c5ce;\">(&quot;</span><span style=\"color:#d08770;\">%lld</span><span style=\"color:#96b5b4;\">\\n</span><span style=\"color:#c0c5ce;\">&quot;, </span><span style=\"color:#8fa1b3;\">calc</span><span style=\"color:#c0c5ce;\">(r) - </span><span style=\"color:#8fa1b3;\">calc</span><span style=\"color:#c0c5ce;\">(l - </span><span style=\"color:#d08770;\">1</span><span style=\"color:#c0c5ce;\">));\n</span><span style=\"color:#c0c5ce;\">    </span><span style=\"color:#b48ead;\">return </span><span style=\"color:#d08770;\">0</span><span style=\"color:#c0c5ce;\">;\n</span><span style=\"color:#c0c5ce;\">}\n</span>\n</code></pre>\n"}