{"title":"上帝与集合的正确用法","tags":["数论","欧拉定理"],"create_time":1491856233,"last_modified":1596725282,"toc":"<ol><li><a href=\"#题目大意\">题目大意</a></li><li><a href=\"#题目链接\">题目链接</a></li><li><a href=\"#题解\">题解</a></li><li><a href=\"#代码\">代码</a></li>","html":"<h2><a href=\"#题目大意\" aria-hidden=\"true\" class=\"anchor\" id=\"题目大意\"></a>题目大意</h2>\n<p>求：</p>\n<p class='katex-block'><span class=\"katex-display\"><span class=\"katex\"><span class=\"katex-mathml\"><math xmlns=\"http://www.w3.org/1998/Math/MathML\" display=\"block\"><semantics><mrow><mtext>无数个</mtext><mn>2</mn><mrow><mo fence=\"true\">{</mo><msup><mn>2</mn><msup><mn>2</mn><msup><mn>2</mn><msup><mn>2</mn><msup><mn>2</mn><mrow><mn>2</mn><mo>⋯</mo></mrow></msup></msup></msup></msup></msup></mrow><mtext> </mtext><mo lspace=\"0.22em\" rspace=\"0.22em\"><mrow><mi mathvariant=\"normal\">m</mi><mi mathvariant=\"normal\">o</mi><mi mathvariant=\"normal\">d</mi></mrow></mo><mtext> </mtext><mtext>  </mtext><mi>p</mi></mrow><annotation encoding=\"application/x-tex\">\n无数个2 \\left\\{ 2 ^{2^{2^{2^{2^{2 \\cdots}}}}} \\right. \\bmod \\; p\n</annotation></semantics></math></span><span class=\"katex-html\" aria-hidden=\"true\"><span class=\"base\"><span class=\"strut\" style=\"height:3em;vertical-align:-1.25em;\"></span><span class=\"mord cjk_fallback\">无数个</span><span class=\"mord\">2</span><span class=\"mspace\" style=\"margin-right:0.1667em;\"></span><span class=\"minner\"><span class=\"mopen delimcenter\" style=\"top:0em;\"><span class=\"delimsizing size4\">{</span></span><span class=\"mord\"><span class=\"mord\">2</span><span class=\"msupsub\"><span class=\"vlist-t\"><span class=\"vlist-r\"><span class=\"vlist\" style=\"height:1.6429em;\"><span style=\"top:-3.6429em;margin-right:0.05em;\"><span class=\"pstrut\" style=\"height:3.2299em;\"></span><span class=\"sizing reset-size6 size3 mtight\"><span class=\"mord mtight\"><span class=\"mord mtight\"><span class=\"mord mtight\">2</span><span class=\"msupsub\"><span class=\"vlist-t\"><span class=\"vlist-r\"><span class=\"vlist\" style=\"height:1.757em;\"><span style=\"top:-3.757em;margin-right:0.0714em;\"><span class=\"pstrut\" style=\"height:3.326em;\"></span><span class=\"sizing reset-size3 size1 mtight\"><span class=\"mord mtight\"><span class=\"mord mtight\"><span class=\"mord mtight\">2</span><span class=\"msupsub\"><span class=\"vlist-t\"><span class=\"vlist-r\"><span class=\"vlist\" style=\"height:1.8564em;\"><span style=\"top:-3.8564em;margin-right:0.1em;\"><span class=\"pstrut\" style=\"height:3.4524em;\"></span><span class=\"mord mtight\"><span class=\"mord mtight\"><span class=\"mord mtight\">2</span><span class=\"msupsub\"><span class=\"vlist-t\"><span class=\"vlist-r\"><span class=\"vlist\" style=\"height:1.4524em;\"><span style=\"top:-3.4524em;margin-right:0.1em;\"><span class=\"pstrut\" style=\"height:3.0484em;\"></span><span class=\"mord mtight\"><span class=\"mord mtight\"><span class=\"mord mtight\">2</span><span class=\"msupsub\"><span class=\"vlist-t\"><span class=\"vlist-r\"><span class=\"vlist\" style=\"height:1.0484em;\"><span style=\"top:-3.0484em;margin-right:0.1em;\"><span class=\"pstrut\" style=\"height:2.6444em;\"></span><span class=\"mord mtight\"><span class=\"mord mtight\">2</span><span class=\"minner mtight\">⋯</span></span></span></span></span></span></span></span></span></span></span></span></span></span></span></span></span></span></span></span></span></span></span></span></span></span></span></span></span></span></span></span></span></span></span></span></span></span><span class=\"mclose nulldelimiter\"></span></span><span class=\"mspace\" style=\"margin-right:0.0556em;\"></span><span class=\"mspace\" style=\"margin-right:0.2222em;\"></span><span class=\"mbin\"><span class=\"mord\"><span class=\"mord mathrm\">mod</span></span></span><span class=\"mspace\" style=\"margin-right:0.0556em;\"></span><span class=\"mspace\" style=\"margin-right:0.2778em;\"></span><span class=\"mspace\" style=\"margin-right:0.2222em;\"></span></span><span class=\"base\"><span class=\"strut\" style=\"height:0.625em;vertical-align:-0.1944em;\"></span><span class=\"mord mathnormal\">p</span></span></span></span></span></p>\n多组询问。\n<p><span class=\"katex\"><span class=\"katex-mathml\"><math xmlns=\"http://www.w3.org/1998/Math/MathML\"><semantics><mrow><mn>1</mn><mo>⩽</mo><mi>T</mi><mo>⩽</mo><mn>1</mn><mo separator=\"true\">,</mo><mn>000</mn></mrow><annotation encoding=\"application/x-tex\">1 \\leqslant T \\leqslant 1,000</annotation></semantics></math></span><span class=\"katex-html\" aria-hidden=\"true\"><span class=\"base\"><span class=\"strut\" style=\"height:0.7811em;vertical-align:-0.1367em;\"></span><span class=\"mord\">1</span><span class=\"mspace\" style=\"margin-right:0.2778em;\"></span><span class=\"mrel amsrm\">⩽</span><span class=\"mspace\" style=\"margin-right:0.2778em;\"></span></span><span class=\"base\"><span class=\"strut\" style=\"height:0.82em;vertical-align:-0.1367em;\"></span><span class=\"mord mathnormal\" style=\"margin-right:0.13889em;\">T</span><span class=\"mspace\" style=\"margin-right:0.2778em;\"></span><span class=\"mrel amsrm\">⩽</span><span class=\"mspace\" style=\"margin-right:0.2778em;\"></span></span><span class=\"base\"><span class=\"strut\" style=\"height:0.8389em;vertical-align:-0.1944em;\"></span><span class=\"mord\">1</span><span class=\"mpunct\">,</span><span class=\"mspace\" style=\"margin-right:0.1667em;\"></span><span class=\"mord\">000</span></span></span></span></p>\n<p><span class=\"katex\"><span class=\"katex-mathml\"><math xmlns=\"http://www.w3.org/1998/Math/MathML\"><semantics><mrow><mn>1</mn><mo>⩽</mo><mi>p</mi><mo>⩽</mo><mn>10</mn><mo separator=\"true\">,</mo><mn>000</mn><mo separator=\"true\">,</mo><mn>000</mn></mrow><annotation encoding=\"application/x-tex\">1 \\leqslant p \\leqslant 10,000,000</annotation></semantics></math></span><span class=\"katex-html\" aria-hidden=\"true\"><span class=\"base\"><span class=\"strut\" style=\"height:0.7811em;vertical-align:-0.1367em;\"></span><span class=\"mord\">1</span><span class=\"mspace\" style=\"margin-right:0.2778em;\"></span><span class=\"mrel amsrm\">⩽</span><span class=\"mspace\" style=\"margin-right:0.2778em;\"></span></span><span class=\"base\"><span class=\"strut\" style=\"height:0.8311em;vertical-align:-0.1944em;\"></span><span class=\"mord mathnormal\">p</span><span class=\"mspace\" style=\"margin-right:0.2778em;\"></span><span class=\"mrel amsrm\">⩽</span><span class=\"mspace\" style=\"margin-right:0.2778em;\"></span></span><span class=\"base\"><span class=\"strut\" style=\"height:0.8389em;vertical-align:-0.1944em;\"></span><span class=\"mord\">10</span><span class=\"mpunct\">,</span><span class=\"mspace\" style=\"margin-right:0.1667em;\"></span><span class=\"mord\">000</span><span class=\"mpunct\">,</span><span class=\"mspace\" style=\"margin-right:0.1667em;\"></span><span class=\"mord\">000</span></span></span></span></p>\n<h2><a href=\"#题目链接\" aria-hidden=\"true\" class=\"anchor\" id=\"题目链接\"></a>题目链接</h2>\n<p><a href=\"https://www.luogu.com.cn/problem/P4139\">上帝与集合的正确用法 - Luogu 4139</a></p>\n<!-- more -->\n<h2><a href=\"#题解\" aria-hidden=\"true\" class=\"anchor\" id=\"题解\"></a>题解</h2>\n<p>对 <span class=\"katex\"><span class=\"katex-mathml\"><math xmlns=\"http://www.w3.org/1998/Math/MathML\"><semantics><mrow><mi>p</mi></mrow><annotation encoding=\"application/x-tex\">p</annotation></semantics></math></span><span class=\"katex-html\" aria-hidden=\"true\"><span class=\"base\"><span class=\"strut\" style=\"height:0.625em;vertical-align:-0.1944em;\"></span><span class=\"mord mathnormal\">p</span></span></span></span> 分解为 <span class=\"katex\"><span class=\"katex-mathml\"><math xmlns=\"http://www.w3.org/1998/Math/MathML\"><semantics><mrow><mi>p</mi><mo>=</mo><msup><mn>2</mn><mi>k</mi></msup><mi>q</mi></mrow><annotation encoding=\"application/x-tex\">p = 2^k q</annotation></semantics></math></span><span class=\"katex-html\" aria-hidden=\"true\"><span class=\"base\"><span class=\"strut\" style=\"height:0.625em;vertical-align:-0.1944em;\"></span><span class=\"mord mathnormal\">p</span><span class=\"mspace\" style=\"margin-right:0.2778em;\"></span><span class=\"mrel\">=</span><span class=\"mspace\" style=\"margin-right:0.2778em;\"></span></span><span class=\"base\"><span class=\"strut\" style=\"height:1.0435em;vertical-align:-0.1944em;\"></span><span class=\"mord\"><span class=\"mord\">2</span><span class=\"msupsub\"><span class=\"vlist-t\"><span class=\"vlist-r\"><span class=\"vlist\" style=\"height:0.8491em;\"><span style=\"top:-3.063em;margin-right:0.05em;\"><span class=\"pstrut\" style=\"height:2.7em;\"></span><span class=\"sizing reset-size6 size3 mtight\"><span class=\"mord mathnormal mtight\" style=\"margin-right:0.03148em;\">k</span></span></span></span></span></span></span></span><span class=\"mord mathnormal\" style=\"margin-right:0.03588em;\">q</span></span></span></span>，<span class=\"katex\"><span class=\"katex-mathml\"><math xmlns=\"http://www.w3.org/1998/Math/MathML\"><semantics><mrow><mi>q</mi></mrow><annotation encoding=\"application/x-tex\">q</annotation></semantics></math></span><span class=\"katex-html\" aria-hidden=\"true\"><span class=\"base\"><span class=\"strut\" style=\"height:0.625em;vertical-align:-0.1944em;\"></span><span class=\"mord mathnormal\" style=\"margin-right:0.03588em;\">q</span></span></span></span> 为奇数，与 <span class=\"katex\"><span class=\"katex-mathml\"><math xmlns=\"http://www.w3.org/1998/Math/MathML\"><semantics><mrow><mn>2</mn></mrow><annotation encoding=\"application/x-tex\">2</annotation></semantics></math></span><span class=\"katex-html\" aria-hidden=\"true\"><span class=\"base\"><span class=\"strut\" style=\"height:0.6444em;\"></span><span class=\"mord\">2</span></span></span></span> 互质，那么有：</p>\n<p class='katex-block'><span class=\"katex-display\"><span class=\"katex\"><span class=\"katex-mathml\"><math xmlns=\"http://www.w3.org/1998/Math/MathML\" display=\"block\"><semantics><mtable rowspacing=\"0.25em\" columnalign=\"right left\" columnspacing=\"0em\"><mtr><mtd class =\"mtr-glue\"></mtd><mtd><mstyle scriptlevel=\"0\" displaystyle=\"true\"><mrow><msup><mn>2</mn><msup><mn>2</mn><msup><mn>2</mn><mrow><mn>2</mn><mo>⋯</mo></mrow></msup></msup></msup><mtext> </mtext><mo lspace=\"0.22em\" rspace=\"0.22em\"><mrow><mi mathvariant=\"normal\">m</mi><mi mathvariant=\"normal\">o</mi><mi mathvariant=\"normal\">d</mi></mrow></mo><mtext> </mtext><mtext>  </mtext><mi>p</mi></mrow></mstyle></mtd><mtd><mstyle scriptlevel=\"0\" displaystyle=\"true\"><mrow><mrow></mrow><mo>=</mo><msup><mn>2</mn><mi>k</mi></msup><mo stretchy=\"false\">(</mo><msup><mn>2</mn><mrow><msup><mn>2</mn><msup><mn>2</mn><mrow><mn>2</mn><mo>⋯</mo></mrow></msup></msup><mo>−</mo><mi>k</mi></mrow></msup><mtext> </mtext><mo lspace=\"0.22em\" rspace=\"0.22em\"><mrow><mi mathvariant=\"normal\">m</mi><mi mathvariant=\"normal\">o</mi><mi mathvariant=\"normal\">d</mi></mrow></mo><mtext> </mtext><mtext>  </mtext><mi>q</mi><mo stretchy=\"false\">)</mo></mrow></mstyle></mtd><mtd class =\"mtr-glue\"></mtd><mtd class =\"mml-eqn-num\"></mtd></mtr><mtr><mtd class =\"mtr-glue\"></mtd><mtd><mstyle scriptlevel=\"0\" displaystyle=\"true\"><mrow></mrow></mstyle></mtd><mtd><mstyle scriptlevel=\"0\" displaystyle=\"true\"><mrow><mrow></mrow><mo>=</mo><msup><mn>2</mn><mi>k</mi></msup><mo stretchy=\"false\">(</mo><msup><mn>2</mn><mrow><mo stretchy=\"false\">(</mo><msup><mn>2</mn><msup><mn>2</mn><mrow><mn>2</mn><mo>⋯</mo></mrow></msup></msup><mo>−</mo><mi>k</mi><mo stretchy=\"false\">)</mo><mtext> </mtext><mo lspace=\"0.22em\" rspace=\"0.22em\"><mrow><mi mathvariant=\"normal\">m</mi><mi mathvariant=\"normal\">o</mi><mi mathvariant=\"normal\">d</mi></mrow></mo><mtext> </mtext><mtext>  </mtext><mi>φ</mi><mo stretchy=\"false\">(</mo><mi>q</mi><mo stretchy=\"false\">)</mo></mrow></msup><mtext> </mtext><mo lspace=\"0.22em\" rspace=\"0.22em\"><mrow><mi mathvariant=\"normal\">m</mi><mi mathvariant=\"normal\">o</mi><mi mathvariant=\"normal\">d</mi></mrow></mo><mtext> </mtext><mtext>  </mtext><mi>q</mi><mo stretchy=\"false\">)</mo></mrow></mstyle></mtd><mtd class =\"mtr-glue\"></mtd><mtd class =\"mml-eqn-num\"></mtd></mtr></mtable><annotation encoding=\"application/x-tex\">\n\\begin{align}\n2^{2^{2^{2 \\cdots}}} \\bmod \\; p &amp;= 2^k (2^{2^{2^{2 \\cdots}} - k} \\bmod \\; q) \\\\\n&amp;= 2^k (2^{(2^{2^{2 \\cdots}} - k) \\bmod \\; \\varphi (q)} \\bmod \\; q)\n\\end{align}\n</annotation></semantics></math></span><span class=\"katex-html\" aria-hidden=\"true\"><span class=\"base\"><span class=\"strut\" style=\"height:3.7978em;vertical-align:-1.6489em;\"></span><span class=\"mtable\"><span class=\"col-align-r\"><span class=\"vlist-t vlist-t2\"><span class=\"vlist-r\"><span class=\"vlist\" style=\"height:2.1489em;\"><span style=\"top:-4.1489em;\"><span class=\"pstrut\" style=\"height:3.2389em;\"></span><span class=\"mord\"><span class=\"mord\"><span class=\"mord\">2</span><span class=\"msupsub\"><span class=\"vlist-t\"><span class=\"vlist-r\"><span class=\"vlist\" style=\"height:1.2389em;\"><span style=\"top:-3.2389em;margin-right:0.05em;\"><span class=\"pstrut\" style=\"height:2.8259em;\"></span><span class=\"sizing reset-size6 size3 mtight\"><span class=\"mord mtight\"><span class=\"mord mtight\"><span class=\"mord mtight\">2</span><span class=\"msupsub\"><span class=\"vlist-t\"><span class=\"vlist-r\"><span class=\"vlist\" style=\"height:1.1799em;\"><span style=\"top:-3.1799em;margin-right:0.0714em;\"><span class=\"pstrut\" style=\"height:2.7489em;\"></span><span class=\"sizing reset-size3 size1 mtight\"><span class=\"mord mtight\"><span class=\"mord mtight\"><span class=\"mord mtight\">2</span><span class=\"msupsub\"><span class=\"vlist-t\"><span class=\"vlist-r\"><span class=\"vlist\" style=\"height:1.0484em;\"><span style=\"top:-3.0484em;margin-right:0.1em;\"><span class=\"pstrut\" style=\"height:2.6444em;\"></span><span class=\"mord mtight\"><span class=\"mord mtight\">2</span><span class=\"minner mtight\">⋯</span></span></span></span></span></span></span></span></span></span></span></span></span></span></span></span></span></span></span></span></span></span></span></span><span class=\"mspace\" style=\"margin-right:0.0556em;\"></span><span class=\"mspace\" style=\"margin-right:0.2222em;\"></span><span class=\"mbin\"><span class=\"mord\"><span class=\"mord mathrm\">mod</span></span></span><span class=\"mspace\" style=\"margin-right:0.0556em;\"></span><span class=\"mspace\" style=\"margin-right:0.2778em;\"></span><span class=\"mspace\" style=\"margin-right:0.2222em;\"></span><span class=\"mord mathnormal\">p</span></span></span><span style=\"top:-2.25em;\"><span class=\"pstrut\" style=\"height:3.2389em;\"></span><span class=\"mord\"></span></span></span><span class=\"vlist-s\">​</span></span><span class=\"vlist-r\"><span class=\"vlist\" style=\"height:1.6489em;\"><span></span></span></span></span></span><span class=\"col-align-l\"><span class=\"vlist-t vlist-t2\"><span class=\"vlist-r\"><span class=\"vlist\" style=\"height:2.1489em;\"><span style=\"top:-4.1489em;\"><span class=\"pstrut\" style=\"height:3.2389em;\"></span><span class=\"mord\"><span class=\"mord\"></span><span class=\"mspace\" style=\"margin-right:0.2778em;\"></span><span class=\"mrel\">=</span><span class=\"mspace\" style=\"margin-right:0.2778em;\"></span><span class=\"mord\"><span class=\"mord\">2</span><span class=\"msupsub\"><span class=\"vlist-t\"><span class=\"vlist-r\"><span class=\"vlist\" style=\"height:0.8991em;\"><span style=\"top:-3.113em;margin-right:0.05em;\"><span class=\"pstrut\" style=\"height:2.7em;\"></span><span class=\"sizing reset-size6 size3 mtight\"><span class=\"mord mathnormal mtight\" style=\"margin-right:0.03148em;\">k</span></span></span></span></span></span></span></span><span class=\"mopen\">(</span><span class=\"mord\"><span class=\"mord\">2</span><span class=\"msupsub\"><span class=\"vlist-t\"><span class=\"vlist-r\"><span class=\"vlist\" style=\"height:1.2389em;\"><span style=\"top:-3.2389em;margin-right:0.05em;\"><span class=\"pstrut\" style=\"height:2.8259em;\"></span><span class=\"sizing reset-size6 size3 mtight\"><span class=\"mord mtight\"><span class=\"mord mtight\"><span class=\"mord mtight\">2</span><span class=\"msupsub\"><span class=\"vlist-t\"><span class=\"vlist-r\"><span class=\"vlist\" style=\"height:1.1799em;\"><span style=\"top:-3.1799em;margin-right:0.0714em;\"><span class=\"pstrut\" style=\"height:2.7489em;\"></span><span class=\"sizing reset-size3 size1 mtight\"><span class=\"mord mtight\"><span class=\"mord mtight\"><span class=\"mord mtight\">2</span><span class=\"msupsub\"><span class=\"vlist-t\"><span class=\"vlist-r\"><span class=\"vlist\" style=\"height:1.0484em;\"><span style=\"top:-3.0484em;margin-right:0.1em;\"><span class=\"pstrut\" style=\"height:2.6444em;\"></span><span class=\"mord mtight\"><span class=\"mord mtight\">2</span><span class=\"minner mtight\">⋯</span></span></span></span></span></span></span></span></span></span></span></span></span></span></span></span><span class=\"mbin mtight\">−</span><span class=\"mord mathnormal mtight\" style=\"margin-right:0.03148em;\">k</span></span></span></span></span></span></span></span></span><span class=\"mspace\" style=\"margin-right:0.0556em;\"></span><span class=\"mspace\" style=\"margin-right:0.2222em;\"></span><span class=\"mbin\"><span class=\"mord\"><span class=\"mord mathrm\">mod</span></span></span><span class=\"mspace\" style=\"margin-right:0.0556em;\"></span><span class=\"mspace\" style=\"margin-right:0.2778em;\"></span><span class=\"mspace\" style=\"margin-right:0.2222em;\"></span><span class=\"mord mathnormal\" style=\"margin-right:0.03588em;\">q</span><span class=\"mclose\">)</span></span></span><span style=\"top:-2.25em;\"><span class=\"pstrut\" style=\"height:3.2389em;\"></span><span class=\"mord\"><span class=\"mord\"></span><span class=\"mspace\" style=\"margin-right:0.2778em;\"></span><span class=\"mrel\">=</span><span class=\"mspace\" style=\"margin-right:0.2778em;\"></span><span class=\"mord\"><span class=\"mord\">2</span><span class=\"msupsub\"><span class=\"vlist-t\"><span class=\"vlist-r\"><span class=\"vlist\" style=\"height:0.8991em;\"><span style=\"top:-3.113em;margin-right:0.05em;\"><span class=\"pstrut\" style=\"height:2.7em;\"></span><span class=\"sizing reset-size6 size3 mtight\"><span class=\"mord mathnormal mtight\" style=\"margin-right:0.03148em;\">k</span></span></span></span></span></span></span></span><span class=\"mopen\">(</span><span class=\"mord\"><span class=\"mord\">2</span><span class=\"msupsub\"><span class=\"vlist-t\"><span class=\"vlist-r\"><span class=\"vlist\" style=\"height:1.2389em;\"><span style=\"top:-3.2389em;margin-right:0.05em;\"><span class=\"pstrut\" style=\"height:2.8259em;\"></span><span class=\"sizing reset-size6 size3 mtight\"><span class=\"mord mtight\"><span class=\"mopen mtight\">(</span><span class=\"mord mtight\"><span class=\"mord mtight\">2</span><span class=\"msupsub\"><span class=\"vlist-t\"><span class=\"vlist-r\"><span class=\"vlist\" style=\"height:1.1799em;\"><span style=\"top:-3.1799em;margin-right:0.0714em;\"><span class=\"pstrut\" style=\"height:2.7489em;\"></span><span class=\"sizing reset-size3 size1 mtight\"><span class=\"mord mtight\"><span class=\"mord mtight\"><span class=\"mord mtight\">2</span><span class=\"msupsub\"><span class=\"vlist-t\"><span class=\"vlist-r\"><span class=\"vlist\" style=\"height:1.0484em;\"><span style=\"top:-3.0484em;margin-right:0.1em;\"><span class=\"pstrut\" style=\"height:2.6444em;\"></span><span class=\"mord mtight\"><span class=\"mord mtight\">2</span><span class=\"minner mtight\">⋯</span></span></span></span></span></span></span></span></span></span></span></span></span></span></span></span><span class=\"mbin mtight\">−</span><span class=\"mord mathnormal mtight\" style=\"margin-right:0.03148em;\">k</span><span class=\"mclose mtight\">)</span><span class=\"mspace mtight\" style=\"margin-right:0.3253em;\"></span><span class=\"mbin mtight\"><span class=\"mord mtight\"><span class=\"mord mathrm mtight\">mod</span></span></span><span class=\"mspace mtight\" style=\"margin-right:0.3253em;\"></span><span class=\"mspace mtight\" style=\"margin-right:0.3253em;\"></span><span class=\"mord mathnormal mtight\">φ</span><span class=\"mopen mtight\">(</span><span class=\"mord mathnormal mtight\" style=\"margin-right:0.03588em;\">q</span><span class=\"mclose mtight\">)</span></span></span></span></span></span></span></span></span><span class=\"mspace\" style=\"margin-right:0.0556em;\"></span><span class=\"mspace\" style=\"margin-right:0.2222em;\"></span><span class=\"mbin\"><span class=\"mord\"><span class=\"mord mathrm\">mod</span></span></span><span class=\"mspace\" style=\"margin-right:0.0556em;\"></span><span class=\"mspace\" style=\"margin-right:0.2778em;\"></span><span class=\"mspace\" style=\"margin-right:0.2222em;\"></span><span class=\"mord mathnormal\" style=\"margin-right:0.03588em;\">q</span><span class=\"mclose\">)</span></span></span></span><span class=\"vlist-s\">​</span></span><span class=\"vlist-r\"><span class=\"vlist\" style=\"height:1.6489em;\"><span></span></span></span></span></span></span></span><span class=\"tag\"><span class=\"vlist-t vlist-t2\"><span class=\"vlist-r\"><span class=\"vlist\" style=\"height:2.1489em;\"><span style=\"top:-4.1489em;\"><span class=\"pstrut\" style=\"height:3.2389em;\"></span><span class=\"eqn-num\"></span></span><span style=\"top:-2.25em;\"><span class=\"pstrut\" style=\"height:3.2389em;\"></span><span class=\"eqn-num\"></span></span></span><span class=\"vlist-s\">​</span></span><span class=\"vlist-r\"><span class=\"vlist\" style=\"height:1.6489em;\"><span></span></span></span></span></span></span></span></span></p>\n指数部分与原式相同，模数变小（至少除以 <span class=\"katex\"><span class=\"katex-mathml\"><math xmlns=\"http://www.w3.org/1998/Math/MathML\"><semantics><mrow><mn>2</mn></mrow><annotation encoding=\"application/x-tex\">2</annotation></semantics></math></span><span class=\"katex-html\" aria-hidden=\"true\"><span class=\"base\"><span class=\"strut\" style=\"height:0.6444em;\"></span><span class=\"mord\">2</span></span></span></span>），故可以递归计算。模数最终会变为 <span class=\"katex\"><span class=\"katex-mathml\"><math xmlns=\"http://www.w3.org/1998/Math/MathML\"><semantics><mrow><mn>1</mn></mrow><annotation encoding=\"application/x-tex\">1</annotation></semantics></math></span><span class=\"katex-html\" aria-hidden=\"true\"><span class=\"base\"><span class=\"strut\" style=\"height:0.6444em;\"></span><span class=\"mord\">1</span></span></span></span>，而任何数模 <span class=\"katex\"><span class=\"katex-mathml\"><math xmlns=\"http://www.w3.org/1998/Math/MathML\"><semantics><mrow><mn>1</mn></mrow><annotation encoding=\"application/x-tex\">1</annotation></semantics></math></span><span class=\"katex-html\" aria-hidden=\"true\"><span class=\"base\"><span class=\"strut\" style=\"height:0.6444em;\"></span><span class=\"mord\">1</span></span></span></span> 均为 <span class=\"katex\"><span class=\"katex-mathml\"><math xmlns=\"http://www.w3.org/1998/Math/MathML\"><semantics><mrow><mn>0</mn></mrow><annotation encoding=\"application/x-tex\">0</annotation></semantics></math></span><span class=\"katex-html\" aria-hidden=\"true\"><span class=\"base\"><span class=\"strut\" style=\"height:0.6444em;\"></span><span class=\"mord\">0</span></span></span></span>。\n<h2><a href=\"#代码\" aria-hidden=\"true\" class=\"anchor\" id=\"代码\"></a>代码</h2>\n<pre style=\"background-color:#2b303b;\"><code class=\"language-c++\">\n<span style=\"color:#b48ead;\">#include </span><span style=\"color:#c0c5ce;\">&lt;</span><span style=\"color:#a3be8c;\">cstdio</span><span style=\"color:#c0c5ce;\">&gt;\n</span><span style=\"color:#b48ead;\">int </span><span style=\"color:#8fa1b3;\">phi</span><span style=\"color:#c0c5ce;\">(</span><span style=\"color:#b48ead;\">int </span><span style=\"color:#bf616a;\">x</span><span style=\"color:#c0c5ce;\">) {\n</span><span style=\"color:#c0c5ce;\">    </span><span style=\"color:#b48ead;\">int</span><span style=\"color:#c0c5ce;\"> res = x;\n</span><span style=\"color:#c0c5ce;\">    </span><span style=\"color:#b48ead;\">for </span><span style=\"color:#c0c5ce;\">(</span><span style=\"color:#b48ead;\">int</span><span style=\"color:#c0c5ce;\"> i = </span><span style=\"color:#d08770;\">2</span><span style=\"color:#c0c5ce;\">; i * i &lt;= x; i++) {\n</span><span style=\"color:#c0c5ce;\">        </span><span style=\"color:#b48ead;\">if </span><span style=\"color:#c0c5ce;\">(x % i == </span><span style=\"color:#d08770;\">0</span><span style=\"color:#c0c5ce;\">) {\n</span><span style=\"color:#c0c5ce;\">            res = res / i * (i - </span><span style=\"color:#d08770;\">1</span><span style=\"color:#c0c5ce;\">);\n</span><span style=\"color:#c0c5ce;\">            </span><span style=\"color:#b48ead;\">while </span><span style=\"color:#c0c5ce;\">(x % i == </span><span style=\"color:#d08770;\">0</span><span style=\"color:#c0c5ce;\">) x /= i;\n</span><span style=\"color:#c0c5ce;\">        }\n</span><span style=\"color:#c0c5ce;\">    }\n</span><span style=\"color:#c0c5ce;\">    </span><span style=\"color:#b48ead;\">if </span><span style=\"color:#c0c5ce;\">(x &gt; </span><span style=\"color:#d08770;\">1</span><span style=\"color:#c0c5ce;\">) res = res / x * (x - </span><span style=\"color:#d08770;\">1</span><span style=\"color:#c0c5ce;\">);\n</span><span style=\"color:#c0c5ce;\">    </span><span style=\"color:#b48ead;\">return</span><span style=\"color:#c0c5ce;\"> res;\n</span><span style=\"color:#c0c5ce;\">}\n</span><span style=\"color:#b48ead;\">int </span><span style=\"color:#8fa1b3;\">pow</span><span style=\"color:#c0c5ce;\">(</span><span style=\"color:#b48ead;\">long long </span><span style=\"color:#bf616a;\">a</span><span style=\"color:#c0c5ce;\">, </span><span style=\"color:#b48ead;\">int </span><span style=\"color:#bf616a;\">n</span><span style=\"color:#c0c5ce;\">, </span><span style=\"color:#b48ead;\">int </span><span style=\"color:#bf616a;\">mod</span><span style=\"color:#c0c5ce;\">) {\n</span><span style=\"color:#c0c5ce;\">    </span><span style=\"color:#b48ead;\">long long</span><span style=\"color:#c0c5ce;\"> res = </span><span style=\"color:#d08770;\">1</span><span style=\"color:#c0c5ce;\">;\n</span><span style=\"color:#c0c5ce;\">    </span><span style=\"color:#b48ead;\">for </span><span style=\"color:#c0c5ce;\">(; n; n &gt;&gt;= </span><span style=\"color:#d08770;\">1</span><span style=\"color:#c0c5ce;\">, a = a * a % mod) </span><span style=\"color:#b48ead;\">if </span><span style=\"color:#c0c5ce;\">(n &amp; </span><span style=\"color:#d08770;\">1</span><span style=\"color:#c0c5ce;\">) res = res * a % mod;\n</span><span style=\"color:#c0c5ce;\">    </span><span style=\"color:#b48ead;\">return </span><span style=\"color:#c0c5ce;\">(</span><span style=\"color:#b48ead;\">int</span><span style=\"color:#c0c5ce;\">) res % mod;\n</span><span style=\"color:#c0c5ce;\">}\n</span><span style=\"color:#b48ead;\">int </span><span style=\"color:#8fa1b3;\">solve</span><span style=\"color:#c0c5ce;\">(</span><span style=\"color:#b48ead;\">int </span><span style=\"color:#bf616a;\">p</span><span style=\"color:#c0c5ce;\">) {\n</span><span style=\"color:#c0c5ce;\">    </span><span style=\"color:#b48ead;\">if </span><span style=\"color:#c0c5ce;\">(p == </span><span style=\"color:#d08770;\">1</span><span style=\"color:#c0c5ce;\">) </span><span style=\"color:#b48ead;\">return </span><span style=\"color:#d08770;\">0</span><span style=\"color:#c0c5ce;\">;\n</span><span style=\"color:#c0c5ce;\">    </span><span style=\"color:#b48ead;\">int</span><span style=\"color:#c0c5ce;\"> k = </span><span style=\"color:#d08770;\">0</span><span style=\"color:#c0c5ce;\">;\n</span><span style=\"color:#c0c5ce;\">    </span><span style=\"color:#b48ead;\">while </span><span style=\"color:#c0c5ce;\">((p &amp; </span><span style=\"color:#d08770;\">1</span><span style=\"color:#c0c5ce;\">) == </span><span style=\"color:#d08770;\">0</span><span style=\"color:#c0c5ce;\">) p &gt;&gt;= </span><span style=\"color:#d08770;\">1</span><span style=\"color:#c0c5ce;\">, k++;\n</span><span style=\"color:#c0c5ce;\">    </span><span style=\"color:#b48ead;\">int</span><span style=\"color:#c0c5ce;\"> phiQ = </span><span style=\"color:#8fa1b3;\">phi</span><span style=\"color:#c0c5ce;\">(p);\n</span><span style=\"color:#c0c5ce;\">    </span><span style=\"color:#b48ead;\">int</span><span style=\"color:#c0c5ce;\"> temp = (</span><span style=\"color:#8fa1b3;\">solve</span><span style=\"color:#c0c5ce;\">(phiQ) - k % phiQ + phiQ) % phiQ;\n</span><span style=\"color:#c0c5ce;\">    </span><span style=\"color:#b48ead;\">int</span><span style=\"color:#c0c5ce;\"> res = </span><span style=\"color:#96b5b4;\">pow</span><span style=\"color:#c0c5ce;\">(</span><span style=\"color:#d08770;\">2</span><span style=\"color:#c0c5ce;\">, temp, p);\n</span><span style=\"color:#c0c5ce;\">    </span><span style=\"color:#b48ead;\">return</span><span style=\"color:#c0c5ce;\"> res &lt;&lt; k;\n</span><span style=\"color:#c0c5ce;\">}\n</span><span style=\"color:#b48ead;\">int </span><span style=\"color:#8fa1b3;\">main</span><span style=\"color:#c0c5ce;\">() {\n</span><span style=\"color:#c0c5ce;\">    </span><span style=\"color:#b48ead;\">int</span><span style=\"color:#c0c5ce;\"> T;\n</span><span style=\"color:#c0c5ce;\">    </span><span style=\"color:#96b5b4;\">scanf</span><span style=\"color:#c0c5ce;\">(&quot;</span><span style=\"color:#d08770;\">%d</span><span style=\"color:#c0c5ce;\">&quot;, &amp;T);\n</span><span style=\"color:#c0c5ce;\">    </span><span style=\"color:#b48ead;\">while </span><span style=\"color:#c0c5ce;\">(T--) {\n</span><span style=\"color:#c0c5ce;\">        </span><span style=\"color:#b48ead;\">int</span><span style=\"color:#c0c5ce;\"> p;\n</span><span style=\"color:#c0c5ce;\">        </span><span style=\"color:#96b5b4;\">scanf</span><span style=\"color:#c0c5ce;\">(&quot;</span><span style=\"color:#d08770;\">%d</span><span style=\"color:#c0c5ce;\">&quot;, &amp;p);\n</span><span style=\"color:#c0c5ce;\">        </span><span style=\"color:#96b5b4;\">printf</span><span style=\"color:#c0c5ce;\">(&quot;</span><span style=\"color:#d08770;\">%d</span><span style=\"color:#96b5b4;\">\\n</span><span style=\"color:#c0c5ce;\">&quot;, </span><span style=\"color:#8fa1b3;\">solve</span><span style=\"color:#c0c5ce;\">(p));\n</span><span style=\"color:#c0c5ce;\">    }\n</span><span style=\"color:#c0c5ce;\">    </span><span style=\"color:#b48ead;\">return </span><span style=\"color:#d08770;\">0</span><span style=\"color:#c0c5ce;\">;\n</span><span style=\"color:#c0c5ce;\">}\n</span>\n</code></pre>\n"}