{"title":"[AHOI 2009] 最小割","tags":["网络流","最小割","Tarjan"],"create_time":1492894152,"last_modified":1596712720,"toc":"<ol><li><a href=\"#题目大意\">题目大意</a></li><li><a href=\"#题目链接\">题目链接</a></li><li><a href=\"#题解\">题解</a></li><li><a href=\"#代码\">代码</a></li>","html":"<h2><a href=\"#题目大意\" aria-hidden=\"true\" class=\"anchor\" id=\"题目大意\"></a>题目大意</h2>\n<p>给定一个 <span class=\"katex\"><span class=\"katex-mathml\"><math xmlns=\"http://www.w3.org/1998/Math/MathML\"><semantics><mrow><mi>n</mi></mrow><annotation encoding=\"application/x-tex\">n</annotation></semantics></math></span><span class=\"katex-html\" aria-hidden=\"true\"><span class=\"base\"><span class=\"strut\" style=\"height:0.4306em;\"></span><span class=\"mord mathnormal\">n</span></span></span></span> 个节点、<span class=\"katex\"><span class=\"katex-mathml\"><math xmlns=\"http://www.w3.org/1998/Math/MathML\"><semantics><mrow><mi>m</mi></mrow><annotation encoding=\"application/x-tex\">m</annotation></semantics></math></span><span class=\"katex-html\" aria-hidden=\"true\"><span class=\"base\"><span class=\"strut\" style=\"height:0.4306em;\"></span><span class=\"mord mathnormal\">m</span></span></span></span> 条有向带权边的图以及起点 <span class=\"katex\"><span class=\"katex-mathml\"><math xmlns=\"http://www.w3.org/1998/Math/MathML\"><semantics><mrow><mi>s</mi></mrow><annotation encoding=\"application/x-tex\">s</annotation></semantics></math></span><span class=\"katex-html\" aria-hidden=\"true\"><span class=\"base\"><span class=\"strut\" style=\"height:0.4306em;\"></span><span class=\"mord mathnormal\">s</span></span></span></span> 与终点 <span class=\"katex\"><span class=\"katex-mathml\"><math xmlns=\"http://www.w3.org/1998/Math/MathML\"><semantics><mrow><mi>t</mi></mrow><annotation encoding=\"application/x-tex\">t</annotation></semantics></math></span><span class=\"katex-html\" aria-hidden=\"true\"><span class=\"base\"><span class=\"strut\" style=\"height:0.6151em;\"></span><span class=\"mord mathnormal\">t</span></span></span></span>，对于每条边，询问它是否有可能 <span class=\"katex\"><span class=\"katex-mathml\"><math xmlns=\"http://www.w3.org/1998/Math/MathML\"><semantics><mrow><mi>s</mi></mrow><annotation encoding=\"application/x-tex\">s</annotation></semantics></math></span><span class=\"katex-html\" aria-hidden=\"true\"><span class=\"base\"><span class=\"strut\" style=\"height:0.4306em;\"></span><span class=\"mord mathnormal\">s</span></span></span></span> 与 <span class=\"katex\"><span class=\"katex-mathml\"><math xmlns=\"http://www.w3.org/1998/Math/MathML\"><semantics><mrow><mi>t</mi></mrow><annotation encoding=\"application/x-tex\">t</annotation></semantics></math></span><span class=\"katex-html\" aria-hidden=\"true\"><span class=\"base\"><span class=\"strut\" style=\"height:0.6151em;\"></span><span class=\"mord mathnormal\">t</span></span></span></span> 之间的最小割的割边，以及它是否会出现在所有最小割的割边中。</p>\n<p><span class=\"katex\"><span class=\"katex-mathml\"><math xmlns=\"http://www.w3.org/1998/Math/MathML\"><semantics><mrow><mn>1</mn><mo>⩽</mo><mi>n</mi><mo>⩽</mo><mn>4</mn><mo separator=\"true\">,</mo><mn>000</mn></mrow><annotation encoding=\"application/x-tex\">1 \\leqslant n \\leqslant 4,000</annotation></semantics></math></span><span class=\"katex-html\" aria-hidden=\"true\"><span class=\"base\"><span class=\"strut\" style=\"height:0.7811em;vertical-align:-0.1367em;\"></span><span class=\"mord\">1</span><span class=\"mspace\" style=\"margin-right:0.2778em;\"></span><span class=\"mrel amsrm\">⩽</span><span class=\"mspace\" style=\"margin-right:0.2778em;\"></span></span><span class=\"base\"><span class=\"strut\" style=\"height:0.7733em;vertical-align:-0.1367em;\"></span><span class=\"mord mathnormal\">n</span><span class=\"mspace\" style=\"margin-right:0.2778em;\"></span><span class=\"mrel amsrm\">⩽</span><span class=\"mspace\" style=\"margin-right:0.2778em;\"></span></span><span class=\"base\"><span class=\"strut\" style=\"height:0.8389em;vertical-align:-0.1944em;\"></span><span class=\"mord\">4</span><span class=\"mpunct\">,</span><span class=\"mspace\" style=\"margin-right:0.1667em;\"></span><span class=\"mord\">000</span></span></span></span></p>\n<p><span class=\"katex\"><span class=\"katex-mathml\"><math xmlns=\"http://www.w3.org/1998/Math/MathML\"><semantics><mrow><mn>1</mn><mo>⩽</mo><mi>m</mi><mo>⩽</mo><mn>60</mn><mo separator=\"true\">,</mo><mn>000</mn></mrow><annotation encoding=\"application/x-tex\">1 \\leqslant m \\leqslant 60,000</annotation></semantics></math></span><span class=\"katex-html\" aria-hidden=\"true\"><span class=\"base\"><span class=\"strut\" style=\"height:0.7811em;vertical-align:-0.1367em;\"></span><span class=\"mord\">1</span><span class=\"mspace\" style=\"margin-right:0.2778em;\"></span><span class=\"mrel amsrm\">⩽</span><span class=\"mspace\" style=\"margin-right:0.2778em;\"></span></span><span class=\"base\"><span class=\"strut\" style=\"height:0.7733em;vertical-align:-0.1367em;\"></span><span class=\"mord mathnormal\">m</span><span class=\"mspace\" style=\"margin-right:0.2778em;\"></span><span class=\"mrel amsrm\">⩽</span><span class=\"mspace\" style=\"margin-right:0.2778em;\"></span></span><span class=\"base\"><span class=\"strut\" style=\"height:0.8389em;vertical-align:-0.1944em;\"></span><span class=\"mord\">60</span><span class=\"mpunct\">,</span><span class=\"mspace\" style=\"margin-right:0.1667em;\"></span><span class=\"mord\">000</span></span></span></span></p>\n<h2><a href=\"#题目链接\" aria-hidden=\"true\" class=\"anchor\" id=\"题目链接\"></a>题目链接</h2>\n<p><a href=\"https://www.luogu.com.cn/problem/P4126\">【AHOI 2009】最小割 - Luogu 4126</a></p>\n<!-- more -->\n<h2><a href=\"#题解\" aria-hidden=\"true\" class=\"anchor\" id=\"题解\"></a>题解</h2>\n<p>先跑一遍最大流，对残量网络跑 Tarjan。如果一条边没有满流，则它不会是最小割的割边；对于满流的边，两端在不同强连通块的是最小割的割边，若有 <span class=\"katex\"><span class=\"katex-mathml\"><math xmlns=\"http://www.w3.org/1998/Math/MathML\"><semantics><mrow><mi>u</mi><mi mathvariant=\"normal\">.</mi><mi>s</mi><mi>c</mi><mi>c</mi><mo>=</mo><mi>s</mi><mi mathvariant=\"normal\">.</mi><mi>s</mi><mi>c</mi><mi>c</mi></mrow><annotation encoding=\"application/x-tex\">u.scc = s.scc</annotation></semantics></math></span><span class=\"katex-html\" aria-hidden=\"true\"><span class=\"base\"><span class=\"strut\" style=\"height:0.4306em;\"></span><span class=\"mord mathnormal\">u</span><span class=\"mord\">.</span><span class=\"mord mathnormal\">scc</span><span class=\"mspace\" style=\"margin-right:0.2778em;\"></span><span class=\"mrel\">=</span><span class=\"mspace\" style=\"margin-right:0.2778em;\"></span></span><span class=\"base\"><span class=\"strut\" style=\"height:0.4306em;\"></span><span class=\"mord mathnormal\">s</span><span class=\"mord\">.</span><span class=\"mord mathnormal\">scc</span></span></span></span> 并且 <span class=\"katex\"><span class=\"katex-mathml\"><math xmlns=\"http://www.w3.org/1998/Math/MathML\"><semantics><mrow><mi>v</mi><mi mathvariant=\"normal\">.</mi><mi>s</mi><mi>c</mi><mi>c</mi><mo>=</mo><mi>t</mi><mi mathvariant=\"normal\">.</mi><mi>s</mi><mi>c</mi><mi>c</mi></mrow><annotation encoding=\"application/x-tex\">v.scc = t.scc</annotation></semantics></math></span><span class=\"katex-html\" aria-hidden=\"true\"><span class=\"base\"><span class=\"strut\" style=\"height:0.4306em;\"></span><span class=\"mord mathnormal\" style=\"margin-right:0.03588em;\">v</span><span class=\"mord\">.</span><span class=\"mord mathnormal\">scc</span><span class=\"mspace\" style=\"margin-right:0.2778em;\"></span><span class=\"mrel\">=</span><span class=\"mspace\" style=\"margin-right:0.2778em;\"></span></span><span class=\"base\"><span class=\"strut\" style=\"height:0.6151em;\"></span><span class=\"mord mathnormal\">t</span><span class=\"mord\">.</span><span class=\"mord mathnormal\">scc</span></span></span></span>，则它出现在所有最小割中。</p>\n<h2><a href=\"#代码\" aria-hidden=\"true\" class=\"anchor\" id=\"代码\"></a>代码</h2>\n<pre style=\"background-color:#2b303b;\"><code class=\"language-c++\">\n<span style=\"color:#b48ead;\">#include </span><span style=\"color:#c0c5ce;\">&lt;</span><span style=\"color:#a3be8c;\">cstdio</span><span style=\"color:#c0c5ce;\">&gt;\n</span><span style=\"color:#b48ead;\">#include </span><span style=\"color:#c0c5ce;\">&lt;</span><span style=\"color:#a3be8c;\">climits</span><span style=\"color:#c0c5ce;\">&gt;\n</span><span style=\"color:#b48ead;\">#include </span><span style=\"color:#c0c5ce;\">&lt;</span><span style=\"color:#a3be8c;\">queue</span><span style=\"color:#c0c5ce;\">&gt;\n</span><span style=\"color:#b48ead;\">#include </span><span style=\"color:#c0c5ce;\">&lt;</span><span style=\"color:#a3be8c;\">stack</span><span style=\"color:#c0c5ce;\">&gt;\n</span><span style=\"color:#b48ead;\">#include </span><span style=\"color:#c0c5ce;\">&lt;</span><span style=\"color:#a3be8c;\">algorithm</span><span style=\"color:#c0c5ce;\">&gt;\n</span><span style=\"color:#b48ead;\">const int</span><span style=\"color:#c0c5ce;\"> MAXN = </span><span style=\"color:#d08770;\">4005</span><span style=\"color:#c0c5ce;\">;\n</span><span style=\"color:#b48ead;\">const int</span><span style=\"color:#c0c5ce;\"> MAXM = </span><span style=\"color:#d08770;\">60005</span><span style=\"color:#c0c5ce;\">;\n</span><span style=\"color:#b48ead;\">struct </span><span style=\"color:#c0c5ce;\">Edge;\n</span><span style=\"color:#b48ead;\">struct </span><span style=\"color:#c0c5ce;\">Node {\n</span><span style=\"color:#c0c5ce;\">    Edge *e, *curr;\n</span><span style=\"color:#c0c5ce;\">    </span><span style=\"color:#b48ead;\">int</span><span style=\"color:#c0c5ce;\"> level;\n</span><span style=\"color:#c0c5ce;\">    </span><span style=\"color:#b48ead;\">int</span><span style=\"color:#c0c5ce;\"> dfn, low, belong;\n</span><span style=\"color:#c0c5ce;\">    </span><span style=\"color:#b48ead;\">bool</span><span style=\"color:#c0c5ce;\"> ins;\n</span><span style=\"color:#c0c5ce;\">} N[MAXN];\n</span><span style=\"color:#b48ead;\">struct </span><span style=\"color:#c0c5ce;\">Edge {\n</span><span style=\"color:#c0c5ce;\">    Node *u, *v;\n</span><span style=\"color:#c0c5ce;\">    Edge *rev, *next;\n</span><span style=\"color:#c0c5ce;\">    </span><span style=\"color:#b48ead;\">int</span><span style=\"color:#c0c5ce;\"> cap, flow;\n</span><span style=\"color:#c0c5ce;\">    </span><span style=\"color:#8fa1b3;\">Edge</span><span style=\"color:#c0c5ce;\">() {}\n</span><span style=\"color:#c0c5ce;\">    </span><span style=\"color:#8fa1b3;\">Edge</span><span style=\"color:#c0c5ce;\">(Node *</span><span style=\"color:#bf616a;\">u</span><span style=\"color:#c0c5ce;\">, Node *</span><span style=\"color:#bf616a;\">v</span><span style=\"color:#c0c5ce;\">, </span><span style=\"color:#b48ead;\">int </span><span style=\"color:#bf616a;\">cap</span><span style=\"color:#c0c5ce;\">) : </span><span style=\"color:#bf616a;\">u</span><span style=\"color:#c0c5ce;\">(u), </span><span style=\"color:#bf616a;\">v</span><span style=\"color:#c0c5ce;\">(v), </span><span style=\"color:#bf616a;\">cap</span><span style=\"color:#c0c5ce;\">(cap), </span><span style=\"color:#bf616a;\">flow</span><span style=\"color:#c0c5ce;\">(</span><span style=\"color:#d08770;\">0</span><span style=\"color:#c0c5ce;\">), </span><span style=\"color:#bf616a;\">next</span><span style=\"color:#c0c5ce;\">(u-&gt;</span><span style=\"color:#bf616a;\">e</span><span style=\"color:#c0c5ce;\">) {}\n</span><span style=\"color:#c0c5ce;\">} _pool[MAXM &lt;&lt; </span><span style=\"color:#d08770;\">1</span><span style=\"color:#c0c5ce;\">], *_cur = _pool;\n</span><span style=\"color:#b48ead;\">void </span><span style=\"color:#8fa1b3;\">addEdge</span><span style=\"color:#c0c5ce;\">(</span><span style=\"color:#b48ead;\">int </span><span style=\"color:#bf616a;\">u</span><span style=\"color:#c0c5ce;\">, </span><span style=\"color:#b48ead;\">int </span><span style=\"color:#bf616a;\">v</span><span style=\"color:#c0c5ce;\">, </span><span style=\"color:#b48ead;\">int </span><span style=\"color:#bf616a;\">cap</span><span style=\"color:#c0c5ce;\">) {\n</span><span style=\"color:#c0c5ce;\">    N[u].</span><span style=\"color:#bf616a;\">e </span><span style=\"color:#c0c5ce;\">= </span><span style=\"color:#b48ead;\">new </span><span style=\"color:#c0c5ce;\">(_cur++) </span><span style=\"color:#8fa1b3;\">Edge</span><span style=\"color:#c0c5ce;\">(&amp;N[u], &amp;N[v], cap);\n</span><span style=\"color:#c0c5ce;\">    N[v].</span><span style=\"color:#bf616a;\">e </span><span style=\"color:#c0c5ce;\">= </span><span style=\"color:#b48ead;\">new </span><span style=\"color:#c0c5ce;\">(_cur++) </span><span style=\"color:#8fa1b3;\">Edge</span><span style=\"color:#c0c5ce;\">(&amp;N[v], &amp;N[u], </span><span style=\"color:#d08770;\">0</span><span style=\"color:#c0c5ce;\">);\n</span><span style=\"color:#c0c5ce;\">    N[u].</span><span style=\"color:#bf616a;\">e</span><span style=\"color:#c0c5ce;\">-&gt;</span><span style=\"color:#bf616a;\">rev </span><span style=\"color:#c0c5ce;\">= N[v].</span><span style=\"color:#bf616a;\">e</span><span style=\"color:#c0c5ce;\">;\n</span><span style=\"color:#c0c5ce;\">    N[v].</span><span style=\"color:#bf616a;\">e</span><span style=\"color:#c0c5ce;\">-&gt;</span><span style=\"color:#bf616a;\">rev </span><span style=\"color:#c0c5ce;\">= N[u].</span><span style=\"color:#bf616a;\">e</span><span style=\"color:#c0c5ce;\">;\n</span><span style=\"color:#c0c5ce;\">}\n</span><span style=\"color:#b48ead;\">namespace </span><span style=\"color:#c0c5ce;\">Dinic {\n</span><span style=\"color:#c0c5ce;\">    </span><span style=\"color:#b48ead;\">bool </span><span style=\"color:#8fa1b3;\">makeLevelGraph</span><span style=\"color:#c0c5ce;\">(Node *</span><span style=\"color:#bf616a;\">s</span><span style=\"color:#c0c5ce;\">, Node *</span><span style=\"color:#bf616a;\">t</span><span style=\"color:#c0c5ce;\">, </span><span style=\"color:#b48ead;\">int </span><span style=\"color:#bf616a;\">n</span><span style=\"color:#c0c5ce;\">) {\n</span><span style=\"color:#c0c5ce;\">        </span><span style=\"color:#b48ead;\">for </span><span style=\"color:#c0c5ce;\">(</span><span style=\"color:#b48ead;\">int</span><span style=\"color:#c0c5ce;\"> i = </span><span style=\"color:#d08770;\">1</span><span style=\"color:#c0c5ce;\">; i &lt;= n; i++) N[i].</span><span style=\"color:#bf616a;\">level </span><span style=\"color:#c0c5ce;\">= </span><span style=\"color:#d08770;\">0</span><span style=\"color:#c0c5ce;\">;\n</span><span style=\"color:#c0c5ce;\">        std::queue&lt;Node *&gt; q;\n</span><span style=\"color:#c0c5ce;\">        q.</span><span style=\"color:#8fa1b3;\">push</span><span style=\"color:#c0c5ce;\">(s);\n</span><span style=\"color:#c0c5ce;\">        s-&gt;</span><span style=\"color:#bf616a;\">level </span><span style=\"color:#c0c5ce;\">= </span><span style=\"color:#d08770;\">1</span><span style=\"color:#c0c5ce;\">;\n</span><span style=\"color:#c0c5ce;\">        </span><span style=\"color:#b48ead;\">while </span><span style=\"color:#c0c5ce;\">(!q.</span><span style=\"color:#8fa1b3;\">empty</span><span style=\"color:#c0c5ce;\">()) {\n</span><span style=\"color:#c0c5ce;\">            Node *u = q.</span><span style=\"color:#8fa1b3;\">front</span><span style=\"color:#c0c5ce;\">();\n</span><span style=\"color:#c0c5ce;\">            q.</span><span style=\"color:#8fa1b3;\">pop</span><span style=\"color:#c0c5ce;\">();\n</span><span style=\"color:#c0c5ce;\">            </span><span style=\"color:#b48ead;\">for </span><span style=\"color:#c0c5ce;\">(Edge *e = u-&gt;</span><span style=\"color:#bf616a;\">e</span><span style=\"color:#c0c5ce;\">; e; e = e-&gt;</span><span style=\"color:#bf616a;\">next</span><span style=\"color:#c0c5ce;\">) {\n</span><span style=\"color:#c0c5ce;\">                </span><span style=\"color:#b48ead;\">if </span><span style=\"color:#c0c5ce;\">(e-&gt;</span><span style=\"color:#bf616a;\">cap </span><span style=\"color:#c0c5ce;\">&gt; e-&gt;</span><span style=\"color:#bf616a;\">flow </span><span style=\"color:#c0c5ce;\">&amp;&amp; e-&gt;</span><span style=\"color:#bf616a;\">v</span><span style=\"color:#c0c5ce;\">-&gt;</span><span style=\"color:#bf616a;\">level </span><span style=\"color:#c0c5ce;\">== </span><span style=\"color:#d08770;\">0</span><span style=\"color:#c0c5ce;\">) {\n</span><span style=\"color:#c0c5ce;\">                    e-&gt;</span><span style=\"color:#bf616a;\">v</span><span style=\"color:#c0c5ce;\">-&gt;</span><span style=\"color:#bf616a;\">level </span><span style=\"color:#c0c5ce;\">= u-&gt;</span><span style=\"color:#bf616a;\">level </span><span style=\"color:#c0c5ce;\">+ </span><span style=\"color:#d08770;\">1</span><span style=\"color:#c0c5ce;\">;\n</span><span style=\"color:#c0c5ce;\">                    </span><span style=\"color:#b48ead;\">if </span><span style=\"color:#c0c5ce;\">(e-&gt;</span><span style=\"color:#bf616a;\">v </span><span style=\"color:#c0c5ce;\">== t) </span><span style=\"color:#b48ead;\">return </span><span style=\"color:#d08770;\">true</span><span style=\"color:#c0c5ce;\">;\n</span><span style=\"color:#c0c5ce;\">                    q.</span><span style=\"color:#8fa1b3;\">push</span><span style=\"color:#c0c5ce;\">(e-&gt;</span><span style=\"color:#bf616a;\">v</span><span style=\"color:#c0c5ce;\">);\n</span><span style=\"color:#c0c5ce;\">                }\n</span><span style=\"color:#c0c5ce;\">            }\n</span><span style=\"color:#c0c5ce;\">        }\n</span><span style=\"color:#c0c5ce;\">        </span><span style=\"color:#b48ead;\">return </span><span style=\"color:#d08770;\">false</span><span style=\"color:#c0c5ce;\">;\n</span><span style=\"color:#c0c5ce;\">    }\n</span><span style=\"color:#c0c5ce;\">    </span><span style=\"color:#b48ead;\">int </span><span style=\"color:#8fa1b3;\">findPath</span><span style=\"color:#c0c5ce;\">(Node *</span><span style=\"color:#bf616a;\">s</span><span style=\"color:#c0c5ce;\">, Node *</span><span style=\"color:#bf616a;\">t</span><span style=\"color:#c0c5ce;\">, </span><span style=\"color:#b48ead;\">int </span><span style=\"color:#bf616a;\">limit </span><span style=\"color:#c0c5ce;\">= INT_MAX) {\n</span><span style=\"color:#c0c5ce;\">        </span><span style=\"color:#b48ead;\">if </span><span style=\"color:#c0c5ce;\">(s == t) </span><span style=\"color:#b48ead;\">return</span><span style=\"color:#c0c5ce;\"> limit;\n</span><span style=\"color:#c0c5ce;\">        </span><span style=\"color:#b48ead;\">for </span><span style=\"color:#c0c5ce;\">(Edge *&amp;e = s-&gt;</span><span style=\"color:#bf616a;\">curr</span><span style=\"color:#c0c5ce;\">; e; e = e-&gt;</span><span style=\"color:#bf616a;\">next</span><span style=\"color:#c0c5ce;\">) {\n</span><span style=\"color:#c0c5ce;\">            </span><span style=\"color:#b48ead;\">if </span><span style=\"color:#c0c5ce;\">(e-&gt;</span><span style=\"color:#bf616a;\">cap </span><span style=\"color:#c0c5ce;\">&gt; e-&gt;</span><span style=\"color:#bf616a;\">flow </span><span style=\"color:#c0c5ce;\">&amp;&amp; e-&gt;</span><span style=\"color:#bf616a;\">v</span><span style=\"color:#c0c5ce;\">-&gt;</span><span style=\"color:#bf616a;\">level </span><span style=\"color:#c0c5ce;\">== s-&gt;</span><span style=\"color:#bf616a;\">level </span><span style=\"color:#c0c5ce;\">+ </span><span style=\"color:#d08770;\">1</span><span style=\"color:#c0c5ce;\">) {\n</span><span style=\"color:#c0c5ce;\">                </span><span style=\"color:#b48ead;\">int</span><span style=\"color:#c0c5ce;\"> flow = </span><span style=\"color:#8fa1b3;\">findPath</span><span style=\"color:#c0c5ce;\">(e-&gt;</span><span style=\"color:#bf616a;\">v</span><span style=\"color:#c0c5ce;\">, t, </span><span style=\"color:#8fa1b3;\">std::min</span><span style=\"color:#c0c5ce;\">(limit, e-&gt;</span><span style=\"color:#bf616a;\">cap </span><span style=\"color:#c0c5ce;\">- e-&gt;</span><span style=\"color:#bf616a;\">flow</span><span style=\"color:#c0c5ce;\">));\n</span><span style=\"color:#c0c5ce;\">                </span><span style=\"color:#b48ead;\">if </span><span style=\"color:#c0c5ce;\">(flow &gt; </span><span style=\"color:#d08770;\">0</span><span style=\"color:#c0c5ce;\">) {\n</span><span style=\"color:#c0c5ce;\">                    e-&gt;</span><span style=\"color:#bf616a;\">flow </span><span style=\"color:#c0c5ce;\">+= flow;\n</span><span style=\"color:#c0c5ce;\">                    e-&gt;</span><span style=\"color:#bf616a;\">rev</span><span style=\"color:#c0c5ce;\">-&gt;</span><span style=\"color:#bf616a;\">flow </span><span style=\"color:#c0c5ce;\">-= flow;\n</span><span style=\"color:#c0c5ce;\">                    </span><span style=\"color:#b48ead;\">return</span><span style=\"color:#c0c5ce;\"> flow;\n</span><span style=\"color:#c0c5ce;\">                }\n</span><span style=\"color:#c0c5ce;\">            }\n</span><span style=\"color:#c0c5ce;\">        }\n</span><span style=\"color:#c0c5ce;\">        </span><span style=\"color:#b48ead;\">return </span><span style=\"color:#d08770;\">0</span><span style=\"color:#c0c5ce;\">;\n</span><span style=\"color:#c0c5ce;\">    }\n</span><span style=\"color:#c0c5ce;\">    </span><span style=\"color:#b48ead;\">int </span><span style=\"color:#8fa1b3;\">solve</span><span style=\"color:#c0c5ce;\">(</span><span style=\"color:#b48ead;\">int </span><span style=\"color:#bf616a;\">s</span><span style=\"color:#c0c5ce;\">, </span><span style=\"color:#b48ead;\">int </span><span style=\"color:#bf616a;\">t</span><span style=\"color:#c0c5ce;\">, </span><span style=\"color:#b48ead;\">int </span><span style=\"color:#bf616a;\">n</span><span style=\"color:#c0c5ce;\">) {\n</span><span style=\"color:#c0c5ce;\">        </span><span style=\"color:#b48ead;\">int</span><span style=\"color:#c0c5ce;\"> res = </span><span style=\"color:#d08770;\">0</span><span style=\"color:#c0c5ce;\">;\n</span><span style=\"color:#c0c5ce;\">        </span><span style=\"color:#b48ead;\">while </span><span style=\"color:#c0c5ce;\">(</span><span style=\"color:#8fa1b3;\">makeLevelGraph</span><span style=\"color:#c0c5ce;\">(&amp;N[s], &amp;N[t], n)) {\n</span><span style=\"color:#c0c5ce;\">            </span><span style=\"color:#b48ead;\">for </span><span style=\"color:#c0c5ce;\">(</span><span style=\"color:#b48ead;\">int</span><span style=\"color:#c0c5ce;\"> i = </span><span style=\"color:#d08770;\">1</span><span style=\"color:#c0c5ce;\">; i &lt;= n; i++) N[i].</span><span style=\"color:#bf616a;\">curr </span><span style=\"color:#c0c5ce;\">= N[i].</span><span style=\"color:#bf616a;\">e</span><span style=\"color:#c0c5ce;\">;\n</span><span style=\"color:#c0c5ce;\">            </span><span style=\"color:#b48ead;\">int</span><span style=\"color:#c0c5ce;\"> flow;\n</span><span style=\"color:#c0c5ce;\">            </span><span style=\"color:#b48ead;\">while </span><span style=\"color:#c0c5ce;\">((flow = </span><span style=\"color:#8fa1b3;\">findPath</span><span style=\"color:#c0c5ce;\">(&amp;N[s], &amp;N[t])) &gt; </span><span style=\"color:#d08770;\">0</span><span style=\"color:#c0c5ce;\">) res += flow;\n</span><span style=\"color:#c0c5ce;\">        }\n</span><span style=\"color:#c0c5ce;\">        </span><span style=\"color:#b48ead;\">return</span><span style=\"color:#c0c5ce;\"> res;\n</span><span style=\"color:#c0c5ce;\">    }\n</span><span style=\"color:#c0c5ce;\">}\n</span><span style=\"color:#b48ead;\">namespace </span><span style=\"color:#c0c5ce;\">Tarjan {\n</span><span style=\"color:#c0c5ce;\">    </span><span style=\"color:#b48ead;\">int</span><span style=\"color:#c0c5ce;\"> dfsClock, sccCnt;\n</span><span style=\"color:#c0c5ce;\">    </span><span style=\"color:#b48ead;\">void </span><span style=\"color:#8fa1b3;\">dfs</span><span style=\"color:#c0c5ce;\">(Node *</span><span style=\"color:#bf616a;\">u</span><span style=\"color:#c0c5ce;\">) {\n</span><span style=\"color:#c0c5ce;\">        u-&gt;</span><span style=\"color:#bf616a;\">dfn </span><span style=\"color:#c0c5ce;\">= u-&gt;</span><span style=\"color:#bf616a;\">low </span><span style=\"color:#c0c5ce;\">= ++dfsClock;\n</span><span style=\"color:#c0c5ce;\">        </span><span style=\"color:#b48ead;\">static</span><span style=\"color:#c0c5ce;\"> std::stack&lt;Node *&gt; s;\n</span><span style=\"color:#c0c5ce;\">        s.</span><span style=\"color:#8fa1b3;\">push</span><span style=\"color:#c0c5ce;\">(u);\n</span><span style=\"color:#c0c5ce;\">        u-&gt;</span><span style=\"color:#bf616a;\">ins </span><span style=\"color:#c0c5ce;\">= </span><span style=\"color:#d08770;\">true</span><span style=\"color:#c0c5ce;\">;\n</span><span style=\"color:#c0c5ce;\">        </span><span style=\"color:#b48ead;\">for </span><span style=\"color:#c0c5ce;\">(Edge *e = u-&gt;</span><span style=\"color:#bf616a;\">e</span><span style=\"color:#c0c5ce;\">; e; e = e-&gt;</span><span style=\"color:#bf616a;\">next</span><span style=\"color:#c0c5ce;\">) {\n</span><span style=\"color:#c0c5ce;\">            </span><span style=\"color:#b48ead;\">if </span><span style=\"color:#c0c5ce;\">(e-&gt;</span><span style=\"color:#bf616a;\">cap </span><span style=\"color:#c0c5ce;\">&gt; e-&gt;</span><span style=\"color:#bf616a;\">flow</span><span style=\"color:#c0c5ce;\">) {\n</span><span style=\"color:#c0c5ce;\">                </span><span style=\"color:#b48ead;\">if </span><span style=\"color:#c0c5ce;\">(e-&gt;</span><span style=\"color:#bf616a;\">v</span><span style=\"color:#c0c5ce;\">-&gt;</span><span style=\"color:#bf616a;\">dfn </span><span style=\"color:#c0c5ce;\">== </span><span style=\"color:#d08770;\">0</span><span style=\"color:#c0c5ce;\">) </span><span style=\"color:#8fa1b3;\">dfs</span><span style=\"color:#c0c5ce;\">(e-&gt;</span><span style=\"color:#bf616a;\">v</span><span style=\"color:#c0c5ce;\">), u-&gt;</span><span style=\"color:#bf616a;\">low </span><span style=\"color:#c0c5ce;\">= </span><span style=\"color:#8fa1b3;\">std::min</span><span style=\"color:#c0c5ce;\">(u-&gt;</span><span style=\"color:#bf616a;\">low</span><span style=\"color:#c0c5ce;\">, e-&gt;</span><span style=\"color:#bf616a;\">v</span><span style=\"color:#c0c5ce;\">-&gt;</span><span style=\"color:#bf616a;\">low</span><span style=\"color:#c0c5ce;\">);\n</span><span style=\"color:#c0c5ce;\">                </span><span style=\"color:#b48ead;\">else if </span><span style=\"color:#c0c5ce;\">(e-&gt;</span><span style=\"color:#bf616a;\">v</span><span style=\"color:#c0c5ce;\">-&gt;</span><span style=\"color:#bf616a;\">ins</span><span style=\"color:#c0c5ce;\">) u-&gt;</span><span style=\"color:#bf616a;\">low </span><span style=\"color:#c0c5ce;\">= </span><span style=\"color:#8fa1b3;\">std::min</span><span style=\"color:#c0c5ce;\">(u-&gt;</span><span style=\"color:#bf616a;\">low</span><span style=\"color:#c0c5ce;\">, e-&gt;</span><span style=\"color:#bf616a;\">v</span><span style=\"color:#c0c5ce;\">-&gt;</span><span style=\"color:#bf616a;\">dfn</span><span style=\"color:#c0c5ce;\">);\n</span><span style=\"color:#c0c5ce;\">            }\n</span><span style=\"color:#c0c5ce;\">        }\n</span><span style=\"color:#c0c5ce;\">        </span><span style=\"color:#b48ead;\">if </span><span style=\"color:#c0c5ce;\">(u-&gt;</span><span style=\"color:#bf616a;\">dfn </span><span style=\"color:#c0c5ce;\">== u-&gt;</span><span style=\"color:#bf616a;\">low</span><span style=\"color:#c0c5ce;\">) {\n</span><span style=\"color:#c0c5ce;\">            Node *curr;\n</span><span style=\"color:#c0c5ce;\">            sccCnt++;\n</span><span style=\"color:#c0c5ce;\">            </span><span style=\"color:#b48ead;\">while </span><span style=\"color:#c0c5ce;\">(</span><span style=\"color:#d08770;\">true</span><span style=\"color:#c0c5ce;\">) {\n</span><span style=\"color:#c0c5ce;\">                curr = s.</span><span style=\"color:#8fa1b3;\">top</span><span style=\"color:#c0c5ce;\">();\n</span><span style=\"color:#c0c5ce;\">                s.</span><span style=\"color:#8fa1b3;\">pop</span><span style=\"color:#c0c5ce;\">();\n</span><span style=\"color:#c0c5ce;\">                curr-&gt;</span><span style=\"color:#bf616a;\">ins </span><span style=\"color:#c0c5ce;\">= </span><span style=\"color:#d08770;\">false</span><span style=\"color:#c0c5ce;\">;\n</span><span style=\"color:#c0c5ce;\">                curr-&gt;</span><span style=\"color:#bf616a;\">belong </span><span style=\"color:#c0c5ce;\">= sccCnt;\n</span><span style=\"color:#c0c5ce;\">                </span><span style=\"color:#b48ead;\">if </span><span style=\"color:#c0c5ce;\">(curr == u) </span><span style=\"color:#b48ead;\">break</span><span style=\"color:#c0c5ce;\">;\n</span><span style=\"color:#c0c5ce;\">            }\n</span><span style=\"color:#c0c5ce;\">        }\n</span><span style=\"color:#c0c5ce;\">    }\n</span><span style=\"color:#c0c5ce;\">    </span><span style=\"color:#b48ead;\">void </span><span style=\"color:#8fa1b3;\">findSCC</span><span style=\"color:#c0c5ce;\">(</span><span style=\"color:#b48ead;\">int </span><span style=\"color:#bf616a;\">n</span><span style=\"color:#c0c5ce;\">) {\n</span><span style=\"color:#c0c5ce;\">        dfsClock = sccCnt = </span><span style=\"color:#d08770;\">0</span><span style=\"color:#c0c5ce;\">;\n</span><span style=\"color:#c0c5ce;\">        </span><span style=\"color:#b48ead;\">for </span><span style=\"color:#c0c5ce;\">(</span><span style=\"color:#b48ead;\">int</span><span style=\"color:#c0c5ce;\"> i = </span><span style=\"color:#d08770;\">1</span><span style=\"color:#c0c5ce;\">; i &lt;= n; i++) </span><span style=\"color:#b48ead;\">if </span><span style=\"color:#c0c5ce;\">(N[i].</span><span style=\"color:#bf616a;\">dfn </span><span style=\"color:#c0c5ce;\">== </span><span style=\"color:#d08770;\">0</span><span style=\"color:#c0c5ce;\">) </span><span style=\"color:#8fa1b3;\">dfs</span><span style=\"color:#c0c5ce;\">(&amp;N[i]);\n</span><span style=\"color:#c0c5ce;\">    }\n</span><span style=\"color:#c0c5ce;\">}\n</span><span style=\"color:#b48ead;\">int </span><span style=\"color:#8fa1b3;\">main</span><span style=\"color:#c0c5ce;\">() {\n</span><span style=\"color:#c0c5ce;\">    </span><span style=\"color:#b48ead;\">int</span><span style=\"color:#c0c5ce;\"> n, m, s, t;\n</span><span style=\"color:#c0c5ce;\">    </span><span style=\"color:#96b5b4;\">scanf</span><span style=\"color:#c0c5ce;\">(&quot;</span><span style=\"color:#d08770;\">%d %d %d %d</span><span style=\"color:#c0c5ce;\">&quot;, &amp;n, &amp;m, &amp;s, &amp;t);\n</span><span style=\"color:#c0c5ce;\">    </span><span style=\"color:#b48ead;\">for </span><span style=\"color:#c0c5ce;\">(</span><span style=\"color:#b48ead;\">int</span><span style=\"color:#c0c5ce;\"> i = </span><span style=\"color:#d08770;\">0</span><span style=\"color:#c0c5ce;\">; i &lt; m; i++) {\n</span><span style=\"color:#c0c5ce;\">        </span><span style=\"color:#b48ead;\">int</span><span style=\"color:#c0c5ce;\"> u, v, w;\n</span><span style=\"color:#c0c5ce;\">        </span><span style=\"color:#96b5b4;\">scanf</span><span style=\"color:#c0c5ce;\">(&quot;</span><span style=\"color:#d08770;\">%d %d %d</span><span style=\"color:#c0c5ce;\">&quot;, &amp;u, &amp;v, &amp;w);\n</span><span style=\"color:#c0c5ce;\">        </span><span style=\"color:#8fa1b3;\">addEdge</span><span style=\"color:#c0c5ce;\">(u, v, w);\n</span><span style=\"color:#c0c5ce;\">    }\n</span><span style=\"color:#c0c5ce;\">    </span><span style=\"color:#8fa1b3;\">Dinic::solve</span><span style=\"color:#c0c5ce;\">(s, t, n);\n</span><span style=\"color:#c0c5ce;\">    </span><span style=\"color:#8fa1b3;\">Tarjan::findSCC</span><span style=\"color:#c0c5ce;\">(n);\n</span><span style=\"color:#c0c5ce;\">    </span><span style=\"color:#b48ead;\">for </span><span style=\"color:#c0c5ce;\">(</span><span style=\"color:#b48ead;\">int</span><span style=\"color:#c0c5ce;\"> i = </span><span style=\"color:#d08770;\">0</span><span style=\"color:#c0c5ce;\">; i &lt; m &lt;&lt; </span><span style=\"color:#d08770;\">1</span><span style=\"color:#c0c5ce;\">; i += </span><span style=\"color:#d08770;\">2</span><span style=\"color:#c0c5ce;\">) {\n</span><span style=\"color:#c0c5ce;\">        Edge *e = &amp;_pool[i];\n</span><span style=\"color:#c0c5ce;\">        </span><span style=\"color:#b48ead;\">if </span><span style=\"color:#c0c5ce;\">(e-&gt;</span><span style=\"color:#bf616a;\">cap </span><span style=\"color:#c0c5ce;\">&gt; e-&gt;</span><span style=\"color:#bf616a;\">flow</span><span style=\"color:#c0c5ce;\">) {\n</span><span style=\"color:#c0c5ce;\">            </span><span style=\"color:#96b5b4;\">puts</span><span style=\"color:#c0c5ce;\">(&quot;</span><span style=\"color:#a3be8c;\">0 0</span><span style=\"color:#c0c5ce;\">&quot;);\n</span><span style=\"color:#c0c5ce;\">            </span><span style=\"color:#b48ead;\">continue</span><span style=\"color:#c0c5ce;\">;\n</span><span style=\"color:#c0c5ce;\">        }\n</span><span style=\"color:#c0c5ce;\">        </span><span style=\"color:#96b5b4;\">printf</span><span style=\"color:#c0c5ce;\">(&quot;</span><span style=\"color:#d08770;\">%d </span><span style=\"color:#c0c5ce;\">&quot;, e-&gt;</span><span style=\"color:#bf616a;\">u</span><span style=\"color:#c0c5ce;\">-&gt;</span><span style=\"color:#bf616a;\">belong </span><span style=\"color:#c0c5ce;\">!= e-&gt;</span><span style=\"color:#bf616a;\">v</span><span style=\"color:#c0c5ce;\">-&gt;</span><span style=\"color:#bf616a;\">belong </span><span style=\"color:#c0c5ce;\">? </span><span style=\"color:#d08770;\">1 </span><span style=\"color:#c0c5ce;\">: </span><span style=\"color:#d08770;\">0</span><span style=\"color:#c0c5ce;\">);\n</span><span style=\"color:#c0c5ce;\">        </span><span style=\"color:#96b5b4;\">printf</span><span style=\"color:#c0c5ce;\">(&quot;</span><span style=\"color:#d08770;\">%d</span><span style=\"color:#96b5b4;\">\\n</span><span style=\"color:#c0c5ce;\">&quot;, e-&gt;</span><span style=\"color:#bf616a;\">u</span><span style=\"color:#c0c5ce;\">-&gt;</span><span style=\"color:#bf616a;\">belong </span><span style=\"color:#c0c5ce;\">== N[s].</span><span style=\"color:#bf616a;\">belong </span><span style=\"color:#c0c5ce;\">&amp;&amp; e-&gt;</span><span style=\"color:#bf616a;\">v</span><span style=\"color:#c0c5ce;\">-&gt;</span><span style=\"color:#bf616a;\">belong </span><span style=\"color:#c0c5ce;\">== N[t].</span><span style=\"color:#bf616a;\">belong </span><span style=\"color:#c0c5ce;\">? </span><span style=\"color:#d08770;\">1 </span><span style=\"color:#c0c5ce;\">: </span><span style=\"color:#d08770;\">0</span><span style=\"color:#c0c5ce;\">);\n</span><span style=\"color:#c0c5ce;\">    }\n</span><span style=\"color:#c0c5ce;\">    </span><span style=\"color:#b48ead;\">return </span><span style=\"color:#d08770;\">0</span><span style=\"color:#c0c5ce;\">;\n</span><span style=\"color:#c0c5ce;\">}\n</span>\n</code></pre>\n"}