{"title":"[ZJOI 2012] 数列","tags":["搜索","记忆化搜索","高精度"],"create_time":1493934534,"last_modified":1596723568,"toc":"<ol><li><a href=\"#题目大意\">题目大意</a></li><li><a href=\"#题目链接\">题目链接</a></li><li><a href=\"#题解\">题解</a></li><li><a href=\"#代码\">代码</a></li>","html":"<h2><a href=\"#题目大意\" aria-hidden=\"true\" class=\"anchor\" id=\"题目大意\"></a>题目大意</h2>\n<p>给定这么一个数列：</p>\n<p class='katex-block'><span class=\"katex-display\"><span class=\"katex\"><span class=\"katex-mathml\"><math xmlns=\"http://www.w3.org/1998/Math/MathML\" display=\"block\"><semantics><mtable rowspacing=\"0.25em\" columnalign=\"right left\" columnspacing=\"0em\"><mtr><mtd class =\"mtr-glue\"></mtd><mtd><mstyle scriptlevel=\"0\" displaystyle=\"true\"><msub><mi>a</mi><mn>0</mn></msub></mstyle></mtd><mtd><mstyle scriptlevel=\"0\" displaystyle=\"true\"><mrow><mrow></mrow><mo>=</mo><mn>0</mn><mo separator=\"true\">,</mo><mtext>  </mtext><msub><mi>a</mi><mn>1</mn></msub><mo>=</mo><mn>1</mn></mrow></mstyle></mtd><mtd class =\"mtr-glue\"></mtd><mtd class =\"mml-eqn-num\"></mtd></mtr><mtr><mtd class =\"mtr-glue\"></mtd><mtd><mstyle scriptlevel=\"0\" displaystyle=\"true\"><msub><mi>a</mi><mrow><mn>2</mn><mi>n</mi></mrow></msub></mstyle></mtd><mtd><mstyle scriptlevel=\"0\" displaystyle=\"true\"><mrow><mrow></mrow><mo>=</mo><msub><mi>a</mi><mi>n</mi></msub></mrow></mstyle></mtd><mtd class =\"mtr-glue\"></mtd><mtd class =\"mml-eqn-num\"></mtd></mtr><mtr><mtd class =\"mtr-glue\"></mtd><mtd><mstyle scriptlevel=\"0\" displaystyle=\"true\"><msub><mi>a</mi><mrow><mn>2</mn><mi>n</mi><mo>+</mo><mn>1</mn></mrow></msub></mstyle></mtd><mtd><mstyle scriptlevel=\"0\" displaystyle=\"true\"><mrow><mrow></mrow><mo>=</mo><msub><mi>a</mi><mi>n</mi></msub><mo>+</mo><msub><mi>a</mi><mrow><mi>n</mi><mo>+</mo><mn>1</mn></mrow></msub></mrow></mstyle></mtd><mtd class =\"mtr-glue\"></mtd><mtd class =\"mml-eqn-num\"></mtd></mtr></mtable><annotation encoding=\"application/x-tex\">\n\\begin{align}\na_0 &amp;= 0, \\; a_1 = 1 \\\\\na_{2n} &amp;= a_n \\\\\na_{2n + 1} &amp;= a_n + a_{n + 1}\n\\end{align}\n</annotation></semantics></math></span><span class=\"katex-html\" aria-hidden=\"true\"><span class=\"base\"><span class=\"strut\" style=\"height:4.5em;vertical-align:-2em;\"></span><span class=\"mtable\"><span class=\"col-align-r\"><span class=\"vlist-t vlist-t2\"><span class=\"vlist-r\"><span class=\"vlist\" style=\"height:2.5em;\"><span style=\"top:-4.66em;\"><span class=\"pstrut\" style=\"height:3em;\"></span><span class=\"mord\"><span class=\"mord\"><span class=\"mord mathnormal\">a</span><span class=\"msupsub\"><span class=\"vlist-t vlist-t2\"><span class=\"vlist-r\"><span class=\"vlist\" style=\"height:0.3011em;\"><span style=\"top:-2.55em;margin-left:0em;margin-right:0.05em;\"><span class=\"pstrut\" style=\"height:2.7em;\"></span><span class=\"sizing reset-size6 size3 mtight\"><span class=\"mord mtight\">0</span></span></span></span><span class=\"vlist-s\">​</span></span><span class=\"vlist-r\"><span class=\"vlist\" style=\"height:0.15em;\"><span></span></span></span></span></span></span></span></span><span style=\"top:-3.16em;\"><span class=\"pstrut\" style=\"height:3em;\"></span><span class=\"mord\"><span class=\"mord\"><span class=\"mord mathnormal\">a</span><span class=\"msupsub\"><span class=\"vlist-t vlist-t2\"><span class=\"vlist-r\"><span class=\"vlist\" style=\"height:0.3011em;\"><span style=\"top:-2.55em;margin-left:0em;margin-right:0.05em;\"><span class=\"pstrut\" style=\"height:2.7em;\"></span><span class=\"sizing reset-size6 size3 mtight\"><span class=\"mord mtight\"><span class=\"mord mtight\">2</span><span class=\"mord mathnormal mtight\">n</span></span></span></span></span><span class=\"vlist-s\">​</span></span><span class=\"vlist-r\"><span class=\"vlist\" style=\"height:0.15em;\"><span></span></span></span></span></span></span></span></span><span style=\"top:-1.66em;\"><span class=\"pstrut\" style=\"height:3em;\"></span><span class=\"mord\"><span class=\"mord\"><span class=\"mord mathnormal\">a</span><span class=\"msupsub\"><span class=\"vlist-t vlist-t2\"><span class=\"vlist-r\"><span class=\"vlist\" style=\"height:0.3011em;\"><span style=\"top:-2.55em;margin-left:0em;margin-right:0.05em;\"><span class=\"pstrut\" style=\"height:2.7em;\"></span><span class=\"sizing reset-size6 size3 mtight\"><span class=\"mord mtight\"><span class=\"mord mtight\">2</span><span class=\"mord mathnormal mtight\">n</span><span class=\"mbin mtight\">+</span><span class=\"mord mtight\">1</span></span></span></span></span><span class=\"vlist-s\">​</span></span><span class=\"vlist-r\"><span class=\"vlist\" style=\"height:0.2083em;\"><span></span></span></span></span></span></span></span></span></span><span class=\"vlist-s\">​</span></span><span class=\"vlist-r\"><span class=\"vlist\" style=\"height:2em;\"><span></span></span></span></span></span><span class=\"col-align-l\"><span class=\"vlist-t vlist-t2\"><span class=\"vlist-r\"><span class=\"vlist\" style=\"height:2.5em;\"><span style=\"top:-4.66em;\"><span class=\"pstrut\" style=\"height:3em;\"></span><span class=\"mord\"><span class=\"mord\"></span><span class=\"mspace\" style=\"margin-right:0.2778em;\"></span><span class=\"mrel\">=</span><span class=\"mspace\" style=\"margin-right:0.2778em;\"></span><span class=\"mord\">0</span><span class=\"mpunct\">,</span><span class=\"mspace\" style=\"margin-right:0.2778em;\"></span><span class=\"mspace\" style=\"margin-right:0.1667em;\"></span><span class=\"mord\"><span class=\"mord mathnormal\">a</span><span class=\"msupsub\"><span class=\"vlist-t vlist-t2\"><span class=\"vlist-r\"><span class=\"vlist\" style=\"height:0.3011em;\"><span style=\"top:-2.55em;margin-left:0em;margin-right:0.05em;\"><span class=\"pstrut\" style=\"height:2.7em;\"></span><span class=\"sizing reset-size6 size3 mtight\"><span class=\"mord mtight\">1</span></span></span></span><span class=\"vlist-s\">​</span></span><span class=\"vlist-r\"><span class=\"vlist\" style=\"height:0.15em;\"><span></span></span></span></span></span></span><span class=\"mspace\" style=\"margin-right:0.2778em;\"></span><span class=\"mrel\">=</span><span class=\"mspace\" style=\"margin-right:0.2778em;\"></span><span class=\"mord\">1</span></span></span><span style=\"top:-3.16em;\"><span class=\"pstrut\" style=\"height:3em;\"></span><span class=\"mord\"><span class=\"mord\"></span><span class=\"mspace\" style=\"margin-right:0.2778em;\"></span><span class=\"mrel\">=</span><span class=\"mspace\" style=\"margin-right:0.2778em;\"></span><span class=\"mord\"><span class=\"mord mathnormal\">a</span><span class=\"msupsub\"><span class=\"vlist-t vlist-t2\"><span class=\"vlist-r\"><span class=\"vlist\" style=\"height:0.1514em;\"><span style=\"top:-2.55em;margin-left:0em;margin-right:0.05em;\"><span class=\"pstrut\" style=\"height:2.7em;\"></span><span class=\"sizing reset-size6 size3 mtight\"><span class=\"mord mathnormal mtight\">n</span></span></span></span><span class=\"vlist-s\">​</span></span><span class=\"vlist-r\"><span class=\"vlist\" style=\"height:0.15em;\"><span></span></span></span></span></span></span></span></span><span style=\"top:-1.66em;\"><span class=\"pstrut\" style=\"height:3em;\"></span><span class=\"mord\"><span class=\"mord\"></span><span class=\"mspace\" style=\"margin-right:0.2778em;\"></span><span class=\"mrel\">=</span><span class=\"mspace\" style=\"margin-right:0.2778em;\"></span><span class=\"mord\"><span class=\"mord mathnormal\">a</span><span class=\"msupsub\"><span class=\"vlist-t vlist-t2\"><span class=\"vlist-r\"><span class=\"vlist\" style=\"height:0.1514em;\"><span style=\"top:-2.55em;margin-left:0em;margin-right:0.05em;\"><span class=\"pstrut\" style=\"height:2.7em;\"></span><span class=\"sizing reset-size6 size3 mtight\"><span class=\"mord mathnormal mtight\">n</span></span></span></span><span class=\"vlist-s\">​</span></span><span class=\"vlist-r\"><span class=\"vlist\" style=\"height:0.15em;\"><span></span></span></span></span></span></span><span class=\"mspace\" style=\"margin-right:0.2222em;\"></span><span class=\"mbin\">+</span><span class=\"mspace\" style=\"margin-right:0.2222em;\"></span><span class=\"mord\"><span class=\"mord mathnormal\">a</span><span class=\"msupsub\"><span class=\"vlist-t vlist-t2\"><span class=\"vlist-r\"><span class=\"vlist\" style=\"height:0.3011em;\"><span style=\"top:-2.55em;margin-left:0em;margin-right:0.05em;\"><span class=\"pstrut\" style=\"height:2.7em;\"></span><span class=\"sizing reset-size6 size3 mtight\"><span class=\"mord mtight\"><span class=\"mord mathnormal mtight\">n</span><span class=\"mbin mtight\">+</span><span class=\"mord mtight\">1</span></span></span></span></span><span class=\"vlist-s\">​</span></span><span class=\"vlist-r\"><span class=\"vlist\" style=\"height:0.2083em;\"><span></span></span></span></span></span></span></span></span></span><span class=\"vlist-s\">​</span></span><span class=\"vlist-r\"><span class=\"vlist\" style=\"height:2em;\"><span></span></span></span></span></span></span></span><span class=\"tag\"><span class=\"vlist-t vlist-t2\"><span class=\"vlist-r\"><span class=\"vlist\" style=\"height:2.5em;\"><span style=\"top:-4.5em;\"><span class=\"pstrut\" style=\"height:2.84em;\"></span><span class=\"eqn-num\"></span></span><span style=\"top:-3em;\"><span class=\"pstrut\" style=\"height:2.84em;\"></span><span class=\"eqn-num\"></span></span><span style=\"top:-1.5em;\"><span class=\"pstrut\" style=\"height:2.84em;\"></span><span class=\"eqn-num\"></span></span></span><span class=\"vlist-s\">​</span></span><span class=\"vlist-r\"><span class=\"vlist\" style=\"height:2em;\"><span></span></span></span></span></span></span></span></span></p>\n给定 <span class=\"katex\"><span class=\"katex-mathml\"><math xmlns=\"http://www.w3.org/1998/Math/MathML\"><semantics><mrow><mi>n</mi></mrow><annotation encoding=\"application/x-tex\">n</annotation></semantics></math></span><span class=\"katex-html\" aria-hidden=\"true\"><span class=\"base\"><span class=\"strut\" style=\"height:0.4306em;\"></span><span class=\"mord mathnormal\">n</span></span></span></span>，求 <span class=\"katex\"><span class=\"katex-mathml\"><math xmlns=\"http://www.w3.org/1998/Math/MathML\"><semantics><mrow><msub><mi>a</mi><mi>n</mi></msub></mrow><annotation encoding=\"application/x-tex\">a_n</annotation></semantics></math></span><span class=\"katex-html\" aria-hidden=\"true\"><span class=\"base\"><span class=\"strut\" style=\"height:0.5806em;vertical-align:-0.15em;\"></span><span class=\"mord\"><span class=\"mord mathnormal\">a</span><span class=\"msupsub\"><span class=\"vlist-t vlist-t2\"><span class=\"vlist-r\"><span class=\"vlist\" style=\"height:0.1514em;\"><span style=\"top:-2.55em;margin-left:0em;margin-right:0.05em;\"><span class=\"pstrut\" style=\"height:2.7em;\"></span><span class=\"sizing reset-size6 size3 mtight\"><span class=\"mord mathnormal mtight\">n</span></span></span></span><span class=\"vlist-s\">​</span></span><span class=\"vlist-r\"><span class=\"vlist\" style=\"height:0.15em;\"><span></span></span></span></span></span></span></span></span></span>。多组询问。\n<p><span class=\"katex\"><span class=\"katex-mathml\"><math xmlns=\"http://www.w3.org/1998/Math/MathML\"><semantics><mrow><mn>1</mn><mo>⩽</mo><mi>T</mi><mo>⩽</mo><mn>20</mn></mrow><annotation encoding=\"application/x-tex\">1 \\leqslant T \\leqslant 20</annotation></semantics></math></span><span class=\"katex-html\" aria-hidden=\"true\"><span class=\"base\"><span class=\"strut\" style=\"height:0.7811em;vertical-align:-0.1367em;\"></span><span class=\"mord\">1</span><span class=\"mspace\" style=\"margin-right:0.2778em;\"></span><span class=\"mrel amsrm\">⩽</span><span class=\"mspace\" style=\"margin-right:0.2778em;\"></span></span><span class=\"base\"><span class=\"strut\" style=\"height:0.82em;vertical-align:-0.1367em;\"></span><span class=\"mord mathnormal\" style=\"margin-right:0.13889em;\">T</span><span class=\"mspace\" style=\"margin-right:0.2778em;\"></span><span class=\"mrel amsrm\">⩽</span><span class=\"mspace\" style=\"margin-right:0.2778em;\"></span></span><span class=\"base\"><span class=\"strut\" style=\"height:0.6444em;\"></span><span class=\"mord\">20</span></span></span></span></p>\n<p><span class=\"katex\"><span class=\"katex-mathml\"><math xmlns=\"http://www.w3.org/1998/Math/MathML\"><semantics><mrow><mn>0</mn><mo>⩽</mo><mi>n</mi><mo>⩽</mo><mn>1</mn><mo>×</mo><mn>1</mn><msup><mn>0</mn><mn>100</mn></msup></mrow><annotation encoding=\"application/x-tex\">0 \\leqslant n \\leqslant 1 \\times 10^{100}</annotation></semantics></math></span><span class=\"katex-html\" aria-hidden=\"true\"><span class=\"base\"><span class=\"strut\" style=\"height:0.7811em;vertical-align:-0.1367em;\"></span><span class=\"mord\">0</span><span class=\"mspace\" style=\"margin-right:0.2778em;\"></span><span class=\"mrel amsrm\">⩽</span><span class=\"mspace\" style=\"margin-right:0.2778em;\"></span></span><span class=\"base\"><span class=\"strut\" style=\"height:0.7733em;vertical-align:-0.1367em;\"></span><span class=\"mord mathnormal\">n</span><span class=\"mspace\" style=\"margin-right:0.2778em;\"></span><span class=\"mrel amsrm\">⩽</span><span class=\"mspace\" style=\"margin-right:0.2778em;\"></span></span><span class=\"base\"><span class=\"strut\" style=\"height:0.7278em;vertical-align:-0.0833em;\"></span><span class=\"mord\">1</span><span class=\"mspace\" style=\"margin-right:0.2222em;\"></span><span class=\"mbin\">×</span><span class=\"mspace\" style=\"margin-right:0.2222em;\"></span></span><span class=\"base\"><span class=\"strut\" style=\"height:0.8141em;\"></span><span class=\"mord\">1</span><span class=\"mord\"><span class=\"mord\">0</span><span class=\"msupsub\"><span class=\"vlist-t\"><span class=\"vlist-r\"><span class=\"vlist\" style=\"height:0.8141em;\"><span style=\"top:-3.063em;margin-right:0.05em;\"><span class=\"pstrut\" style=\"height:2.7em;\"></span><span class=\"sizing reset-size6 size3 mtight\"><span class=\"mord mtight\"><span class=\"mord mtight\">100</span></span></span></span></span></span></span></span></span></span></span></span></p>\n<h2><a href=\"#题目链接\" aria-hidden=\"true\" class=\"anchor\" id=\"题目链接\"></a>题目链接</h2>\n<p><a href=\"https://www.luogu.com.cn/problem/P2609\">【ZJOI 2012】数列 - Luogu 2609</a></p>\n<!-- more -->\n<h2><a href=\"#题解\" aria-hidden=\"true\" class=\"anchor\" id=\"题解\"></a>题解</h2>\n<p>记忆化搜索 + 高精度。</p>\n<h2><a href=\"#代码\" aria-hidden=\"true\" class=\"anchor\" id=\"代码\"></a>代码</h2>\n<pre style=\"background-color:#2b303b;\"><code class=\"language-c++\">\n<span style=\"color:#b48ead;\">#include </span><span style=\"color:#c0c5ce;\">&lt;</span><span style=\"color:#a3be8c;\">cstdio</span><span style=\"color:#c0c5ce;\">&gt;\n</span><span style=\"color:#b48ead;\">#include </span><span style=\"color:#c0c5ce;\">&lt;</span><span style=\"color:#a3be8c;\">cstring</span><span style=\"color:#c0c5ce;\">&gt;\n</span><span style=\"color:#b48ead;\">#include </span><span style=\"color:#c0c5ce;\">&lt;</span><span style=\"color:#a3be8c;\">map</span><span style=\"color:#c0c5ce;\">&gt;\n</span><span style=\"color:#b48ead;\">#include </span><span style=\"color:#c0c5ce;\">&lt;</span><span style=\"color:#a3be8c;\">vector</span><span style=\"color:#c0c5ce;\">&gt;\n</span><span style=\"color:#b48ead;\">#include </span><span style=\"color:#c0c5ce;\">&lt;</span><span style=\"color:#a3be8c;\">algorithm</span><span style=\"color:#c0c5ce;\">&gt;\n</span><span style=\"color:#b48ead;\">const int</span><span style=\"color:#c0c5ce;\"> MAXN = </span><span style=\"color:#d08770;\">105</span><span style=\"color:#c0c5ce;\">;\n</span><span style=\"color:#b48ead;\">struct </span><span style=\"color:#c0c5ce;\">BigInt {\n</span><span style=\"color:#c0c5ce;\">    std::vector&lt;</span><span style=\"color:#b48ead;\">char</span><span style=\"color:#c0c5ce;\">&gt; v;\n</span><span style=\"color:#c0c5ce;\">    </span><span style=\"color:#8fa1b3;\">BigInt</span><span style=\"color:#c0c5ce;\">(</span><span style=\"color:#b48ead;\">int </span><span style=\"color:#bf616a;\">x </span><span style=\"color:#c0c5ce;\">= </span><span style=\"color:#d08770;\">0</span><span style=\"color:#c0c5ce;\">) {\n</span><span style=\"color:#c0c5ce;\">        *</span><span style=\"color:#bf616a;\">this </span><span style=\"color:#c0c5ce;\">= x;\n</span><span style=\"color:#c0c5ce;\">    }\n</span><span style=\"color:#c0c5ce;\">    BigInt &amp;</span><span style=\"color:#8fa1b3;\">operator=</span><span style=\"color:#c0c5ce;\">(</span><span style=\"color:#b48ead;\">int </span><span style=\"color:#bf616a;\">x</span><span style=\"color:#c0c5ce;\">) {\n</span><span style=\"color:#c0c5ce;\">        v.</span><span style=\"color:#8fa1b3;\">clear</span><span style=\"color:#c0c5ce;\">();\n</span><span style=\"color:#c0c5ce;\">        </span><span style=\"color:#b48ead;\">do</span><span style=\"color:#c0c5ce;\"> v.</span><span style=\"color:#8fa1b3;\">push_back</span><span style=\"color:#c0c5ce;\">(x % </span><span style=\"color:#d08770;\">10</span><span style=\"color:#c0c5ce;\">); </span><span style=\"color:#b48ead;\">while </span><span style=\"color:#c0c5ce;\">(x /= </span><span style=\"color:#d08770;\">10</span><span style=\"color:#c0c5ce;\">);\n</span><span style=\"color:#c0c5ce;\">        </span><span style=\"color:#b48ead;\">return </span><span style=\"color:#c0c5ce;\">*</span><span style=\"color:#bf616a;\">this</span><span style=\"color:#c0c5ce;\">;\n</span><span style=\"color:#c0c5ce;\">    }\n</span><span style=\"color:#c0c5ce;\">    BigInt &amp;</span><span style=\"color:#8fa1b3;\">operator=</span><span style=\"color:#c0c5ce;\">(</span><span style=\"color:#b48ead;\">const</span><span style=\"color:#c0c5ce;\"> BigInt &amp;</span><span style=\"color:#bf616a;\">x</span><span style=\"color:#c0c5ce;\">) {\n</span><span style=\"color:#c0c5ce;\">        v.</span><span style=\"color:#8fa1b3;\">resize</span><span style=\"color:#c0c5ce;\">(x.</span><span style=\"color:#bf616a;\">v</span><span style=\"color:#c0c5ce;\">.</span><span style=\"color:#8fa1b3;\">size</span><span style=\"color:#c0c5ce;\">());\n</span><span style=\"color:#c0c5ce;\">        </span><span style=\"color:#b48ead;\">for </span><span style=\"color:#c0c5ce;\">(</span><span style=\"color:#b48ead;\">int</span><span style=\"color:#c0c5ce;\"> i = </span><span style=\"color:#d08770;\">0</span><span style=\"color:#c0c5ce;\">; i &lt; v.</span><span style=\"color:#8fa1b3;\">size</span><span style=\"color:#c0c5ce;\">(); i++) v[i] = x.</span><span style=\"color:#bf616a;\">v</span><span style=\"color:#c0c5ce;\">[i];\n</span><span style=\"color:#c0c5ce;\">        </span><span style=\"color:#b48ead;\">return </span><span style=\"color:#c0c5ce;\">*</span><span style=\"color:#bf616a;\">this</span><span style=\"color:#c0c5ce;\">;\n</span><span style=\"color:#c0c5ce;\">    }\n</span><span style=\"color:#c0c5ce;\">    </span><span style=\"color:#b48ead;\">bool </span><span style=\"color:#8fa1b3;\">operator&lt;</span><span style=\"color:#c0c5ce;\">(</span><span style=\"color:#b48ead;\">const</span><span style=\"color:#c0c5ce;\"> BigInt &amp;</span><span style=\"color:#bf616a;\">another</span><span style=\"color:#c0c5ce;\">) </span><span style=\"color:#b48ead;\">const </span><span style=\"color:#c0c5ce;\">{\n</span><span style=\"color:#c0c5ce;\">        </span><span style=\"color:#b48ead;\">if </span><span style=\"color:#c0c5ce;\">(v.</span><span style=\"color:#8fa1b3;\">size</span><span style=\"color:#c0c5ce;\">() != another.</span><span style=\"color:#bf616a;\">v</span><span style=\"color:#c0c5ce;\">.</span><span style=\"color:#8fa1b3;\">size</span><span style=\"color:#c0c5ce;\">()) </span><span style=\"color:#b48ead;\">return</span><span style=\"color:#c0c5ce;\"> v.</span><span style=\"color:#8fa1b3;\">size</span><span style=\"color:#c0c5ce;\">() &lt; another.</span><span style=\"color:#bf616a;\">v</span><span style=\"color:#c0c5ce;\">.</span><span style=\"color:#8fa1b3;\">size</span><span style=\"color:#c0c5ce;\">();\n</span><span style=\"color:#c0c5ce;\">        </span><span style=\"color:#b48ead;\">for </span><span style=\"color:#c0c5ce;\">(</span><span style=\"color:#b48ead;\">int</span><span style=\"color:#c0c5ce;\"> i = v.</span><span style=\"color:#8fa1b3;\">size</span><span style=\"color:#c0c5ce;\">() - </span><span style=\"color:#d08770;\">1</span><span style=\"color:#c0c5ce;\">; ~i; i--) {\n</span><span style=\"color:#c0c5ce;\">            </span><span style=\"color:#b48ead;\">if </span><span style=\"color:#c0c5ce;\">(v[i] != another.</span><span style=\"color:#bf616a;\">v</span><span style=\"color:#c0c5ce;\">[i]) </span><span style=\"color:#b48ead;\">return</span><span style=\"color:#c0c5ce;\"> v[i] &lt; another.</span><span style=\"color:#bf616a;\">v</span><span style=\"color:#c0c5ce;\">[i];\n</span><span style=\"color:#c0c5ce;\">        }\n</span><span style=\"color:#c0c5ce;\">        </span><span style=\"color:#b48ead;\">return </span><span style=\"color:#d08770;\">false</span><span style=\"color:#c0c5ce;\">;\n</span><span style=\"color:#c0c5ce;\">    }\n</span><span style=\"color:#c0c5ce;\">    BigInt </span><span style=\"color:#8fa1b3;\">read</span><span style=\"color:#c0c5ce;\">() {\n</span><span style=\"color:#c0c5ce;\">        </span><span style=\"color:#b48ead;\">static char</span><span style=\"color:#c0c5ce;\"> s[MAXN];\n</span><span style=\"color:#c0c5ce;\">        </span><span style=\"color:#96b5b4;\">scanf</span><span style=\"color:#c0c5ce;\">(&quot;</span><span style=\"color:#d08770;\">%s</span><span style=\"color:#c0c5ce;\">&quot;, s);\n</span><span style=\"color:#c0c5ce;\">        v.</span><span style=\"color:#8fa1b3;\">clear</span><span style=\"color:#c0c5ce;\">();\n</span><span style=\"color:#c0c5ce;\">        </span><span style=\"color:#b48ead;\">int</span><span style=\"color:#c0c5ce;\"> n = </span><span style=\"color:#96b5b4;\">strlen</span><span style=\"color:#c0c5ce;\">(s);\n</span><span style=\"color:#c0c5ce;\">        </span><span style=\"color:#b48ead;\">for </span><span style=\"color:#c0c5ce;\">(</span><span style=\"color:#b48ead;\">int</span><span style=\"color:#c0c5ce;\"> i = n - </span><span style=\"color:#d08770;\">1</span><span style=\"color:#c0c5ce;\">; ~i; i--) v.</span><span style=\"color:#8fa1b3;\">push_back</span><span style=\"color:#c0c5ce;\">(s[i] - &#39;</span><span style=\"color:#a3be8c;\">0</span><span style=\"color:#c0c5ce;\">&#39;);\n</span><span style=\"color:#c0c5ce;\">        </span><span style=\"color:#b48ead;\">return </span><span style=\"color:#c0c5ce;\">*</span><span style=\"color:#bf616a;\">this</span><span style=\"color:#c0c5ce;\">;\n</span><span style=\"color:#c0c5ce;\">    }\n</span><span style=\"color:#c0c5ce;\">    </span><span style=\"color:#b48ead;\">bool </span><span style=\"color:#8fa1b3;\">isOdd</span><span style=\"color:#c0c5ce;\">() </span><span style=\"color:#b48ead;\">const </span><span style=\"color:#c0c5ce;\">{\n</span><span style=\"color:#c0c5ce;\">        </span><span style=\"color:#b48ead;\">return</span><span style=\"color:#c0c5ce;\"> v[</span><span style=\"color:#d08770;\">0</span><span style=\"color:#c0c5ce;\">] &amp; </span><span style=\"color:#d08770;\">1</span><span style=\"color:#c0c5ce;\">;\n</span><span style=\"color:#c0c5ce;\">    }\n</span><span style=\"color:#c0c5ce;\">    </span><span style=\"color:#b48ead;\">void </span><span style=\"color:#8fa1b3;\">print</span><span style=\"color:#c0c5ce;\">() </span><span style=\"color:#b48ead;\">const </span><span style=\"color:#c0c5ce;\">{\n</span><span style=\"color:#c0c5ce;\">        </span><span style=\"color:#b48ead;\">for </span><span style=\"color:#c0c5ce;\">(</span><span style=\"color:#b48ead;\">int</span><span style=\"color:#c0c5ce;\"> i = v.</span><span style=\"color:#8fa1b3;\">size</span><span style=\"color:#c0c5ce;\">() - </span><span style=\"color:#d08770;\">1</span><span style=\"color:#c0c5ce;\">; ~i; i--) </span><span style=\"color:#96b5b4;\">putchar</span><span style=\"color:#c0c5ce;\">(v[i] + &#39;</span><span style=\"color:#a3be8c;\">0</span><span style=\"color:#c0c5ce;\">&#39;);\n</span><span style=\"color:#c0c5ce;\">    }\n</span><span style=\"color:#c0c5ce;\">};\n</span><span style=\"color:#c0c5ce;\">BigInt </span><span style=\"color:#8fa1b3;\">operator+</span><span style=\"color:#c0c5ce;\">(</span><span style=\"color:#b48ead;\">const</span><span style=\"color:#c0c5ce;\"> BigInt &amp;</span><span style=\"color:#bf616a;\">a</span><span style=\"color:#c0c5ce;\">, </span><span style=\"color:#b48ead;\">const</span><span style=\"color:#c0c5ce;\"> BigInt &amp;</span><span style=\"color:#bf616a;\">b</span><span style=\"color:#c0c5ce;\">) {\n</span><span style=\"color:#c0c5ce;\">    BigInt res;\n</span><span style=\"color:#c0c5ce;\">    res.</span><span style=\"color:#bf616a;\">v</span><span style=\"color:#c0c5ce;\">.</span><span style=\"color:#8fa1b3;\">clear</span><span style=\"color:#c0c5ce;\">();\n</span><span style=\"color:#c0c5ce;\">    </span><span style=\"color:#b48ead;\">bool</span><span style=\"color:#c0c5ce;\"> flag = </span><span style=\"color:#d08770;\">false</span><span style=\"color:#c0c5ce;\">;\n</span><span style=\"color:#c0c5ce;\">    </span><span style=\"color:#b48ead;\">for </span><span style=\"color:#c0c5ce;\">(</span><span style=\"color:#b48ead;\">int</span><span style=\"color:#c0c5ce;\"> i = </span><span style=\"color:#d08770;\">0</span><span style=\"color:#c0c5ce;\">; i &lt; </span><span style=\"color:#8fa1b3;\">std::max</span><span style=\"color:#c0c5ce;\">(a.</span><span style=\"color:#bf616a;\">v</span><span style=\"color:#c0c5ce;\">.</span><span style=\"color:#8fa1b3;\">size</span><span style=\"color:#c0c5ce;\">(), b.</span><span style=\"color:#bf616a;\">v</span><span style=\"color:#c0c5ce;\">.</span><span style=\"color:#8fa1b3;\">size</span><span style=\"color:#c0c5ce;\">()); i++) {\n</span><span style=\"color:#c0c5ce;\">        </span><span style=\"color:#b48ead;\">int</span><span style=\"color:#c0c5ce;\"> temp = </span><span style=\"color:#d08770;\">0</span><span style=\"color:#c0c5ce;\">;\n</span><span style=\"color:#c0c5ce;\">        </span><span style=\"color:#b48ead;\">if </span><span style=\"color:#c0c5ce;\">(i &lt; a.</span><span style=\"color:#bf616a;\">v</span><span style=\"color:#c0c5ce;\">.</span><span style=\"color:#8fa1b3;\">size</span><span style=\"color:#c0c5ce;\">()) temp += a.</span><span style=\"color:#bf616a;\">v</span><span style=\"color:#c0c5ce;\">[i];\n</span><span style=\"color:#c0c5ce;\">        </span><span style=\"color:#b48ead;\">if </span><span style=\"color:#c0c5ce;\">(i &lt; b.</span><span style=\"color:#bf616a;\">v</span><span style=\"color:#c0c5ce;\">.</span><span style=\"color:#8fa1b3;\">size</span><span style=\"color:#c0c5ce;\">()) temp += b.</span><span style=\"color:#bf616a;\">v</span><span style=\"color:#c0c5ce;\">[i];\n</span><span style=\"color:#c0c5ce;\">        </span><span style=\"color:#b48ead;\">if </span><span style=\"color:#c0c5ce;\">(flag) temp++, flag = </span><span style=\"color:#d08770;\">false</span><span style=\"color:#c0c5ce;\">;\n</span><span style=\"color:#c0c5ce;\">        </span><span style=\"color:#b48ead;\">if </span><span style=\"color:#c0c5ce;\">(temp &gt;= </span><span style=\"color:#d08770;\">10</span><span style=\"color:#c0c5ce;\">) temp -= </span><span style=\"color:#d08770;\">10</span><span style=\"color:#c0c5ce;\">, flag = </span><span style=\"color:#d08770;\">true</span><span style=\"color:#c0c5ce;\">;\n</span><span style=\"color:#c0c5ce;\">        res.</span><span style=\"color:#bf616a;\">v</span><span style=\"color:#c0c5ce;\">.</span><span style=\"color:#8fa1b3;\">push_back</span><span style=\"color:#c0c5ce;\">(temp);\n</span><span style=\"color:#c0c5ce;\">    }\n</span><span style=\"color:#c0c5ce;\">    </span><span style=\"color:#b48ead;\">if </span><span style=\"color:#c0c5ce;\">(flag) res.</span><span style=\"color:#bf616a;\">v</span><span style=\"color:#c0c5ce;\">.</span><span style=\"color:#8fa1b3;\">push_back</span><span style=\"color:#c0c5ce;\">(</span><span style=\"color:#d08770;\">1</span><span style=\"color:#c0c5ce;\">);\n</span><span style=\"color:#c0c5ce;\">    </span><span style=\"color:#b48ead;\">return</span><span style=\"color:#c0c5ce;\"> res;\n</span><span style=\"color:#c0c5ce;\">}\n</span><span style=\"color:#c0c5ce;\">BigInt </span><span style=\"color:#8fa1b3;\">operator/</span><span style=\"color:#c0c5ce;\">(</span><span style=\"color:#b48ead;\">const</span><span style=\"color:#c0c5ce;\"> BigInt &amp;</span><span style=\"color:#bf616a;\">a</span><span style=\"color:#c0c5ce;\">, </span><span style=\"color:#b48ead;\">int </span><span style=\"color:#bf616a;\">b</span><span style=\"color:#c0c5ce;\">) {\n</span><span style=\"color:#c0c5ce;\">    BigInt res;\n</span><span style=\"color:#c0c5ce;\">    res.</span><span style=\"color:#bf616a;\">v</span><span style=\"color:#c0c5ce;\">.</span><span style=\"color:#8fa1b3;\">resize</span><span style=\"color:#c0c5ce;\">(a.</span><span style=\"color:#bf616a;\">v</span><span style=\"color:#c0c5ce;\">.</span><span style=\"color:#8fa1b3;\">size</span><span style=\"color:#c0c5ce;\">());\n</span><span style=\"color:#c0c5ce;\">    </span><span style=\"color:#b48ead;\">for </span><span style=\"color:#c0c5ce;\">(</span><span style=\"color:#b48ead;\">int</span><span style=\"color:#c0c5ce;\"> i = a.</span><span style=\"color:#bf616a;\">v</span><span style=\"color:#c0c5ce;\">.</span><span style=\"color:#8fa1b3;\">size</span><span style=\"color:#c0c5ce;\">() - </span><span style=\"color:#d08770;\">1</span><span style=\"color:#c0c5ce;\">, temp = </span><span style=\"color:#d08770;\">0</span><span style=\"color:#c0c5ce;\">; ~i; i--) {\n</span><span style=\"color:#c0c5ce;\">        temp = a.</span><span style=\"color:#bf616a;\">v</span><span style=\"color:#c0c5ce;\">[i] + temp * </span><span style=\"color:#d08770;\">10</span><span style=\"color:#c0c5ce;\">;\n</span><span style=\"color:#c0c5ce;\">        res.</span><span style=\"color:#bf616a;\">v</span><span style=\"color:#c0c5ce;\">[i] = temp / b;\n</span><span style=\"color:#c0c5ce;\">        temp %= b;\n</span><span style=\"color:#c0c5ce;\">    }\n</span><span style=\"color:#c0c5ce;\">    </span><span style=\"color:#b48ead;\">int</span><span style=\"color:#c0c5ce;\"> size = res.</span><span style=\"color:#bf616a;\">v</span><span style=\"color:#c0c5ce;\">.</span><span style=\"color:#8fa1b3;\">size</span><span style=\"color:#c0c5ce;\">();\n</span><span style=\"color:#c0c5ce;\">    </span><span style=\"color:#b48ead;\">while </span><span style=\"color:#c0c5ce;\">(size &gt; </span><span style=\"color:#d08770;\">1 </span><span style=\"color:#c0c5ce;\">&amp;&amp; res.</span><span style=\"color:#bf616a;\">v</span><span style=\"color:#c0c5ce;\">[size - </span><span style=\"color:#d08770;\">1</span><span style=\"color:#c0c5ce;\">] == </span><span style=\"color:#d08770;\">0</span><span style=\"color:#c0c5ce;\">) size--;\n</span><span style=\"color:#c0c5ce;\">    res.</span><span style=\"color:#bf616a;\">v</span><span style=\"color:#c0c5ce;\">.</span><span style=\"color:#8fa1b3;\">resize</span><span style=\"color:#c0c5ce;\">(size);\n</span><span style=\"color:#c0c5ce;\">    </span><span style=\"color:#b48ead;\">return</span><span style=\"color:#c0c5ce;\"> res;\n</span><span style=\"color:#c0c5ce;\">}\n</span><span style=\"color:#b48ead;\">static</span><span style=\"color:#c0c5ce;\"> std::map&lt;BigInt, BigInt&gt; f;\n</span><span style=\"color:#c0c5ce;\">BigInt </span><span style=\"color:#8fa1b3;\">calc</span><span style=\"color:#c0c5ce;\">(</span><span style=\"color:#b48ead;\">const</span><span style=\"color:#c0c5ce;\"> BigInt &amp;</span><span style=\"color:#bf616a;\">x</span><span style=\"color:#c0c5ce;\">) {\n</span><span style=\"color:#c0c5ce;\">    </span><span style=\"color:#b48ead;\">if </span><span style=\"color:#c0c5ce;\">(f.</span><span style=\"color:#8fa1b3;\">find</span><span style=\"color:#c0c5ce;\">(x) != f.</span><span style=\"color:#8fa1b3;\">end</span><span style=\"color:#c0c5ce;\">()) </span><span style=\"color:#b48ead;\">return</span><span style=\"color:#c0c5ce;\"> f[x];\n</span><span style=\"color:#c0c5ce;\">    BigInt res;\n</span><span style=\"color:#c0c5ce;\">    </span><span style=\"color:#b48ead;\">if </span><span style=\"color:#c0c5ce;\">(x.</span><span style=\"color:#8fa1b3;\">isOdd</span><span style=\"color:#c0c5ce;\">()) res = </span><span style=\"color:#8fa1b3;\">calc</span><span style=\"color:#c0c5ce;\">(x / </span><span style=\"color:#d08770;\">2</span><span style=\"color:#c0c5ce;\">) + </span><span style=\"color:#8fa1b3;\">calc</span><span style=\"color:#c0c5ce;\">(x / </span><span style=\"color:#d08770;\">2 </span><span style=\"color:#c0c5ce;\">+ </span><span style=\"color:#d08770;\">1</span><span style=\"color:#c0c5ce;\">);\n</span><span style=\"color:#c0c5ce;\">    </span><span style=\"color:#b48ead;\">else</span><span style=\"color:#c0c5ce;\"> res = </span><span style=\"color:#8fa1b3;\">calc</span><span style=\"color:#c0c5ce;\">(x / </span><span style=\"color:#d08770;\">2</span><span style=\"color:#c0c5ce;\">);\n</span><span style=\"color:#c0c5ce;\">    </span><span style=\"color:#b48ead;\">return</span><span style=\"color:#c0c5ce;\"> f[x] = res;\n</span><span style=\"color:#c0c5ce;\">}\n</span><span style=\"color:#b48ead;\">int </span><span style=\"color:#8fa1b3;\">main</span><span style=\"color:#c0c5ce;\">() {\n</span><span style=\"color:#c0c5ce;\">    f[</span><span style=\"color:#d08770;\">0</span><span style=\"color:#c0c5ce;\">] = </span><span style=\"color:#d08770;\">0</span><span style=\"color:#c0c5ce;\">;\n</span><span style=\"color:#c0c5ce;\">    f[</span><span style=\"color:#d08770;\">1</span><span style=\"color:#c0c5ce;\">] = </span><span style=\"color:#d08770;\">1</span><span style=\"color:#c0c5ce;\">;\n</span><span style=\"color:#c0c5ce;\">    </span><span style=\"color:#b48ead;\">int</span><span style=\"color:#c0c5ce;\"> T;\n</span><span style=\"color:#c0c5ce;\">    </span><span style=\"color:#96b5b4;\">scanf</span><span style=\"color:#c0c5ce;\">(&quot;</span><span style=\"color:#d08770;\">%d</span><span style=\"color:#c0c5ce;\">&quot;, &amp;T);\n</span><span style=\"color:#c0c5ce;\">    </span><span style=\"color:#b48ead;\">while </span><span style=\"color:#c0c5ce;\">(T--) {\n</span><span style=\"color:#c0c5ce;\">        BigInt x;\n</span><span style=\"color:#c0c5ce;\">        x.</span><span style=\"color:#8fa1b3;\">read</span><span style=\"color:#c0c5ce;\">();\n</span><span style=\"color:#c0c5ce;\">        </span><span style=\"color:#8fa1b3;\">calc</span><span style=\"color:#c0c5ce;\">(x).</span><span style=\"color:#8fa1b3;\">print</span><span style=\"color:#c0c5ce;\">();\n</span><span style=\"color:#c0c5ce;\">        </span><span style=\"color:#96b5b4;\">puts</span><span style=\"color:#c0c5ce;\">(&quot;&quot;);\n</span><span style=\"color:#c0c5ce;\">    }\n</span><span style=\"color:#c0c5ce;\">    </span><span style=\"color:#b48ead;\">return </span><span style=\"color:#d08770;\">0</span><span style=\"color:#c0c5ce;\">;\n</span><span style=\"color:#c0c5ce;\">}\n</span>\n</code></pre>\n"}