{"title":"[国家集训队] 最长双回文串","tags":["字符串","Manacher"],"create_time":1493069673,"last_modified":1596723093,"toc":"<ol><li><a href=\"#题目大意\">题目大意</a></li><li><a href=\"#题目链接\">题目链接</a></li><li><a href=\"#题解\">题解</a></li><li><a href=\"#代码\">代码</a></li>","html":"<h2><a href=\"#题目大意\" aria-hidden=\"true\" class=\"anchor\" id=\"题目大意\"></a>题目大意</h2>\n<p>给定一个字符串 <span class=\"katex\"><span class=\"katex-mathml\"><math xmlns=\"http://www.w3.org/1998/Math/MathML\"><semantics><mrow><mi>s</mi></mrow><annotation encoding=\"application/x-tex\">s</annotation></semantics></math></span><span class=\"katex-html\" aria-hidden=\"true\"><span class=\"base\"><span class=\"strut\" style=\"height:0.4306em;\"></span><span class=\"mord mathnormal\">s</span></span></span></span>，求 <span class=\"katex\"><span class=\"katex-mathml\"><math xmlns=\"http://www.w3.org/1998/Math/MathML\"><semantics><mrow><mi>s</mi></mrow><annotation encoding=\"application/x-tex\">s</annotation></semantics></math></span><span class=\"katex-html\" aria-hidden=\"true\"><span class=\"base\"><span class=\"strut\" style=\"height:0.4306em;\"></span><span class=\"mord mathnormal\">s</span></span></span></span> 的最长双回文子串 <span class=\"katex\"><span class=\"katex-mathml\"><math xmlns=\"http://www.w3.org/1998/Math/MathML\"><semantics><mrow><mi>t</mi></mrow><annotation encoding=\"application/x-tex\">t</annotation></semantics></math></span><span class=\"katex-html\" aria-hidden=\"true\"><span class=\"base\"><span class=\"strut\" style=\"height:0.6151em;\"></span><span class=\"mord mathnormal\">t</span></span></span></span>，即可将  <span class=\"katex\"><span class=\"katex-mathml\"><math xmlns=\"http://www.w3.org/1998/Math/MathML\"><semantics><mrow><mi>t</mi></mrow><annotation encoding=\"application/x-tex\">t</annotation></semantics></math></span><span class=\"katex-html\" aria-hidden=\"true\"><span class=\"base\"><span class=\"strut\" style=\"height:0.6151em;\"></span><span class=\"mord mathnormal\">t</span></span></span></span> 分为两部分 <span class=\"katex\"><span class=\"katex-mathml\"><math xmlns=\"http://www.w3.org/1998/Math/MathML\"><semantics><mrow><mi>x</mi></mrow><annotation encoding=\"application/x-tex\">x</annotation></semantics></math></span><span class=\"katex-html\" aria-hidden=\"true\"><span class=\"base\"><span class=\"strut\" style=\"height:0.4306em;\"></span><span class=\"mord mathnormal\">x</span></span></span></span>、<span class=\"katex\"><span class=\"katex-mathml\"><math xmlns=\"http://www.w3.org/1998/Math/MathML\"><semantics><mrow><mi>y</mi></mrow><annotation encoding=\"application/x-tex\">y</annotation></semantics></math></span><span class=\"katex-html\" aria-hidden=\"true\"><span class=\"base\"><span class=\"strut\" style=\"height:0.625em;vertical-align:-0.1944em;\"></span><span class=\"mord mathnormal\" style=\"margin-right:0.03588em;\">y</span></span></span></span>（<span class=\"katex\"><span class=\"katex-mathml\"><math xmlns=\"http://www.w3.org/1998/Math/MathML\"><semantics><mrow><mi mathvariant=\"normal\">∣</mi><mi>x</mi><mi mathvariant=\"normal\">∣</mi><mo separator=\"true\">,</mo><mtext>  </mtext><mi mathvariant=\"normal\">∣</mi><mi>y</mi><mi mathvariant=\"normal\">∣</mi><mo>⩾</mo><mn>1</mn></mrow><annotation encoding=\"application/x-tex\">|x|, ; |y| \\geqslant 1</annotation></semantics></math></span><span class=\"katex-html\" aria-hidden=\"true\"><span class=\"base\"><span class=\"strut\" style=\"height:1em;vertical-align:-0.25em;\"></span><span class=\"mord\">∣</span><span class=\"mord mathnormal\">x</span><span class=\"mord\">∣</span><span class=\"mpunct\">,</span><span class=\"mspace\" style=\"margin-right:0.2778em;\"></span><span class=\"mspace\" style=\"margin-right:0.1667em;\"></span><span class=\"mord\">∣</span><span class=\"mord mathnormal\" style=\"margin-right:0.03588em;\">y</span><span class=\"mord\">∣</span><span class=\"mspace\" style=\"margin-right:0.2778em;\"></span><span class=\"mrel amsrm\">⩾</span><span class=\"mspace\" style=\"margin-right:0.2778em;\"></span></span><span class=\"base\"><span class=\"strut\" style=\"height:0.6444em;\"></span><span class=\"mord\">1</span></span></span></span>）且 <span class=\"katex\"><span class=\"katex-mathml\"><math xmlns=\"http://www.w3.org/1998/Math/MathML\"><semantics><mrow><mi>x</mi></mrow><annotation encoding=\"application/x-tex\">x</annotation></semantics></math></span><span class=\"katex-html\" aria-hidden=\"true\"><span class=\"base\"><span class=\"strut\" style=\"height:0.4306em;\"></span><span class=\"mord mathnormal\">x</span></span></span></span> 和 <span class=\"katex\"><span class=\"katex-mathml\"><math xmlns=\"http://www.w3.org/1998/Math/MathML\"><semantics><mrow><mi>y</mi></mrow><annotation encoding=\"application/x-tex\">y</annotation></semantics></math></span><span class=\"katex-html\" aria-hidden=\"true\"><span class=\"base\"><span class=\"strut\" style=\"height:0.625em;vertical-align:-0.1944em;\"></span><span class=\"mord mathnormal\" style=\"margin-right:0.03588em;\">y</span></span></span></span> 都是回文串。</p>\n<p><span class=\"katex\"><span class=\"katex-mathml\"><math xmlns=\"http://www.w3.org/1998/Math/MathML\"><semantics><mrow><mn>2</mn><mo>⩽</mo><mi mathvariant=\"normal\">∣</mi><mi>s</mi><mi mathvariant=\"normal\">∣</mi><mo>⩽</mo><mn>100</mn><mo separator=\"true\">,</mo><mn>000</mn></mrow><annotation encoding=\"application/x-tex\">2 \\leqslant |s| \\leqslant 100,000</annotation></semantics></math></span><span class=\"katex-html\" aria-hidden=\"true\"><span class=\"base\"><span class=\"strut\" style=\"height:0.7811em;vertical-align:-0.1367em;\"></span><span class=\"mord\">2</span><span class=\"mspace\" style=\"margin-right:0.2778em;\"></span><span class=\"mrel amsrm\">⩽</span><span class=\"mspace\" style=\"margin-right:0.2778em;\"></span></span><span class=\"base\"><span class=\"strut\" style=\"height:1em;vertical-align:-0.25em;\"></span><span class=\"mord\">∣</span><span class=\"mord mathnormal\">s</span><span class=\"mord\">∣</span><span class=\"mspace\" style=\"margin-right:0.2778em;\"></span><span class=\"mrel amsrm\">⩽</span><span class=\"mspace\" style=\"margin-right:0.2778em;\"></span></span><span class=\"base\"><span class=\"strut\" style=\"height:0.8389em;vertical-align:-0.1944em;\"></span><span class=\"mord\">100</span><span class=\"mpunct\">,</span><span class=\"mspace\" style=\"margin-right:0.1667em;\"></span><span class=\"mord\">000</span></span></span></span></p>\n<h2><a href=\"#题目链接\" aria-hidden=\"true\" class=\"anchor\" id=\"题目链接\"></a>题目链接</h2>\n<p><a href=\"https://www.luogu.com.cn/problem/P4555\">【国家集训队】最长双回文串 - Luogu 4555</a></p>\n<!-- more -->\n<h2><a href=\"#题解\" aria-hidden=\"true\" class=\"anchor\" id=\"题解\"></a>题解</h2>\n<p>求出 <span class=\"katex\"><span class=\"katex-mathml\"><math xmlns=\"http://www.w3.org/1998/Math/MathML\"><semantics><mrow><mi>f</mi><mi>r</mi><mi>o</mi><msub><mi>m</mi><mi>i</mi></msub></mrow><annotation encoding=\"application/x-tex\">from_i</annotation></semantics></math></span><span class=\"katex-html\" aria-hidden=\"true\"><span class=\"base\"><span class=\"strut\" style=\"height:0.8889em;vertical-align:-0.1944em;\"></span><span class=\"mord mathnormal\" style=\"margin-right:0.10764em;\">f</span><span class=\"mord mathnormal\">ro</span><span class=\"mord\"><span class=\"mord mathnormal\">m</span><span class=\"msupsub\"><span class=\"vlist-t vlist-t2\"><span class=\"vlist-r\"><span class=\"vlist\" style=\"height:0.3117em;\"><span style=\"top:-2.55em;margin-left:0em;margin-right:0.05em;\"><span class=\"pstrut\" style=\"height:2.7em;\"></span><span class=\"sizing reset-size6 size3 mtight\"><span class=\"mord mathnormal mtight\">i</span></span></span></span><span class=\"vlist-s\">​</span></span><span class=\"vlist-r\"><span class=\"vlist\" style=\"height:0.15em;\"><span></span></span></span></span></span></span></span></span></span> 数组表示从 <span class=\"katex\"><span class=\"katex-mathml\"><math xmlns=\"http://www.w3.org/1998/Math/MathML\"><semantics><mrow><mi>i</mi></mrow><annotation encoding=\"application/x-tex\">i</annotation></semantics></math></span><span class=\"katex-html\" aria-hidden=\"true\"><span class=\"base\"><span class=\"strut\" style=\"height:0.6595em;\"></span><span class=\"mord mathnormal\">i</span></span></span></span> 开始的最长回文子串长，<span class=\"katex\"><span class=\"katex-mathml\"><math xmlns=\"http://www.w3.org/1998/Math/MathML\"><semantics><mrow><mi>l</mi><mi>a</mi><mi>s</mi><msub><mi>t</mi><mi>i</mi></msub></mrow><annotation encoding=\"application/x-tex\">last_i</annotation></semantics></math></span><span class=\"katex-html\" aria-hidden=\"true\"><span class=\"base\"><span class=\"strut\" style=\"height:0.8444em;vertical-align:-0.15em;\"></span><span class=\"mord mathnormal\" style=\"margin-right:0.01968em;\">l</span><span class=\"mord mathnormal\">a</span><span class=\"mord mathnormal\">s</span><span class=\"mord\"><span class=\"mord mathnormal\">t</span><span class=\"msupsub\"><span class=\"vlist-t vlist-t2\"><span class=\"vlist-r\"><span class=\"vlist\" style=\"height:0.3117em;\"><span style=\"top:-2.55em;margin-left:0em;margin-right:0.05em;\"><span class=\"pstrut\" style=\"height:2.7em;\"></span><span class=\"sizing reset-size6 size3 mtight\"><span class=\"mord mathnormal mtight\">i</span></span></span></span><span class=\"vlist-s\">​</span></span><span class=\"vlist-r\"><span class=\"vlist\" style=\"height:0.15em;\"><span></span></span></span></span></span></span></span></span></span> 表示在 <span class=\"katex\"><span class=\"katex-mathml\"><math xmlns=\"http://www.w3.org/1998/Math/MathML\"><semantics><mrow><mi>i</mi></mrow><annotation encoding=\"application/x-tex\">i</annotation></semantics></math></span><span class=\"katex-html\" aria-hidden=\"true\"><span class=\"base\"><span class=\"strut\" style=\"height:0.6595em;\"></span><span class=\"mord mathnormal\">i</span></span></span></span> 结尾的最长回文子串的长，答案即为 <span class=\"katex\"><span class=\"katex-mathml\"><math xmlns=\"http://www.w3.org/1998/Math/MathML\"><semantics><mrow><mi>m</mi><mi>a</mi><mi>x</mi><mo stretchy=\"false\">(</mo><mi>l</mi><mi>a</mi><mi>s</mi><msub><mi>t</mi><mi>i</mi></msub><mo>+</mo><mi>f</mi><mi>r</mi><mi>o</mi><msub><mi>m</mi><mrow><mi>i</mi><mo>+</mo><mn>1</mn></mrow></msub><mo stretchy=\"false\">)</mo></mrow><annotation encoding=\"application/x-tex\">max(last_i + from_{i + 1})</annotation></semantics></math></span><span class=\"katex-html\" aria-hidden=\"true\"><span class=\"base\"><span class=\"strut\" style=\"height:1em;vertical-align:-0.25em;\"></span><span class=\"mord mathnormal\">ma</span><span class=\"mord mathnormal\">x</span><span class=\"mopen\">(</span><span class=\"mord mathnormal\" style=\"margin-right:0.01968em;\">l</span><span class=\"mord mathnormal\">a</span><span class=\"mord mathnormal\">s</span><span class=\"mord\"><span class=\"mord mathnormal\">t</span><span class=\"msupsub\"><span class=\"vlist-t vlist-t2\"><span class=\"vlist-r\"><span class=\"vlist\" style=\"height:0.3117em;\"><span style=\"top:-2.55em;margin-left:0em;margin-right:0.05em;\"><span class=\"pstrut\" style=\"height:2.7em;\"></span><span class=\"sizing reset-size6 size3 mtight\"><span class=\"mord mathnormal mtight\">i</span></span></span></span><span class=\"vlist-s\">​</span></span><span class=\"vlist-r\"><span class=\"vlist\" style=\"height:0.15em;\"><span></span></span></span></span></span></span><span class=\"mspace\" style=\"margin-right:0.2222em;\"></span><span class=\"mbin\">+</span><span class=\"mspace\" style=\"margin-right:0.2222em;\"></span></span><span class=\"base\"><span class=\"strut\" style=\"height:1em;vertical-align:-0.25em;\"></span><span class=\"mord mathnormal\" style=\"margin-right:0.10764em;\">f</span><span class=\"mord mathnormal\">ro</span><span class=\"mord\"><span class=\"mord mathnormal\">m</span><span class=\"msupsub\"><span class=\"vlist-t vlist-t2\"><span class=\"vlist-r\"><span class=\"vlist\" style=\"height:0.3117em;\"><span style=\"top:-2.55em;margin-left:0em;margin-right:0.05em;\"><span class=\"pstrut\" style=\"height:2.7em;\"></span><span class=\"sizing reset-size6 size3 mtight\"><span class=\"mord mtight\"><span class=\"mord mathnormal mtight\">i</span><span class=\"mbin mtight\">+</span><span class=\"mord mtight\">1</span></span></span></span></span><span class=\"vlist-s\">​</span></span><span class=\"vlist-r\"><span class=\"vlist\" style=\"height:0.2083em;\"><span></span></span></span></span></span></span><span class=\"mclose\">)</span></span></span></span>。</p>\n<p>考虑这两个数组的求法。用 Manacher 计算出 <span class=\"katex\"><span class=\"katex-mathml\"><math xmlns=\"http://www.w3.org/1998/Math/MathML\"><semantics><mrow><msub><mi>r</mi><mi>i</mi></msub></mrow><annotation encoding=\"application/x-tex\">r_i</annotation></semantics></math></span><span class=\"katex-html\" aria-hidden=\"true\"><span class=\"base\"><span class=\"strut\" style=\"height:0.5806em;vertical-align:-0.15em;\"></span><span class=\"mord\"><span class=\"mord mathnormal\" style=\"margin-right:0.02778em;\">r</span><span class=\"msupsub\"><span class=\"vlist-t vlist-t2\"><span class=\"vlist-r\"><span class=\"vlist\" style=\"height:0.3117em;\"><span style=\"top:-2.55em;margin-left:-0.0278em;margin-right:0.05em;\"><span class=\"pstrut\" style=\"height:2.7em;\"></span><span class=\"sizing reset-size6 size3 mtight\"><span class=\"mord mathnormal mtight\">i</span></span></span></span><span class=\"vlist-s\">​</span></span><span class=\"vlist-r\"><span class=\"vlist\" style=\"height:0.15em;\"><span></span></span></span></span></span></span></span></span></span> 数组，扫一遍 <span class=\"katex\"><span class=\"katex-mathml\"><math xmlns=\"http://www.w3.org/1998/Math/MathML\"><semantics><mrow><msub><mi>r</mi><mi>i</mi></msub></mrow><annotation encoding=\"application/x-tex\">r_i </annotation></semantics></math></span><span class=\"katex-html\" aria-hidden=\"true\"><span class=\"base\"><span class=\"strut\" style=\"height:0.5806em;vertical-align:-0.15em;\"></span><span class=\"mord\"><span class=\"mord mathnormal\" style=\"margin-right:0.02778em;\">r</span><span class=\"msupsub\"><span class=\"vlist-t vlist-t2\"><span class=\"vlist-r\"><span class=\"vlist\" style=\"height:0.3117em;\"><span style=\"top:-2.55em;margin-left:-0.0278em;margin-right:0.05em;\"><span class=\"pstrut\" style=\"height:2.7em;\"></span><span class=\"sizing reset-size6 size3 mtight\"><span class=\"mord mathnormal mtight\">i</span></span></span></span><span class=\"vlist-s\">​</span></span><span class=\"vlist-r\"><span class=\"vlist\" style=\"height:0.15em;\"><span></span></span></span></span></span></span></span></span></span>数组，可以更新每个位置为中心的最长的回文子串的两头的两个数组的值；发现有 <span class=\"katex\"><span class=\"katex-mathml\"><math xmlns=\"http://www.w3.org/1998/Math/MathML\"><semantics><mrow><mi>f</mi><mi>r</mi><mi>o</mi><msub><mi>m</mi><mi>i</mi></msub><mo>⩾</mo><mi>f</mi><mi>r</mi><mi>o</mi><msub><mi>m</mi><mrow><mi>i</mi><mo>−</mo><mn>1</mn></mrow></msub><mo>−</mo><mn>1</mn></mrow><annotation encoding=\"application/x-tex\">from_i \\geqslant from_{i - 1} - 1</annotation></semantics></math></span><span class=\"katex-html\" aria-hidden=\"true\"><span class=\"base\"><span class=\"strut\" style=\"height:0.8889em;vertical-align:-0.1944em;\"></span><span class=\"mord mathnormal\" style=\"margin-right:0.10764em;\">f</span><span class=\"mord mathnormal\">ro</span><span class=\"mord\"><span class=\"mord mathnormal\">m</span><span class=\"msupsub\"><span class=\"vlist-t vlist-t2\"><span class=\"vlist-r\"><span class=\"vlist\" style=\"height:0.3117em;\"><span style=\"top:-2.55em;margin-left:0em;margin-right:0.05em;\"><span class=\"pstrut\" style=\"height:2.7em;\"></span><span class=\"sizing reset-size6 size3 mtight\"><span class=\"mord mathnormal mtight\">i</span></span></span></span><span class=\"vlist-s\">​</span></span><span class=\"vlist-r\"><span class=\"vlist\" style=\"height:0.15em;\"><span></span></span></span></span></span></span><span class=\"mspace\" style=\"margin-right:0.2778em;\"></span><span class=\"mrel amsrm\">⩾</span><span class=\"mspace\" style=\"margin-right:0.2778em;\"></span></span><span class=\"base\"><span class=\"strut\" style=\"height:0.9028em;vertical-align:-0.2083em;\"></span><span class=\"mord mathnormal\" style=\"margin-right:0.10764em;\">f</span><span class=\"mord mathnormal\">ro</span><span class=\"mord\"><span class=\"mord mathnormal\">m</span><span class=\"msupsub\"><span class=\"vlist-t vlist-t2\"><span class=\"vlist-r\"><span class=\"vlist\" style=\"height:0.3117em;\"><span style=\"top:-2.55em;margin-left:0em;margin-right:0.05em;\"><span class=\"pstrut\" style=\"height:2.7em;\"></span><span class=\"sizing reset-size6 size3 mtight\"><span class=\"mord mtight\"><span class=\"mord mathnormal mtight\">i</span><span class=\"mbin mtight\">−</span><span class=\"mord mtight\">1</span></span></span></span></span><span class=\"vlist-s\">​</span></span><span class=\"vlist-r\"><span class=\"vlist\" style=\"height:0.2083em;\"><span></span></span></span></span></span></span><span class=\"mspace\" style=\"margin-right:0.2222em;\"></span><span class=\"mbin\">−</span><span class=\"mspace\" style=\"margin-right:0.2222em;\"></span></span><span class=\"base\"><span class=\"strut\" style=\"height:0.6444em;\"></span><span class=\"mord\">1</span></span></span></span>、<span class=\"katex\"><span class=\"katex-mathml\"><math xmlns=\"http://www.w3.org/1998/Math/MathML\"><semantics><mrow><mi>l</mi><mi>a</mi><mi>s</mi><msub><mi>t</mi><mi>i</mi></msub><mo>⩾</mo><mi>l</mi><mi>a</mi><mi>s</mi><msub><mi>t</mi><mrow><mi>i</mi><mo>+</mo><mn>1</mn></mrow></msub><mo>−</mo><mn>1</mn></mrow><annotation encoding=\"application/x-tex\">last_i \\geqslant last_{i + 1} - 1</annotation></semantics></math></span><span class=\"katex-html\" aria-hidden=\"true\"><span class=\"base\"><span class=\"strut\" style=\"height:0.8444em;vertical-align:-0.15em;\"></span><span class=\"mord mathnormal\" style=\"margin-right:0.01968em;\">l</span><span class=\"mord mathnormal\">a</span><span class=\"mord mathnormal\">s</span><span class=\"mord\"><span class=\"mord mathnormal\">t</span><span class=\"msupsub\"><span class=\"vlist-t vlist-t2\"><span class=\"vlist-r\"><span class=\"vlist\" style=\"height:0.3117em;\"><span style=\"top:-2.55em;margin-left:0em;margin-right:0.05em;\"><span class=\"pstrut\" style=\"height:2.7em;\"></span><span class=\"sizing reset-size6 size3 mtight\"><span class=\"mord mathnormal mtight\">i</span></span></span></span><span class=\"vlist-s\">​</span></span><span class=\"vlist-r\"><span class=\"vlist\" style=\"height:0.15em;\"><span></span></span></span></span></span></span><span class=\"mspace\" style=\"margin-right:0.2778em;\"></span><span class=\"mrel amsrm\">⩾</span><span class=\"mspace\" style=\"margin-right:0.2778em;\"></span></span><span class=\"base\"><span class=\"strut\" style=\"height:0.9028em;vertical-align:-0.2083em;\"></span><span class=\"mord mathnormal\" style=\"margin-right:0.01968em;\">l</span><span class=\"mord mathnormal\">a</span><span class=\"mord mathnormal\">s</span><span class=\"mord\"><span class=\"mord mathnormal\">t</span><span class=\"msupsub\"><span class=\"vlist-t vlist-t2\"><span class=\"vlist-r\"><span class=\"vlist\" style=\"height:0.3117em;\"><span style=\"top:-2.55em;margin-left:0em;margin-right:0.05em;\"><span class=\"pstrut\" style=\"height:2.7em;\"></span><span class=\"sizing reset-size6 size3 mtight\"><span class=\"mord mtight\"><span class=\"mord mathnormal mtight\">i</span><span class=\"mbin mtight\">+</span><span class=\"mord mtight\">1</span></span></span></span></span><span class=\"vlist-s\">​</span></span><span class=\"vlist-r\"><span class=\"vlist\" style=\"height:0.2083em;\"><span></span></span></span></span></span></span><span class=\"mspace\" style=\"margin-right:0.2222em;\"></span><span class=\"mbin\">−</span><span class=\"mspace\" style=\"margin-right:0.2222em;\"></span></span><span class=\"base\"><span class=\"strut\" style=\"height:0.6444em;\"></span><span class=\"mord\">1</span></span></span></span>，再扫一遍更新这两个数组的值。</p>\n<p>最后枚举每一个在 Manacher 中添加的 <code>#</code> 字符，答案为 <span class=\"katex\"><span class=\"katex-mathml\"><math xmlns=\"http://www.w3.org/1998/Math/MathML\"><semantics><mrow><mi>m</mi><mi>a</mi><mi>x</mi><mo stretchy=\"false\">(</mo><mi>l</mi><mi>a</mi><mi>s</mi><msub><mi>t</mi><mi>i</mi></msub><mo>+</mo><mi>f</mi><mi>r</mi><mi>o</mi><msub><mi>m</mi><mi>i</mi></msub><mo stretchy=\"false\">)</mo><mo separator=\"true\">,</mo><msup><mi>s</mi><mo mathvariant=\"normal\" lspace=\"0em\" rspace=\"0em\">′</mo></msup><mo stretchy=\"false\">[</mo><mi>i</mi><mo stretchy=\"false\">]</mo><mo>=</mo><mi mathvariant=\"normal\">#</mi></mrow><annotation encoding=\"application/x-tex\">max(last_i + from_i), s'[i] = #</annotation></semantics></math></span><span class=\"katex-html\" aria-hidden=\"true\"><span class=\"base\"><span class=\"strut\" style=\"height:1em;vertical-align:-0.25em;\"></span><span class=\"mord mathnormal\">ma</span><span class=\"mord mathnormal\">x</span><span class=\"mopen\">(</span><span class=\"mord mathnormal\" style=\"margin-right:0.01968em;\">l</span><span class=\"mord mathnormal\">a</span><span class=\"mord mathnormal\">s</span><span class=\"mord\"><span class=\"mord mathnormal\">t</span><span class=\"msupsub\"><span class=\"vlist-t vlist-t2\"><span class=\"vlist-r\"><span class=\"vlist\" style=\"height:0.3117em;\"><span style=\"top:-2.55em;margin-left:0em;margin-right:0.05em;\"><span class=\"pstrut\" style=\"height:2.7em;\"></span><span class=\"sizing reset-size6 size3 mtight\"><span class=\"mord mathnormal mtight\">i</span></span></span></span><span class=\"vlist-s\">​</span></span><span class=\"vlist-r\"><span class=\"vlist\" style=\"height:0.15em;\"><span></span></span></span></span></span></span><span class=\"mspace\" style=\"margin-right:0.2222em;\"></span><span class=\"mbin\">+</span><span class=\"mspace\" style=\"margin-right:0.2222em;\"></span></span><span class=\"base\"><span class=\"strut\" style=\"height:1.0019em;vertical-align:-0.25em;\"></span><span class=\"mord mathnormal\" style=\"margin-right:0.10764em;\">f</span><span class=\"mord mathnormal\">ro</span><span class=\"mord\"><span class=\"mord mathnormal\">m</span><span class=\"msupsub\"><span class=\"vlist-t vlist-t2\"><span class=\"vlist-r\"><span class=\"vlist\" style=\"height:0.3117em;\"><span style=\"top:-2.55em;margin-left:0em;margin-right:0.05em;\"><span class=\"pstrut\" style=\"height:2.7em;\"></span><span class=\"sizing reset-size6 size3 mtight\"><span class=\"mord mathnormal mtight\">i</span></span></span></span><span class=\"vlist-s\">​</span></span><span class=\"vlist-r\"><span class=\"vlist\" style=\"height:0.15em;\"><span></span></span></span></span></span></span><span class=\"mclose\">)</span><span class=\"mpunct\">,</span><span class=\"mspace\" style=\"margin-right:0.1667em;\"></span><span class=\"mord\"><span class=\"mord mathnormal\">s</span><span class=\"msupsub\"><span class=\"vlist-t\"><span class=\"vlist-r\"><span class=\"vlist\" style=\"height:0.7519em;\"><span style=\"top:-3.063em;margin-right:0.05em;\"><span class=\"pstrut\" style=\"height:2.7em;\"></span><span class=\"sizing reset-size6 size3 mtight\"><span class=\"mord mtight\"><span class=\"mord mtight\">′</span></span></span></span></span></span></span></span></span><span class=\"mopen\">[</span><span class=\"mord mathnormal\">i</span><span class=\"mclose\">]</span><span class=\"mspace\" style=\"margin-right:0.2778em;\"></span><span class=\"mrel\">=</span><span class=\"mspace\" style=\"margin-right:0.2778em;\"></span></span><span class=\"base\"><span class=\"strut\" style=\"height:0.8889em;vertical-align:-0.1944em;\"></span><span class=\"mord\">#</span></span></span></span>。</p>\n<h2><a href=\"#代码\" aria-hidden=\"true\" class=\"anchor\" id=\"代码\"></a>代码</h2>\n<pre style=\"background-color:#2b303b;\"><code class=\"language-c++\">\n<span style=\"color:#b48ead;\">#include </span><span style=\"color:#c0c5ce;\">&lt;</span><span style=\"color:#a3be8c;\">cstdio</span><span style=\"color:#c0c5ce;\">&gt;\n</span><span style=\"color:#b48ead;\">#include </span><span style=\"color:#c0c5ce;\">&lt;</span><span style=\"color:#a3be8c;\">cstring</span><span style=\"color:#c0c5ce;\">&gt;\n</span><span style=\"color:#b48ead;\">#include </span><span style=\"color:#c0c5ce;\">&lt;</span><span style=\"color:#a3be8c;\">algorithm</span><span style=\"color:#c0c5ce;\">&gt;\n</span><span style=\"color:#65737e;\">// #define DBG\n</span><span style=\"color:#b48ead;\">const int</span><span style=\"color:#c0c5ce;\"> MAXN = </span><span style=\"color:#d08770;\">100005</span><span style=\"color:#c0c5ce;\">;\n</span><span style=\"color:#b48ead;\">char</span><span style=\"color:#c0c5ce;\"> s[MAXN];\n</span><span style=\"color:#b48ead;\">namespace </span><span style=\"color:#c0c5ce;\">Manacher {\n</span><span style=\"color:#c0c5ce;\">    </span><span style=\"color:#b48ead;\">int</span><span style=\"color:#c0c5ce;\"> r[MAXN &lt;&lt; </span><span style=\"color:#d08770;\">1</span><span style=\"color:#c0c5ce;\">], len;\n</span><span style=\"color:#c0c5ce;\">    </span><span style=\"color:#b48ead;\">char</span><span style=\"color:#c0c5ce;\"> s[MAXN &lt;&lt; </span><span style=\"color:#d08770;\">1</span><span style=\"color:#c0c5ce;\">];\n</span><span style=\"color:#c0c5ce;\">    </span><span style=\"color:#b48ead;\">void </span><span style=\"color:#8fa1b3;\">prepare</span><span style=\"color:#c0c5ce;\">() {\n</span><span style=\"color:#c0c5ce;\">        len = </span><span style=\"color:#d08770;\">0</span><span style=\"color:#c0c5ce;\">;\n</span><span style=\"color:#c0c5ce;\">        s[++len] = &#39;</span><span style=\"color:#a3be8c;\">@</span><span style=\"color:#c0c5ce;\">&#39;;\n</span><span style=\"color:#c0c5ce;\">        s[++len] = &#39;</span><span style=\"color:#a3be8c;\">#</span><span style=\"color:#c0c5ce;\">&#39;;\n</span><span style=\"color:#c0c5ce;\">        </span><span style=\"color:#b48ead;\">int</span><span style=\"color:#c0c5ce;\"> n = </span><span style=\"color:#96b5b4;\">strlen</span><span style=\"color:#c0c5ce;\">(::s);\n</span><span style=\"color:#c0c5ce;\">        </span><span style=\"color:#b48ead;\">for </span><span style=\"color:#c0c5ce;\">(</span><span style=\"color:#b48ead;\">int</span><span style=\"color:#c0c5ce;\"> i = </span><span style=\"color:#d08770;\">0</span><span style=\"color:#c0c5ce;\">; i &lt; n; i++) s[++len] = ::s[i], s[++len] = &#39;</span><span style=\"color:#a3be8c;\">#</span><span style=\"color:#c0c5ce;\">&#39;;\n</span><span style=\"color:#c0c5ce;\">        s[++len] = &#39;</span><span style=\"color:#96b5b4;\">\\0</span><span style=\"color:#c0c5ce;\">&#39;;\n</span><span style=\"color:#c0c5ce;\">    }\n</span><span style=\"color:#c0c5ce;\">    </span><span style=\"color:#b48ead;\">void </span><span style=\"color:#8fa1b3;\">manacher</span><span style=\"color:#c0c5ce;\">() {\n</span><span style=\"color:#c0c5ce;\">        </span><span style=\"color:#b48ead;\">int</span><span style=\"color:#c0c5ce;\"> right = </span><span style=\"color:#d08770;\">0</span><span style=\"color:#c0c5ce;\">, pos = </span><span style=\"color:#d08770;\">0</span><span style=\"color:#c0c5ce;\">;\n</span><span style=\"color:#c0c5ce;\">        </span><span style=\"color:#b48ead;\">for </span><span style=\"color:#c0c5ce;\">(</span><span style=\"color:#b48ead;\">int</span><span style=\"color:#c0c5ce;\"> i = </span><span style=\"color:#d08770;\">1</span><span style=\"color:#c0c5ce;\">; i &lt;= len; i++) {\n</span><span style=\"color:#c0c5ce;\">            </span><span style=\"color:#b48ead;\">int</span><span style=\"color:#c0c5ce;\"> x = right &lt; i ? </span><span style=\"color:#d08770;\">1 </span><span style=\"color:#c0c5ce;\">: </span><span style=\"color:#8fa1b3;\">std::min</span><span style=\"color:#c0c5ce;\">(r[</span><span style=\"color:#d08770;\">2 </span><span style=\"color:#c0c5ce;\">* pos - i], right - i);\n</span><span style=\"color:#c0c5ce;\">            </span><span style=\"color:#b48ead;\">while </span><span style=\"color:#c0c5ce;\">(s[i + x] == s[i - x]) x++;\n</span><span style=\"color:#c0c5ce;\">            </span><span style=\"color:#b48ead;\">if </span><span style=\"color:#c0c5ce;\">(x + i &gt; right) {\n</span><span style=\"color:#c0c5ce;\">                right = x + i;\n</span><span style=\"color:#c0c5ce;\">                pos = i;\n</span><span style=\"color:#c0c5ce;\">            }\n</span><span style=\"color:#c0c5ce;\">            r[i] = x;\n</span><span style=\"color:#c0c5ce;\">        }\n</span><span style=\"color:#c0c5ce;\">    }\n</span><span style=\"color:#c0c5ce;\">    </span><span style=\"color:#b48ead;\">void </span><span style=\"color:#8fa1b3;\">calc</span><span style=\"color:#c0c5ce;\">() {\n</span><span style=\"color:#c0c5ce;\">        </span><span style=\"color:#8fa1b3;\">prepare</span><span style=\"color:#c0c5ce;\">();\n</span><span style=\"color:#c0c5ce;\">        </span><span style=\"color:#8fa1b3;\">manacher</span><span style=\"color:#c0c5ce;\">();\n</span><span style=\"color:#c0c5ce;\">    }\n</span><span style=\"color:#c0c5ce;\">}\n</span><span style=\"color:#b48ead;\">int </span><span style=\"color:#8fa1b3;\">main</span><span style=\"color:#c0c5ce;\">() {\n</span><span style=\"color:#c0c5ce;\">    </span><span style=\"color:#96b5b4;\">scanf</span><span style=\"color:#c0c5ce;\">(&quot;</span><span style=\"color:#d08770;\">%s</span><span style=\"color:#c0c5ce;\">&quot;, s);\n</span><span style=\"color:#c0c5ce;\">    </span><span style=\"color:#8fa1b3;\">Manacher::calc</span><span style=\"color:#c0c5ce;\">();\n</span><span style=\"color:#c0c5ce;\">    </span><span style=\"color:#b48ead;\">static int</span><span style=\"color:#c0c5ce;\"> from[MAXN &lt;&lt; </span><span style=\"color:#d08770;\">1</span><span style=\"color:#c0c5ce;\">], last[MAXN &lt;&lt; </span><span style=\"color:#d08770;\">1</span><span style=\"color:#c0c5ce;\">];\n</span><span style=\"color:#c0c5ce;\">    </span><span style=\"color:#b48ead;\">int </span><span style=\"color:#c0c5ce;\">*r = Manacher::r, len = Manacher::len;\n</span><span style=\"color:#b48ead;\">#ifdef</span><span style=\"color:#c0c5ce;\"> DBG\n</span><span style=\"color:#c0c5ce;\">    </span><span style=\"color:#96b5b4;\">puts</span><span style=\"color:#c0c5ce;\">(Manacher::s + </span><span style=\"color:#d08770;\">1</span><span style=\"color:#c0c5ce;\">);\n</span><span style=\"color:#c0c5ce;\">    </span><span style=\"color:#b48ead;\">for </span><span style=\"color:#c0c5ce;\">(</span><span style=\"color:#b48ead;\">int</span><span style=\"color:#c0c5ce;\"> i = </span><span style=\"color:#d08770;\">1</span><span style=\"color:#c0c5ce;\">; i &lt;= len; i++) </span><span style=\"color:#96b5b4;\">printf</span><span style=\"color:#c0c5ce;\">(&quot;</span><span style=\"color:#a3be8c;\">pos: </span><span style=\"color:#d08770;\">%d</span><span style=\"color:#a3be8c;\">, r: </span><span style=\"color:#d08770;\">%d</span><span style=\"color:#96b5b4;\">\\n</span><span style=\"color:#c0c5ce;\">&quot;, i, r[i]);\n</span><span style=\"color:#b48ead;\">#endif\n</span><span style=\"color:#c0c5ce;\">    </span><span style=\"color:#b48ead;\">for </span><span style=\"color:#c0c5ce;\">(</span><span style=\"color:#b48ead;\">int</span><span style=\"color:#c0c5ce;\"> i = </span><span style=\"color:#d08770;\">1</span><span style=\"color:#c0c5ce;\">; i &lt;= len; i++) {\n</span><span style=\"color:#c0c5ce;\">        </span><span style=\"color:#b48ead;\">if </span><span style=\"color:#c0c5ce;\">(i - r[i] + </span><span style=\"color:#d08770;\">1 </span><span style=\"color:#c0c5ce;\">&gt; </span><span style=\"color:#d08770;\">0</span><span style=\"color:#c0c5ce;\">) from[i - r[i] + </span><span style=\"color:#d08770;\">1</span><span style=\"color:#c0c5ce;\">] = </span><span style=\"color:#8fa1b3;\">std::max</span><span style=\"color:#c0c5ce;\">(from[i - r[i] + </span><span style=\"color:#d08770;\">1</span><span style=\"color:#c0c5ce;\">], r[i] - </span><span style=\"color:#d08770;\">1</span><span style=\"color:#c0c5ce;\">); \n</span><span style=\"color:#c0c5ce;\">        </span><span style=\"color:#b48ead;\">if </span><span style=\"color:#c0c5ce;\">(i + r[i] - </span><span style=\"color:#d08770;\">1 </span><span style=\"color:#c0c5ce;\">&lt;= len) last[i + r[i] - </span><span style=\"color:#d08770;\">1</span><span style=\"color:#c0c5ce;\">] = </span><span style=\"color:#8fa1b3;\">std::max</span><span style=\"color:#c0c5ce;\">(last[i + r[i] - </span><span style=\"color:#d08770;\">1</span><span style=\"color:#c0c5ce;\">], r[i] - </span><span style=\"color:#d08770;\">1</span><span style=\"color:#c0c5ce;\">);\n</span><span style=\"color:#c0c5ce;\">    }\n</span><span style=\"color:#b48ead;\">#ifdef</span><span style=\"color:#c0c5ce;\"> DBG\n</span><span style=\"color:#c0c5ce;\">    </span><span style=\"color:#96b5b4;\">puts</span><span style=\"color:#c0c5ce;\">(Manacher::s + </span><span style=\"color:#d08770;\">1</span><span style=\"color:#c0c5ce;\">);\n</span><span style=\"color:#c0c5ce;\">    </span><span style=\"color:#b48ead;\">for </span><span style=\"color:#c0c5ce;\">(</span><span style=\"color:#b48ead;\">int</span><span style=\"color:#c0c5ce;\"> i = </span><span style=\"color:#d08770;\">1</span><span style=\"color:#c0c5ce;\">; i &lt;= len; i++) </span><span style=\"color:#96b5b4;\">printf</span><span style=\"color:#c0c5ce;\">(&quot;</span><span style=\"color:#a3be8c;\">pos: </span><span style=\"color:#d08770;\">%d</span><span style=\"color:#a3be8c;\">, from: </span><span style=\"color:#d08770;\">%d</span><span style=\"color:#a3be8c;\">, last: </span><span style=\"color:#d08770;\">%d</span><span style=\"color:#96b5b4;\">\\n</span><span style=\"color:#c0c5ce;\">&quot;, i, from[i], last[i]);\n</span><span style=\"color:#b48ead;\">#endif\n</span><span style=\"color:#c0c5ce;\">    </span><span style=\"color:#b48ead;\">for </span><span style=\"color:#c0c5ce;\">(</span><span style=\"color:#b48ead;\">int</span><span style=\"color:#c0c5ce;\"> i = </span><span style=\"color:#d08770;\">2</span><span style=\"color:#c0c5ce;\">; i &lt;= len; i++) from[i] = </span><span style=\"color:#8fa1b3;\">std::max</span><span style=\"color:#c0c5ce;\">(from[i], from[i - </span><span style=\"color:#d08770;\">1</span><span style=\"color:#c0c5ce;\">] - </span><span style=\"color:#d08770;\">1</span><span style=\"color:#c0c5ce;\">);\n</span><span style=\"color:#c0c5ce;\">    </span><span style=\"color:#b48ead;\">for </span><span style=\"color:#c0c5ce;\">(</span><span style=\"color:#b48ead;\">int</span><span style=\"color:#c0c5ce;\"> i = len - </span><span style=\"color:#d08770;\">1</span><span style=\"color:#c0c5ce;\">; i; i--) last[i] = </span><span style=\"color:#8fa1b3;\">std::max</span><span style=\"color:#c0c5ce;\">(last[i], last[i + </span><span style=\"color:#d08770;\">1</span><span style=\"color:#c0c5ce;\">] - </span><span style=\"color:#d08770;\">1</span><span style=\"color:#c0c5ce;\">);\n</span><span style=\"color:#b48ead;\">#ifdef</span><span style=\"color:#c0c5ce;\"> DBG\n</span><span style=\"color:#c0c5ce;\">    </span><span style=\"color:#96b5b4;\">puts</span><span style=\"color:#c0c5ce;\">(Manacher::s + </span><span style=\"color:#d08770;\">1</span><span style=\"color:#c0c5ce;\">);\n</span><span style=\"color:#c0c5ce;\">    </span><span style=\"color:#b48ead;\">for </span><span style=\"color:#c0c5ce;\">(</span><span style=\"color:#b48ead;\">int</span><span style=\"color:#c0c5ce;\"> i = </span><span style=\"color:#d08770;\">1</span><span style=\"color:#c0c5ce;\">; i &lt;= len; i++) </span><span style=\"color:#96b5b4;\">printf</span><span style=\"color:#c0c5ce;\">(&quot;</span><span style=\"color:#a3be8c;\">pos: </span><span style=\"color:#d08770;\">%d</span><span style=\"color:#a3be8c;\">, from: </span><span style=\"color:#d08770;\">%d</span><span style=\"color:#a3be8c;\">, last: </span><span style=\"color:#d08770;\">%d</span><span style=\"color:#96b5b4;\">\\n</span><span style=\"color:#c0c5ce;\">&quot;, i, from[i], last[i]);\n</span><span style=\"color:#b48ead;\">#endif\n</span><span style=\"color:#c0c5ce;\">    </span><span style=\"color:#b48ead;\">int</span><span style=\"color:#c0c5ce;\"> ans = </span><span style=\"color:#d08770;\">0</span><span style=\"color:#c0c5ce;\">;\n</span><span style=\"color:#c0c5ce;\">    </span><span style=\"color:#b48ead;\">for </span><span style=\"color:#c0c5ce;\">(</span><span style=\"color:#b48ead;\">int</span><span style=\"color:#c0c5ce;\"> i = </span><span style=\"color:#d08770;\">1</span><span style=\"color:#c0c5ce;\">; i &lt;= len; i++) </span><span style=\"color:#b48ead;\">if </span><span style=\"color:#c0c5ce;\">(Manacher::s[i] == &#39;</span><span style=\"color:#a3be8c;\">#</span><span style=\"color:#c0c5ce;\">&#39;) \n</span><span style=\"color:#c0c5ce;\">        ans = </span><span style=\"color:#8fa1b3;\">std::max</span><span style=\"color:#c0c5ce;\">(ans, last[i] + from[i]);\n</span><span style=\"color:#c0c5ce;\">    </span><span style=\"color:#96b5b4;\">printf</span><span style=\"color:#c0c5ce;\">(&quot;</span><span style=\"color:#d08770;\">%d</span><span style=\"color:#96b5b4;\">\\n</span><span style=\"color:#c0c5ce;\">&quot;, ans);\n</span><span style=\"color:#c0c5ce;\">    </span><span style=\"color:#b48ead;\">return </span><span style=\"color:#d08770;\">0</span><span style=\"color:#c0c5ce;\">;\n</span><span style=\"color:#c0c5ce;\">}\n</span>\n</code></pre>\n"}