{"title":"[国家集训队] 墨墨的等式","tags":["单源最短路"],"create_time":1493757915,"last_modified":1596721943,"toc":"<ol><li><a href=\"#题目大意\">题目大意</a></li><li><a href=\"#题目链接\">题目链接</a></li><li><a href=\"#题解\">题解</a></li><li><a href=\"#代码\">代码</a></li>","html":"<h2><a href=\"#题目大意\" aria-hidden=\"true\" class=\"anchor\" id=\"题目大意\"></a>题目大意</h2>\n<p>给定 <span class=\"katex\"><span class=\"katex-mathml\"><math xmlns=\"http://www.w3.org/1998/Math/MathML\"><semantics><mrow><mi>n</mi></mrow><annotation encoding=\"application/x-tex\">n</annotation></semantics></math></span><span class=\"katex-html\" aria-hidden=\"true\"><span class=\"base\"><span class=\"strut\" style=\"height:0.4306em;\"></span><span class=\"mord mathnormal\">n</span></span></span></span>、<span class=\"katex\"><span class=\"katex-mathml\"><math xmlns=\"http://www.w3.org/1998/Math/MathML\"><semantics><mrow><msub><mi>a</mi><mi>i</mi></msub></mrow><annotation encoding=\"application/x-tex\">a_i</annotation></semantics></math></span><span class=\"katex-html\" aria-hidden=\"true\"><span class=\"base\"><span class=\"strut\" style=\"height:0.5806em;vertical-align:-0.15em;\"></span><span class=\"mord\"><span class=\"mord mathnormal\">a</span><span class=\"msupsub\"><span class=\"vlist-t vlist-t2\"><span class=\"vlist-r\"><span class=\"vlist\" style=\"height:0.3117em;\"><span style=\"top:-2.55em;margin-left:0em;margin-right:0.05em;\"><span class=\"pstrut\" style=\"height:2.7em;\"></span><span class=\"sizing reset-size6 size3 mtight\"><span class=\"mord mathnormal mtight\">i</span></span></span></span><span class=\"vlist-s\">​</span></span><span class=\"vlist-r\"><span class=\"vlist\" style=\"height:0.15em;\"><span></span></span></span></span></span></span></span></span></span>、<span class=\"katex\"><span class=\"katex-mathml\"><math xmlns=\"http://www.w3.org/1998/Math/MathML\"><semantics><mrow><mi>L</mi></mrow><annotation encoding=\"application/x-tex\">L</annotation></semantics></math></span><span class=\"katex-html\" aria-hidden=\"true\"><span class=\"base\"><span class=\"strut\" style=\"height:0.6833em;\"></span><span class=\"mord mathnormal\">L</span></span></span></span>、<span class=\"katex\"><span class=\"katex-mathml\"><math xmlns=\"http://www.w3.org/1998/Math/MathML\"><semantics><mrow><mi>R</mi></mrow><annotation encoding=\"application/x-tex\">R</annotation></semantics></math></span><span class=\"katex-html\" aria-hidden=\"true\"><span class=\"base\"><span class=\"strut\" style=\"height:0.6833em;\"></span><span class=\"mord mathnormal\" style=\"margin-right:0.00773em;\">R</span></span></span></span> 求能使等式 <span class=\"katex\"><span class=\"katex-mathml\"><math xmlns=\"http://www.w3.org/1998/Math/MathML\"><semantics><mrow><msub><mi>a</mi><mn>1</mn></msub><msub><mi>x</mi><mn>1</mn></msub><mo>+</mo><msub><mi>a</mi><mn>2</mn></msub><msub><mi>x</mi><mn>2</mn></msub><mo>+</mo><msub><mi>a</mi><mn>3</mn></msub><msub><mi>x</mi><mn>3</mn></msub><mo>+</mo><mo>⋯</mo><mo>+</mo><msub><mi>a</mi><mi>n</mi></msub><msub><mi>x</mi><mi>n</mi></msub><mo>=</mo><mi>B</mi><mo separator=\"true\">,</mo><mtext>  </mtext><mi>B</mi><mo>∈</mo><mo stretchy=\"false\">[</mo><mi>L</mi><mo separator=\"true\">,</mo><mtext>  </mtext><mi>R</mi><mo stretchy=\"false\">]</mo></mrow><annotation encoding=\"application/x-tex\">a_1 x_1 + a_2 x_2 + a_3 x_3 + \\cdots + a_n x_n = B, ; B \\in [L, ; R]</annotation></semantics></math></span><span class=\"katex-html\" aria-hidden=\"true\"><span class=\"base\"><span class=\"strut\" style=\"height:0.7333em;vertical-align:-0.15em;\"></span><span class=\"mord\"><span class=\"mord mathnormal\">a</span><span class=\"msupsub\"><span class=\"vlist-t vlist-t2\"><span class=\"vlist-r\"><span class=\"vlist\" style=\"height:0.3011em;\"><span style=\"top:-2.55em;margin-left:0em;margin-right:0.05em;\"><span class=\"pstrut\" style=\"height:2.7em;\"></span><span class=\"sizing reset-size6 size3 mtight\"><span class=\"mord mtight\">1</span></span></span></span><span class=\"vlist-s\">​</span></span><span class=\"vlist-r\"><span class=\"vlist\" style=\"height:0.15em;\"><span></span></span></span></span></span></span><span class=\"mord\"><span class=\"mord mathnormal\">x</span><span class=\"msupsub\"><span class=\"vlist-t vlist-t2\"><span class=\"vlist-r\"><span class=\"vlist\" style=\"height:0.3011em;\"><span style=\"top:-2.55em;margin-left:0em;margin-right:0.05em;\"><span class=\"pstrut\" style=\"height:2.7em;\"></span><span class=\"sizing reset-size6 size3 mtight\"><span class=\"mord mtight\">1</span></span></span></span><span class=\"vlist-s\">​</span></span><span class=\"vlist-r\"><span class=\"vlist\" style=\"height:0.15em;\"><span></span></span></span></span></span></span><span class=\"mspace\" style=\"margin-right:0.2222em;\"></span><span class=\"mbin\">+</span><span class=\"mspace\" style=\"margin-right:0.2222em;\"></span></span><span class=\"base\"><span class=\"strut\" style=\"height:0.7333em;vertical-align:-0.15em;\"></span><span class=\"mord\"><span class=\"mord mathnormal\">a</span><span class=\"msupsub\"><span class=\"vlist-t vlist-t2\"><span class=\"vlist-r\"><span class=\"vlist\" style=\"height:0.3011em;\"><span style=\"top:-2.55em;margin-left:0em;margin-right:0.05em;\"><span class=\"pstrut\" style=\"height:2.7em;\"></span><span class=\"sizing reset-size6 size3 mtight\"><span class=\"mord mtight\">2</span></span></span></span><span class=\"vlist-s\">​</span></span><span class=\"vlist-r\"><span class=\"vlist\" style=\"height:0.15em;\"><span></span></span></span></span></span></span><span class=\"mord\"><span class=\"mord mathnormal\">x</span><span class=\"msupsub\"><span class=\"vlist-t vlist-t2\"><span class=\"vlist-r\"><span class=\"vlist\" style=\"height:0.3011em;\"><span style=\"top:-2.55em;margin-left:0em;margin-right:0.05em;\"><span class=\"pstrut\" style=\"height:2.7em;\"></span><span class=\"sizing reset-size6 size3 mtight\"><span class=\"mord mtight\">2</span></span></span></span><span class=\"vlist-s\">​</span></span><span class=\"vlist-r\"><span class=\"vlist\" style=\"height:0.15em;\"><span></span></span></span></span></span></span><span class=\"mspace\" style=\"margin-right:0.2222em;\"></span><span class=\"mbin\">+</span><span class=\"mspace\" style=\"margin-right:0.2222em;\"></span></span><span class=\"base\"><span class=\"strut\" style=\"height:0.7333em;vertical-align:-0.15em;\"></span><span class=\"mord\"><span class=\"mord mathnormal\">a</span><span class=\"msupsub\"><span class=\"vlist-t vlist-t2\"><span class=\"vlist-r\"><span class=\"vlist\" style=\"height:0.3011em;\"><span style=\"top:-2.55em;margin-left:0em;margin-right:0.05em;\"><span class=\"pstrut\" style=\"height:2.7em;\"></span><span class=\"sizing reset-size6 size3 mtight\"><span class=\"mord mtight\">3</span></span></span></span><span class=\"vlist-s\">​</span></span><span class=\"vlist-r\"><span class=\"vlist\" style=\"height:0.15em;\"><span></span></span></span></span></span></span><span class=\"mord\"><span class=\"mord mathnormal\">x</span><span class=\"msupsub\"><span class=\"vlist-t vlist-t2\"><span class=\"vlist-r\"><span class=\"vlist\" style=\"height:0.3011em;\"><span style=\"top:-2.55em;margin-left:0em;margin-right:0.05em;\"><span class=\"pstrut\" style=\"height:2.7em;\"></span><span class=\"sizing reset-size6 size3 mtight\"><span class=\"mord mtight\">3</span></span></span></span><span class=\"vlist-s\">​</span></span><span class=\"vlist-r\"><span class=\"vlist\" style=\"height:0.15em;\"><span></span></span></span></span></span></span><span class=\"mspace\" style=\"margin-right:0.2222em;\"></span><span class=\"mbin\">+</span><span class=\"mspace\" style=\"margin-right:0.2222em;\"></span></span><span class=\"base\"><span class=\"strut\" style=\"height:0.6667em;vertical-align:-0.0833em;\"></span><span class=\"minner\">⋯</span><span class=\"mspace\" style=\"margin-right:0.2222em;\"></span><span class=\"mbin\">+</span><span class=\"mspace\" style=\"margin-right:0.2222em;\"></span></span><span class=\"base\"><span class=\"strut\" style=\"height:0.5806em;vertical-align:-0.15em;\"></span><span class=\"mord\"><span class=\"mord mathnormal\">a</span><span class=\"msupsub\"><span class=\"vlist-t vlist-t2\"><span class=\"vlist-r\"><span class=\"vlist\" style=\"height:0.1514em;\"><span style=\"top:-2.55em;margin-left:0em;margin-right:0.05em;\"><span class=\"pstrut\" style=\"height:2.7em;\"></span><span class=\"sizing reset-size6 size3 mtight\"><span class=\"mord mathnormal mtight\">n</span></span></span></span><span class=\"vlist-s\">​</span></span><span class=\"vlist-r\"><span class=\"vlist\" style=\"height:0.15em;\"><span></span></span></span></span></span></span><span class=\"mord\"><span class=\"mord mathnormal\">x</span><span class=\"msupsub\"><span class=\"vlist-t vlist-t2\"><span class=\"vlist-r\"><span class=\"vlist\" style=\"height:0.1514em;\"><span style=\"top:-2.55em;margin-left:0em;margin-right:0.05em;\"><span class=\"pstrut\" style=\"height:2.7em;\"></span><span class=\"sizing reset-size6 size3 mtight\"><span class=\"mord mathnormal mtight\">n</span></span></span></span><span class=\"vlist-s\">​</span></span><span class=\"vlist-r\"><span class=\"vlist\" style=\"height:0.15em;\"><span></span></span></span></span></span></span><span class=\"mspace\" style=\"margin-right:0.2778em;\"></span><span class=\"mrel\">=</span><span class=\"mspace\" style=\"margin-right:0.2778em;\"></span></span><span class=\"base\"><span class=\"strut\" style=\"height:0.8778em;vertical-align:-0.1944em;\"></span><span class=\"mord mathnormal\" style=\"margin-right:0.05017em;\">B</span><span class=\"mpunct\">,</span><span class=\"mspace\" style=\"margin-right:0.2778em;\"></span><span class=\"mspace\" style=\"margin-right:0.1667em;\"></span><span class=\"mord mathnormal\" style=\"margin-right:0.05017em;\">B</span><span class=\"mspace\" style=\"margin-right:0.2778em;\"></span><span class=\"mrel\">∈</span><span class=\"mspace\" style=\"margin-right:0.2778em;\"></span></span><span class=\"base\"><span class=\"strut\" style=\"height:1em;vertical-align:-0.25em;\"></span><span class=\"mopen\">[</span><span class=\"mord mathnormal\">L</span><span class=\"mpunct\">,</span><span class=\"mspace\" style=\"margin-right:0.2778em;\"></span><span class=\"mspace\" style=\"margin-right:0.1667em;\"></span><span class=\"mord mathnormal\" style=\"margin-right:0.00773em;\">R</span><span class=\"mclose\">]</span></span></span></span> 有非负整数解的 <span class=\"katex\"><span class=\"katex-mathml\"><math xmlns=\"http://www.w3.org/1998/Math/MathML\"><semantics><mrow><mi>B</mi></mrow><annotation encoding=\"application/x-tex\">B</annotation></semantics></math></span><span class=\"katex-html\" aria-hidden=\"true\"><span class=\"base\"><span class=\"strut\" style=\"height:0.6833em;\"></span><span class=\"mord mathnormal\" style=\"margin-right:0.05017em;\">B</span></span></span></span> 的个数。</p>\n<p><span class=\"katex\"><span class=\"katex-mathml\"><math xmlns=\"http://www.w3.org/1998/Math/MathML\"><semantics><mrow><mn>1</mn><mo>⩽</mo><mi>n</mi><mo>⩽</mo><mn>12</mn></mrow><annotation encoding=\"application/x-tex\">1 \\leqslant n \\leqslant 12</annotation></semantics></math></span><span class=\"katex-html\" aria-hidden=\"true\"><span class=\"base\"><span class=\"strut\" style=\"height:0.7811em;vertical-align:-0.1367em;\"></span><span class=\"mord\">1</span><span class=\"mspace\" style=\"margin-right:0.2778em;\"></span><span class=\"mrel amsrm\">⩽</span><span class=\"mspace\" style=\"margin-right:0.2778em;\"></span></span><span class=\"base\"><span class=\"strut\" style=\"height:0.7733em;vertical-align:-0.1367em;\"></span><span class=\"mord mathnormal\">n</span><span class=\"mspace\" style=\"margin-right:0.2778em;\"></span><span class=\"mrel amsrm\">⩽</span><span class=\"mspace\" style=\"margin-right:0.2778em;\"></span></span><span class=\"base\"><span class=\"strut\" style=\"height:0.6444em;\"></span><span class=\"mord\">12</span></span></span></span></p>\n<p><span class=\"katex\"><span class=\"katex-mathml\"><math xmlns=\"http://www.w3.org/1998/Math/MathML\"><semantics><mrow><mn>0</mn><mo>⩽</mo><msub><mi>a</mi><mi>i</mi></msub><mo>⩽</mo><mn>500</mn><mo separator=\"true\">,</mo><mn>000</mn></mrow><annotation encoding=\"application/x-tex\">0 \\leqslant a_i \\leqslant 500,000</annotation></semantics></math></span><span class=\"katex-html\" aria-hidden=\"true\"><span class=\"base\"><span class=\"strut\" style=\"height:0.7811em;vertical-align:-0.1367em;\"></span><span class=\"mord\">0</span><span class=\"mspace\" style=\"margin-right:0.2778em;\"></span><span class=\"mrel amsrm\">⩽</span><span class=\"mspace\" style=\"margin-right:0.2778em;\"></span></span><span class=\"base\"><span class=\"strut\" style=\"height:0.7867em;vertical-align:-0.15em;\"></span><span class=\"mord\"><span class=\"mord mathnormal\">a</span><span class=\"msupsub\"><span class=\"vlist-t vlist-t2\"><span class=\"vlist-r\"><span class=\"vlist\" style=\"height:0.3117em;\"><span style=\"top:-2.55em;margin-left:0em;margin-right:0.05em;\"><span class=\"pstrut\" style=\"height:2.7em;\"></span><span class=\"sizing reset-size6 size3 mtight\"><span class=\"mord mathnormal mtight\">i</span></span></span></span><span class=\"vlist-s\">​</span></span><span class=\"vlist-r\"><span class=\"vlist\" style=\"height:0.15em;\"><span></span></span></span></span></span></span><span class=\"mspace\" style=\"margin-right:0.2778em;\"></span><span class=\"mrel amsrm\">⩽</span><span class=\"mspace\" style=\"margin-right:0.2778em;\"></span></span><span class=\"base\"><span class=\"strut\" style=\"height:0.8389em;vertical-align:-0.1944em;\"></span><span class=\"mord\">500</span><span class=\"mpunct\">,</span><span class=\"mspace\" style=\"margin-right:0.1667em;\"></span><span class=\"mord\">000</span></span></span></span></p>\n<p><span class=\"katex\"><span class=\"katex-mathml\"><math xmlns=\"http://www.w3.org/1998/Math/MathML\"><semantics><mrow><mn>1</mn><mo>⩽</mo><mi>L</mi><mo>⩽</mo><mi>R</mi><mo>⩽</mo><mn>1</mn><mo>×</mo><mn>1</mn><msup><mn>0</mn><mn>12</mn></msup></mrow><annotation encoding=\"application/x-tex\">1 \\leqslant L \\leqslant R \\leqslant 1 \\times 10^{12}</annotation></semantics></math></span><span class=\"katex-html\" aria-hidden=\"true\"><span class=\"base\"><span class=\"strut\" style=\"height:0.7811em;vertical-align:-0.1367em;\"></span><span class=\"mord\">1</span><span class=\"mspace\" style=\"margin-right:0.2778em;\"></span><span class=\"mrel amsrm\">⩽</span><span class=\"mspace\" style=\"margin-right:0.2778em;\"></span></span><span class=\"base\"><span class=\"strut\" style=\"height:0.82em;vertical-align:-0.1367em;\"></span><span class=\"mord mathnormal\">L</span><span class=\"mspace\" style=\"margin-right:0.2778em;\"></span><span class=\"mrel amsrm\">⩽</span><span class=\"mspace\" style=\"margin-right:0.2778em;\"></span></span><span class=\"base\"><span class=\"strut\" style=\"height:0.82em;vertical-align:-0.1367em;\"></span><span class=\"mord mathnormal\" style=\"margin-right:0.00773em;\">R</span><span class=\"mspace\" style=\"margin-right:0.2778em;\"></span><span class=\"mrel amsrm\">⩽</span><span class=\"mspace\" style=\"margin-right:0.2778em;\"></span></span><span class=\"base\"><span class=\"strut\" style=\"height:0.7278em;vertical-align:-0.0833em;\"></span><span class=\"mord\">1</span><span class=\"mspace\" style=\"margin-right:0.2222em;\"></span><span class=\"mbin\">×</span><span class=\"mspace\" style=\"margin-right:0.2222em;\"></span></span><span class=\"base\"><span class=\"strut\" style=\"height:0.8141em;\"></span><span class=\"mord\">1</span><span class=\"mord\"><span class=\"mord\">0</span><span class=\"msupsub\"><span class=\"vlist-t\"><span class=\"vlist-r\"><span class=\"vlist\" style=\"height:0.8141em;\"><span style=\"top:-3.063em;margin-right:0.05em;\"><span class=\"pstrut\" style=\"height:2.7em;\"></span><span class=\"sizing reset-size6 size3 mtight\"><span class=\"mord mtight\"><span class=\"mord mtight\">12</span></span></span></span></span></span></span></span></span></span></span></span></p>\n<h2><a href=\"#题目链接\" aria-hidden=\"true\" class=\"anchor\" id=\"题目链接\"></a>题目链接</h2>\n<p><a href=\"https://www.luogu.com.cn/problem/P2371\">【国家集训队】墨墨的等式 - Luogu 2371</a></p>\n<!-- more -->\n<h2><a href=\"#题解\" aria-hidden=\"true\" class=\"anchor\" id=\"题解\"></a>题解</h2>\n<p>如果 <span class=\"katex\"><span class=\"katex-mathml\"><math xmlns=\"http://www.w3.org/1998/Math/MathML\"><semantics><mrow><mi>B</mi><mo>=</mo><mi>i</mi></mrow><annotation encoding=\"application/x-tex\">B = i</annotation></semantics></math></span><span class=\"katex-html\" aria-hidden=\"true\"><span class=\"base\"><span class=\"strut\" style=\"height:0.6833em;\"></span><span class=\"mord mathnormal\" style=\"margin-right:0.05017em;\">B</span><span class=\"mspace\" style=\"margin-right:0.2778em;\"></span><span class=\"mrel\">=</span><span class=\"mspace\" style=\"margin-right:0.2778em;\"></span></span><span class=\"base\"><span class=\"strut\" style=\"height:0.6595em;\"></span><span class=\"mord mathnormal\">i</span></span></span></span> 是一个合法答案，则 <span class=\"katex\"><span class=\"katex-mathml\"><math xmlns=\"http://www.w3.org/1998/Math/MathML\"><semantics><mrow><msup><mi>B</mi><mo mathvariant=\"normal\" lspace=\"0em\" rspace=\"0em\">′</mo></msup><mo>=</mo><mi>i</mi><mo>+</mo><mi>k</mi><msub><mi>a</mi><mi>j</mi></msub><mo>⩽</mo><mi>R</mi></mrow><annotation encoding=\"application/x-tex\">B' = i + k a_j \\leqslant R</annotation></semantics></math></span><span class=\"katex-html\" aria-hidden=\"true\"><span class=\"base\"><span class=\"strut\" style=\"height:0.7519em;\"></span><span class=\"mord\"><span class=\"mord mathnormal\" style=\"margin-right:0.05017em;\">B</span><span class=\"msupsub\"><span class=\"vlist-t\"><span class=\"vlist-r\"><span class=\"vlist\" style=\"height:0.7519em;\"><span style=\"top:-3.063em;margin-right:0.05em;\"><span class=\"pstrut\" style=\"height:2.7em;\"></span><span class=\"sizing reset-size6 size3 mtight\"><span class=\"mord mtight\"><span class=\"mord mtight\">′</span></span></span></span></span></span></span></span></span><span class=\"mspace\" style=\"margin-right:0.2778em;\"></span><span class=\"mrel\">=</span><span class=\"mspace\" style=\"margin-right:0.2778em;\"></span></span><span class=\"base\"><span class=\"strut\" style=\"height:0.7429em;vertical-align:-0.0833em;\"></span><span class=\"mord mathnormal\">i</span><span class=\"mspace\" style=\"margin-right:0.2222em;\"></span><span class=\"mbin\">+</span><span class=\"mspace\" style=\"margin-right:0.2222em;\"></span></span><span class=\"base\"><span class=\"strut\" style=\"height:0.9805em;vertical-align:-0.2861em;\"></span><span class=\"mord mathnormal\" style=\"margin-right:0.03148em;\">k</span><span class=\"mord\"><span class=\"mord mathnormal\">a</span><span class=\"msupsub\"><span class=\"vlist-t vlist-t2\"><span class=\"vlist-r\"><span class=\"vlist\" style=\"height:0.3117em;\"><span style=\"top:-2.55em;margin-left:0em;margin-right:0.05em;\"><span class=\"pstrut\" style=\"height:2.7em;\"></span><span class=\"sizing reset-size6 size3 mtight\"><span class=\"mord mathnormal mtight\" style=\"margin-right:0.05724em;\">j</span></span></span></span><span class=\"vlist-s\">​</span></span><span class=\"vlist-r\"><span class=\"vlist\" style=\"height:0.2861em;\"><span></span></span></span></span></span></span><span class=\"mspace\" style=\"margin-right:0.2778em;\"></span><span class=\"mrel amsrm\">⩽</span><span class=\"mspace\" style=\"margin-right:0.2778em;\"></span></span><span class=\"base\"><span class=\"strut\" style=\"height:0.6833em;\"></span><span class=\"mord mathnormal\" style=\"margin-right:0.00773em;\">R</span></span></span></span> 也是合法答案。考虑求出最小的 <span class=\"katex\"><span class=\"katex-mathml\"><math xmlns=\"http://www.w3.org/1998/Math/MathML\"><semantics><mrow><msub><mi>B</mi><mi>i</mi></msub><mo>=</mo><mi>i</mi><mtext>  </mtext><mo stretchy=\"false\">(</mo><mi>m</mi><mi>o</mi><mi>d</mi><mtext>  </mtext><msub><mi>a</mi><mn>1</mn></msub><mo stretchy=\"false\">)</mo></mrow><annotation encoding=\"application/x-tex\">B_i = i ; (mod ; a_1)</annotation></semantics></math></span><span class=\"katex-html\" aria-hidden=\"true\"><span class=\"base\"><span class=\"strut\" style=\"height:0.8333em;vertical-align:-0.15em;\"></span><span class=\"mord\"><span class=\"mord mathnormal\" style=\"margin-right:0.05017em;\">B</span><span class=\"msupsub\"><span class=\"vlist-t vlist-t2\"><span class=\"vlist-r\"><span class=\"vlist\" style=\"height:0.3117em;\"><span style=\"top:-2.55em;margin-left:-0.0502em;margin-right:0.05em;\"><span class=\"pstrut\" style=\"height:2.7em;\"></span><span class=\"sizing reset-size6 size3 mtight\"><span class=\"mord mathnormal mtight\">i</span></span></span></span><span class=\"vlist-s\">​</span></span><span class=\"vlist-r\"><span class=\"vlist\" style=\"height:0.15em;\"><span></span></span></span></span></span></span><span class=\"mspace\" style=\"margin-right:0.2778em;\"></span><span class=\"mrel\">=</span><span class=\"mspace\" style=\"margin-right:0.2778em;\"></span></span><span class=\"base\"><span class=\"strut\" style=\"height:1em;vertical-align:-0.25em;\"></span><span class=\"mord mathnormal\">i</span><span class=\"mspace\" style=\"margin-right:0.2778em;\"></span><span class=\"mopen\">(</span><span class=\"mord mathnormal\">m</span><span class=\"mord mathnormal\">o</span><span class=\"mord mathnormal\">d</span><span class=\"mspace\" style=\"margin-right:0.2778em;\"></span><span class=\"mord\"><span class=\"mord mathnormal\">a</span><span class=\"msupsub\"><span class=\"vlist-t vlist-t2\"><span class=\"vlist-r\"><span class=\"vlist\" style=\"height:0.3011em;\"><span style=\"top:-2.55em;margin-left:0em;margin-right:0.05em;\"><span class=\"pstrut\" style=\"height:2.7em;\"></span><span class=\"sizing reset-size6 size3 mtight\"><span class=\"mord mtight\">1</span></span></span></span><span class=\"vlist-s\">​</span></span><span class=\"vlist-r\"><span class=\"vlist\" style=\"height:0.15em;\"><span></span></span></span></span></span></span><span class=\"mclose\">)</span></span></span></span>，其中 <span class=\"katex\"><span class=\"katex-mathml\"><math xmlns=\"http://www.w3.org/1998/Math/MathML\"><semantics><mrow><msub><mi>a</mi><mn>1</mn></msub><mo>=</mo><mi>m</mi><mi>i</mi><mi>n</mi><mo stretchy=\"false\">{</mo><msub><mi>a</mi><mi>n</mi></msub><mo stretchy=\"false\">}</mo></mrow><annotation encoding=\"application/x-tex\">a_1 = min{a_n}</annotation></semantics></math></span><span class=\"katex-html\" aria-hidden=\"true\"><span class=\"base\"><span class=\"strut\" style=\"height:0.5806em;vertical-align:-0.15em;\"></span><span class=\"mord\"><span class=\"mord mathnormal\">a</span><span class=\"msupsub\"><span class=\"vlist-t vlist-t2\"><span class=\"vlist-r\"><span class=\"vlist\" style=\"height:0.3011em;\"><span style=\"top:-2.55em;margin-left:0em;margin-right:0.05em;\"><span class=\"pstrut\" style=\"height:2.7em;\"></span><span class=\"sizing reset-size6 size3 mtight\"><span class=\"mord mtight\">1</span></span></span></span><span class=\"vlist-s\">​</span></span><span class=\"vlist-r\"><span class=\"vlist\" style=\"height:0.15em;\"><span></span></span></span></span></span></span><span class=\"mspace\" style=\"margin-right:0.2778em;\"></span><span class=\"mrel\">=</span><span class=\"mspace\" style=\"margin-right:0.2778em;\"></span></span><span class=\"base\"><span class=\"strut\" style=\"height:1em;vertical-align:-0.25em;\"></span><span class=\"mord mathnormal\">min</span><span class=\"mopen\">{</span><span class=\"mord\"><span class=\"mord mathnormal\">a</span><span class=\"msupsub\"><span class=\"vlist-t vlist-t2\"><span class=\"vlist-r\"><span class=\"vlist\" style=\"height:0.1514em;\"><span style=\"top:-2.55em;margin-left:0em;margin-right:0.05em;\"><span class=\"pstrut\" style=\"height:2.7em;\"></span><span class=\"sizing reset-size6 size3 mtight\"><span class=\"mord mathnormal mtight\">n</span></span></span></span><span class=\"vlist-s\">​</span></span><span class=\"vlist-r\"><span class=\"vlist\" style=\"height:0.15em;\"><span></span></span></span></span></span></span><span class=\"mclose\">}</span></span></span></span>，就可以计算答案了。</p>\n<p>对于 <span class=\"katex\"><span class=\"katex-mathml\"><math xmlns=\"http://www.w3.org/1998/Math/MathML\"><semantics><mrow><msub><mi>B</mi><mi>i</mi></msub></mrow><annotation encoding=\"application/x-tex\">B_i</annotation></semantics></math></span><span class=\"katex-html\" aria-hidden=\"true\"><span class=\"base\"><span class=\"strut\" style=\"height:0.8333em;vertical-align:-0.15em;\"></span><span class=\"mord\"><span class=\"mord mathnormal\" style=\"margin-right:0.05017em;\">B</span><span class=\"msupsub\"><span class=\"vlist-t vlist-t2\"><span class=\"vlist-r\"><span class=\"vlist\" style=\"height:0.3117em;\"><span style=\"top:-2.55em;margin-left:-0.0502em;margin-right:0.05em;\"><span class=\"pstrut\" style=\"height:2.7em;\"></span><span class=\"sizing reset-size6 size3 mtight\"><span class=\"mord mathnormal mtight\">i</span></span></span></span><span class=\"vlist-s\">​</span></span><span class=\"vlist-r\"><span class=\"vlist\" style=\"height:0.15em;\"><span></span></span></span></span></span></span></span></span></span> 的求法，可以转化为最短路。对于一个 <span class=\"katex\"><span class=\"katex-mathml\"><math xmlns=\"http://www.w3.org/1998/Math/MathML\"><semantics><mrow><mi>i</mi><mo>∈</mo><mo stretchy=\"false\">[</mo><mn>0</mn><mo separator=\"true\">,</mo><msub><mi>a</mi><mn>1</mn></msub><mo stretchy=\"false\">)</mo></mrow><annotation encoding=\"application/x-tex\">i \\in [0, a_1)</annotation></semantics></math></span><span class=\"katex-html\" aria-hidden=\"true\"><span class=\"base\"><span class=\"strut\" style=\"height:0.6986em;vertical-align:-0.0391em;\"></span><span class=\"mord mathnormal\">i</span><span class=\"mspace\" style=\"margin-right:0.2778em;\"></span><span class=\"mrel\">∈</span><span class=\"mspace\" style=\"margin-right:0.2778em;\"></span></span><span class=\"base\"><span class=\"strut\" style=\"height:1em;vertical-align:-0.25em;\"></span><span class=\"mopen\">[</span><span class=\"mord\">0</span><span class=\"mpunct\">,</span><span class=\"mspace\" style=\"margin-right:0.1667em;\"></span><span class=\"mord\"><span class=\"mord mathnormal\">a</span><span class=\"msupsub\"><span class=\"vlist-t vlist-t2\"><span class=\"vlist-r\"><span class=\"vlist\" style=\"height:0.3011em;\"><span style=\"top:-2.55em;margin-left:0em;margin-right:0.05em;\"><span class=\"pstrut\" style=\"height:2.7em;\"></span><span class=\"sizing reset-size6 size3 mtight\"><span class=\"mord mtight\">1</span></span></span></span><span class=\"vlist-s\">​</span></span><span class=\"vlist-r\"><span class=\"vlist\" style=\"height:0.15em;\"><span></span></span></span></span></span></span><span class=\"mclose\">)</span></span></span></span> 和一个 <span class=\"katex\"><span class=\"katex-mathml\"><math xmlns=\"http://www.w3.org/1998/Math/MathML\"><semantics><mrow><msub><mi>a</mi><mi>j</mi></msub><mtext>  </mtext><mo stretchy=\"false\">(</mo><mi>j</mi><mo mathvariant=\"normal\">≠</mo><mn>1</mn><mo stretchy=\"false\">)</mo></mrow><annotation encoding=\"application/x-tex\">a_j ; (j \\neq 1)</annotation></semantics></math></span><span class=\"katex-html\" aria-hidden=\"true\"><span class=\"base\"><span class=\"strut\" style=\"height:1.0361em;vertical-align:-0.2861em;\"></span><span class=\"mord\"><span class=\"mord mathnormal\">a</span><span class=\"msupsub\"><span class=\"vlist-t vlist-t2\"><span class=\"vlist-r\"><span class=\"vlist\" style=\"height:0.3117em;\"><span style=\"top:-2.55em;margin-left:0em;margin-right:0.05em;\"><span class=\"pstrut\" style=\"height:2.7em;\"></span><span class=\"sizing reset-size6 size3 mtight\"><span class=\"mord mathnormal mtight\" style=\"margin-right:0.05724em;\">j</span></span></span></span><span class=\"vlist-s\">​</span></span><span class=\"vlist-r\"><span class=\"vlist\" style=\"height:0.2861em;\"><span></span></span></span></span></span></span><span class=\"mspace\" style=\"margin-right:0.2778em;\"></span><span class=\"mopen\">(</span><span class=\"mord mathnormal\" style=\"margin-right:0.05724em;\">j</span><span class=\"mspace\" style=\"margin-right:0.2778em;\"></span><span class=\"mrel\"><span class=\"mrel\"><span class=\"mord vbox\"><span class=\"thinbox\"><span class=\"rlap\"><span class=\"strut\" style=\"height:0.8889em;vertical-align:-0.1944em;\"></span><span class=\"inner\"><span class=\"mord\"><span class=\"mrel\"></span></span></span><span class=\"fix\"></span></span></span></span></span><span class=\"mrel\">=</span></span><span class=\"mspace\" style=\"margin-right:0.2778em;\"></span></span><span class=\"base\"><span class=\"strut\" style=\"height:1em;vertical-align:-0.25em;\"></span><span class=\"mord\">1</span><span class=\"mclose\">)</span></span></span></span>，建立一条从 <span class=\"katex\"><span class=\"katex-mathml\"><math xmlns=\"http://www.w3.org/1998/Math/MathML\"><semantics><mrow><mi>i</mi></mrow><annotation encoding=\"application/x-tex\">i</annotation></semantics></math></span><span class=\"katex-html\" aria-hidden=\"true\"><span class=\"base\"><span class=\"strut\" style=\"height:0.6595em;\"></span><span class=\"mord mathnormal\">i</span></span></span></span> 到 <span class=\"katex\"><span class=\"katex-mathml\"><math xmlns=\"http://www.w3.org/1998/Math/MathML\"><semantics><mrow><mo stretchy=\"false\">(</mo><mi>i</mi><mo>+</mo><msub><mi>a</mi><mi>j</mi></msub><mo stretchy=\"false\">)</mo><mtext>  </mtext><mi>m</mi><mi>o</mi><mi>d</mi><mtext>  </mtext><msub><mi>a</mi><mn>1</mn></msub></mrow><annotation encoding=\"application/x-tex\">(i + a_j) ; mod ; a_1</annotation></semantics></math></span><span class=\"katex-html\" aria-hidden=\"true\"><span class=\"base\"><span class=\"strut\" style=\"height:1em;vertical-align:-0.25em;\"></span><span class=\"mopen\">(</span><span class=\"mord mathnormal\">i</span><span class=\"mspace\" style=\"margin-right:0.2222em;\"></span><span class=\"mbin\">+</span><span class=\"mspace\" style=\"margin-right:0.2222em;\"></span></span><span class=\"base\"><span class=\"strut\" style=\"height:1.0361em;vertical-align:-0.2861em;\"></span><span class=\"mord\"><span class=\"mord mathnormal\">a</span><span class=\"msupsub\"><span class=\"vlist-t vlist-t2\"><span class=\"vlist-r\"><span class=\"vlist\" style=\"height:0.3117em;\"><span style=\"top:-2.55em;margin-left:0em;margin-right:0.05em;\"><span class=\"pstrut\" style=\"height:2.7em;\"></span><span class=\"sizing reset-size6 size3 mtight\"><span class=\"mord mathnormal mtight\" style=\"margin-right:0.05724em;\">j</span></span></span></span><span class=\"vlist-s\">​</span></span><span class=\"vlist-r\"><span class=\"vlist\" style=\"height:0.2861em;\"><span></span></span></span></span></span></span><span class=\"mclose\">)</span><span class=\"mspace\" style=\"margin-right:0.2778em;\"></span><span class=\"mord mathnormal\">m</span><span class=\"mord mathnormal\">o</span><span class=\"mord mathnormal\">d</span><span class=\"mspace\" style=\"margin-right:0.2778em;\"></span><span class=\"mord\"><span class=\"mord mathnormal\">a</span><span class=\"msupsub\"><span class=\"vlist-t vlist-t2\"><span class=\"vlist-r\"><span class=\"vlist\" style=\"height:0.3011em;\"><span style=\"top:-2.55em;margin-left:0em;margin-right:0.05em;\"><span class=\"pstrut\" style=\"height:2.7em;\"></span><span class=\"sizing reset-size6 size3 mtight\"><span class=\"mord mtight\">1</span></span></span></span><span class=\"vlist-s\">​</span></span><span class=\"vlist-r\"><span class=\"vlist\" style=\"height:0.15em;\"><span></span></span></span></span></span></span></span></span></span>、权值为 <span class=\"katex\"><span class=\"katex-mathml\"><math xmlns=\"http://www.w3.org/1998/Math/MathML\"><semantics><mrow><msub><mi>a</mi><mi>j</mi></msub></mrow><annotation encoding=\"application/x-tex\">a_j</annotation></semantics></math></span><span class=\"katex-html\" aria-hidden=\"true\"><span class=\"base\"><span class=\"strut\" style=\"height:0.7167em;vertical-align:-0.2861em;\"></span><span class=\"mord\"><span class=\"mord mathnormal\">a</span><span class=\"msupsub\"><span class=\"vlist-t vlist-t2\"><span class=\"vlist-r\"><span class=\"vlist\" style=\"height:0.3117em;\"><span style=\"top:-2.55em;margin-left:0em;margin-right:0.05em;\"><span class=\"pstrut\" style=\"height:2.7em;\"></span><span class=\"sizing reset-size6 size3 mtight\"><span class=\"mord mathnormal mtight\" style=\"margin-right:0.05724em;\">j</span></span></span></span><span class=\"vlist-s\">​</span></span><span class=\"vlist-r\"><span class=\"vlist\" style=\"height:0.2861em;\"><span></span></span></span></span></span></span></span></span></span> 的边，以 <span class=\"katex\"><span class=\"katex-mathml\"><math xmlns=\"http://www.w3.org/1998/Math/MathML\"><semantics><mrow><mn>0</mn></mrow><annotation encoding=\"application/x-tex\">0</annotation></semantics></math></span><span class=\"katex-html\" aria-hidden=\"true\"><span class=\"base\"><span class=\"strut\" style=\"height:0.6444em;\"></span><span class=\"mord\">0</span></span></span></span> 为起点，<span class=\"katex\"><span class=\"katex-mathml\"><math xmlns=\"http://www.w3.org/1998/Math/MathML\"><semantics><mrow><mi>i</mi></mrow><annotation encoding=\"application/x-tex\">i</annotation></semantics></math></span><span class=\"katex-html\" aria-hidden=\"true\"><span class=\"base\"><span class=\"strut\" style=\"height:0.6595em;\"></span><span class=\"mord mathnormal\">i</span></span></span></span> 的最短距离就是 <span class=\"katex\"><span class=\"katex-mathml\"><math xmlns=\"http://www.w3.org/1998/Math/MathML\"><semantics><mrow><msub><mi>B</mi><mi>i</mi></msub></mrow><annotation encoding=\"application/x-tex\">B_i</annotation></semantics></math></span><span class=\"katex-html\" aria-hidden=\"true\"><span class=\"base\"><span class=\"strut\" style=\"height:0.8333em;vertical-align:-0.15em;\"></span><span class=\"mord\"><span class=\"mord mathnormal\" style=\"margin-right:0.05017em;\">B</span><span class=\"msupsub\"><span class=\"vlist-t vlist-t2\"><span class=\"vlist-r\"><span class=\"vlist\" style=\"height:0.3117em;\"><span style=\"top:-2.55em;margin-left:-0.0502em;margin-right:0.05em;\"><span class=\"pstrut\" style=\"height:2.7em;\"></span><span class=\"sizing reset-size6 size3 mtight\"><span class=\"mord mathnormal mtight\">i</span></span></span></span><span class=\"vlist-s\">​</span></span><span class=\"vlist-r\"><span class=\"vlist\" style=\"height:0.15em;\"><span></span></span></span></span></span></span></span></span></span>。（十分巧妙的题）</p>\n<h2><a href=\"#代码\" aria-hidden=\"true\" class=\"anchor\" id=\"代码\"></a>代码</h2>\n<pre style=\"background-color:#2b303b;\"><code class=\"language-c++\">\n<span style=\"color:#b48ead;\">#include </span><span style=\"color:#c0c5ce;\">&lt;</span><span style=\"color:#a3be8c;\">cstdio</span><span style=\"color:#c0c5ce;\">&gt;\n</span><span style=\"color:#b48ead;\">#include </span><span style=\"color:#c0c5ce;\">&lt;</span><span style=\"color:#a3be8c;\">climits</span><span style=\"color:#c0c5ce;\">&gt;\n</span><span style=\"color:#b48ead;\">#include </span><span style=\"color:#c0c5ce;\">&lt;</span><span style=\"color:#a3be8c;\">queue</span><span style=\"color:#c0c5ce;\">&gt;\n</span><span style=\"color:#b48ead;\">#include </span><span style=\"color:#c0c5ce;\">&lt;</span><span style=\"color:#a3be8c;\">algorithm</span><span style=\"color:#c0c5ce;\">&gt;\n</span><span style=\"color:#b48ead;\">const int</span><span style=\"color:#c0c5ce;\"> MAXN = </span><span style=\"color:#d08770;\">15</span><span style=\"color:#c0c5ce;\">;\n</span><span style=\"color:#b48ead;\">const int</span><span style=\"color:#c0c5ce;\"> MAXA = </span><span style=\"color:#d08770;\">500005</span><span style=\"color:#c0c5ce;\">;\n</span><span style=\"color:#b48ead;\">struct </span><span style=\"color:#c0c5ce;\">Edge;\n</span><span style=\"color:#b48ead;\">struct </span><span style=\"color:#c0c5ce;\">Node {\n</span><span style=\"color:#c0c5ce;\">    Edge *e;\n</span><span style=\"color:#c0c5ce;\">    </span><span style=\"color:#b48ead;\">long long</span><span style=\"color:#c0c5ce;\"> dist;\n</span><span style=\"color:#c0c5ce;\">    </span><span style=\"color:#b48ead;\">bool</span><span style=\"color:#c0c5ce;\"> vis;\n</span><span style=\"color:#c0c5ce;\">} N[MAXA];\n</span><span style=\"color:#b48ead;\">struct </span><span style=\"color:#c0c5ce;\">Edge {\n</span><span style=\"color:#c0c5ce;\">    Node *u, *v;\n</span><span style=\"color:#c0c5ce;\">    Edge *next;\n</span><span style=\"color:#c0c5ce;\">    </span><span style=\"color:#b48ead;\">int</span><span style=\"color:#c0c5ce;\"> w;\n</span><span style=\"color:#c0c5ce;\">    </span><span style=\"color:#8fa1b3;\">Edge</span><span style=\"color:#c0c5ce;\">(Node *</span><span style=\"color:#bf616a;\">u</span><span style=\"color:#c0c5ce;\">, Node *</span><span style=\"color:#bf616a;\">v</span><span style=\"color:#c0c5ce;\">, </span><span style=\"color:#b48ead;\">int </span><span style=\"color:#bf616a;\">w</span><span style=\"color:#c0c5ce;\">) : </span><span style=\"color:#bf616a;\">u</span><span style=\"color:#c0c5ce;\">(u), </span><span style=\"color:#bf616a;\">v</span><span style=\"color:#c0c5ce;\">(v), </span><span style=\"color:#bf616a;\">w</span><span style=\"color:#c0c5ce;\">(w), </span><span style=\"color:#bf616a;\">next</span><span style=\"color:#c0c5ce;\">(u-&gt;</span><span style=\"color:#bf616a;\">e</span><span style=\"color:#c0c5ce;\">) {}\n</span><span style=\"color:#c0c5ce;\">};\n</span><span style=\"color:#b48ead;\">void </span><span style=\"color:#8fa1b3;\">addEdge</span><span style=\"color:#c0c5ce;\">(</span><span style=\"color:#b48ead;\">int </span><span style=\"color:#bf616a;\">u</span><span style=\"color:#c0c5ce;\">, </span><span style=\"color:#b48ead;\">int </span><span style=\"color:#bf616a;\">v</span><span style=\"color:#c0c5ce;\">, </span><span style=\"color:#b48ead;\">int </span><span style=\"color:#bf616a;\">w</span><span style=\"color:#c0c5ce;\">) {\n</span><span style=\"color:#c0c5ce;\">    N[u].</span><span style=\"color:#bf616a;\">e </span><span style=\"color:#c0c5ce;\">= </span><span style=\"color:#b48ead;\">new </span><span style=\"color:#8fa1b3;\">Edge</span><span style=\"color:#c0c5ce;\">(&amp;N[u], &amp;N[v], w);\n</span><span style=\"color:#c0c5ce;\">}\n</span><span style=\"color:#b48ead;\">namespace </span><span style=\"color:#c0c5ce;\">Dijkstra {\n</span><span style=\"color:#c0c5ce;\">    </span><span style=\"color:#b48ead;\">struct </span><span style=\"color:#c0c5ce;\">HeapNode {\n</span><span style=\"color:#c0c5ce;\">        Node *u;\n</span><span style=\"color:#c0c5ce;\">        </span><span style=\"color:#b48ead;\">long long</span><span style=\"color:#c0c5ce;\"> dist;\n</span><span style=\"color:#c0c5ce;\">        </span><span style=\"color:#b48ead;\">bool </span><span style=\"color:#8fa1b3;\">operator&lt;</span><span style=\"color:#c0c5ce;\">(</span><span style=\"color:#b48ead;\">const</span><span style=\"color:#c0c5ce;\"> HeapNode &amp;</span><span style=\"color:#bf616a;\">another</span><span style=\"color:#c0c5ce;\">) </span><span style=\"color:#b48ead;\">const </span><span style=\"color:#c0c5ce;\">{\n</span><span style=\"color:#c0c5ce;\">            </span><span style=\"color:#b48ead;\">return</span><span style=\"color:#c0c5ce;\"> dist &gt; another.</span><span style=\"color:#bf616a;\">dist</span><span style=\"color:#c0c5ce;\">;\n</span><span style=\"color:#c0c5ce;\">        }\n</span><span style=\"color:#c0c5ce;\">    };\n</span><span style=\"color:#c0c5ce;\">    </span><span style=\"color:#b48ead;\">void </span><span style=\"color:#8fa1b3;\">solve</span><span style=\"color:#c0c5ce;\">(</span><span style=\"color:#b48ead;\">int </span><span style=\"color:#bf616a;\">n</span><span style=\"color:#c0c5ce;\">) {\n</span><span style=\"color:#c0c5ce;\">        </span><span style=\"color:#b48ead;\">for </span><span style=\"color:#c0c5ce;\">(</span><span style=\"color:#b48ead;\">int</span><span style=\"color:#c0c5ce;\"> i = </span><span style=\"color:#d08770;\">0</span><span style=\"color:#c0c5ce;\">; i &lt; n; i++) N[i].</span><span style=\"color:#bf616a;\">dist </span><span style=\"color:#c0c5ce;\">= LLONG_MAX, N[i].</span><span style=\"color:#bf616a;\">vis </span><span style=\"color:#c0c5ce;\">= </span><span style=\"color:#d08770;\">false</span><span style=\"color:#c0c5ce;\">;\n</span><span style=\"color:#c0c5ce;\">        N[</span><span style=\"color:#d08770;\">0</span><span style=\"color:#c0c5ce;\">].</span><span style=\"color:#bf616a;\">dist </span><span style=\"color:#c0c5ce;\">= </span><span style=\"color:#d08770;\">0</span><span style=\"color:#c0c5ce;\">;\n</span><span style=\"color:#c0c5ce;\">        std::priority_queue&lt;HeapNode&gt; q;\n</span><span style=\"color:#c0c5ce;\">        q.</span><span style=\"color:#8fa1b3;\">push</span><span style=\"color:#c0c5ce;\">((HeapNode) {&amp;N[</span><span style=\"color:#d08770;\">0</span><span style=\"color:#c0c5ce;\">], </span><span style=\"color:#d08770;\">0</span><span style=\"color:#c0c5ce;\">});\n</span><span style=\"color:#c0c5ce;\">        </span><span style=\"color:#b48ead;\">while </span><span style=\"color:#c0c5ce;\">(!q.</span><span style=\"color:#8fa1b3;\">empty</span><span style=\"color:#c0c5ce;\">()) {\n</span><span style=\"color:#c0c5ce;\">            Node *u = q.</span><span style=\"color:#8fa1b3;\">top</span><span style=\"color:#c0c5ce;\">().</span><span style=\"color:#bf616a;\">u</span><span style=\"color:#c0c5ce;\">;\n</span><span style=\"color:#c0c5ce;\">            q.</span><span style=\"color:#8fa1b3;\">pop</span><span style=\"color:#c0c5ce;\">();\n</span><span style=\"color:#c0c5ce;\">            </span><span style=\"color:#b48ead;\">if </span><span style=\"color:#c0c5ce;\">(u-&gt;</span><span style=\"color:#bf616a;\">vis</span><span style=\"color:#c0c5ce;\">) </span><span style=\"color:#b48ead;\">continue</span><span style=\"color:#c0c5ce;\">;\n</span><span style=\"color:#c0c5ce;\">            u-&gt;</span><span style=\"color:#bf616a;\">vis </span><span style=\"color:#c0c5ce;\">= </span><span style=\"color:#d08770;\">true</span><span style=\"color:#c0c5ce;\">;\n</span><span style=\"color:#c0c5ce;\">            </span><span style=\"color:#b48ead;\">for </span><span style=\"color:#c0c5ce;\">(Edge *e = u-&gt;</span><span style=\"color:#bf616a;\">e</span><span style=\"color:#c0c5ce;\">; e; e = e-&gt;</span><span style=\"color:#bf616a;\">next</span><span style=\"color:#c0c5ce;\">) {\n</span><span style=\"color:#c0c5ce;\">                </span><span style=\"color:#b48ead;\">if </span><span style=\"color:#c0c5ce;\">(e-&gt;</span><span style=\"color:#bf616a;\">v</span><span style=\"color:#c0c5ce;\">-&gt;</span><span style=\"color:#bf616a;\">dist </span><span style=\"color:#c0c5ce;\">&gt; u-&gt;</span><span style=\"color:#bf616a;\">dist </span><span style=\"color:#c0c5ce;\">+ e-&gt;</span><span style=\"color:#bf616a;\">w</span><span style=\"color:#c0c5ce;\">) {\n</span><span style=\"color:#c0c5ce;\">                    e-&gt;</span><span style=\"color:#bf616a;\">v</span><span style=\"color:#c0c5ce;\">-&gt;</span><span style=\"color:#bf616a;\">dist </span><span style=\"color:#c0c5ce;\">= u-&gt;</span><span style=\"color:#bf616a;\">dist </span><span style=\"color:#c0c5ce;\">+ e-&gt;</span><span style=\"color:#bf616a;\">w</span><span style=\"color:#c0c5ce;\">;\n</span><span style=\"color:#c0c5ce;\">                    q.</span><span style=\"color:#8fa1b3;\">push</span><span style=\"color:#c0c5ce;\">((HeapNode) {e-&gt;</span><span style=\"color:#bf616a;\">v</span><span style=\"color:#c0c5ce;\">, e-&gt;</span><span style=\"color:#bf616a;\">v</span><span style=\"color:#c0c5ce;\">-&gt;</span><span style=\"color:#bf616a;\">dist</span><span style=\"color:#c0c5ce;\">});\n</span><span style=\"color:#c0c5ce;\">                }\n</span><span style=\"color:#c0c5ce;\">            }\n</span><span style=\"color:#c0c5ce;\">        }\n</span><span style=\"color:#c0c5ce;\">    }\n</span><span style=\"color:#c0c5ce;\">}\n</span><span style=\"color:#b48ead;\">int </span><span style=\"color:#8fa1b3;\">main</span><span style=\"color:#c0c5ce;\">() {\n</span><span style=\"color:#c0c5ce;\">    </span><span style=\"color:#b48ead;\">int</span><span style=\"color:#c0c5ce;\"> n;\n</span><span style=\"color:#c0c5ce;\">    </span><span style=\"color:#b48ead;\">long long</span><span style=\"color:#c0c5ce;\"> L, R;\n</span><span style=\"color:#c0c5ce;\">    </span><span style=\"color:#96b5b4;\">scanf</span><span style=\"color:#c0c5ce;\">(&quot;</span><span style=\"color:#d08770;\">%d %lld %lld</span><span style=\"color:#c0c5ce;\">&quot;, &amp;n, &amp;L, &amp;R);\n</span><span style=\"color:#c0c5ce;\">    </span><span style=\"color:#b48ead;\">static int</span><span style=\"color:#c0c5ce;\"> a[MAXN];\n</span><span style=\"color:#c0c5ce;\">    </span><span style=\"color:#b48ead;\">for </span><span style=\"color:#c0c5ce;\">(</span><span style=\"color:#b48ead;\">int</span><span style=\"color:#c0c5ce;\"> i = </span><span style=\"color:#d08770;\">1</span><span style=\"color:#c0c5ce;\">; i &lt;= n; i++) </span><span style=\"color:#96b5b4;\">scanf</span><span style=\"color:#c0c5ce;\">(&quot;</span><span style=\"color:#d08770;\">%d</span><span style=\"color:#c0c5ce;\">&quot;, &amp;a[i]);\n</span><span style=\"color:#c0c5ce;\">    </span><span style=\"color:#8fa1b3;\">std::sort</span><span style=\"color:#c0c5ce;\">(a + </span><span style=\"color:#d08770;\">1</span><span style=\"color:#c0c5ce;\">, a + n + </span><span style=\"color:#d08770;\">1</span><span style=\"color:#c0c5ce;\">);\n</span><span style=\"color:#c0c5ce;\">    </span><span style=\"color:#b48ead;\">for </span><span style=\"color:#c0c5ce;\">(</span><span style=\"color:#b48ead;\">int</span><span style=\"color:#c0c5ce;\"> i = </span><span style=\"color:#d08770;\">0</span><span style=\"color:#c0c5ce;\">; i &lt; a[</span><span style=\"color:#d08770;\">1</span><span style=\"color:#c0c5ce;\">]; i++) </span><span style=\"color:#b48ead;\">for </span><span style=\"color:#c0c5ce;\">(</span><span style=\"color:#b48ead;\">int</span><span style=\"color:#c0c5ce;\"> j = </span><span style=\"color:#d08770;\">2</span><span style=\"color:#c0c5ce;\">; j &lt;= n; j++)\n</span><span style=\"color:#c0c5ce;\">        </span><span style=\"color:#8fa1b3;\">addEdge</span><span style=\"color:#c0c5ce;\">(i, (i + a[j]) % a[</span><span style=\"color:#d08770;\">1</span><span style=\"color:#c0c5ce;\">], a[j]);\n</span><span style=\"color:#c0c5ce;\">    </span><span style=\"color:#8fa1b3;\">Dijkstra::solve</span><span style=\"color:#c0c5ce;\">(a[</span><span style=\"color:#d08770;\">1</span><span style=\"color:#c0c5ce;\">]);\n</span><span style=\"color:#c0c5ce;\">    </span><span style=\"color:#b48ead;\">long long</span><span style=\"color:#c0c5ce;\"> ans = </span><span style=\"color:#d08770;\">0</span><span style=\"color:#c0c5ce;\">;\n</span><span style=\"color:#c0c5ce;\">    </span><span style=\"color:#b48ead;\">for </span><span style=\"color:#c0c5ce;\">(</span><span style=\"color:#b48ead;\">int</span><span style=\"color:#c0c5ce;\"> i = </span><span style=\"color:#d08770;\">0</span><span style=\"color:#c0c5ce;\">; i &lt; a[</span><span style=\"color:#d08770;\">1</span><span style=\"color:#c0c5ce;\">]; i++) {\n</span><span style=\"color:#c0c5ce;\">        </span><span style=\"color:#b48ead;\">if </span><span style=\"color:#c0c5ce;\">(N[i].</span><span style=\"color:#bf616a;\">dist </span><span style=\"color:#c0c5ce;\">&gt; R) </span><span style=\"color:#b48ead;\">continue</span><span style=\"color:#c0c5ce;\">;\n</span><span style=\"color:#c0c5ce;\">        </span><span style=\"color:#b48ead;\">long long</span><span style=\"color:#c0c5ce;\"> l = </span><span style=\"color:#8fa1b3;\">std::max</span><span style=\"color:#c0c5ce;\">((L - N[i].</span><span style=\"color:#bf616a;\">dist</span><span style=\"color:#c0c5ce;\">) / a[</span><span style=\"color:#d08770;\">1</span><span style=\"color:#c0c5ce;\">], </span><span style=\"color:#d08770;\">0ll</span><span style=\"color:#c0c5ce;\">);\n</span><span style=\"color:#c0c5ce;\">        </span><span style=\"color:#b48ead;\">if </span><span style=\"color:#c0c5ce;\">(l * a[</span><span style=\"color:#d08770;\">1</span><span style=\"color:#c0c5ce;\">] + N[i].</span><span style=\"color:#bf616a;\">dist </span><span style=\"color:#c0c5ce;\">&lt; L) l++;\n</span><span style=\"color:#c0c5ce;\">        </span><span style=\"color:#b48ead;\">long long</span><span style=\"color:#c0c5ce;\"> r = (R - N[i].</span><span style=\"color:#bf616a;\">dist</span><span style=\"color:#c0c5ce;\">) / a[</span><span style=\"color:#d08770;\">1</span><span style=\"color:#c0c5ce;\">];\n</span><span style=\"color:#c0c5ce;\">        </span><span style=\"color:#b48ead;\">if </span><span style=\"color:#c0c5ce;\">(r * a[</span><span style=\"color:#d08770;\">1</span><span style=\"color:#c0c5ce;\">] + N[i].</span><span style=\"color:#bf616a;\">dist </span><span style=\"color:#c0c5ce;\">&gt; R) r--;\n</span><span style=\"color:#c0c5ce;\">        ans += r - l + </span><span style=\"color:#d08770;\">1</span><span style=\"color:#c0c5ce;\">;\n</span><span style=\"color:#c0c5ce;\">    }\n</span><span style=\"color:#c0c5ce;\">    </span><span style=\"color:#96b5b4;\">printf</span><span style=\"color:#c0c5ce;\">(&quot;</span><span style=\"color:#d08770;\">%lld</span><span style=\"color:#96b5b4;\">\\n</span><span style=\"color:#c0c5ce;\">&quot;, ans);\n</span><span style=\"color:#c0c5ce;\">    </span><span style=\"color:#b48ead;\">return </span><span style=\"color:#d08770;\">0</span><span style=\"color:#c0c5ce;\">;\n</span><span style=\"color:#c0c5ce;\">}\n</span>\n</code></pre>\n"}