{"title":"[HNOI 2007] 最小矩形覆盖","tags":["计算几何","凸包","旋转卡壳"],"create_time":1494190770,"last_modified":1596711286,"toc":"<ol><li><a href=\"#题目大意\">题目大意</a></li><li><a href=\"#题目链接\">题目链接</a></li><li><a href=\"#题解\">题解</a></li><li><a href=\"#代码\">代码</a></li>","html":"<h2><a href=\"#题目大意\" aria-hidden=\"true\" class=\"anchor\" id=\"题目大意\"></a>题目大意</h2>\n<p>给定 <span class=\"katex\"><span class=\"katex-mathml\"><math xmlns=\"http://www.w3.org/1998/Math/MathML\"><semantics><mrow><mi>n</mi></mrow><annotation encoding=\"application/x-tex\">n</annotation></semantics></math></span><span class=\"katex-html\" aria-hidden=\"true\"><span class=\"base\"><span class=\"strut\" style=\"height:0.4306em;\"></span><span class=\"mord mathnormal\">n</span></span></span></span> 个平面上的点，求覆盖它们的面积最小的矩形。输出矩形面积，<strong>从 <span class=\"katex\"><span class=\"katex-mathml\"><math xmlns=\"http://www.w3.org/1998/Math/MathML\"><semantics><mrow><mi>y</mi></mrow><annotation encoding=\"application/x-tex\">y</annotation></semantics></math></span><span class=\"katex-html\" aria-hidden=\"true\"><span class=\"base\"><span class=\"strut\" style=\"height:0.625em;vertical-align:-0.1944em;\"></span><span class=\"mord mathnormal\" style=\"margin-right:0.03588em;\">y</span></span></span></span> 坐标最小，相同时 <span class=\"katex\"><span class=\"katex-mathml\"><math xmlns=\"http://www.w3.org/1998/Math/MathML\"><semantics><mrow><mi>x</mi></mrow><annotation encoding=\"application/x-tex\">x</annotation></semantics></math></span><span class=\"katex-html\" aria-hidden=\"true\"><span class=\"base\"><span class=\"strut\" style=\"height:0.4306em;\"></span><span class=\"mord mathnormal\">x</span></span></span></span> 最小</strong>的点开始逆时针输出矩形的顶点。</p>\n<p><span class=\"katex\"><span class=\"katex-mathml\"><math xmlns=\"http://www.w3.org/1998/Math/MathML\"><semantics><mrow><mn>3</mn><mo>⩽</mo><mi>n</mi><mo>⩽</mo><mn>50</mn><mo separator=\"true\">,</mo><mn>000</mn></mrow><annotation encoding=\"application/x-tex\">3 \\leqslant n \\leqslant 50,000</annotation></semantics></math></span><span class=\"katex-html\" aria-hidden=\"true\"><span class=\"base\"><span class=\"strut\" style=\"height:0.7811em;vertical-align:-0.1367em;\"></span><span class=\"mord\">3</span><span class=\"mspace\" style=\"margin-right:0.2778em;\"></span><span class=\"mrel amsrm\">⩽</span><span class=\"mspace\" style=\"margin-right:0.2778em;\"></span></span><span class=\"base\"><span class=\"strut\" style=\"height:0.7733em;vertical-align:-0.1367em;\"></span><span class=\"mord mathnormal\">n</span><span class=\"mspace\" style=\"margin-right:0.2778em;\"></span><span class=\"mrel amsrm\">⩽</span><span class=\"mspace\" style=\"margin-right:0.2778em;\"></span></span><span class=\"base\"><span class=\"strut\" style=\"height:0.8389em;vertical-align:-0.1944em;\"></span><span class=\"mord\">50</span><span class=\"mpunct\">,</span><span class=\"mspace\" style=\"margin-right:0.1667em;\"></span><span class=\"mord\">000</span></span></span></span></p>\n<h2><a href=\"#题目链接\" aria-hidden=\"true\" class=\"anchor\" id=\"题目链接\"></a>题目链接</h2>\n<p><a href=\"https://www.luogu.com.cn/problem/P3187\">【HNOI 2007】最小矩形覆盖 - Luogu 3187</a></p>\n<!-- more -->\n<h2><a href=\"#题解\" aria-hidden=\"true\" class=\"anchor\" id=\"题解\"></a>题解</h2>\n<p>凸包 + 旋转卡壳。</p>\n<p>首先，答案矩形的一条边一定经过凸包的相邻两点，剩下的三条边也各经过一个点（可能重复）。于是，我们可以枚举第一个顶点，也就是经过两个点的那条边，剩下三个点用类似旋转卡壳的方法求出并跟着更新，可以用各种乱搞的方法求出当前的矩形。</p>\n<p>不过，<strong>一定要记得点的输出顺序</strong>，我 WA 了好几遍后才看见那句话，还以为是自己求矩形的方法精度炸了。。。（不过最后懒地该回去了。。。是用点在直线上的投影求得矩形的四个顶点）</p>\n<p>一共 WA 了八次吧。。。捣鼓了一整天。。。</p>\n<p>写完一测样例，以为自己的精度炸了，小数点后第一位就错了，后来发现是自己样例打错了 23333</p>\n<p>之后在以为精度继续炸的时候，改用了 <code>long double</code> ，可仍然 WA ，甚至在写了正确的输出顺序时也是。后来改回了 <code>double</code> 后就 AC 了。。。</p>\n<h2><a href=\"#代码\" aria-hidden=\"true\" class=\"anchor\" id=\"代码\"></a>代码</h2>\n<pre style=\"background-color:#2b303b;\"><code class=\"language-c++\">\n<span style=\"color:#b48ead;\">#include </span><span style=\"color:#c0c5ce;\">&lt;</span><span style=\"color:#a3be8c;\">cstdio</span><span style=\"color:#c0c5ce;\">&gt;\n</span><span style=\"color:#b48ead;\">#include </span><span style=\"color:#c0c5ce;\">&lt;</span><span style=\"color:#a3be8c;\">cfloat</span><span style=\"color:#c0c5ce;\">&gt;\n</span><span style=\"color:#b48ead;\">#include </span><span style=\"color:#c0c5ce;\">&lt;</span><span style=\"color:#a3be8c;\">cmath</span><span style=\"color:#c0c5ce;\">&gt;\n</span><span style=\"color:#b48ead;\">#include </span><span style=\"color:#c0c5ce;\">&lt;</span><span style=\"color:#a3be8c;\">algorithm</span><span style=\"color:#c0c5ce;\">&gt;\n</span><span style=\"color:#65737e;\">// #define DBG\n</span><span style=\"color:#b48ead;\">const int</span><span style=\"color:#c0c5ce;\"> MAXN = </span><span style=\"color:#d08770;\">50005</span><span style=\"color:#c0c5ce;\">;\n</span><span style=\"color:#b48ead;\">const double</span><span style=\"color:#c0c5ce;\"> EPS = </span><span style=\"color:#d08770;\">1e-9</span><span style=\"color:#c0c5ce;\">;\n</span><span style=\"color:#b48ead;\">struct </span><span style=\"color:#c0c5ce;\">Point {\n</span><span style=\"color:#c0c5ce;\">    </span><span style=\"color:#b48ead;\">double</span><span style=\"color:#c0c5ce;\"> x, y;\n</span><span style=\"color:#c0c5ce;\">    </span><span style=\"color:#8fa1b3;\">Point</span><span style=\"color:#c0c5ce;\">(</span><span style=\"color:#b48ead;\">double </span><span style=\"color:#bf616a;\">x </span><span style=\"color:#c0c5ce;\">= </span><span style=\"color:#d08770;\">0</span><span style=\"color:#c0c5ce;\">, </span><span style=\"color:#b48ead;\">double </span><span style=\"color:#bf616a;\">y </span><span style=\"color:#c0c5ce;\">= </span><span style=\"color:#d08770;\">0</span><span style=\"color:#c0c5ce;\">) : </span><span style=\"color:#bf616a;\">x</span><span style=\"color:#c0c5ce;\">(x), </span><span style=\"color:#bf616a;\">y</span><span style=\"color:#c0c5ce;\">(y) {}\n</span><span style=\"color:#c0c5ce;\">    </span><span style=\"color:#b48ead;\">void </span><span style=\"color:#8fa1b3;\">print</span><span style=\"color:#c0c5ce;\">() {\n</span><span style=\"color:#c0c5ce;\">        </span><span style=\"color:#b48ead;\">if </span><span style=\"color:#c0c5ce;\">(</span><span style=\"color:#96b5b4;\">fabs</span><span style=\"color:#c0c5ce;\">(x) &lt;= EPS) x = </span><span style=\"color:#d08770;\">0</span><span style=\"color:#c0c5ce;\">;\n</span><span style=\"color:#c0c5ce;\">        </span><span style=\"color:#b48ead;\">if </span><span style=\"color:#c0c5ce;\">(</span><span style=\"color:#96b5b4;\">fabs</span><span style=\"color:#c0c5ce;\">(y) &lt;= EPS) y = </span><span style=\"color:#d08770;\">0</span><span style=\"color:#c0c5ce;\">;\n</span><span style=\"color:#c0c5ce;\">        </span><span style=\"color:#96b5b4;\">printf</span><span style=\"color:#c0c5ce;\">(&quot;</span><span style=\"color:#d08770;\">%.5lf %.5lf</span><span style=\"color:#96b5b4;\">\\n</span><span style=\"color:#c0c5ce;\">&quot;, x, y);\n</span><span style=\"color:#c0c5ce;\">    }\n</span><span style=\"color:#c0c5ce;\">    Point </span><span style=\"color:#8fa1b3;\">getPerpendicular</span><span style=\"color:#c0c5ce;\">() {\n</span><span style=\"color:#c0c5ce;\">        </span><span style=\"color:#b48ead;\">double</span><span style=\"color:#c0c5ce;\"> X = </span><span style=\"color:#96b5b4;\">sqrt</span><span style=\"color:#c0c5ce;\">(</span><span style=\"color:#d08770;\">1 </span><span style=\"color:#c0c5ce;\">/ (</span><span style=\"color:#d08770;\">1 </span><span style=\"color:#c0c5ce;\">+ (x / y) * (x / y)));\n</span><span style=\"color:#c0c5ce;\">        </span><span style=\"color:#b48ead;\">int</span><span style=\"color:#c0c5ce;\"> sx, sy;\n</span><span style=\"color:#c0c5ce;\">        </span><span style=\"color:#b48ead;\">if </span><span style=\"color:#c0c5ce;\">(x &gt; </span><span style=\"color:#d08770;\">0 </span><span style=\"color:#c0c5ce;\">&amp;&amp; y &gt; </span><span style=\"color:#d08770;\">0</span><span style=\"color:#c0c5ce;\">) sx = </span><span style=\"color:#d08770;\">1</span><span style=\"color:#c0c5ce;\">, sy = -</span><span style=\"color:#d08770;\">1</span><span style=\"color:#c0c5ce;\">;\n</span><span style=\"color:#c0c5ce;\">        </span><span style=\"color:#b48ead;\">else if </span><span style=\"color:#c0c5ce;\">(x &gt; </span><span style=\"color:#d08770;\">0 </span><span style=\"color:#c0c5ce;\">&amp;&amp; y &lt;= </span><span style=\"color:#d08770;\">0</span><span style=\"color:#c0c5ce;\">) sx = </span><span style=\"color:#d08770;\">1</span><span style=\"color:#c0c5ce;\">, sy = </span><span style=\"color:#d08770;\">1</span><span style=\"color:#c0c5ce;\">;\n</span><span style=\"color:#c0c5ce;\">        </span><span style=\"color:#b48ead;\">else if </span><span style=\"color:#c0c5ce;\">(x &lt;= </span><span style=\"color:#d08770;\">0 </span><span style=\"color:#c0c5ce;\">&amp;&amp; y &gt; </span><span style=\"color:#d08770;\">0</span><span style=\"color:#c0c5ce;\">) sx = -</span><span style=\"color:#d08770;\">1</span><span style=\"color:#c0c5ce;\">, sy = -</span><span style=\"color:#d08770;\">1</span><span style=\"color:#c0c5ce;\">;\n</span><span style=\"color:#c0c5ce;\">        </span><span style=\"color:#b48ead;\">else</span><span style=\"color:#c0c5ce;\"> sx = </span><span style=\"color:#d08770;\">1</span><span style=\"color:#c0c5ce;\">, sy = -</span><span style=\"color:#d08770;\">1</span><span style=\"color:#c0c5ce;\">;\n</span><span style=\"color:#c0c5ce;\">        </span><span style=\"color:#b48ead;\">return </span><span style=\"color:#8fa1b3;\">Point</span><span style=\"color:#c0c5ce;\">(sx * X, sy * </span><span style=\"color:#96b5b4;\">sqrt</span><span style=\"color:#c0c5ce;\">(</span><span style=\"color:#d08770;\">1 </span><span style=\"color:#c0c5ce;\">- X * X));\n</span><span style=\"color:#c0c5ce;\">    }\n</span><span style=\"color:#c0c5ce;\">    </span><span style=\"color:#b48ead;\">bool </span><span style=\"color:#8fa1b3;\">operator&lt;</span><span style=\"color:#c0c5ce;\">(</span><span style=\"color:#b48ead;\">const</span><span style=\"color:#c0c5ce;\"> Point &amp;</span><span style=\"color:#bf616a;\">another</span><span style=\"color:#c0c5ce;\">) </span><span style=\"color:#b48ead;\">const </span><span style=\"color:#c0c5ce;\">{\n</span><span style=\"color:#c0c5ce;\">        </span><span style=\"color:#b48ead;\">return</span><span style=\"color:#c0c5ce;\"> x &lt; another.</span><span style=\"color:#bf616a;\">x </span><span style=\"color:#c0c5ce;\">|| (x == another.</span><span style=\"color:#bf616a;\">x </span><span style=\"color:#c0c5ce;\">&amp;&amp; y &lt; another.</span><span style=\"color:#bf616a;\">y</span><span style=\"color:#c0c5ce;\">);\n</span><span style=\"color:#c0c5ce;\">    }\n</span><span style=\"color:#c0c5ce;\">    </span><span style=\"color:#b48ead;\">friend</span><span style=\"color:#c0c5ce;\"> Point </span><span style=\"color:#b48ead;\">operator</span><span style=\"color:#c0c5ce;\">+(</span><span style=\"color:#b48ead;\">const</span><span style=\"color:#c0c5ce;\"> Point &amp;a, </span><span style=\"color:#b48ead;\">const</span><span style=\"color:#c0c5ce;\"> Point &amp;b) {\n</span><span style=\"color:#c0c5ce;\">        </span><span style=\"color:#b48ead;\">return </span><span style=\"color:#8fa1b3;\">Point</span><span style=\"color:#c0c5ce;\">(a.</span><span style=\"color:#bf616a;\">x </span><span style=\"color:#c0c5ce;\">+ b.</span><span style=\"color:#bf616a;\">x</span><span style=\"color:#c0c5ce;\">, a.</span><span style=\"color:#bf616a;\">y </span><span style=\"color:#c0c5ce;\">+ b.</span><span style=\"color:#bf616a;\">y</span><span style=\"color:#c0c5ce;\">);\n</span><span style=\"color:#c0c5ce;\">    }\n</span><span style=\"color:#c0c5ce;\">    </span><span style=\"color:#b48ead;\">friend</span><span style=\"color:#c0c5ce;\"> Point </span><span style=\"color:#b48ead;\">operator</span><span style=\"color:#c0c5ce;\">-(</span><span style=\"color:#b48ead;\">const</span><span style=\"color:#c0c5ce;\"> Point &amp;a, </span><span style=\"color:#b48ead;\">const</span><span style=\"color:#c0c5ce;\"> Point &amp;b) {\n</span><span style=\"color:#c0c5ce;\">        </span><span style=\"color:#b48ead;\">return </span><span style=\"color:#8fa1b3;\">Point</span><span style=\"color:#c0c5ce;\">(a.</span><span style=\"color:#bf616a;\">x </span><span style=\"color:#c0c5ce;\">- b.</span><span style=\"color:#bf616a;\">x</span><span style=\"color:#c0c5ce;\">, a.</span><span style=\"color:#bf616a;\">y </span><span style=\"color:#c0c5ce;\">- b.</span><span style=\"color:#bf616a;\">y</span><span style=\"color:#c0c5ce;\">);\n</span><span style=\"color:#c0c5ce;\">    }\n</span><span style=\"color:#c0c5ce;\">    </span><span style=\"color:#b48ead;\">friend</span><span style=\"color:#c0c5ce;\"> Point </span><span style=\"color:#b48ead;\">operator</span><span style=\"color:#c0c5ce;\">*(</span><span style=\"color:#b48ead;\">const</span><span style=\"color:#c0c5ce;\"> Point &amp;p, </span><span style=\"color:#b48ead;\">const double</span><span style=\"color:#c0c5ce;\"> a) {\n</span><span style=\"color:#c0c5ce;\">        </span><span style=\"color:#b48ead;\">return </span><span style=\"color:#8fa1b3;\">Point</span><span style=\"color:#c0c5ce;\">(p.</span><span style=\"color:#bf616a;\">x </span><span style=\"color:#c0c5ce;\">* a, p.</span><span style=\"color:#bf616a;\">y </span><span style=\"color:#c0c5ce;\">* a);\n</span><span style=\"color:#c0c5ce;\">    }\n</span><span style=\"color:#c0c5ce;\">    </span><span style=\"color:#b48ead;\">friend</span><span style=\"color:#c0c5ce;\"> Point </span><span style=\"color:#b48ead;\">operator</span><span style=\"color:#c0c5ce;\">/(</span><span style=\"color:#b48ead;\">const</span><span style=\"color:#c0c5ce;\"> Point &amp;p, </span><span style=\"color:#b48ead;\">const double</span><span style=\"color:#c0c5ce;\"> a) {\n</span><span style=\"color:#c0c5ce;\">        </span><span style=\"color:#b48ead;\">return </span><span style=\"color:#8fa1b3;\">Point</span><span style=\"color:#c0c5ce;\">(p.</span><span style=\"color:#bf616a;\">x </span><span style=\"color:#c0c5ce;\">/ a, p.</span><span style=\"color:#bf616a;\">y </span><span style=\"color:#c0c5ce;\">/ a);\n</span><span style=\"color:#c0c5ce;\">    }\n</span><span style=\"color:#c0c5ce;\">    </span><span style=\"color:#b48ead;\">friend double</span><span style=\"color:#c0c5ce;\"> dot(</span><span style=\"color:#b48ead;\">const</span><span style=\"color:#c0c5ce;\"> Point &amp;a, </span><span style=\"color:#b48ead;\">const</span><span style=\"color:#c0c5ce;\"> Point &amp;b) {\n</span><span style=\"color:#c0c5ce;\">        </span><span style=\"color:#b48ead;\">return</span><span style=\"color:#c0c5ce;\"> a.</span><span style=\"color:#bf616a;\">x </span><span style=\"color:#c0c5ce;\">* b.</span><span style=\"color:#bf616a;\">x </span><span style=\"color:#c0c5ce;\">+ a.</span><span style=\"color:#bf616a;\">y </span><span style=\"color:#c0c5ce;\">* b.</span><span style=\"color:#bf616a;\">y</span><span style=\"color:#c0c5ce;\">;\n</span><span style=\"color:#c0c5ce;\">    }\n</span><span style=\"color:#c0c5ce;\">    </span><span style=\"color:#b48ead;\">friend double</span><span style=\"color:#c0c5ce;\"> cross(</span><span style=\"color:#b48ead;\">const</span><span style=\"color:#c0c5ce;\"> Point &amp;a, </span><span style=\"color:#b48ead;\">const</span><span style=\"color:#c0c5ce;\"> Point &amp;b) {\n</span><span style=\"color:#c0c5ce;\">        </span><span style=\"color:#b48ead;\">return</span><span style=\"color:#c0c5ce;\"> a.</span><span style=\"color:#bf616a;\">x </span><span style=\"color:#c0c5ce;\">* b.</span><span style=\"color:#bf616a;\">y </span><span style=\"color:#c0c5ce;\">- a.</span><span style=\"color:#bf616a;\">y </span><span style=\"color:#c0c5ce;\">* b.</span><span style=\"color:#bf616a;\">x</span><span style=\"color:#c0c5ce;\">;\n</span><span style=\"color:#c0c5ce;\">    }\n</span><span style=\"color:#c0c5ce;\">    </span><span style=\"color:#b48ead;\">friend double</span><span style=\"color:#c0c5ce;\"> dist(</span><span style=\"color:#b48ead;\">const</span><span style=\"color:#c0c5ce;\"> Point &amp;a, </span><span style=\"color:#b48ead;\">const</span><span style=\"color:#c0c5ce;\"> Point &amp;b) {\n</span><span style=\"color:#c0c5ce;\">        </span><span style=\"color:#b48ead;\">return </span><span style=\"color:#96b5b4;\">sqrt</span><span style=\"color:#c0c5ce;\">((a.</span><span style=\"color:#bf616a;\">x </span><span style=\"color:#c0c5ce;\">- b.</span><span style=\"color:#bf616a;\">x</span><span style=\"color:#c0c5ce;\">) * (a.</span><span style=\"color:#bf616a;\">x </span><span style=\"color:#c0c5ce;\">- b.</span><span style=\"color:#bf616a;\">x</span><span style=\"color:#c0c5ce;\">) + (a.</span><span style=\"color:#bf616a;\">y </span><span style=\"color:#c0c5ce;\">- b.</span><span style=\"color:#bf616a;\">y</span><span style=\"color:#c0c5ce;\">) * (a.</span><span style=\"color:#bf616a;\">y </span><span style=\"color:#c0c5ce;\">- b.</span><span style=\"color:#bf616a;\">y</span><span style=\"color:#c0c5ce;\">));\n</span><span style=\"color:#c0c5ce;\">    }\n</span><span style=\"color:#c0c5ce;\">} P[MAXN], ch[MAXN];\n</span><span style=\"color:#b48ead;\">struct </span><span style=\"color:#c0c5ce;\">Rectangle {\n</span><span style=\"color:#c0c5ce;\">    Point p[</span><span style=\"color:#d08770;\">4</span><span style=\"color:#c0c5ce;\">];\n</span><span style=\"color:#c0c5ce;\">    </span><span style=\"color:#b48ead;\">void </span><span style=\"color:#8fa1b3;\">print</span><span style=\"color:#c0c5ce;\">() {\n</span><span style=\"color:#c0c5ce;\">        </span><span style=\"color:#b48ead;\">int</span><span style=\"color:#c0c5ce;\"> temp = </span><span style=\"color:#d08770;\">0</span><span style=\"color:#c0c5ce;\">;\n</span><span style=\"color:#c0c5ce;\">        </span><span style=\"color:#b48ead;\">for </span><span style=\"color:#c0c5ce;\">(</span><span style=\"color:#b48ead;\">int</span><span style=\"color:#c0c5ce;\"> i = </span><span style=\"color:#d08770;\">1</span><span style=\"color:#c0c5ce;\">; i &lt; </span><span style=\"color:#d08770;\">4</span><span style=\"color:#c0c5ce;\">; i++)\n</span><span style=\"color:#c0c5ce;\">            </span><span style=\"color:#b48ead;\">if </span><span style=\"color:#c0c5ce;\">(p[i].</span><span style=\"color:#bf616a;\">y </span><span style=\"color:#c0c5ce;\">&lt; p[temp].</span><span style=\"color:#bf616a;\">y </span><span style=\"color:#c0c5ce;\">|| (p[i].</span><span style=\"color:#bf616a;\">y </span><span style=\"color:#c0c5ce;\">== p[temp].</span><span style=\"color:#bf616a;\">y </span><span style=\"color:#c0c5ce;\">&amp;&amp; p[i].</span><span style=\"color:#bf616a;\">x </span><span style=\"color:#c0c5ce;\">&lt; p[temp].</span><span style=\"color:#bf616a;\">x</span><span style=\"color:#c0c5ce;\">)) temp = i;\n</span><span style=\"color:#c0c5ce;\">        </span><span style=\"color:#b48ead;\">for </span><span style=\"color:#c0c5ce;\">(</span><span style=\"color:#b48ead;\">int</span><span style=\"color:#c0c5ce;\"> i = </span><span style=\"color:#d08770;\">0</span><span style=\"color:#c0c5ce;\">; i &lt; </span><span style=\"color:#d08770;\">4</span><span style=\"color:#c0c5ce;\">; i++) p[(i + temp) % </span><span style=\"color:#d08770;\">4</span><span style=\"color:#c0c5ce;\">].</span><span style=\"color:#8fa1b3;\">print</span><span style=\"color:#c0c5ce;\">();\n</span><span style=\"color:#c0c5ce;\">    }\n</span><span style=\"color:#c0c5ce;\">    Point &amp;</span><span style=\"color:#8fa1b3;\">operator[]</span><span style=\"color:#c0c5ce;\">(</span><span style=\"color:#b48ead;\">int </span><span style=\"color:#bf616a;\">i</span><span style=\"color:#c0c5ce;\">) {\n</span><span style=\"color:#c0c5ce;\">        </span><span style=\"color:#b48ead;\">return</span><span style=\"color:#c0c5ce;\"> p[i];\n</span><span style=\"color:#c0c5ce;\">    }\n</span><span style=\"color:#c0c5ce;\">};\n</span><span style=\"color:#b48ead;\">int </span><span style=\"color:#8fa1b3;\">getConvexHell</span><span style=\"color:#c0c5ce;\">(</span><span style=\"color:#b48ead;\">int </span><span style=\"color:#bf616a;\">n</span><span style=\"color:#c0c5ce;\">) {\n</span><span style=\"color:#c0c5ce;\">    </span><span style=\"color:#8fa1b3;\">std::sort</span><span style=\"color:#c0c5ce;\">(P + </span><span style=\"color:#d08770;\">1</span><span style=\"color:#c0c5ce;\">, P + n + </span><span style=\"color:#d08770;\">1</span><span style=\"color:#c0c5ce;\">);\n</span><span style=\"color:#c0c5ce;\">    </span><span style=\"color:#b48ead;\">int</span><span style=\"color:#c0c5ce;\"> m = </span><span style=\"color:#d08770;\">0</span><span style=\"color:#c0c5ce;\">;\n</span><span style=\"color:#c0c5ce;\">    </span><span style=\"color:#b48ead;\">for </span><span style=\"color:#c0c5ce;\">(</span><span style=\"color:#b48ead;\">int</span><span style=\"color:#c0c5ce;\"> i = </span><span style=\"color:#d08770;\">1</span><span style=\"color:#c0c5ce;\">; i &lt;= n; i++) {\n</span><span style=\"color:#c0c5ce;\">        </span><span style=\"color:#b48ead;\">while </span><span style=\"color:#c0c5ce;\">(m &gt; </span><span style=\"color:#d08770;\">1 </span><span style=\"color:#c0c5ce;\">&amp;&amp; </span><span style=\"color:#8fa1b3;\">cross</span><span style=\"color:#c0c5ce;\">(ch[m - </span><span style=\"color:#d08770;\">1</span><span style=\"color:#c0c5ce;\">] - ch[m - </span><span style=\"color:#d08770;\">2</span><span style=\"color:#c0c5ce;\">], P[i] - ch[m - </span><span style=\"color:#d08770;\">2</span><span style=\"color:#c0c5ce;\">]) &lt;= </span><span style=\"color:#d08770;\">0</span><span style=\"color:#c0c5ce;\">) m--;\n</span><span style=\"color:#c0c5ce;\">        ch[m++] = P[i];\n</span><span style=\"color:#c0c5ce;\">    }\n</span><span style=\"color:#c0c5ce;\">    </span><span style=\"color:#b48ead;\">int</span><span style=\"color:#c0c5ce;\"> k = m;\n</span><span style=\"color:#c0c5ce;\">    </span><span style=\"color:#b48ead;\">for </span><span style=\"color:#c0c5ce;\">(</span><span style=\"color:#b48ead;\">int</span><span style=\"color:#c0c5ce;\"> i = n; i; i--) {\n</span><span style=\"color:#c0c5ce;\">        </span><span style=\"color:#b48ead;\">while </span><span style=\"color:#c0c5ce;\">(m &gt; k &amp;&amp; </span><span style=\"color:#8fa1b3;\">cross</span><span style=\"color:#c0c5ce;\">(ch[m - </span><span style=\"color:#d08770;\">1</span><span style=\"color:#c0c5ce;\">] - ch[m - </span><span style=\"color:#d08770;\">2</span><span style=\"color:#c0c5ce;\">], P[i] - ch[m - </span><span style=\"color:#d08770;\">2</span><span style=\"color:#c0c5ce;\">]) &lt;= </span><span style=\"color:#d08770;\">0</span><span style=\"color:#c0c5ce;\">) m--;\n</span><span style=\"color:#c0c5ce;\">        ch[m++] = P[i];\n</span><span style=\"color:#c0c5ce;\">    }\n</span><span style=\"color:#c0c5ce;\">    m &gt; </span><span style=\"color:#d08770;\">1 </span><span style=\"color:#c0c5ce;\">? m-- : </span><span style=\"color:#d08770;\">0</span><span style=\"color:#c0c5ce;\">;\n</span><span style=\"color:#c0c5ce;\">    </span><span style=\"color:#b48ead;\">return</span><span style=\"color:#c0c5ce;\"> m;\n</span><span style=\"color:#c0c5ce;\">}\n</span><span style=\"color:#c0c5ce;\">Rectangle ans;\n</span><span style=\"color:#b48ead;\">double</span><span style=\"color:#c0c5ce;\"> ansArea = DBL_MAX;\n</span><span style=\"color:#b48ead;\">void </span><span style=\"color:#8fa1b3;\">rotatingCalipers</span><span style=\"color:#c0c5ce;\">(</span><span style=\"color:#b48ead;\">int </span><span style=\"color:#bf616a;\">n</span><span style=\"color:#c0c5ce;\">) {\n</span><span style=\"color:#c0c5ce;\">    </span><span style=\"color:#b48ead;\">for </span><span style=\"color:#c0c5ce;\">(</span><span style=\"color:#b48ead;\">int</span><span style=\"color:#c0c5ce;\"> curr = </span><span style=\"color:#d08770;\">0</span><span style=\"color:#c0c5ce;\">, right = </span><span style=\"color:#d08770;\">1</span><span style=\"color:#c0c5ce;\">, up = </span><span style=\"color:#d08770;\">1</span><span style=\"color:#c0c5ce;\">, left = </span><span style=\"color:#d08770;\">1</span><span style=\"color:#c0c5ce;\">; curr &lt; n; curr++) {\n</span><span style=\"color:#c0c5ce;\">        </span><span style=\"color:#b48ead;\">while </span><span style=\"color:#c0c5ce;\">(</span><span style=\"color:#8fa1b3;\">dot</span><span style=\"color:#c0c5ce;\">(ch[curr + </span><span style=\"color:#d08770;\">1</span><span style=\"color:#c0c5ce;\">] - ch[curr], ch[right + </span><span style=\"color:#d08770;\">1</span><span style=\"color:#c0c5ce;\">] - ch[right]) &gt;= </span><span style=\"color:#d08770;\">0</span><span style=\"color:#c0c5ce;\">) right = (right + </span><span style=\"color:#d08770;\">1</span><span style=\"color:#c0c5ce;\">) % n;\n</span><span style=\"color:#c0c5ce;\">        curr ? </span><span style=\"color:#d08770;\">0 </span><span style=\"color:#c0c5ce;\">: up = right;\n</span><span style=\"color:#c0c5ce;\">        </span><span style=\"color:#b48ead;\">while </span><span style=\"color:#c0c5ce;\">(</span><span style=\"color:#8fa1b3;\">cross</span><span style=\"color:#c0c5ce;\">(ch[curr + </span><span style=\"color:#d08770;\">1</span><span style=\"color:#c0c5ce;\">] - ch[curr], ch[up + </span><span style=\"color:#d08770;\">1</span><span style=\"color:#c0c5ce;\">] - ch[up]) &gt;= </span><span style=\"color:#d08770;\">0</span><span style=\"color:#c0c5ce;\">) up = (up + </span><span style=\"color:#d08770;\">1</span><span style=\"color:#c0c5ce;\">) % n;\n</span><span style=\"color:#c0c5ce;\">        curr ? </span><span style=\"color:#d08770;\">0 </span><span style=\"color:#c0c5ce;\">: left = up;\n</span><span style=\"color:#c0c5ce;\">        </span><span style=\"color:#b48ead;\">while </span><span style=\"color:#c0c5ce;\">(</span><span style=\"color:#8fa1b3;\">dot</span><span style=\"color:#c0c5ce;\">(ch[curr + </span><span style=\"color:#d08770;\">1</span><span style=\"color:#c0c5ce;\">] - ch[curr], ch[left + </span><span style=\"color:#d08770;\">1</span><span style=\"color:#c0c5ce;\">] - ch[left]) &lt;= </span><span style=\"color:#d08770;\">0</span><span style=\"color:#c0c5ce;\">) left = (left + </span><span style=\"color:#d08770;\">1</span><span style=\"color:#c0c5ce;\">) % n;\n</span><span style=\"color:#c0c5ce;\">        Point currV = ch[curr + </span><span style=\"color:#d08770;\">1</span><span style=\"color:#c0c5ce;\">] - ch[curr];\n</span><span style=\"color:#c0c5ce;\">        </span><span style=\"color:#b48ead;\">double</span><span style=\"color:#c0c5ce;\"> currLen = </span><span style=\"color:#8fa1b3;\">dist</span><span style=\"color:#c0c5ce;\">(ch[curr], ch[curr + </span><span style=\"color:#d08770;\">1</span><span style=\"color:#c0c5ce;\">]);\n</span><span style=\"color:#c0c5ce;\">        </span><span style=\"color:#b48ead;\">double</span><span style=\"color:#c0c5ce;\"> height = </span><span style=\"color:#96b5b4;\">fabs</span><span style=\"color:#c0c5ce;\">(</span><span style=\"color:#8fa1b3;\">cross</span><span style=\"color:#c0c5ce;\">(currV, ch[up] - ch[curr]) / currLen);\n</span><span style=\"color:#c0c5ce;\">        </span><span style=\"color:#b48ead;\">double</span><span style=\"color:#c0c5ce;\"> bottom = </span><span style=\"color:#96b5b4;\">fabs</span><span style=\"color:#c0c5ce;\">(</span><span style=\"color:#8fa1b3;\">dot</span><span style=\"color:#c0c5ce;\">(currV, ch[left] - ch[curr]) / currLen)\n</span><span style=\"color:#c0c5ce;\">                      + </span><span style=\"color:#96b5b4;\">fabs</span><span style=\"color:#c0c5ce;\">(</span><span style=\"color:#8fa1b3;\">dot</span><span style=\"color:#c0c5ce;\">(currV, ch[right] - ch[curr]) / currLen);\n</span><span style=\"color:#c0c5ce;\">        </span><span style=\"color:#b48ead;\">double</span><span style=\"color:#c0c5ce;\"> currArea = bottom * height;\n</span><span style=\"color:#c0c5ce;\">        Point currPerpendicular = currV.</span><span style=\"color:#8fa1b3;\">getPerpendicular</span><span style=\"color:#c0c5ce;\">();\n</span><span style=\"color:#c0c5ce;\">        </span><span style=\"color:#b48ead;\">if </span><span style=\"color:#c0c5ce;\">(currArea &lt; ansArea) {\n</span><span style=\"color:#c0c5ce;\">            ansArea = currArea;\n</span><span style=\"color:#c0c5ce;\">            ans[</span><span style=\"color:#d08770;\">0</span><span style=\"color:#c0c5ce;\">] = ch[curr] + currV * </span><span style=\"color:#96b5b4;\">fabs</span><span style=\"color:#c0c5ce;\">((</span><span style=\"color:#8fa1b3;\">dot</span><span style=\"color:#c0c5ce;\">(currV, ch[right] - ch[curr])) / currLen) / currLen;\n</span><span style=\"color:#c0c5ce;\">            ans[</span><span style=\"color:#d08770;\">1</span><span style=\"color:#c0c5ce;\">] = ans[</span><span style=\"color:#d08770;\">0</span><span style=\"color:#c0c5ce;\">] + currPerpendicular * height;\n</span><span style=\"color:#c0c5ce;\">            ans[</span><span style=\"color:#d08770;\">2</span><span style=\"color:#c0c5ce;\">] = ans[</span><span style=\"color:#d08770;\">1</span><span style=\"color:#c0c5ce;\">] - currV * bottom / currLen;\n</span><span style=\"color:#c0c5ce;\">            ans[</span><span style=\"color:#d08770;\">3</span><span style=\"color:#c0c5ce;\">] = ans[</span><span style=\"color:#d08770;\">2</span><span style=\"color:#c0c5ce;\">] - currPerpendicular * height;\n</span><span style=\"color:#c0c5ce;\">        }\n</span><span style=\"color:#c0c5ce;\">    }\n</span><span style=\"color:#c0c5ce;\">}\n</span><span style=\"color:#b48ead;\">int </span><span style=\"color:#8fa1b3;\">main</span><span style=\"color:#c0c5ce;\">() {\n</span><span style=\"color:#c0c5ce;\">    </span><span style=\"color:#b48ead;\">int</span><span style=\"color:#c0c5ce;\"> n;\n</span><span style=\"color:#c0c5ce;\">    </span><span style=\"color:#96b5b4;\">scanf</span><span style=\"color:#c0c5ce;\">(&quot;</span><span style=\"color:#d08770;\">%d</span><span style=\"color:#c0c5ce;\">&quot;, &amp;n);\n</span><span style=\"color:#c0c5ce;\">    </span><span style=\"color:#b48ead;\">for </span><span style=\"color:#c0c5ce;\">(</span><span style=\"color:#b48ead;\">int</span><span style=\"color:#c0c5ce;\"> i = </span><span style=\"color:#d08770;\">1</span><span style=\"color:#c0c5ce;\">; i &lt;= n; i++) </span><span style=\"color:#96b5b4;\">scanf</span><span style=\"color:#c0c5ce;\">(&quot;</span><span style=\"color:#d08770;\">%lf %lf</span><span style=\"color:#c0c5ce;\">&quot;, &amp;P[i].</span><span style=\"color:#bf616a;\">x</span><span style=\"color:#c0c5ce;\">, &amp;P[i].</span><span style=\"color:#bf616a;\">y</span><span style=\"color:#c0c5ce;\">);\n</span><span style=\"color:#c0c5ce;\">    </span><span style=\"color:#b48ead;\">int</span><span style=\"color:#c0c5ce;\"> m = </span><span style=\"color:#8fa1b3;\">getConvexHell</span><span style=\"color:#c0c5ce;\">(n);\n</span><span style=\"color:#c0c5ce;\">    </span><span style=\"color:#8fa1b3;\">rotatingCalipers</span><span style=\"color:#c0c5ce;\">(m);\n</span><span style=\"color:#c0c5ce;\">    </span><span style=\"color:#96b5b4;\">printf</span><span style=\"color:#c0c5ce;\">(&quot;</span><span style=\"color:#d08770;\">%.5lf</span><span style=\"color:#96b5b4;\">\\n</span><span style=\"color:#c0c5ce;\">&quot;, ansArea);\n</span><span style=\"color:#c0c5ce;\">    ans.</span><span style=\"color:#8fa1b3;\">print</span><span style=\"color:#c0c5ce;\">();\n</span><span style=\"color:#c0c5ce;\">    </span><span style=\"color:#b48ead;\">return </span><span style=\"color:#d08770;\">0</span><span style=\"color:#c0c5ce;\">;\n</span><span style=\"color:#c0c5ce;\">}\n</span>\n</code></pre>\n"}