{"title":"[SHOI 2008] 循环的债务","tags":["DP"],"create_time":1494281778,"last_modified":1596709597,"toc":"<ol><li><a href=\"#题目大意\">题目大意</a></li><li><a href=\"#题目链接\">题目链接</a></li><li><a href=\"#题解\">题解</a></li><li><a href=\"#代码\">代码</a></li>","html":"<h2><a href=\"#题目大意\" aria-hidden=\"true\" class=\"anchor\" id=\"题目大意\"></a>题目大意</h2>\n<p>给定 <span class=\"katex\"><span class=\"katex-mathml\"><math xmlns=\"http://www.w3.org/1998/Math/MathML\"><semantics><mrow><mi>A</mi></mrow><annotation encoding=\"application/x-tex\">A</annotation></semantics></math></span><span class=\"katex-html\" aria-hidden=\"true\"><span class=\"base\"><span class=\"strut\" style=\"height:0.6833em;\"></span><span class=\"mord mathnormal\">A</span></span></span></span> 欠 <span class=\"katex\"><span class=\"katex-mathml\"><math xmlns=\"http://www.w3.org/1998/Math/MathML\"><semantics><mrow><mi>B</mi></mrow><annotation encoding=\"application/x-tex\">B</annotation></semantics></math></span><span class=\"katex-html\" aria-hidden=\"true\"><span class=\"base\"><span class=\"strut\" style=\"height:0.6833em;\"></span><span class=\"mord mathnormal\" style=\"margin-right:0.05017em;\">B</span></span></span></span> 、<span class=\"katex\"><span class=\"katex-mathml\"><math xmlns=\"http://www.w3.org/1998/Math/MathML\"><semantics><mrow><mi>B</mi></mrow><annotation encoding=\"application/x-tex\">B</annotation></semantics></math></span><span class=\"katex-html\" aria-hidden=\"true\"><span class=\"base\"><span class=\"strut\" style=\"height:0.6833em;\"></span><span class=\"mord mathnormal\" style=\"margin-right:0.05017em;\">B</span></span></span></span> 欠 <span class=\"katex\"><span class=\"katex-mathml\"><math xmlns=\"http://www.w3.org/1998/Math/MathML\"><semantics><mrow><mi>C</mi></mrow><annotation encoding=\"application/x-tex\">C</annotation></semantics></math></span><span class=\"katex-html\" aria-hidden=\"true\"><span class=\"base\"><span class=\"strut\" style=\"height:0.6833em;\"></span><span class=\"mord mathnormal\" style=\"margin-right:0.07153em;\">C</span></span></span></span> 、<span class=\"katex\"><span class=\"katex-mathml\"><math xmlns=\"http://www.w3.org/1998/Math/MathML\"><semantics><mrow><mi>C</mi></mrow><annotation encoding=\"application/x-tex\">C</annotation></semantics></math></span><span class=\"katex-html\" aria-hidden=\"true\"><span class=\"base\"><span class=\"strut\" style=\"height:0.6833em;\"></span><span class=\"mord mathnormal\" style=\"margin-right:0.07153em;\">C</span></span></span></span> 欠 <span class=\"katex\"><span class=\"katex-mathml\"><math xmlns=\"http://www.w3.org/1998/Math/MathML\"><semantics><mrow><mi>A</mi></mrow><annotation encoding=\"application/x-tex\">A</annotation></semantics></math></span><span class=\"katex-html\" aria-hidden=\"true\"><span class=\"base\"><span class=\"strut\" style=\"height:0.6833em;\"></span><span class=\"mord mathnormal\">A</span></span></span></span> 的钱，以及每个人有的 <span class=\"katex\"><span class=\"katex-mathml\"><math xmlns=\"http://www.w3.org/1998/Math/MathML\"><semantics><mrow><mn>1</mn></mrow><annotation encoding=\"application/x-tex\">1</annotation></semantics></math></span><span class=\"katex-html\" aria-hidden=\"true\"><span class=\"base\"><span class=\"strut\" style=\"height:0.6444em;\"></span><span class=\"mord\">1</span></span></span></span> 、<span class=\"katex\"><span class=\"katex-mathml\"><math xmlns=\"http://www.w3.org/1998/Math/MathML\"><semantics><mrow><mn>5</mn></mrow><annotation encoding=\"application/x-tex\">5</annotation></semantics></math></span><span class=\"katex-html\" aria-hidden=\"true\"><span class=\"base\"><span class=\"strut\" style=\"height:0.6444em;\"></span><span class=\"mord\">5</span></span></span></span> 、<span class=\"katex\"><span class=\"katex-mathml\"><math xmlns=\"http://www.w3.org/1998/Math/MathML\"><semantics><mrow><mn>10</mn></mrow><annotation encoding=\"application/x-tex\">10</annotation></semantics></math></span><span class=\"katex-html\" aria-hidden=\"true\"><span class=\"base\"><span class=\"strut\" style=\"height:0.6444em;\"></span><span class=\"mord\">10</span></span></span></span> 、<span class=\"katex\"><span class=\"katex-mathml\"><math xmlns=\"http://www.w3.org/1998/Math/MathML\"><semantics><mrow><mn>20</mn></mrow><annotation encoding=\"application/x-tex\">20</annotation></semantics></math></span><span class=\"katex-html\" aria-hidden=\"true\"><span class=\"base\"><span class=\"strut\" style=\"height:0.6444em;\"></span><span class=\"mord\">20</span></span></span></span> 、<span class=\"katex\"><span class=\"katex-mathml\"><math xmlns=\"http://www.w3.org/1998/Math/MathML\"><semantics><mrow><mn>50</mn></mrow><annotation encoding=\"application/x-tex\">50</annotation></semantics></math></span><span class=\"katex-html\" aria-hidden=\"true\"><span class=\"base\"><span class=\"strut\" style=\"height:0.6444em;\"></span><span class=\"mord\">50</span></span></span></span> 、<span class=\"katex\"><span class=\"katex-mathml\"><math xmlns=\"http://www.w3.org/1998/Math/MathML\"><semantics><mrow><mn>100</mn></mrow><annotation encoding=\"application/x-tex\">100</annotation></semantics></math></span><span class=\"katex-html\" aria-hidden=\"true\"><span class=\"base\"><span class=\"strut\" style=\"height:0.6444em;\"></span><span class=\"mord\">100</span></span></span></span> 的钞票数量，求参与还清债务的最小钞票数，或输出 <code>impossible</code> 表示不能还清。</p>\n<p><span class=\"katex\"><span class=\"katex-mathml\"><math xmlns=\"http://www.w3.org/1998/Math/MathML\"><semantics><mrow><mi mathvariant=\"normal\">∣</mi><msub><mi>x</mi><mn>1</mn></msub><mi mathvariant=\"normal\">∣</mi><mo separator=\"true\">,</mo><mtext>  </mtext><mi mathvariant=\"normal\">∣</mi><msub><mi>x</mi><mn>2</mn></msub><mi mathvariant=\"normal\">∣</mi><mo separator=\"true\">,</mo><mtext>  </mtext><mi mathvariant=\"normal\">∣</mi><msub><mi>x</mi><mn>3</mn></msub><mi mathvariant=\"normal\">∣</mi><mo>⩽</mo><mn>1</mn><mo separator=\"true\">,</mo><mn>000</mn></mrow><annotation encoding=\"application/x-tex\">|x_1|,;|x_2|,;|x_3| \\leqslant 1,000</annotation></semantics></math></span><span class=\"katex-html\" aria-hidden=\"true\"><span class=\"base\"><span class=\"strut\" style=\"height:1em;vertical-align:-0.25em;\"></span><span class=\"mord\">∣</span><span class=\"mord\"><span class=\"mord mathnormal\">x</span><span class=\"msupsub\"><span class=\"vlist-t vlist-t2\"><span class=\"vlist-r\"><span class=\"vlist\" style=\"height:0.3011em;\"><span style=\"top:-2.55em;margin-left:0em;margin-right:0.05em;\"><span class=\"pstrut\" style=\"height:2.7em;\"></span><span class=\"sizing reset-size6 size3 mtight\"><span class=\"mord mtight\">1</span></span></span></span><span class=\"vlist-s\">​</span></span><span class=\"vlist-r\"><span class=\"vlist\" style=\"height:0.15em;\"><span></span></span></span></span></span></span><span class=\"mord\">∣</span><span class=\"mpunct\">,</span><span class=\"mspace\" style=\"margin-right:0.2778em;\"></span><span class=\"mspace\" style=\"margin-right:0.1667em;\"></span><span class=\"mord\">∣</span><span class=\"mord\"><span class=\"mord mathnormal\">x</span><span class=\"msupsub\"><span class=\"vlist-t vlist-t2\"><span class=\"vlist-r\"><span class=\"vlist\" style=\"height:0.3011em;\"><span style=\"top:-2.55em;margin-left:0em;margin-right:0.05em;\"><span class=\"pstrut\" style=\"height:2.7em;\"></span><span class=\"sizing reset-size6 size3 mtight\"><span class=\"mord mtight\">2</span></span></span></span><span class=\"vlist-s\">​</span></span><span class=\"vlist-r\"><span class=\"vlist\" style=\"height:0.15em;\"><span></span></span></span></span></span></span><span class=\"mord\">∣</span><span class=\"mpunct\">,</span><span class=\"mspace\" style=\"margin-right:0.2778em;\"></span><span class=\"mspace\" style=\"margin-right:0.1667em;\"></span><span class=\"mord\">∣</span><span class=\"mord\"><span class=\"mord mathnormal\">x</span><span class=\"msupsub\"><span class=\"vlist-t vlist-t2\"><span class=\"vlist-r\"><span class=\"vlist\" style=\"height:0.3011em;\"><span style=\"top:-2.55em;margin-left:0em;margin-right:0.05em;\"><span class=\"pstrut\" style=\"height:2.7em;\"></span><span class=\"sizing reset-size6 size3 mtight\"><span class=\"mord mtight\">3</span></span></span></span><span class=\"vlist-s\">​</span></span><span class=\"vlist-r\"><span class=\"vlist\" style=\"height:0.15em;\"><span></span></span></span></span></span></span><span class=\"mord\">∣</span><span class=\"mspace\" style=\"margin-right:0.2778em;\"></span><span class=\"mrel amsrm\">⩽</span><span class=\"mspace\" style=\"margin-right:0.2778em;\"></span></span><span class=\"base\"><span class=\"strut\" style=\"height:0.8389em;vertical-align:-0.1944em;\"></span><span class=\"mord\">1</span><span class=\"mpunct\">,</span><span class=\"mspace\" style=\"margin-right:0.1667em;\"></span><span class=\"mord\">000</span></span></span></span></p>\n<p>总金额 <span class=\"katex\"><span class=\"katex-mathml\"><math xmlns=\"http://www.w3.org/1998/Math/MathML\"><semantics><mrow><mo>⩽</mo><mn>1</mn><mo separator=\"true\">,</mo><mn>000</mn></mrow><annotation encoding=\"application/x-tex\">\\leqslant 1,000</annotation></semantics></math></span><span class=\"katex-html\" aria-hidden=\"true\"><span class=\"base\"><span class=\"strut\" style=\"height:0.7733em;vertical-align:-0.1367em;\"></span><span class=\"mrel amsrm\">⩽</span><span class=\"mspace\" style=\"margin-right:0.2778em;\"></span></span><span class=\"base\"><span class=\"strut\" style=\"height:0.8389em;vertical-align:-0.1944em;\"></span><span class=\"mord\">1</span><span class=\"mpunct\">,</span><span class=\"mspace\" style=\"margin-right:0.1667em;\"></span><span class=\"mord\">000</span></span></span></span></p>\n<h2><a href=\"#题目链接\" aria-hidden=\"true\" class=\"anchor\" id=\"题目链接\"></a>题目链接</h2>\n<p><a href=\"https://www.luogu.com.cn/problem/P4026\">【SHOI 2008】循环的债务 - Luogu 4026</a></p>\n<!-- more -->\n<h2><a href=\"#题解\" aria-hidden=\"true\" class=\"anchor\" id=\"题解\"></a>题解</h2>\n<p>DP + 剪枝。</p>\n<p>记 <span class=\"katex\"><span class=\"katex-mathml\"><math xmlns=\"http://www.w3.org/1998/Math/MathML\"><semantics><mrow><mi>f</mi><mo stretchy=\"false\">(</mo><mi>i</mi><mo separator=\"true\">,</mo><mtext>  </mtext><mi>a</mi><mo separator=\"true\">,</mo><mtext>  </mtext><mi>b</mi><mo stretchy=\"false\">)</mo></mrow><annotation encoding=\"application/x-tex\">f(i, ; a, ; b)</annotation></semantics></math></span><span class=\"katex-html\" aria-hidden=\"true\"><span class=\"base\"><span class=\"strut\" style=\"height:1em;vertical-align:-0.25em;\"></span><span class=\"mord mathnormal\" style=\"margin-right:0.10764em;\">f</span><span class=\"mopen\">(</span><span class=\"mord mathnormal\">i</span><span class=\"mpunct\">,</span><span class=\"mspace\" style=\"margin-right:0.2778em;\"></span><span class=\"mspace\" style=\"margin-right:0.1667em;\"></span><span class=\"mord mathnormal\">a</span><span class=\"mpunct\">,</span><span class=\"mspace\" style=\"margin-right:0.2778em;\"></span><span class=\"mspace\" style=\"margin-right:0.1667em;\"></span><span class=\"mord mathnormal\">b</span><span class=\"mclose\">)</span></span></span></span> 表示正在考虑第 <span class=\"katex\"><span class=\"katex-mathml\"><math xmlns=\"http://www.w3.org/1998/Math/MathML\"><semantics><mrow><mi>i</mi></mrow><annotation encoding=\"application/x-tex\">i</annotation></semantics></math></span><span class=\"katex-html\" aria-hidden=\"true\"><span class=\"base\"><span class=\"strut\" style=\"height:0.6595em;\"></span><span class=\"mord mathnormal\">i</span></span></span></span> 种面值的钞票（从小到大）、<span class=\"katex\"><span class=\"katex-mathml\"><math xmlns=\"http://www.w3.org/1998/Math/MathML\"><semantics><mrow><mi>A</mi></mrow><annotation encoding=\"application/x-tex\">A</annotation></semantics></math></span><span class=\"katex-html\" aria-hidden=\"true\"><span class=\"base\"><span class=\"strut\" style=\"height:0.6833em;\"></span><span class=\"mord mathnormal\">A</span></span></span></span> 有 <span class=\"katex\"><span class=\"katex-mathml\"><math xmlns=\"http://www.w3.org/1998/Math/MathML\"><semantics><mrow><mi>a</mi></mrow><annotation encoding=\"application/x-tex\">a</annotation></semantics></math></span><span class=\"katex-html\" aria-hidden=\"true\"><span class=\"base\"><span class=\"strut\" style=\"height:0.4306em;\"></span><span class=\"mord mathnormal\">a</span></span></span></span> 元、<span class=\"katex\"><span class=\"katex-mathml\"><math xmlns=\"http://www.w3.org/1998/Math/MathML\"><semantics><mrow><mi>B</mi></mrow><annotation encoding=\"application/x-tex\">B</annotation></semantics></math></span><span class=\"katex-html\" aria-hidden=\"true\"><span class=\"base\"><span class=\"strut\" style=\"height:0.6833em;\"></span><span class=\"mord mathnormal\" style=\"margin-right:0.05017em;\">B</span></span></span></span> 有 <span class=\"katex\"><span class=\"katex-mathml\"><math xmlns=\"http://www.w3.org/1998/Math/MathML\"><semantics><mrow><mi>b</mi></mrow><annotation encoding=\"application/x-tex\">b</annotation></semantics></math></span><span class=\"katex-html\" aria-hidden=\"true\"><span class=\"base\"><span class=\"strut\" style=\"height:0.6944em;\"></span><span class=\"mord mathnormal\">b</span></span></span></span> 元（由于金额不变，所以 <span class=\"katex\"><span class=\"katex-mathml\"><math xmlns=\"http://www.w3.org/1998/Math/MathML\"><semantics><mrow><mi>C</mi></mrow><annotation encoding=\"application/x-tex\">C</annotation></semantics></math></span><span class=\"katex-html\" aria-hidden=\"true\"><span class=\"base\"><span class=\"strut\" style=\"height:0.6833em;\"></span><span class=\"mord mathnormal\" style=\"margin-right:0.07153em;\">C</span></span></span></span> 的钱数可以计算出来）时的答案。</p>\n<p>枚举 <span class=\"katex\"><span class=\"katex-mathml\"><math xmlns=\"http://www.w3.org/1998/Math/MathML\"><semantics><mrow><mi>i</mi></mrow><annotation encoding=\"application/x-tex\">i</annotation></semantics></math></span><span class=\"katex-html\" aria-hidden=\"true\"><span class=\"base\"><span class=\"strut\" style=\"height:0.6595em;\"></span><span class=\"mord mathnormal\">i</span></span></span></span> ，枚举有意义的 <span class=\"katex\"><span class=\"katex-mathml\"><math xmlns=\"http://www.w3.org/1998/Math/MathML\"><semantics><mrow><mi>a</mi><mi>L</mi><mi>a</mi><mi>s</mi><mi>t</mi></mrow><annotation encoding=\"application/x-tex\">aLast</annotation></semantics></math></span><span class=\"katex-html\" aria-hidden=\"true\"><span class=\"base\"><span class=\"strut\" style=\"height:0.6833em;\"></span><span class=\"mord mathnormal\">a</span><span class=\"mord mathnormal\">L</span><span class=\"mord mathnormal\">a</span><span class=\"mord mathnormal\">s</span><span class=\"mord mathnormal\">t</span></span></span></span> 、<span class=\"katex\"><span class=\"katex-mathml\"><math xmlns=\"http://www.w3.org/1998/Math/MathML\"><semantics><mrow><mi>b</mi><mi>L</mi><mi>a</mi><mi>s</mi><mi>t</mi></mrow><annotation encoding=\"application/x-tex\">bLast</annotation></semantics></math></span><span class=\"katex-html\" aria-hidden=\"true\"><span class=\"base\"><span class=\"strut\" style=\"height:0.6944em;\"></span><span class=\"mord mathnormal\">b</span><span class=\"mord mathnormal\">L</span><span class=\"mord mathnormal\">a</span><span class=\"mord mathnormal\">s</span><span class=\"mord mathnormal\">t</span></span></span></span> ，我们要从 <span class=\"katex\"><span class=\"katex-mathml\"><math xmlns=\"http://www.w3.org/1998/Math/MathML\"><semantics><mrow><mi>f</mi><mo stretchy=\"false\">(</mo><mi>i</mi><mo>−</mo><mn>1</mn><mo separator=\"true\">,</mo><mtext>  </mtext><mi>a</mi><mi>L</mi><mi>a</mi><mi>s</mi><mi>t</mi><mo separator=\"true\">,</mo><mi>b</mi><mi>L</mi><mi>a</mi><mi>s</mi><mi>t</mi><mo stretchy=\"false\">)</mo></mrow><annotation encoding=\"application/x-tex\">f(i - 1, ; aLast, bLast)</annotation></semantics></math></span><span class=\"katex-html\" aria-hidden=\"true\"><span class=\"base\"><span class=\"strut\" style=\"height:1em;vertical-align:-0.25em;\"></span><span class=\"mord mathnormal\" style=\"margin-right:0.10764em;\">f</span><span class=\"mopen\">(</span><span class=\"mord mathnormal\">i</span><span class=\"mspace\" style=\"margin-right:0.2222em;\"></span><span class=\"mbin\">−</span><span class=\"mspace\" style=\"margin-right:0.2222em;\"></span></span><span class=\"base\"><span class=\"strut\" style=\"height:1em;vertical-align:-0.25em;\"></span><span class=\"mord\">1</span><span class=\"mpunct\">,</span><span class=\"mspace\" style=\"margin-right:0.2778em;\"></span><span class=\"mspace\" style=\"margin-right:0.1667em;\"></span><span class=\"mord mathnormal\">a</span><span class=\"mord mathnormal\">L</span><span class=\"mord mathnormal\">a</span><span class=\"mord mathnormal\">s</span><span class=\"mord mathnormal\">t</span><span class=\"mpunct\">,</span><span class=\"mspace\" style=\"margin-right:0.1667em;\"></span><span class=\"mord mathnormal\">b</span><span class=\"mord mathnormal\">L</span><span class=\"mord mathnormal\">a</span><span class=\"mord mathnormal\">s</span><span class=\"mord mathnormal\">t</span><span class=\"mclose\">)</span></span></span></span> 更新一些 <span class=\"katex\"><span class=\"katex-mathml\"><math xmlns=\"http://www.w3.org/1998/Math/MathML\"><semantics><mrow><mi>f</mi><mo stretchy=\"false\">(</mo><mi>i</mi><mo separator=\"true\">,</mo><mi>x</mi><mi>x</mi><mi>x</mi><mo separator=\"true\">,</mo><mi>x</mi><mi>x</mi><mi>x</mi><mo stretchy=\"false\">)</mo></mrow><annotation encoding=\"application/x-tex\">f(i, xxx, xxx)</annotation></semantics></math></span><span class=\"katex-html\" aria-hidden=\"true\"><span class=\"base\"><span class=\"strut\" style=\"height:1em;vertical-align:-0.25em;\"></span><span class=\"mord mathnormal\" style=\"margin-right:0.10764em;\">f</span><span class=\"mopen\">(</span><span class=\"mord mathnormal\">i</span><span class=\"mpunct\">,</span><span class=\"mspace\" style=\"margin-right:0.1667em;\"></span><span class=\"mord mathnormal\">xxx</span><span class=\"mpunct\">,</span><span class=\"mspace\" style=\"margin-right:0.1667em;\"></span><span class=\"mord mathnormal\">xxx</span><span class=\"mclose\">)</span></span></span></span> 的答案。</p>\n<p>只有六种转移：<span class=\"katex\"><span class=\"katex-mathml\"><math xmlns=\"http://www.w3.org/1998/Math/MathML\"><semantics><mrow><mi>A</mi><mo>→</mo><mi>B</mi><mo separator=\"true\">,</mo><mi>C</mi></mrow><annotation encoding=\"application/x-tex\">A \\rightarrow B,C</annotation></semantics></math></span><span class=\"katex-html\" aria-hidden=\"true\"><span class=\"base\"><span class=\"strut\" style=\"height:0.6833em;\"></span><span class=\"mord mathnormal\">A</span><span class=\"mspace\" style=\"margin-right:0.2778em;\"></span><span class=\"mrel\">→</span><span class=\"mspace\" style=\"margin-right:0.2778em;\"></span></span><span class=\"base\"><span class=\"strut\" style=\"height:0.8778em;vertical-align:-0.1944em;\"></span><span class=\"mord mathnormal\" style=\"margin-right:0.05017em;\">B</span><span class=\"mpunct\">,</span><span class=\"mspace\" style=\"margin-right:0.1667em;\"></span><span class=\"mord mathnormal\" style=\"margin-right:0.07153em;\">C</span></span></span></span>、<span class=\"katex\"><span class=\"katex-mathml\"><math xmlns=\"http://www.w3.org/1998/Math/MathML\"><semantics><mrow><mi>B</mi><mo>→</mo><mi>C</mi><mo separator=\"true\">,</mo><mi>A</mi></mrow><annotation encoding=\"application/x-tex\">B \\rightarrow C, A</annotation></semantics></math></span><span class=\"katex-html\" aria-hidden=\"true\"><span class=\"base\"><span class=\"strut\" style=\"height:0.6833em;\"></span><span class=\"mord mathnormal\" style=\"margin-right:0.05017em;\">B</span><span class=\"mspace\" style=\"margin-right:0.2778em;\"></span><span class=\"mrel\">→</span><span class=\"mspace\" style=\"margin-right:0.2778em;\"></span></span><span class=\"base\"><span class=\"strut\" style=\"height:0.8778em;vertical-align:-0.1944em;\"></span><span class=\"mord mathnormal\" style=\"margin-right:0.07153em;\">C</span><span class=\"mpunct\">,</span><span class=\"mspace\" style=\"margin-right:0.1667em;\"></span><span class=\"mord mathnormal\">A</span></span></span></span>、<span class=\"katex\"><span class=\"katex-mathml\"><math xmlns=\"http://www.w3.org/1998/Math/MathML\"><semantics><mrow><mi>C</mi><mo>→</mo><mi>A</mi><mo separator=\"true\">,</mo><mi>B</mi></mrow><annotation encoding=\"application/x-tex\">C \\rightarrow A, B</annotation></semantics></math></span><span class=\"katex-html\" aria-hidden=\"true\"><span class=\"base\"><span class=\"strut\" style=\"height:0.6833em;\"></span><span class=\"mord mathnormal\" style=\"margin-right:0.07153em;\">C</span><span class=\"mspace\" style=\"margin-right:0.2778em;\"></span><span class=\"mrel\">→</span><span class=\"mspace\" style=\"margin-right:0.2778em;\"></span></span><span class=\"base\"><span class=\"strut\" style=\"height:0.8778em;vertical-align:-0.1944em;\"></span><span class=\"mord mathnormal\">A</span><span class=\"mpunct\">,</span><span class=\"mspace\" style=\"margin-right:0.1667em;\"></span><span class=\"mord mathnormal\" style=\"margin-right:0.05017em;\">B</span></span></span></span>、<span class=\"katex\"><span class=\"katex-mathml\"><math xmlns=\"http://www.w3.org/1998/Math/MathML\"><semantics><mrow><mi>A</mi><mo separator=\"true\">,</mo><mi>B</mi><mo>→</mo><mi>C</mi></mrow><annotation encoding=\"application/x-tex\">A, B \\rightarrow C</annotation></semantics></math></span><span class=\"katex-html\" aria-hidden=\"true\"><span class=\"base\"><span class=\"strut\" style=\"height:0.8778em;vertical-align:-0.1944em;\"></span><span class=\"mord mathnormal\">A</span><span class=\"mpunct\">,</span><span class=\"mspace\" style=\"margin-right:0.1667em;\"></span><span class=\"mord mathnormal\" style=\"margin-right:0.05017em;\">B</span><span class=\"mspace\" style=\"margin-right:0.2778em;\"></span><span class=\"mrel\">→</span><span class=\"mspace\" style=\"margin-right:0.2778em;\"></span></span><span class=\"base\"><span class=\"strut\" style=\"height:0.6833em;\"></span><span class=\"mord mathnormal\" style=\"margin-right:0.07153em;\">C</span></span></span></span>、<span class=\"katex\"><span class=\"katex-mathml\"><math xmlns=\"http://www.w3.org/1998/Math/MathML\"><semantics><mrow><mi>B</mi><mo separator=\"true\">,</mo><mi>C</mi><mo>→</mo><mi>A</mi></mrow><annotation encoding=\"application/x-tex\">B, C \\rightarrow A</annotation></semantics></math></span><span class=\"katex-html\" aria-hidden=\"true\"><span class=\"base\"><span class=\"strut\" style=\"height:0.8778em;vertical-align:-0.1944em;\"></span><span class=\"mord mathnormal\" style=\"margin-right:0.05017em;\">B</span><span class=\"mpunct\">,</span><span class=\"mspace\" style=\"margin-right:0.1667em;\"></span><span class=\"mord mathnormal\" style=\"margin-right:0.07153em;\">C</span><span class=\"mspace\" style=\"margin-right:0.2778em;\"></span><span class=\"mrel\">→</span><span class=\"mspace\" style=\"margin-right:0.2778em;\"></span></span><span class=\"base\"><span class=\"strut\" style=\"height:0.6833em;\"></span><span class=\"mord mathnormal\">A</span></span></span></span>、<span class=\"katex\"><span class=\"katex-mathml\"><math xmlns=\"http://www.w3.org/1998/Math/MathML\"><semantics><mrow><mi>C</mi><mo separator=\"true\">,</mo><mi>A</mi><mo>→</mo><mi>B</mi></mrow><annotation encoding=\"application/x-tex\">C, A \\rightarrow B</annotation></semantics></math></span><span class=\"katex-html\" aria-hidden=\"true\"><span class=\"base\"><span class=\"strut\" style=\"height:0.8778em;vertical-align:-0.1944em;\"></span><span class=\"mord mathnormal\" style=\"margin-right:0.07153em;\">C</span><span class=\"mpunct\">,</span><span class=\"mspace\" style=\"margin-right:0.1667em;\"></span><span class=\"mord mathnormal\">A</span><span class=\"mspace\" style=\"margin-right:0.2778em;\"></span><span class=\"mrel\">→</span><span class=\"mspace\" style=\"margin-right:0.2778em;\"></span></span><span class=\"base\"><span class=\"strut\" style=\"height:0.6833em;\"></span><span class=\"mord mathnormal\" style=\"margin-right:0.05017em;\">B</span></span></span></span> ，枚举给出去的钞票数并更新。</p>\n<p>考虑剪枝，如果用剩下未考虑的钞票无论怎么凑都无法凑出当前金额，则直接跳过，判断是看金额是否是 <span class=\"katex\"><span class=\"katex-mathml\"><math xmlns=\"http://www.w3.org/1998/Math/MathML\"><semantics><mrow><mi>d</mi><mo>=</mo><mi>g</mi><mi>d</mi><mi>c</mi><mo stretchy=\"false\">(</mo><mn>100</mn><mo separator=\"true\">,</mo><mtext>  </mtext><mn>50</mn><mo>…</mo><mtext>当前面额</mtext><mo stretchy=\"false\">)</mo></mrow><annotation encoding=\"application/x-tex\">d = gdc(100, ; 50 \\dots 当前面额)</annotation></semantics></math></span><span class=\"katex-html\" aria-hidden=\"true\"><span class=\"base\"><span class=\"strut\" style=\"height:0.6944em;\"></span><span class=\"mord mathnormal\">d</span><span class=\"mspace\" style=\"margin-right:0.2778em;\"></span><span class=\"mrel\">=</span><span class=\"mspace\" style=\"margin-right:0.2778em;\"></span></span><span class=\"base\"><span class=\"strut\" style=\"height:1em;vertical-align:-0.25em;\"></span><span class=\"mord mathnormal\" style=\"margin-right:0.03588em;\">g</span><span class=\"mord mathnormal\">d</span><span class=\"mord mathnormal\">c</span><span class=\"mopen\">(</span><span class=\"mord\">100</span><span class=\"mpunct\">,</span><span class=\"mspace\" style=\"margin-right:0.2778em;\"></span><span class=\"mspace\" style=\"margin-right:0.1667em;\"></span><span class=\"mord\">50</span><span class=\"mspace\" style=\"margin-right:0.1667em;\"></span><span class=\"minner\">…</span><span class=\"mspace\" style=\"margin-right:0.1667em;\"></span><span class=\"mord cjk_fallback\">当前面额</span><span class=\"mclose\">)</span></span></span></span> 的倍数，枚举金额时也每次增加 <span class=\"katex\"><span class=\"katex-mathml\"><math xmlns=\"http://www.w3.org/1998/Math/MathML\"><semantics><mrow><mi>d</mi></mrow><annotation encoding=\"application/x-tex\">d</annotation></semantics></math></span><span class=\"katex-html\" aria-hidden=\"true\"><span class=\"base\"><span class=\"strut\" style=\"height:0.6944em;\"></span><span class=\"mord mathnormal\">d</span></span></span></span> 。</p>\n<h2><a href=\"#代码\" aria-hidden=\"true\" class=\"anchor\" id=\"代码\"></a>代码</h2>\n<p>这题让我突然觉得两格缩进挺好的。。。</p>\n<pre style=\"background-color:#2b303b;\"><code class=\"language-c++\">\n<span style=\"color:#b48ead;\">#include </span><span style=\"color:#c0c5ce;\">&lt;</span><span style=\"color:#a3be8c;\">cstdio</span><span style=\"color:#c0c5ce;\">&gt;\n</span><span style=\"color:#b48ead;\">#include </span><span style=\"color:#c0c5ce;\">&lt;</span><span style=\"color:#a3be8c;\">climits</span><span style=\"color:#c0c5ce;\">&gt;\n</span><span style=\"color:#b48ead;\">#include </span><span style=\"color:#c0c5ce;\">&lt;</span><span style=\"color:#a3be8c;\">algorithm</span><span style=\"color:#c0c5ce;\">&gt;\n</span><span style=\"color:#b48ead;\">const int</span><span style=\"color:#c0c5ce;\"> MAXS = </span><span style=\"color:#d08770;\">1005</span><span style=\"color:#c0c5ce;\">;\n</span><span style=\"color:#b48ead;\">const int</span><span style=\"color:#c0c5ce;\"> COIN = </span><span style=\"color:#d08770;\">6</span><span style=\"color:#c0c5ce;\">;\n</span><span style=\"color:#b48ead;\">const int</span><span style=\"color:#c0c5ce;\"> money[</span><span style=\"color:#d08770;\">6</span><span style=\"color:#c0c5ce;\">] = {</span><span style=\"color:#d08770;\">1</span><span style=\"color:#c0c5ce;\">, </span><span style=\"color:#d08770;\">5</span><span style=\"color:#c0c5ce;\">, </span><span style=\"color:#d08770;\">10</span><span style=\"color:#c0c5ce;\">, </span><span style=\"color:#d08770;\">20</span><span style=\"color:#c0c5ce;\">, </span><span style=\"color:#d08770;\">50</span><span style=\"color:#c0c5ce;\">, </span><span style=\"color:#d08770;\">100</span><span style=\"color:#c0c5ce;\">};\n</span><span style=\"color:#b48ead;\">const int</span><span style=\"color:#c0c5ce;\"> gcd[</span><span style=\"color:#d08770;\">6</span><span style=\"color:#c0c5ce;\">] = {</span><span style=\"color:#d08770;\">1</span><span style=\"color:#c0c5ce;\">, </span><span style=\"color:#d08770;\">5</span><span style=\"color:#c0c5ce;\">, </span><span style=\"color:#d08770;\">10</span><span style=\"color:#c0c5ce;\">, </span><span style=\"color:#d08770;\">10</span><span style=\"color:#c0c5ce;\">, </span><span style=\"color:#d08770;\">50</span><span style=\"color:#c0c5ce;\">, </span><span style=\"color:#d08770;\">100</span><span style=\"color:#c0c5ce;\">};\n</span><span style=\"color:#b48ead;\">int</span><span style=\"color:#c0c5ce;\"> f[</span><span style=\"color:#d08770;\">2</span><span style=\"color:#c0c5ce;\">][MAXS][MAXS];\n</span><span style=\"color:#b48ead;\">int</span><span style=\"color:#c0c5ce;\"> coin[</span><span style=\"color:#d08770;\">3</span><span style=\"color:#c0c5ce;\">][COIN], sm[</span><span style=\"color:#d08770;\">3</span><span style=\"color:#c0c5ce;\">], tm[</span><span style=\"color:#d08770;\">3</span><span style=\"color:#c0c5ce;\">], sum;\n</span><span style=\"color:#b48ead;\">int </span><span style=\"color:#8fa1b3;\">dp</span><span style=\"color:#c0c5ce;\">() {\n</span><span style=\"color:#c0c5ce;\">    </span><span style=\"color:#b48ead;\">int</span><span style=\"color:#c0c5ce;\"> curr = </span><span style=\"color:#d08770;\">0</span><span style=\"color:#c0c5ce;\">, last = curr ^ </span><span style=\"color:#d08770;\">1</span><span style=\"color:#c0c5ce;\">;\n</span><span style=\"color:#c0c5ce;\">    </span><span style=\"color:#b48ead;\">for </span><span style=\"color:#c0c5ce;\">(</span><span style=\"color:#b48ead;\">int</span><span style=\"color:#c0c5ce;\"> i = </span><span style=\"color:#d08770;\">0</span><span style=\"color:#c0c5ce;\">; i &lt; MAXS; i++) </span><span style=\"color:#b48ead;\">for </span><span style=\"color:#c0c5ce;\">(</span><span style=\"color:#b48ead;\">int</span><span style=\"color:#c0c5ce;\"> j = </span><span style=\"color:#d08770;\">0</span><span style=\"color:#c0c5ce;\">; j &lt; MAXS; j++) f[curr][i][j] = INT_MAX;\n</span><span style=\"color:#c0c5ce;\">    f[curr][sm[</span><span style=\"color:#d08770;\">0</span><span style=\"color:#c0c5ce;\">]][sm[</span><span style=\"color:#d08770;\">1</span><span style=\"color:#c0c5ce;\">]] = </span><span style=\"color:#d08770;\">0</span><span style=\"color:#c0c5ce;\">;\n</span><span style=\"color:#c0c5ce;\">    </span><span style=\"color:#b48ead;\">for </span><span style=\"color:#c0c5ce;\">(</span><span style=\"color:#b48ead;\">int</span><span style=\"color:#c0c5ce;\"> i = </span><span style=\"color:#d08770;\">0</span><span style=\"color:#c0c5ce;\">; i &lt; COIN; i++) {\n</span><span style=\"color:#c0c5ce;\">        curr ^= </span><span style=\"color:#d08770;\">1</span><span style=\"color:#c0c5ce;\">, last ^= </span><span style=\"color:#d08770;\">1</span><span style=\"color:#c0c5ce;\">;\n</span><span style=\"color:#c0c5ce;\">        </span><span style=\"color:#b48ead;\">for </span><span style=\"color:#c0c5ce;\">(</span><span style=\"color:#b48ead;\">int</span><span style=\"color:#c0c5ce;\"> j = </span><span style=\"color:#d08770;\">0</span><span style=\"color:#c0c5ce;\">; j &lt; MAXS; j++) </span><span style=\"color:#b48ead;\">for </span><span style=\"color:#c0c5ce;\">(</span><span style=\"color:#b48ead;\">int</span><span style=\"color:#c0c5ce;\"> k = </span><span style=\"color:#d08770;\">0</span><span style=\"color:#c0c5ce;\">; k &lt; MAXS; k++)\n</span><span style=\"color:#c0c5ce;\">            f[curr][j][k] = f[last][j][k];\n</span><span style=\"color:#c0c5ce;\">        </span><span style=\"color:#b48ead;\">int</span><span style=\"color:#c0c5ce;\"> d = gcd[i], ca, cb;\n</span><span style=\"color:#c0c5ce;\">        </span><span style=\"color:#b48ead;\">for </span><span style=\"color:#c0c5ce;\">(ca = </span><span style=\"color:#d08770;\">0</span><span style=\"color:#c0c5ce;\">; (tm[</span><span style=\"color:#d08770;\">0</span><span style=\"color:#c0c5ce;\">] - ca) % d; ca++);\n</span><span style=\"color:#c0c5ce;\">        </span><span style=\"color:#b48ead;\">for </span><span style=\"color:#c0c5ce;\">(cb = </span><span style=\"color:#d08770;\">0</span><span style=\"color:#c0c5ce;\">; (tm[</span><span style=\"color:#d08770;\">1</span><span style=\"color:#c0c5ce;\">] - cb) % d; cb++);\n</span><span style=\"color:#c0c5ce;\">        </span><span style=\"color:#b48ead;\">if </span><span style=\"color:#c0c5ce;\">((tm[</span><span style=\"color:#d08770;\">2</span><span style=\"color:#c0c5ce;\">] - (sum - ca - cb)) % d) </span><span style=\"color:#b48ead;\">continue</span><span style=\"color:#c0c5ce;\">;\n</span><span style=\"color:#c0c5ce;\">        </span><span style=\"color:#b48ead;\">for </span><span style=\"color:#c0c5ce;\">(</span><span style=\"color:#b48ead;\">int</span><span style=\"color:#c0c5ce;\"> aLast = ca; aLast &lt; MAXS &amp;&amp; sum - aLast - cb &gt;= </span><span style=\"color:#d08770;\">0</span><span style=\"color:#c0c5ce;\">; aLast += d) {\n</span><span style=\"color:#c0c5ce;\">            </span><span style=\"color:#b48ead;\">for </span><span style=\"color:#c0c5ce;\">(</span><span style=\"color:#b48ead;\">int</span><span style=\"color:#c0c5ce;\"> bLast = cb; bLast &lt; MAXS &amp;&amp; sum - aLast - bLast &gt;= </span><span style=\"color:#d08770;\">0</span><span style=\"color:#c0c5ce;\">; bLast += d) {\n</span><span style=\"color:#c0c5ce;\">                </span><span style=\"color:#b48ead;\">int</span><span style=\"color:#c0c5ce;\"> cLast = sum - aLast - bLast;\n</span><span style=\"color:#c0c5ce;\">                </span><span style=\"color:#b48ead;\">if </span><span style=\"color:#c0c5ce;\">(f[last][aLast][bLast] == INT_MAX) </span><span style=\"color:#b48ead;\">continue</span><span style=\"color:#c0c5ce;\">;\n</span><span style=\"color:#c0c5ce;\">                </span><span style=\"color:#b48ead;\">for </span><span style=\"color:#c0c5ce;\">(</span><span style=\"color:#b48ead;\">int</span><span style=\"color:#c0c5ce;\"> a = </span><span style=\"color:#d08770;\">0</span><span style=\"color:#c0c5ce;\">; a &lt;= coin[</span><span style=\"color:#d08770;\">0</span><span style=\"color:#c0c5ce;\">][i] &amp;&amp; a * money[i] &lt;= aLast; a++) {\n</span><span style=\"color:#c0c5ce;\">                    </span><span style=\"color:#b48ead;\">for </span><span style=\"color:#c0c5ce;\">(</span><span style=\"color:#b48ead;\">int</span><span style=\"color:#c0c5ce;\"> b = </span><span style=\"color:#d08770;\">0</span><span style=\"color:#c0c5ce;\">; b &lt;= a &amp;&amp; bLast + b * money[i] &lt; MAXS; b++) {\n</span><span style=\"color:#c0c5ce;\">                        </span><span style=\"color:#b48ead;\">if </span><span style=\"color:#c0c5ce;\">(cLast + (a - b) * money[i] &lt; MAXS)\n</span><span style=\"color:#c0c5ce;\">                            f[curr][aLast - a * money[i]][bLast + b * money[i]] \n</span><span style=\"color:#c0c5ce;\">                                = </span><span style=\"color:#8fa1b3;\">std::min</span><span style=\"color:#c0c5ce;\">(f[curr][aLast - a * money[i]][bLast + b * money[i]], f[last][aLast][bLast] + a);\n</span><span style=\"color:#c0c5ce;\">                    }\n</span><span style=\"color:#c0c5ce;\">                }\n</span><span style=\"color:#c0c5ce;\">                </span><span style=\"color:#b48ead;\">for </span><span style=\"color:#c0c5ce;\">(</span><span style=\"color:#b48ead;\">int</span><span style=\"color:#c0c5ce;\"> b = </span><span style=\"color:#d08770;\">0</span><span style=\"color:#c0c5ce;\">; b &lt;= coin[</span><span style=\"color:#d08770;\">1</span><span style=\"color:#c0c5ce;\">][i] &amp;&amp; b * money[i] &lt;= bLast; b++) {\n</span><span style=\"color:#c0c5ce;\">                    </span><span style=\"color:#b48ead;\">for </span><span style=\"color:#c0c5ce;\">(</span><span style=\"color:#b48ead;\">int</span><span style=\"color:#c0c5ce;\"> c = </span><span style=\"color:#d08770;\">0</span><span style=\"color:#c0c5ce;\">; c &lt;= b &amp;&amp; cLast + c * money[i] &lt; MAXS; c++) {\n</span><span style=\"color:#c0c5ce;\">                        </span><span style=\"color:#b48ead;\">if </span><span style=\"color:#c0c5ce;\">(aLast + (b - c) * money[i] &lt; MAXS)\n</span><span style=\"color:#c0c5ce;\">                            f[curr][aLast + (b - c) * money[i]][bLast - b * money[i]] \n</span><span style=\"color:#c0c5ce;\">                                = </span><span style=\"color:#8fa1b3;\">std::min</span><span style=\"color:#c0c5ce;\">(f[curr][aLast + (b - c) * money[i]][bLast - b * money[i]], f[last][aLast][bLast] + b);\n</span><span style=\"color:#c0c5ce;\">                    }\n</span><span style=\"color:#c0c5ce;\">                }\n</span><span style=\"color:#c0c5ce;\">                </span><span style=\"color:#b48ead;\">for </span><span style=\"color:#c0c5ce;\">(</span><span style=\"color:#b48ead;\">int</span><span style=\"color:#c0c5ce;\"> c = </span><span style=\"color:#d08770;\">0</span><span style=\"color:#c0c5ce;\">; c &lt;= coin[</span><span style=\"color:#d08770;\">2</span><span style=\"color:#c0c5ce;\">][i] &amp;&amp; c * money[i] &lt;= cLast; c++) {\n</span><span style=\"color:#c0c5ce;\">                    </span><span style=\"color:#b48ead;\">for </span><span style=\"color:#c0c5ce;\">(</span><span style=\"color:#b48ead;\">int</span><span style=\"color:#c0c5ce;\"> a = </span><span style=\"color:#d08770;\">0</span><span style=\"color:#c0c5ce;\">; a &lt;= c &amp;&amp; aLast + a * money[i] &lt; MAXS; a++) {\n</span><span style=\"color:#c0c5ce;\">                        </span><span style=\"color:#b48ead;\">if </span><span style=\"color:#c0c5ce;\">(bLast + (c - a) * money[i] &lt; MAXS)\n</span><span style=\"color:#c0c5ce;\">                            f[curr][aLast + a * money[i]][bLast + (c - a) * money[i]] \n</span><span style=\"color:#c0c5ce;\">                                = </span><span style=\"color:#8fa1b3;\">std::min</span><span style=\"color:#c0c5ce;\">(f[curr][aLast + a * money[i]][bLast + (c - a) * money[i]], f[last][aLast][bLast] + c);\n</span><span style=\"color:#c0c5ce;\">                    }\n</span><span style=\"color:#c0c5ce;\">                }\n</span><span style=\"color:#c0c5ce;\">                </span><span style=\"color:#b48ead;\">for </span><span style=\"color:#c0c5ce;\">(</span><span style=\"color:#b48ead;\">int</span><span style=\"color:#c0c5ce;\"> a = </span><span style=\"color:#d08770;\">0</span><span style=\"color:#c0c5ce;\">; a &lt;= coin[</span><span style=\"color:#d08770;\">0</span><span style=\"color:#c0c5ce;\">][i] &amp;&amp; a * money[i] &lt;= aLast; a++) {\n</span><span style=\"color:#c0c5ce;\">                    </span><span style=\"color:#b48ead;\">for </span><span style=\"color:#c0c5ce;\">(</span><span style=\"color:#b48ead;\">int</span><span style=\"color:#c0c5ce;\"> b = </span><span style=\"color:#d08770;\">0</span><span style=\"color:#c0c5ce;\">; b &lt;= coin[</span><span style=\"color:#d08770;\">1</span><span style=\"color:#c0c5ce;\">][i] &amp;&amp; b * money[i] &lt;= bLast; b++) {\n</span><span style=\"color:#c0c5ce;\">                        </span><span style=\"color:#b48ead;\">if </span><span style=\"color:#c0c5ce;\">(cLast + (a + b) * money[i] &lt; MAXS)\n</span><span style=\"color:#c0c5ce;\">                            f[curr][aLast - a * money[i]][bLast - b * money[i]] \n</span><span style=\"color:#c0c5ce;\">                                = </span><span style=\"color:#8fa1b3;\">std::min</span><span style=\"color:#c0c5ce;\">(f[curr][aLast - a * money[i]][bLast - b * money[i]], f[last][aLast][bLast] + a + b);\n</span><span style=\"color:#c0c5ce;\">                    }\n</span><span style=\"color:#c0c5ce;\">                }\n</span><span style=\"color:#c0c5ce;\">                </span><span style=\"color:#b48ead;\">for </span><span style=\"color:#c0c5ce;\">(</span><span style=\"color:#b48ead;\">int</span><span style=\"color:#c0c5ce;\"> b = </span><span style=\"color:#d08770;\">0</span><span style=\"color:#c0c5ce;\">; b &lt;= coin[</span><span style=\"color:#d08770;\">1</span><span style=\"color:#c0c5ce;\">][i] &amp;&amp; b * money[i] &lt;= bLast; b++) {\n</span><span style=\"color:#c0c5ce;\">                    </span><span style=\"color:#b48ead;\">for </span><span style=\"color:#c0c5ce;\">(</span><span style=\"color:#b48ead;\">int</span><span style=\"color:#c0c5ce;\"> c = </span><span style=\"color:#d08770;\">0</span><span style=\"color:#c0c5ce;\">; c &lt;= coin[</span><span style=\"color:#d08770;\">2</span><span style=\"color:#c0c5ce;\">][i] &amp;&amp; c * money[i] &lt;= cLast; c++) {\n</span><span style=\"color:#c0c5ce;\">                        </span><span style=\"color:#b48ead;\">if </span><span style=\"color:#c0c5ce;\">(aLast + (b + c) * money[i] &lt; MAXS)\n</span><span style=\"color:#c0c5ce;\">                            f[curr][aLast + (b + c) * money[i]][bLast - b * money[i]] \n</span><span style=\"color:#c0c5ce;\">                                = </span><span style=\"color:#8fa1b3;\">std::min</span><span style=\"color:#c0c5ce;\">(f[curr][aLast + (b + c) * money[i]][bLast - b * money[i]], f[last][aLast][bLast] + b + c);\n</span><span style=\"color:#c0c5ce;\">                    }\n</span><span style=\"color:#c0c5ce;\">                }\n</span><span style=\"color:#c0c5ce;\">                </span><span style=\"color:#b48ead;\">for </span><span style=\"color:#c0c5ce;\">(</span><span style=\"color:#b48ead;\">int</span><span style=\"color:#c0c5ce;\"> c = </span><span style=\"color:#d08770;\">0</span><span style=\"color:#c0c5ce;\">; c &lt;= coin[</span><span style=\"color:#d08770;\">2</span><span style=\"color:#c0c5ce;\">][i] &amp;&amp; c * money[i] &lt;= cLast; c++) {\n</span><span style=\"color:#c0c5ce;\">                    </span><span style=\"color:#b48ead;\">for </span><span style=\"color:#c0c5ce;\">(</span><span style=\"color:#b48ead;\">int</span><span style=\"color:#c0c5ce;\"> a = </span><span style=\"color:#d08770;\">0</span><span style=\"color:#c0c5ce;\">; a &lt;= coin[</span><span style=\"color:#d08770;\">0</span><span style=\"color:#c0c5ce;\">][i] &amp;&amp; a * money[i] &lt;= aLast; a++) {\n</span><span style=\"color:#c0c5ce;\">                        </span><span style=\"color:#b48ead;\">if </span><span style=\"color:#c0c5ce;\">(bLast + (c + a) * money[i] &lt; MAXS)\n</span><span style=\"color:#c0c5ce;\">                            f[curr][aLast - a * money[i]][bLast + (c + a) * money[i]] \n</span><span style=\"color:#c0c5ce;\">                                = </span><span style=\"color:#8fa1b3;\">std::min</span><span style=\"color:#c0c5ce;\">(f[curr][aLast - a * money[i]][bLast + (c + a) * money[i]], f[last][aLast][bLast] + c + a);\n</span><span style=\"color:#c0c5ce;\">                    }\n</span><span style=\"color:#c0c5ce;\">                }\n</span><span style=\"color:#c0c5ce;\">            }\n</span><span style=\"color:#c0c5ce;\">        }\n</span><span style=\"color:#c0c5ce;\">    }\n</span><span style=\"color:#c0c5ce;\">    </span><span style=\"color:#b48ead;\">return</span><span style=\"color:#c0c5ce;\"> f[curr][tm[</span><span style=\"color:#d08770;\">0</span><span style=\"color:#c0c5ce;\">]][tm[</span><span style=\"color:#d08770;\">1</span><span style=\"color:#c0c5ce;\">]];\n</span><span style=\"color:#c0c5ce;\">}\n</span><span style=\"color:#b48ead;\">int </span><span style=\"color:#8fa1b3;\">main</span><span style=\"color:#c0c5ce;\">() {\n</span><span style=\"color:#c0c5ce;\">    </span><span style=\"color:#b48ead;\">int</span><span style=\"color:#c0c5ce;\"> owe[</span><span style=\"color:#d08770;\">3</span><span style=\"color:#c0c5ce;\">];\n</span><span style=\"color:#c0c5ce;\">    </span><span style=\"color:#b48ead;\">for </span><span style=\"color:#c0c5ce;\">(</span><span style=\"color:#b48ead;\">int</span><span style=\"color:#c0c5ce;\"> i = </span><span style=\"color:#d08770;\">0</span><span style=\"color:#c0c5ce;\">; i &lt; </span><span style=\"color:#d08770;\">3</span><span style=\"color:#c0c5ce;\">; i++) </span><span style=\"color:#96b5b4;\">scanf</span><span style=\"color:#c0c5ce;\">(&quot;</span><span style=\"color:#d08770;\">%d</span><span style=\"color:#c0c5ce;\">&quot;, &amp;owe[i]);\n</span><span style=\"color:#c0c5ce;\">    </span><span style=\"color:#b48ead;\">for </span><span style=\"color:#c0c5ce;\">(</span><span style=\"color:#b48ead;\">int</span><span style=\"color:#c0c5ce;\"> i = </span><span style=\"color:#d08770;\">0</span><span style=\"color:#c0c5ce;\">; i &lt; </span><span style=\"color:#d08770;\">3</span><span style=\"color:#c0c5ce;\">; i++) </span><span style=\"color:#b48ead;\">for </span><span style=\"color:#c0c5ce;\">(</span><span style=\"color:#b48ead;\">int</span><span style=\"color:#c0c5ce;\"> j = COIN - </span><span style=\"color:#d08770;\">1</span><span style=\"color:#c0c5ce;\">; ~j; j--)\n</span><span style=\"color:#c0c5ce;\">        </span><span style=\"color:#96b5b4;\">scanf</span><span style=\"color:#c0c5ce;\">(&quot;</span><span style=\"color:#d08770;\">%d</span><span style=\"color:#c0c5ce;\">&quot;, &amp;coin[i][j]), sm[i] += coin[i][j] * money[j];\n</span><span style=\"color:#c0c5ce;\">    sum = sm[</span><span style=\"color:#d08770;\">0</span><span style=\"color:#c0c5ce;\">] + sm[</span><span style=\"color:#d08770;\">1</span><span style=\"color:#c0c5ce;\">] + sm[</span><span style=\"color:#d08770;\">2</span><span style=\"color:#c0c5ce;\">];\n</span><span style=\"color:#c0c5ce;\">    tm[</span><span style=\"color:#d08770;\">0</span><span style=\"color:#c0c5ce;\">] = sm[</span><span style=\"color:#d08770;\">0</span><span style=\"color:#c0c5ce;\">] - owe[</span><span style=\"color:#d08770;\">0</span><span style=\"color:#c0c5ce;\">] + owe[</span><span style=\"color:#d08770;\">2</span><span style=\"color:#c0c5ce;\">];\n</span><span style=\"color:#c0c5ce;\">    tm[</span><span style=\"color:#d08770;\">1</span><span style=\"color:#c0c5ce;\">] = sm[</span><span style=\"color:#d08770;\">1</span><span style=\"color:#c0c5ce;\">] - owe[</span><span style=\"color:#d08770;\">1</span><span style=\"color:#c0c5ce;\">] + owe[</span><span style=\"color:#d08770;\">0</span><span style=\"color:#c0c5ce;\">];\n</span><span style=\"color:#c0c5ce;\">    tm[</span><span style=\"color:#d08770;\">2</span><span style=\"color:#c0c5ce;\">] = sm[</span><span style=\"color:#d08770;\">2</span><span style=\"color:#c0c5ce;\">] - owe[</span><span style=\"color:#d08770;\">2</span><span style=\"color:#c0c5ce;\">] + owe[</span><span style=\"color:#d08770;\">1</span><span style=\"color:#c0c5ce;\">];\n</span><span style=\"color:#c0c5ce;\">    </span><span style=\"color:#b48ead;\">if </span><span style=\"color:#c0c5ce;\">(tm[</span><span style=\"color:#d08770;\">0</span><span style=\"color:#c0c5ce;\">] &lt; </span><span style=\"color:#d08770;\">0 </span><span style=\"color:#c0c5ce;\">|| tm[</span><span style=\"color:#d08770;\">1</span><span style=\"color:#c0c5ce;\">] &lt; </span><span style=\"color:#d08770;\">0 </span><span style=\"color:#c0c5ce;\">|| tm[</span><span style=\"color:#d08770;\">2</span><span style=\"color:#c0c5ce;\">] &lt; </span><span style=\"color:#d08770;\">0</span><span style=\"color:#c0c5ce;\">) </span><span style=\"color:#b48ead;\">return </span><span style=\"color:#96b5b4;\">puts</span><span style=\"color:#c0c5ce;\">(&quot;</span><span style=\"color:#a3be8c;\">impossible</span><span style=\"color:#c0c5ce;\">&quot;), </span><span style=\"color:#d08770;\">0</span><span style=\"color:#c0c5ce;\">;\n</span><span style=\"color:#c0c5ce;\">    </span><span style=\"color:#b48ead;\">int</span><span style=\"color:#c0c5ce;\"> ans = </span><span style=\"color:#8fa1b3;\">dp</span><span style=\"color:#c0c5ce;\">();\n</span><span style=\"color:#c0c5ce;\">    </span><span style=\"color:#b48ead;\">if </span><span style=\"color:#c0c5ce;\">(ans == INT_MAX) </span><span style=\"color:#96b5b4;\">puts</span><span style=\"color:#c0c5ce;\">(&quot;</span><span style=\"color:#a3be8c;\">impossible</span><span style=\"color:#c0c5ce;\">&quot;);\n</span><span style=\"color:#c0c5ce;\">    </span><span style=\"color:#b48ead;\">else </span><span style=\"color:#96b5b4;\">printf</span><span style=\"color:#c0c5ce;\">(&quot;</span><span style=\"color:#d08770;\">%d</span><span style=\"color:#96b5b4;\">\\n</span><span style=\"color:#c0c5ce;\">&quot;, ans);\n</span><span style=\"color:#c0c5ce;\">    </span><span style=\"color:#b48ead;\">return </span><span style=\"color:#d08770;\">0</span><span style=\"color:#c0c5ce;\">;\n</span><span style=\"color:#c0c5ce;\">}\n</span>\n</code></pre>\n"}