{"title":"[SDOI 2010] 捉迷藏","tags":["k-d树"],"create_time":1495839020,"last_modified":1596713120,"toc":"<ol><li><a href=\"#题目大意\">题目大意</a></li><li><a href=\"#题目链接\">题目链接</a></li><li><a href=\"#题解\">题解</a></li><li><a href=\"#代码\">代码</a></li>","html":"<h2><a href=\"#题目大意\" aria-hidden=\"true\" class=\"anchor\" id=\"题目大意\"></a>题目大意</h2>\n<p>给定平面上 <span class=\"katex\"><span class=\"katex-mathml\"><math xmlns=\"http://www.w3.org/1998/Math/MathML\"><semantics><mrow><mi>n</mi></mrow><annotation encoding=\"application/x-tex\">n</annotation></semantics></math></span><span class=\"katex-html\" aria-hidden=\"true\"><span class=\"base\"><span class=\"strut\" style=\"height:0.4306em;\"></span><span class=\"mord mathnormal\">n</span></span></span></span> 个点，求一个点使得它到其余点的曼哈顿距离的最大最小值之差最小，输出这个差。数据保证没有重点。</p>\n<p><span class=\"katex\"><span class=\"katex-mathml\"><math xmlns=\"http://www.w3.org/1998/Math/MathML\"><semantics><mrow><mn>2</mn><mo>⩽</mo><mi>n</mi><mo>⩽</mo><mn>500</mn><mo separator=\"true\">,</mo><mn>000</mn></mrow><annotation encoding=\"application/x-tex\">2 \\leqslant n \\leqslant 500,000</annotation></semantics></math></span><span class=\"katex-html\" aria-hidden=\"true\"><span class=\"base\"><span class=\"strut\" style=\"height:0.7811em;vertical-align:-0.1367em;\"></span><span class=\"mord\">2</span><span class=\"mspace\" style=\"margin-right:0.2778em;\"></span><span class=\"mrel amsrm\">⩽</span><span class=\"mspace\" style=\"margin-right:0.2778em;\"></span></span><span class=\"base\"><span class=\"strut\" style=\"height:0.7733em;vertical-align:-0.1367em;\"></span><span class=\"mord mathnormal\">n</span><span class=\"mspace\" style=\"margin-right:0.2778em;\"></span><span class=\"mrel amsrm\">⩽</span><span class=\"mspace\" style=\"margin-right:0.2778em;\"></span></span><span class=\"base\"><span class=\"strut\" style=\"height:0.8389em;vertical-align:-0.1944em;\"></span><span class=\"mord\">500</span><span class=\"mpunct\">,</span><span class=\"mspace\" style=\"margin-right:0.1667em;\"></span><span class=\"mord\">000</span></span></span></span></p>\n<p><span class=\"katex\"><span class=\"katex-mathml\"><math xmlns=\"http://www.w3.org/1998/Math/MathML\"><semantics><mrow><mn>0</mn><mo>⩽</mo><mi>x</mi><mo separator=\"true\">,</mo><mi>y</mi><mo>⩽</mo><mn>100</mn><mo separator=\"true\">,</mo><mn>000</mn><mo separator=\"true\">,</mo><mn>000</mn></mrow><annotation encoding=\"application/x-tex\">0 \\leqslant x, y \\leqslant 100,000,000</annotation></semantics></math></span><span class=\"katex-html\" aria-hidden=\"true\"><span class=\"base\"><span class=\"strut\" style=\"height:0.7811em;vertical-align:-0.1367em;\"></span><span class=\"mord\">0</span><span class=\"mspace\" style=\"margin-right:0.2778em;\"></span><span class=\"mrel amsrm\">⩽</span><span class=\"mspace\" style=\"margin-right:0.2778em;\"></span></span><span class=\"base\"><span class=\"strut\" style=\"height:0.8311em;vertical-align:-0.1944em;\"></span><span class=\"mord mathnormal\">x</span><span class=\"mpunct\">,</span><span class=\"mspace\" style=\"margin-right:0.1667em;\"></span><span class=\"mord mathnormal\" style=\"margin-right:0.03588em;\">y</span><span class=\"mspace\" style=\"margin-right:0.2778em;\"></span><span class=\"mrel amsrm\">⩽</span><span class=\"mspace\" style=\"margin-right:0.2778em;\"></span></span><span class=\"base\"><span class=\"strut\" style=\"height:0.8389em;vertical-align:-0.1944em;\"></span><span class=\"mord\">100</span><span class=\"mpunct\">,</span><span class=\"mspace\" style=\"margin-right:0.1667em;\"></span><span class=\"mord\">000</span><span class=\"mpunct\">,</span><span class=\"mspace\" style=\"margin-right:0.1667em;\"></span><span class=\"mord\">000</span></span></span></span></p>\n<h2><a href=\"#题目链接\" aria-hidden=\"true\" class=\"anchor\" id=\"题目链接\"></a>题目链接</h2>\n<p><a href=\"https://www.luogu.com.cn/problem/P2479\">【SDOI 2010】捉迷藏 - Luogu 2479</a></p>\n<!-- more -->\n<h2><a href=\"#题解\" aria-hidden=\"true\" class=\"anchor\" id=\"题解\"></a>题解</h2>\n<p>k-d 树 + 枚举。</p>\n<p>建树后枚举每个点计算即可。</p>\n<p>之前的模版上少了一点剪枝。。。</p>\n<h2><a href=\"#代码\" aria-hidden=\"true\" class=\"anchor\" id=\"代码\"></a>代码</h2>\n<pre style=\"background-color:#2b303b;\"><code class=\"language-c++\">\n<span style=\"color:#b48ead;\">#include </span><span style=\"color:#c0c5ce;\">&lt;</span><span style=\"color:#a3be8c;\">cstdio</span><span style=\"color:#c0c5ce;\">&gt;\n</span><span style=\"color:#b48ead;\">#include </span><span style=\"color:#c0c5ce;\">&lt;</span><span style=\"color:#a3be8c;\">cstdlib</span><span style=\"color:#c0c5ce;\">&gt;\n</span><span style=\"color:#b48ead;\">#include </span><span style=\"color:#c0c5ce;\">&lt;</span><span style=\"color:#a3be8c;\">climits</span><span style=\"color:#c0c5ce;\">&gt;\n</span><span style=\"color:#b48ead;\">#include </span><span style=\"color:#c0c5ce;\">&lt;</span><span style=\"color:#a3be8c;\">algorithm</span><span style=\"color:#c0c5ce;\">&gt;\n</span><span style=\"color:#b48ead;\">const int</span><span style=\"color:#c0c5ce;\"> MAXN = </span><span style=\"color:#d08770;\">500005</span><span style=\"color:#c0c5ce;\">;\n</span><span style=\"color:#b48ead;\">struct </span><span style=\"color:#c0c5ce;\">Point {\n</span><span style=\"color:#c0c5ce;\">    </span><span style=\"color:#b48ead;\">int</span><span style=\"color:#c0c5ce;\"> x, y;\n</span><span style=\"color:#c0c5ce;\">    </span><span style=\"color:#8fa1b3;\">Point</span><span style=\"color:#c0c5ce;\">(</span><span style=\"color:#b48ead;\">int </span><span style=\"color:#bf616a;\">x </span><span style=\"color:#c0c5ce;\">= </span><span style=\"color:#d08770;\">0</span><span style=\"color:#c0c5ce;\">, </span><span style=\"color:#b48ead;\">int </span><span style=\"color:#bf616a;\">y </span><span style=\"color:#c0c5ce;\">= </span><span style=\"color:#d08770;\">0</span><span style=\"color:#c0c5ce;\">) : </span><span style=\"color:#bf616a;\">x</span><span style=\"color:#c0c5ce;\">(x), </span><span style=\"color:#bf616a;\">y</span><span style=\"color:#c0c5ce;\">(y) {}\n</span><span style=\"color:#c0c5ce;\">    </span><span style=\"color:#b48ead;\">bool </span><span style=\"color:#8fa1b3;\">operator!=</span><span style=\"color:#c0c5ce;\">(</span><span style=\"color:#b48ead;\">const</span><span style=\"color:#c0c5ce;\"> Point &amp;</span><span style=\"color:#bf616a;\">another</span><span style=\"color:#c0c5ce;\">) </span><span style=\"color:#b48ead;\">const </span><span style=\"color:#c0c5ce;\">{\n</span><span style=\"color:#c0c5ce;\">        </span><span style=\"color:#b48ead;\">return</span><span style=\"color:#c0c5ce;\"> x != another.</span><span style=\"color:#bf616a;\">x </span><span style=\"color:#c0c5ce;\">|| y != another.</span><span style=\"color:#bf616a;\">y</span><span style=\"color:#c0c5ce;\">;\n</span><span style=\"color:#c0c5ce;\">    }\n</span><span style=\"color:#c0c5ce;\">};\n</span><span style=\"color:#b48ead;\">int </span><span style=\"color:#8fa1b3;\">dist</span><span style=\"color:#c0c5ce;\">(</span><span style=\"color:#b48ead;\">const</span><span style=\"color:#c0c5ce;\"> Point &amp;</span><span style=\"color:#bf616a;\">a</span><span style=\"color:#c0c5ce;\">, </span><span style=\"color:#b48ead;\">const</span><span style=\"color:#c0c5ce;\"> Point &amp;</span><span style=\"color:#bf616a;\">b</span><span style=\"color:#c0c5ce;\">) {\n</span><span style=\"color:#c0c5ce;\">    </span><span style=\"color:#b48ead;\">return </span><span style=\"color:#96b5b4;\">abs</span><span style=\"color:#c0c5ce;\">(a.</span><span style=\"color:#bf616a;\">x </span><span style=\"color:#c0c5ce;\">- b.</span><span style=\"color:#bf616a;\">x</span><span style=\"color:#c0c5ce;\">) + </span><span style=\"color:#96b5b4;\">abs</span><span style=\"color:#c0c5ce;\">(a.</span><span style=\"color:#bf616a;\">y </span><span style=\"color:#c0c5ce;\">- b.</span><span style=\"color:#bf616a;\">y</span><span style=\"color:#c0c5ce;\">);\n</span><span style=\"color:#c0c5ce;\">}\n</span><span style=\"color:#b48ead;\">struct </span><span style=\"color:#c0c5ce;\">KDTree {\n</span><span style=\"color:#c0c5ce;\">    </span><span style=\"color:#b48ead;\">static bool </span><span style=\"color:#8fa1b3;\">cmp1</span><span style=\"color:#c0c5ce;\">(</span><span style=\"color:#b48ead;\">const</span><span style=\"color:#c0c5ce;\"> Point &amp;</span><span style=\"color:#bf616a;\">a</span><span style=\"color:#c0c5ce;\">, </span><span style=\"color:#b48ead;\">const</span><span style=\"color:#c0c5ce;\"> Point &amp;</span><span style=\"color:#bf616a;\">b</span><span style=\"color:#c0c5ce;\">) {\n</span><span style=\"color:#c0c5ce;\">        </span><span style=\"color:#b48ead;\">return</span><span style=\"color:#c0c5ce;\"> a.</span><span style=\"color:#bf616a;\">y </span><span style=\"color:#c0c5ce;\">&lt; b.</span><span style=\"color:#bf616a;\">y </span><span style=\"color:#c0c5ce;\">|| (a.</span><span style=\"color:#bf616a;\">y </span><span style=\"color:#c0c5ce;\">== b.</span><span style=\"color:#bf616a;\">y </span><span style=\"color:#c0c5ce;\">&amp;&amp; a.</span><span style=\"color:#bf616a;\">x </span><span style=\"color:#c0c5ce;\">&lt; b.</span><span style=\"color:#bf616a;\">x</span><span style=\"color:#c0c5ce;\">);\n</span><span style=\"color:#c0c5ce;\">    }\n</span><span style=\"color:#c0c5ce;\">    </span><span style=\"color:#b48ead;\">static bool </span><span style=\"color:#8fa1b3;\">cmp2</span><span style=\"color:#c0c5ce;\">(</span><span style=\"color:#b48ead;\">const</span><span style=\"color:#c0c5ce;\"> Point &amp;</span><span style=\"color:#bf616a;\">a</span><span style=\"color:#c0c5ce;\">, </span><span style=\"color:#b48ead;\">const</span><span style=\"color:#c0c5ce;\"> Point &amp;</span><span style=\"color:#bf616a;\">b</span><span style=\"color:#c0c5ce;\">) {\n</span><span style=\"color:#c0c5ce;\">        </span><span style=\"color:#b48ead;\">return</span><span style=\"color:#c0c5ce;\"> a.</span><span style=\"color:#bf616a;\">x </span><span style=\"color:#c0c5ce;\">&lt; b.</span><span style=\"color:#bf616a;\">x </span><span style=\"color:#c0c5ce;\">|| (a.</span><span style=\"color:#bf616a;\">x </span><span style=\"color:#c0c5ce;\">== b.</span><span style=\"color:#bf616a;\">x </span><span style=\"color:#c0c5ce;\">&amp;&amp; a.</span><span style=\"color:#bf616a;\">y </span><span style=\"color:#c0c5ce;\">&lt; b.</span><span style=\"color:#bf616a;\">y</span><span style=\"color:#c0c5ce;\">);\n</span><span style=\"color:#c0c5ce;\">    }\n</span><span style=\"color:#c0c5ce;\">    </span><span style=\"color:#b48ead;\">struct </span><span style=\"color:#c0c5ce;\">Node {\n</span><span style=\"color:#c0c5ce;\">        Node *c[</span><span style=\"color:#d08770;\">2</span><span style=\"color:#c0c5ce;\">];\n</span><span style=\"color:#c0c5ce;\">        Point p, r1, r2;\n</span><span style=\"color:#c0c5ce;\">        </span><span style=\"color:#8fa1b3;\">Node</span><span style=\"color:#c0c5ce;\">() {}\n</span><span style=\"color:#c0c5ce;\">        </span><span style=\"color:#8fa1b3;\">Node</span><span style=\"color:#c0c5ce;\">(</span><span style=\"color:#b48ead;\">const</span><span style=\"color:#c0c5ce;\"> Point &amp;</span><span style=\"color:#bf616a;\">p</span><span style=\"color:#c0c5ce;\">) : </span><span style=\"color:#bf616a;\">p</span><span style=\"color:#c0c5ce;\">(p), </span><span style=\"color:#bf616a;\">r1</span><span style=\"color:#c0c5ce;\">(p), </span><span style=\"color:#bf616a;\">r2</span><span style=\"color:#c0c5ce;\">(p) {}\n</span><span style=\"color:#c0c5ce;\">        </span><span style=\"color:#b48ead;\">void </span><span style=\"color:#8fa1b3;\">maintain</span><span style=\"color:#c0c5ce;\">() {\n</span><span style=\"color:#c0c5ce;\">            </span><span style=\"color:#b48ead;\">if </span><span style=\"color:#c0c5ce;\">(c[</span><span style=\"color:#d08770;\">0</span><span style=\"color:#c0c5ce;\">]) {\n</span><span style=\"color:#c0c5ce;\">                r1.</span><span style=\"color:#bf616a;\">x </span><span style=\"color:#c0c5ce;\">= </span><span style=\"color:#8fa1b3;\">std::min</span><span style=\"color:#c0c5ce;\">(r1.</span><span style=\"color:#bf616a;\">x</span><span style=\"color:#c0c5ce;\">, c[</span><span style=\"color:#d08770;\">0</span><span style=\"color:#c0c5ce;\">]-&gt;</span><span style=\"color:#bf616a;\">r1</span><span style=\"color:#c0c5ce;\">.</span><span style=\"color:#bf616a;\">x</span><span style=\"color:#c0c5ce;\">);\n</span><span style=\"color:#c0c5ce;\">                r1.</span><span style=\"color:#bf616a;\">y </span><span style=\"color:#c0c5ce;\">= </span><span style=\"color:#8fa1b3;\">std::min</span><span style=\"color:#c0c5ce;\">(r1.</span><span style=\"color:#bf616a;\">y</span><span style=\"color:#c0c5ce;\">, c[</span><span style=\"color:#d08770;\">0</span><span style=\"color:#c0c5ce;\">]-&gt;</span><span style=\"color:#bf616a;\">r1</span><span style=\"color:#c0c5ce;\">.</span><span style=\"color:#bf616a;\">y</span><span style=\"color:#c0c5ce;\">);\n</span><span style=\"color:#c0c5ce;\">                r2.</span><span style=\"color:#bf616a;\">x </span><span style=\"color:#c0c5ce;\">= </span><span style=\"color:#8fa1b3;\">std::max</span><span style=\"color:#c0c5ce;\">(r2.</span><span style=\"color:#bf616a;\">x</span><span style=\"color:#c0c5ce;\">, c[</span><span style=\"color:#d08770;\">0</span><span style=\"color:#c0c5ce;\">]-&gt;</span><span style=\"color:#bf616a;\">r2</span><span style=\"color:#c0c5ce;\">.</span><span style=\"color:#bf616a;\">x</span><span style=\"color:#c0c5ce;\">);\n</span><span style=\"color:#c0c5ce;\">                r2.</span><span style=\"color:#bf616a;\">y </span><span style=\"color:#c0c5ce;\">= </span><span style=\"color:#8fa1b3;\">std::max</span><span style=\"color:#c0c5ce;\">(r2.</span><span style=\"color:#bf616a;\">y</span><span style=\"color:#c0c5ce;\">, c[</span><span style=\"color:#d08770;\">0</span><span style=\"color:#c0c5ce;\">]-&gt;</span><span style=\"color:#bf616a;\">r2</span><span style=\"color:#c0c5ce;\">.</span><span style=\"color:#bf616a;\">y</span><span style=\"color:#c0c5ce;\">);\n</span><span style=\"color:#c0c5ce;\">            }\n</span><span style=\"color:#c0c5ce;\">            </span><span style=\"color:#b48ead;\">if </span><span style=\"color:#c0c5ce;\">(c[</span><span style=\"color:#d08770;\">1</span><span style=\"color:#c0c5ce;\">]) {\n</span><span style=\"color:#c0c5ce;\">                r1.</span><span style=\"color:#bf616a;\">x </span><span style=\"color:#c0c5ce;\">= </span><span style=\"color:#8fa1b3;\">std::min</span><span style=\"color:#c0c5ce;\">(r1.</span><span style=\"color:#bf616a;\">x</span><span style=\"color:#c0c5ce;\">, c[</span><span style=\"color:#d08770;\">1</span><span style=\"color:#c0c5ce;\">]-&gt;</span><span style=\"color:#bf616a;\">r1</span><span style=\"color:#c0c5ce;\">.</span><span style=\"color:#bf616a;\">x</span><span style=\"color:#c0c5ce;\">);\n</span><span style=\"color:#c0c5ce;\">                r1.</span><span style=\"color:#bf616a;\">y </span><span style=\"color:#c0c5ce;\">= </span><span style=\"color:#8fa1b3;\">std::min</span><span style=\"color:#c0c5ce;\">(r1.</span><span style=\"color:#bf616a;\">y</span><span style=\"color:#c0c5ce;\">, c[</span><span style=\"color:#d08770;\">1</span><span style=\"color:#c0c5ce;\">]-&gt;</span><span style=\"color:#bf616a;\">r1</span><span style=\"color:#c0c5ce;\">.</span><span style=\"color:#bf616a;\">y</span><span style=\"color:#c0c5ce;\">);\n</span><span style=\"color:#c0c5ce;\">                r2.</span><span style=\"color:#bf616a;\">x </span><span style=\"color:#c0c5ce;\">= </span><span style=\"color:#8fa1b3;\">std::max</span><span style=\"color:#c0c5ce;\">(r2.</span><span style=\"color:#bf616a;\">x</span><span style=\"color:#c0c5ce;\">, c[</span><span style=\"color:#d08770;\">1</span><span style=\"color:#c0c5ce;\">]-&gt;</span><span style=\"color:#bf616a;\">r2</span><span style=\"color:#c0c5ce;\">.</span><span style=\"color:#bf616a;\">x</span><span style=\"color:#c0c5ce;\">);\n</span><span style=\"color:#c0c5ce;\">                r2.</span><span style=\"color:#bf616a;\">y </span><span style=\"color:#c0c5ce;\">= </span><span style=\"color:#8fa1b3;\">std::max</span><span style=\"color:#c0c5ce;\">(r2.</span><span style=\"color:#bf616a;\">y</span><span style=\"color:#c0c5ce;\">, c[</span><span style=\"color:#d08770;\">1</span><span style=\"color:#c0c5ce;\">]-&gt;</span><span style=\"color:#bf616a;\">r2</span><span style=\"color:#c0c5ce;\">.</span><span style=\"color:#bf616a;\">y</span><span style=\"color:#c0c5ce;\">);\n</span><span style=\"color:#c0c5ce;\">            }\n</span><span style=\"color:#c0c5ce;\">        }\n</span><span style=\"color:#c0c5ce;\">        </span><span style=\"color:#b48ead;\">int </span><span style=\"color:#8fa1b3;\">distMax</span><span style=\"color:#c0c5ce;\">(</span><span style=\"color:#b48ead;\">const</span><span style=\"color:#c0c5ce;\"> Point &amp;</span><span style=\"color:#bf616a;\">p</span><span style=\"color:#c0c5ce;\">) {\n</span><span style=\"color:#c0c5ce;\">            </span><span style=\"color:#b48ead;\">int</span><span style=\"color:#c0c5ce;\"> res = </span><span style=\"color:#d08770;\">0</span><span style=\"color:#c0c5ce;\">;\n</span><span style=\"color:#c0c5ce;\">            res += </span><span style=\"color:#8fa1b3;\">std::max</span><span style=\"color:#c0c5ce;\">(p.</span><span style=\"color:#bf616a;\">x </span><span style=\"color:#c0c5ce;\">- r1.</span><span style=\"color:#bf616a;\">x</span><span style=\"color:#c0c5ce;\">, r2.</span><span style=\"color:#bf616a;\">x </span><span style=\"color:#c0c5ce;\">- p.</span><span style=\"color:#bf616a;\">x</span><span style=\"color:#c0c5ce;\">);\n</span><span style=\"color:#c0c5ce;\">            res += </span><span style=\"color:#8fa1b3;\">std::max</span><span style=\"color:#c0c5ce;\">(p.</span><span style=\"color:#bf616a;\">y </span><span style=\"color:#c0c5ce;\">- r1.</span><span style=\"color:#bf616a;\">y</span><span style=\"color:#c0c5ce;\">, r2.</span><span style=\"color:#bf616a;\">y </span><span style=\"color:#c0c5ce;\">- p.</span><span style=\"color:#bf616a;\">y</span><span style=\"color:#c0c5ce;\">);\n</span><span style=\"color:#c0c5ce;\">            </span><span style=\"color:#b48ead;\">return</span><span style=\"color:#c0c5ce;\"> res;\n</span><span style=\"color:#c0c5ce;\">        }\n</span><span style=\"color:#c0c5ce;\">        </span><span style=\"color:#b48ead;\">void </span><span style=\"color:#8fa1b3;\">queryMax</span><span style=\"color:#c0c5ce;\">(</span><span style=\"color:#b48ead;\">const</span><span style=\"color:#c0c5ce;\"> Point &amp;</span><span style=\"color:#bf616a;\">p</span><span style=\"color:#c0c5ce;\">, </span><span style=\"color:#b48ead;\">int </span><span style=\"color:#c0c5ce;\">&amp;</span><span style=\"color:#bf616a;\">res</span><span style=\"color:#c0c5ce;\">) {\n</span><span style=\"color:#c0c5ce;\">            res = </span><span style=\"color:#8fa1b3;\">std::max</span><span style=\"color:#c0c5ce;\">(res, </span><span style=\"color:#8fa1b3;\">dist</span><span style=\"color:#c0c5ce;\">(p, </span><span style=\"color:#bf616a;\">this</span><span style=\"color:#c0c5ce;\">-&gt;</span><span style=\"color:#bf616a;\">p</span><span style=\"color:#c0c5ce;\">));\n</span><span style=\"color:#c0c5ce;\">            </span><span style=\"color:#b48ead;\">if </span><span style=\"color:#c0c5ce;\">(!c[</span><span style=\"color:#d08770;\">0</span><span style=\"color:#c0c5ce;\">] &amp;&amp; !c[</span><span style=\"color:#d08770;\">1</span><span style=\"color:#c0c5ce;\">]) </span><span style=\"color:#b48ead;\">return</span><span style=\"color:#c0c5ce;\">;\n</span><span style=\"color:#c0c5ce;\">            </span><span style=\"color:#b48ead;\">int</span><span style=\"color:#c0c5ce;\"> k = c[</span><span style=\"color:#d08770;\">0</span><span style=\"color:#c0c5ce;\">] &amp;&amp; c[</span><span style=\"color:#d08770;\">1</span><span style=\"color:#c0c5ce;\">] ? c[</span><span style=\"color:#d08770;\">0</span><span style=\"color:#c0c5ce;\">]-&gt;</span><span style=\"color:#8fa1b3;\">distMax</span><span style=\"color:#c0c5ce;\">(p) &lt; c[</span><span style=\"color:#d08770;\">1</span><span style=\"color:#c0c5ce;\">]-&gt;</span><span style=\"color:#8fa1b3;\">distMax</span><span style=\"color:#c0c5ce;\">(p) : (c[</span><span style=\"color:#d08770;\">0</span><span style=\"color:#c0c5ce;\">] ? </span><span style=\"color:#d08770;\">0 </span><span style=\"color:#c0c5ce;\">: </span><span style=\"color:#d08770;\">1</span><span style=\"color:#c0c5ce;\">);\n</span><span style=\"color:#c0c5ce;\">            </span><span style=\"color:#b48ead;\">if </span><span style=\"color:#c0c5ce;\">(c[k]-&gt;</span><span style=\"color:#8fa1b3;\">distMax</span><span style=\"color:#c0c5ce;\">(p) &gt; res) c[k]-&gt;</span><span style=\"color:#8fa1b3;\">queryMax</span><span style=\"color:#c0c5ce;\">(p, res);\n</span><span style=\"color:#c0c5ce;\">            </span><span style=\"color:#b48ead;\">if </span><span style=\"color:#c0c5ce;\">(c[k ^ </span><span style=\"color:#d08770;\">1</span><span style=\"color:#c0c5ce;\">] &amp;&amp; c[k ^ </span><span style=\"color:#d08770;\">1</span><span style=\"color:#c0c5ce;\">]-&gt;</span><span style=\"color:#8fa1b3;\">distMax</span><span style=\"color:#c0c5ce;\">(p) &gt; res) c[k ^ </span><span style=\"color:#d08770;\">1</span><span style=\"color:#c0c5ce;\">]-&gt;</span><span style=\"color:#8fa1b3;\">queryMax</span><span style=\"color:#c0c5ce;\">(p, res);\n</span><span style=\"color:#c0c5ce;\">        }\n</span><span style=\"color:#c0c5ce;\">        </span><span style=\"color:#b48ead;\">int </span><span style=\"color:#8fa1b3;\">distMin</span><span style=\"color:#c0c5ce;\">(</span><span style=\"color:#b48ead;\">const</span><span style=\"color:#c0c5ce;\"> Point &amp;</span><span style=\"color:#bf616a;\">p</span><span style=\"color:#c0c5ce;\">) {\n</span><span style=\"color:#c0c5ce;\">            </span><span style=\"color:#b48ead;\">int</span><span style=\"color:#c0c5ce;\"> res = </span><span style=\"color:#d08770;\">0</span><span style=\"color:#c0c5ce;\">;\n</span><span style=\"color:#c0c5ce;\">            </span><span style=\"color:#b48ead;\">if </span><span style=\"color:#c0c5ce;\">(p.</span><span style=\"color:#bf616a;\">x </span><span style=\"color:#c0c5ce;\">&lt; r1.</span><span style=\"color:#bf616a;\">x </span><span style=\"color:#c0c5ce;\">|| p.</span><span style=\"color:#bf616a;\">x </span><span style=\"color:#c0c5ce;\">&gt; r2.</span><span style=\"color:#bf616a;\">x</span><span style=\"color:#c0c5ce;\">) res += p.</span><span style=\"color:#bf616a;\">x </span><span style=\"color:#c0c5ce;\">&lt; r1.</span><span style=\"color:#bf616a;\">x </span><span style=\"color:#c0c5ce;\">? r1.</span><span style=\"color:#bf616a;\">x </span><span style=\"color:#c0c5ce;\">- p.</span><span style=\"color:#bf616a;\">x </span><span style=\"color:#c0c5ce;\">: p.</span><span style=\"color:#bf616a;\">x </span><span style=\"color:#c0c5ce;\">- r2.</span><span style=\"color:#bf616a;\">x</span><span style=\"color:#c0c5ce;\">;\n</span><span style=\"color:#c0c5ce;\">            </span><span style=\"color:#b48ead;\">if </span><span style=\"color:#c0c5ce;\">(p.</span><span style=\"color:#bf616a;\">y </span><span style=\"color:#c0c5ce;\">&lt; r1.</span><span style=\"color:#bf616a;\">y </span><span style=\"color:#c0c5ce;\">|| p.</span><span style=\"color:#bf616a;\">y </span><span style=\"color:#c0c5ce;\">&gt; r2.</span><span style=\"color:#bf616a;\">y</span><span style=\"color:#c0c5ce;\">) res += p.</span><span style=\"color:#bf616a;\">y </span><span style=\"color:#c0c5ce;\">&lt; r1.</span><span style=\"color:#bf616a;\">y </span><span style=\"color:#c0c5ce;\">? r1.</span><span style=\"color:#bf616a;\">y </span><span style=\"color:#c0c5ce;\">- p.</span><span style=\"color:#bf616a;\">y </span><span style=\"color:#c0c5ce;\">: p.</span><span style=\"color:#bf616a;\">y </span><span style=\"color:#c0c5ce;\">- r2.</span><span style=\"color:#bf616a;\">y</span><span style=\"color:#c0c5ce;\">;\n</span><span style=\"color:#c0c5ce;\">            </span><span style=\"color:#b48ead;\">return</span><span style=\"color:#c0c5ce;\"> res;\n</span><span style=\"color:#c0c5ce;\">        }\n</span><span style=\"color:#c0c5ce;\">        </span><span style=\"color:#b48ead;\">void </span><span style=\"color:#8fa1b3;\">queryMin</span><span style=\"color:#c0c5ce;\">(</span><span style=\"color:#b48ead;\">const</span><span style=\"color:#c0c5ce;\"> Point &amp;</span><span style=\"color:#bf616a;\">p</span><span style=\"color:#c0c5ce;\">, </span><span style=\"color:#b48ead;\">int </span><span style=\"color:#c0c5ce;\">&amp;</span><span style=\"color:#bf616a;\">res</span><span style=\"color:#c0c5ce;\">) {\n</span><span style=\"color:#c0c5ce;\">            </span><span style=\"color:#b48ead;\">if </span><span style=\"color:#c0c5ce;\">(p != </span><span style=\"color:#bf616a;\">this</span><span style=\"color:#c0c5ce;\">-&gt;</span><span style=\"color:#bf616a;\">p</span><span style=\"color:#c0c5ce;\">) res = </span><span style=\"color:#8fa1b3;\">std::min</span><span style=\"color:#c0c5ce;\">(res, </span><span style=\"color:#8fa1b3;\">dist</span><span style=\"color:#c0c5ce;\">(p, </span><span style=\"color:#bf616a;\">this</span><span style=\"color:#c0c5ce;\">-&gt;</span><span style=\"color:#bf616a;\">p</span><span style=\"color:#c0c5ce;\">));\n</span><span style=\"color:#c0c5ce;\">            </span><span style=\"color:#b48ead;\">if </span><span style=\"color:#c0c5ce;\">(!c[</span><span style=\"color:#d08770;\">0</span><span style=\"color:#c0c5ce;\">] &amp;&amp; !c[</span><span style=\"color:#d08770;\">1</span><span style=\"color:#c0c5ce;\">]) </span><span style=\"color:#b48ead;\">return</span><span style=\"color:#c0c5ce;\">;\n</span><span style=\"color:#c0c5ce;\">            </span><span style=\"color:#b48ead;\">int</span><span style=\"color:#c0c5ce;\"> k = c[</span><span style=\"color:#d08770;\">0</span><span style=\"color:#c0c5ce;\">] &amp;&amp; c[</span><span style=\"color:#d08770;\">1</span><span style=\"color:#c0c5ce;\">] ? c[</span><span style=\"color:#d08770;\">0</span><span style=\"color:#c0c5ce;\">]-&gt;</span><span style=\"color:#8fa1b3;\">distMin</span><span style=\"color:#c0c5ce;\">(p) &gt; c[</span><span style=\"color:#d08770;\">1</span><span style=\"color:#c0c5ce;\">]-&gt;</span><span style=\"color:#8fa1b3;\">distMin</span><span style=\"color:#c0c5ce;\">(p) : (c[</span><span style=\"color:#d08770;\">0</span><span style=\"color:#c0c5ce;\">] ? </span><span style=\"color:#d08770;\">0 </span><span style=\"color:#c0c5ce;\">: </span><span style=\"color:#d08770;\">1</span><span style=\"color:#c0c5ce;\">);\n</span><span style=\"color:#c0c5ce;\">            </span><span style=\"color:#b48ead;\">if </span><span style=\"color:#c0c5ce;\">(c[k]-&gt;</span><span style=\"color:#8fa1b3;\">distMin</span><span style=\"color:#c0c5ce;\">(p) &lt; res) c[k]-&gt;</span><span style=\"color:#8fa1b3;\">queryMin</span><span style=\"color:#c0c5ce;\">(p, res);\n</span><span style=\"color:#c0c5ce;\">            </span><span style=\"color:#b48ead;\">if </span><span style=\"color:#c0c5ce;\">(c[k ^ </span><span style=\"color:#d08770;\">1</span><span style=\"color:#c0c5ce;\">] &amp;&amp; c[k ^ </span><span style=\"color:#d08770;\">1</span><span style=\"color:#c0c5ce;\">]-&gt;</span><span style=\"color:#8fa1b3;\">distMin</span><span style=\"color:#c0c5ce;\">(p) &lt; res) c[k ^ </span><span style=\"color:#d08770;\">1</span><span style=\"color:#c0c5ce;\">]-&gt;</span><span style=\"color:#8fa1b3;\">queryMin</span><span style=\"color:#c0c5ce;\">(p, res);\n</span><span style=\"color:#c0c5ce;\">        }\n</span><span style=\"color:#c0c5ce;\">    } *root, _pool[MAXN], *_curr;\n</span><span style=\"color:#c0c5ce;\">    </span><span style=\"color:#8fa1b3;\">KDTree</span><span style=\"color:#c0c5ce;\">() : </span><span style=\"color:#bf616a;\">root</span><span style=\"color:#c0c5ce;\">(</span><span style=\"color:#d08770;\">NULL</span><span style=\"color:#c0c5ce;\">), </span><span style=\"color:#bf616a;\">_curr</span><span style=\"color:#c0c5ce;\">(_pool) {}\n</span><span style=\"color:#c0c5ce;\">    Node *</span><span style=\"color:#8fa1b3;\">build</span><span style=\"color:#c0c5ce;\">(Point *</span><span style=\"color:#bf616a;\">l</span><span style=\"color:#c0c5ce;\">, Point *</span><span style=\"color:#bf616a;\">r</span><span style=\"color:#c0c5ce;\">, </span><span style=\"color:#b48ead;\">int </span><span style=\"color:#bf616a;\">d </span><span style=\"color:#c0c5ce;\">= </span><span style=\"color:#d08770;\">0</span><span style=\"color:#c0c5ce;\">) {\n</span><span style=\"color:#c0c5ce;\">        </span><span style=\"color:#b48ead;\">if </span><span style=\"color:#c0c5ce;\">(l &gt; r) </span><span style=\"color:#b48ead;\">return </span><span style=\"color:#d08770;\">NULL</span><span style=\"color:#c0c5ce;\">;\n</span><span style=\"color:#c0c5ce;\">        </span><span style=\"color:#b48ead;\">if </span><span style=\"color:#c0c5ce;\">(l == r) </span><span style=\"color:#b48ead;\">return new </span><span style=\"color:#c0c5ce;\">(_curr++) </span><span style=\"color:#8fa1b3;\">Node</span><span style=\"color:#c0c5ce;\">(*l);\n</span><span style=\"color:#c0c5ce;\">        Point *mid = l + (r - l) / </span><span style=\"color:#d08770;\">2</span><span style=\"color:#c0c5ce;\">;\n</span><span style=\"color:#c0c5ce;\">        </span><span style=\"color:#8fa1b3;\">std::nth_element</span><span style=\"color:#c0c5ce;\">(l, mid, r + </span><span style=\"color:#d08770;\">1</span><span style=\"color:#c0c5ce;\">, d ? cmp1 : cmp2);\n</span><span style=\"color:#c0c5ce;\">        Node *u = </span><span style=\"color:#b48ead;\">new </span><span style=\"color:#c0c5ce;\">(_curr++) </span><span style=\"color:#8fa1b3;\">Node</span><span style=\"color:#c0c5ce;\">(*mid);\n</span><span style=\"color:#c0c5ce;\">        u-&gt;</span><span style=\"color:#bf616a;\">c</span><span style=\"color:#c0c5ce;\">[</span><span style=\"color:#d08770;\">0</span><span style=\"color:#c0c5ce;\">] = </span><span style=\"color:#8fa1b3;\">build</span><span style=\"color:#c0c5ce;\">(l, mid - </span><span style=\"color:#d08770;\">1</span><span style=\"color:#c0c5ce;\">, d ^ </span><span style=\"color:#d08770;\">1</span><span style=\"color:#c0c5ce;\">);\n</span><span style=\"color:#c0c5ce;\">        u-&gt;</span><span style=\"color:#bf616a;\">c</span><span style=\"color:#c0c5ce;\">[</span><span style=\"color:#d08770;\">1</span><span style=\"color:#c0c5ce;\">] = </span><span style=\"color:#8fa1b3;\">build</span><span style=\"color:#c0c5ce;\">(mid + </span><span style=\"color:#d08770;\">1</span><span style=\"color:#c0c5ce;\">, r, d ^ </span><span style=\"color:#d08770;\">1</span><span style=\"color:#c0c5ce;\">);\n</span><span style=\"color:#c0c5ce;\">        u-&gt;</span><span style=\"color:#8fa1b3;\">maintain</span><span style=\"color:#c0c5ce;\">();\n</span><span style=\"color:#c0c5ce;\">        </span><span style=\"color:#b48ead;\">return</span><span style=\"color:#c0c5ce;\"> u;\n</span><span style=\"color:#c0c5ce;\">    }\n</span><span style=\"color:#c0c5ce;\">    </span><span style=\"color:#b48ead;\">int </span><span style=\"color:#8fa1b3;\">queryMax</span><span style=\"color:#c0c5ce;\">(</span><span style=\"color:#b48ead;\">const</span><span style=\"color:#c0c5ce;\"> Point &amp;</span><span style=\"color:#bf616a;\">p</span><span style=\"color:#c0c5ce;\">) {\n</span><span style=\"color:#c0c5ce;\">        </span><span style=\"color:#b48ead;\">int</span><span style=\"color:#c0c5ce;\"> res = </span><span style=\"color:#d08770;\">0</span><span style=\"color:#c0c5ce;\">;\n</span><span style=\"color:#c0c5ce;\">        root-&gt;</span><span style=\"color:#8fa1b3;\">queryMax</span><span style=\"color:#c0c5ce;\">(p, res);\n</span><span style=\"color:#c0c5ce;\">        </span><span style=\"color:#b48ead;\">return</span><span style=\"color:#c0c5ce;\"> res;\n</span><span style=\"color:#c0c5ce;\">    }\n</span><span style=\"color:#c0c5ce;\">    </span><span style=\"color:#b48ead;\">int </span><span style=\"color:#8fa1b3;\">queryMin</span><span style=\"color:#c0c5ce;\">(</span><span style=\"color:#b48ead;\">const</span><span style=\"color:#c0c5ce;\"> Point &amp;</span><span style=\"color:#bf616a;\">p</span><span style=\"color:#c0c5ce;\">) {\n</span><span style=\"color:#c0c5ce;\">        </span><span style=\"color:#b48ead;\">int</span><span style=\"color:#c0c5ce;\"> res = INT_MAX;\n</span><span style=\"color:#c0c5ce;\">        root-&gt;</span><span style=\"color:#8fa1b3;\">queryMin</span><span style=\"color:#c0c5ce;\">(p, res);\n</span><span style=\"color:#c0c5ce;\">        </span><span style=\"color:#b48ead;\">return</span><span style=\"color:#c0c5ce;\"> res;\n</span><span style=\"color:#c0c5ce;\">    }\n</span><span style=\"color:#c0c5ce;\">} kdT;\n</span><span style=\"color:#b48ead;\">int </span><span style=\"color:#8fa1b3;\">main</span><span style=\"color:#c0c5ce;\">() {\n</span><span style=\"color:#c0c5ce;\">    </span><span style=\"color:#b48ead;\">int</span><span style=\"color:#c0c5ce;\"> n;\n</span><span style=\"color:#c0c5ce;\">    </span><span style=\"color:#96b5b4;\">scanf</span><span style=\"color:#c0c5ce;\">(&quot;</span><span style=\"color:#d08770;\">%d</span><span style=\"color:#c0c5ce;\">&quot;, &amp;n);\n</span><span style=\"color:#c0c5ce;\">    </span><span style=\"color:#b48ead;\">static</span><span style=\"color:#c0c5ce;\"> Point P[MAXN];\n</span><span style=\"color:#c0c5ce;\">    </span><span style=\"color:#b48ead;\">for </span><span style=\"color:#c0c5ce;\">(</span><span style=\"color:#b48ead;\">int</span><span style=\"color:#c0c5ce;\"> i = </span><span style=\"color:#d08770;\">0</span><span style=\"color:#c0c5ce;\">; i &lt; n; i++) </span><span style=\"color:#96b5b4;\">scanf</span><span style=\"color:#c0c5ce;\">(&quot;</span><span style=\"color:#d08770;\">%d %d</span><span style=\"color:#c0c5ce;\">&quot;, &amp;P[i].</span><span style=\"color:#bf616a;\">x</span><span style=\"color:#c0c5ce;\">, &amp;P[i].</span><span style=\"color:#bf616a;\">y</span><span style=\"color:#c0c5ce;\">);\n</span><span style=\"color:#c0c5ce;\">    kdT.</span><span style=\"color:#bf616a;\">root </span><span style=\"color:#c0c5ce;\">= kdT.</span><span style=\"color:#8fa1b3;\">build</span><span style=\"color:#c0c5ce;\">(P, P + n - </span><span style=\"color:#d08770;\">1</span><span style=\"color:#c0c5ce;\">);\n</span><span style=\"color:#c0c5ce;\">    </span><span style=\"color:#b48ead;\">int</span><span style=\"color:#c0c5ce;\"> ans = INT_MAX;\n</span><span style=\"color:#c0c5ce;\">    </span><span style=\"color:#b48ead;\">for </span><span style=\"color:#c0c5ce;\">(</span><span style=\"color:#b48ead;\">int</span><span style=\"color:#c0c5ce;\"> i = </span><span style=\"color:#d08770;\">0</span><span style=\"color:#c0c5ce;\">; i &lt; n; i++) ans = </span><span style=\"color:#8fa1b3;\">std::min</span><span style=\"color:#c0c5ce;\">(ans, kdT.</span><span style=\"color:#8fa1b3;\">queryMax</span><span style=\"color:#c0c5ce;\">(P[i]) - kdT.</span><span style=\"color:#8fa1b3;\">queryMin</span><span style=\"color:#c0c5ce;\">(P[i]));\n</span><span style=\"color:#c0c5ce;\">    </span><span style=\"color:#96b5b4;\">printf</span><span style=\"color:#c0c5ce;\">(&quot;</span><span style=\"color:#d08770;\">%d</span><span style=\"color:#96b5b4;\">\\n</span><span style=\"color:#c0c5ce;\">&quot;, ans);\n</span><span style=\"color:#c0c5ce;\">    </span><span style=\"color:#b48ead;\">return </span><span style=\"color:#d08770;\">0</span><span style=\"color:#c0c5ce;\">;\n</span><span style=\"color:#c0c5ce;\">}\n</span>\n</code></pre>\n"}