{"title":"[Codeforces Round 549] Div1-C/Div2-F U2","tags":["凸包","计算几何"],"create_time":1554451971,"last_modified":1596726184,"toc":"<ol><li><a href=\"#题目大意\">题目大意</a></li><li><a href=\"#题目链接\">题目链接</a></li><li><a href=\"#题解\">题解</a></li><li><a href=\"#代码\">代码</a></li>","html":"<h2><a href=\"#题目大意\" aria-hidden=\"true\" class=\"anchor\" id=\"题目大意\"></a>题目大意</h2>\n<p>平面上任意两个横坐标不同的点可以确定一条形如 <span class=\"katex\"><span class=\"katex-mathml\"><math xmlns=\"http://www.w3.org/1998/Math/MathML\"><semantics><mrow><mi>y</mi><mo>=</mo><msup><mi>x</mi><mn>2</mn></msup><mo>+</mo><mi>b</mi><mi>x</mi><mo>+</mo><mi>c</mi></mrow><annotation encoding=\"application/x-tex\">y = x^2 + bx + c</annotation></semantics></math></span><span class=\"katex-html\" aria-hidden=\"true\"><span class=\"base\"><span class=\"strut\" style=\"height:0.625em;vertical-align:-0.1944em;\"></span><span class=\"mord mathnormal\" style=\"margin-right:0.03588em;\">y</span><span class=\"mspace\" style=\"margin-right:0.2778em;\"></span><span class=\"mrel\">=</span><span class=\"mspace\" style=\"margin-right:0.2778em;\"></span></span><span class=\"base\"><span class=\"strut\" style=\"height:0.8974em;vertical-align:-0.0833em;\"></span><span class=\"mord\"><span class=\"mord mathnormal\">x</span><span class=\"msupsub\"><span class=\"vlist-t\"><span class=\"vlist-r\"><span class=\"vlist\" style=\"height:0.8141em;\"><span style=\"top:-3.063em;margin-right:0.05em;\"><span class=\"pstrut\" style=\"height:2.7em;\"></span><span class=\"sizing reset-size6 size3 mtight\"><span class=\"mord mtight\">2</span></span></span></span></span></span></span></span><span class=\"mspace\" style=\"margin-right:0.2222em;\"></span><span class=\"mbin\">+</span><span class=\"mspace\" style=\"margin-right:0.2222em;\"></span></span><span class=\"base\"><span class=\"strut\" style=\"height:0.7778em;vertical-align:-0.0833em;\"></span><span class=\"mord mathnormal\">b</span><span class=\"mord mathnormal\">x</span><span class=\"mspace\" style=\"margin-right:0.2222em;\"></span><span class=\"mbin\">+</span><span class=\"mspace\" style=\"margin-right:0.2222em;\"></span></span><span class=\"base\"><span class=\"strut\" style=\"height:0.4306em;\"></span><span class=\"mord mathnormal\">c</span></span></span></span> 的抛物线。现给出平面上的 <span class=\"katex\"><span class=\"katex-mathml\"><math xmlns=\"http://www.w3.org/1998/Math/MathML\"><semantics><mrow><mi>n</mi></mrow><annotation encoding=\"application/x-tex\">n</annotation></semantics></math></span><span class=\"katex-html\" aria-hidden=\"true\"><span class=\"base\"><span class=\"strut\" style=\"height:0.4306em;\"></span><span class=\"mord mathnormal\">n</span></span></span></span> 个点，以它们建出尽可能多的此种抛物线，使得任意一个点不在某个抛物线的上方（在线上不计）。</p>\n<p><span class=\"katex\"><span class=\"katex-mathml\"><math xmlns=\"http://www.w3.org/1998/Math/MathML\"><semantics><mrow><mn>1</mn><mo>≤</mo><mi>n</mi><mo>≤</mo><mn>100</mn><mo separator=\"true\">,</mo><mn>000</mn></mrow><annotation encoding=\"application/x-tex\">1 \\leq n \\leq 100,000</annotation></semantics></math></span><span class=\"katex-html\" aria-hidden=\"true\"><span class=\"base\"><span class=\"strut\" style=\"height:0.7804em;vertical-align:-0.136em;\"></span><span class=\"mord\">1</span><span class=\"mspace\" style=\"margin-right:0.2778em;\"></span><span class=\"mrel\">≤</span><span class=\"mspace\" style=\"margin-right:0.2778em;\"></span></span><span class=\"base\"><span class=\"strut\" style=\"height:0.7719em;vertical-align:-0.136em;\"></span><span class=\"mord mathnormal\">n</span><span class=\"mspace\" style=\"margin-right:0.2778em;\"></span><span class=\"mrel\">≤</span><span class=\"mspace\" style=\"margin-right:0.2778em;\"></span></span><span class=\"base\"><span class=\"strut\" style=\"height:0.8389em;vertical-align:-0.1944em;\"></span><span class=\"mord\">100</span><span class=\"mpunct\">,</span><span class=\"mspace\" style=\"margin-right:0.1667em;\"></span><span class=\"mord\">000</span></span></span></span></p>\n<p><span class=\"katex\"><span class=\"katex-mathml\"><math xmlns=\"http://www.w3.org/1998/Math/MathML\"><semantics><mrow><mi mathvariant=\"normal\">∣</mi><msub><mi>x</mi><mi>i</mi></msub><mi mathvariant=\"normal\">∣</mi><mo separator=\"true\">,</mo><mi mathvariant=\"normal\">∣</mi><msub><mi>y</mi><mi>i</mi></msub><mi mathvariant=\"normal\">∣</mi><mo>≤</mo><mn>1</mn><mo separator=\"true\">,</mo><mn>000</mn><mo separator=\"true\">,</mo><mn>000</mn></mrow><annotation encoding=\"application/x-tex\">|x_i|, |y_i| \\leq 1,000,000</annotation></semantics></math></span><span class=\"katex-html\" aria-hidden=\"true\"><span class=\"base\"><span class=\"strut\" style=\"height:1em;vertical-align:-0.25em;\"></span><span class=\"mord\">∣</span><span class=\"mord\"><span class=\"mord mathnormal\">x</span><span class=\"msupsub\"><span class=\"vlist-t vlist-t2\"><span class=\"vlist-r\"><span class=\"vlist\" style=\"height:0.3117em;\"><span style=\"top:-2.55em;margin-left:0em;margin-right:0.05em;\"><span class=\"pstrut\" style=\"height:2.7em;\"></span><span class=\"sizing reset-size6 size3 mtight\"><span class=\"mord mathnormal mtight\">i</span></span></span></span><span class=\"vlist-s\">​</span></span><span class=\"vlist-r\"><span class=\"vlist\" style=\"height:0.15em;\"><span></span></span></span></span></span></span><span class=\"mord\">∣</span><span class=\"mpunct\">,</span><span class=\"mspace\" style=\"margin-right:0.1667em;\"></span><span class=\"mord\">∣</span><span class=\"mord\"><span class=\"mord mathnormal\" style=\"margin-right:0.03588em;\">y</span><span class=\"msupsub\"><span class=\"vlist-t vlist-t2\"><span class=\"vlist-r\"><span class=\"vlist\" style=\"height:0.3117em;\"><span style=\"top:-2.55em;margin-left:-0.0359em;margin-right:0.05em;\"><span class=\"pstrut\" style=\"height:2.7em;\"></span><span class=\"sizing reset-size6 size3 mtight\"><span class=\"mord mathnormal mtight\">i</span></span></span></span><span class=\"vlist-s\">​</span></span><span class=\"vlist-r\"><span class=\"vlist\" style=\"height:0.15em;\"><span></span></span></span></span></span></span><span class=\"mord\">∣</span><span class=\"mspace\" style=\"margin-right:0.2778em;\"></span><span class=\"mrel\">≤</span><span class=\"mspace\" style=\"margin-right:0.2778em;\"></span></span><span class=\"base\"><span class=\"strut\" style=\"height:0.8389em;vertical-align:-0.1944em;\"></span><span class=\"mord\">1</span><span class=\"mpunct\">,</span><span class=\"mspace\" style=\"margin-right:0.1667em;\"></span><span class=\"mord\">000</span><span class=\"mpunct\">,</span><span class=\"mspace\" style=\"margin-right:0.1667em;\"></span><span class=\"mord\">000</span></span></span></span></p>\n<h2><a href=\"#题目链接\" aria-hidden=\"true\" class=\"anchor\" id=\"题目链接\"></a>题目链接</h2>\n<p><a href=\"https://codeforces.com/contest/1142/problem/C\">Codeforces Round 549 - Div1-C/Div2-F</a></p>\n<!-- more -->\n<h2><a href=\"#题解\" aria-hidden=\"true\" class=\"anchor\" id=\"题解\"></a>题解</h2>\n<p>对式子进行移项，得 <span class=\"katex\"><span class=\"katex-mathml\"><math xmlns=\"http://www.w3.org/1998/Math/MathML\"><semantics><mrow><mi>y</mi><mo>−</mo><msup><mi>x</mi><mn>2</mn></msup><mo>=</mo><mi>b</mi><mi>x</mi><mo>+</mo><mi>c</mi></mrow><annotation encoding=\"application/x-tex\">y - x^2 = bx + c</annotation></semantics></math></span><span class=\"katex-html\" aria-hidden=\"true\"><span class=\"base\"><span class=\"strut\" style=\"height:0.7778em;vertical-align:-0.1944em;\"></span><span class=\"mord mathnormal\" style=\"margin-right:0.03588em;\">y</span><span class=\"mspace\" style=\"margin-right:0.2222em;\"></span><span class=\"mbin\">−</span><span class=\"mspace\" style=\"margin-right:0.2222em;\"></span></span><span class=\"base\"><span class=\"strut\" style=\"height:0.8141em;\"></span><span class=\"mord\"><span class=\"mord mathnormal\">x</span><span class=\"msupsub\"><span class=\"vlist-t\"><span class=\"vlist-r\"><span class=\"vlist\" style=\"height:0.8141em;\"><span style=\"top:-3.063em;margin-right:0.05em;\"><span class=\"pstrut\" style=\"height:2.7em;\"></span><span class=\"sizing reset-size6 size3 mtight\"><span class=\"mord mtight\">2</span></span></span></span></span></span></span></span><span class=\"mspace\" style=\"margin-right:0.2778em;\"></span><span class=\"mrel\">=</span><span class=\"mspace\" style=\"margin-right:0.2778em;\"></span></span><span class=\"base\"><span class=\"strut\" style=\"height:0.7778em;vertical-align:-0.0833em;\"></span><span class=\"mord mathnormal\">b</span><span class=\"mord mathnormal\">x</span><span class=\"mspace\" style=\"margin-right:0.2222em;\"></span><span class=\"mbin\">+</span><span class=\"mspace\" style=\"margin-right:0.2222em;\"></span></span><span class=\"base\"><span class=\"strut\" style=\"height:0.4306em;\"></span><span class=\"mord mathnormal\">c</span></span></span></span>，即把所有点改成 <span class=\"katex\"><span class=\"katex-mathml\"><math xmlns=\"http://www.w3.org/1998/Math/MathML\"><semantics><mrow><mo stretchy=\"false\">(</mo><msub><mi>x</mi><mi>i</mi></msub><mo separator=\"true\">,</mo><msub><mi>y</mi><mi>i</mi></msub><mo>−</mo><msubsup><mi>x</mi><mi>i</mi><mn>2</mn></msubsup><mo stretchy=\"false\">)</mo></mrow><annotation encoding=\"application/x-tex\">(x_i, y_i - x_i^2)</annotation></semantics></math></span><span class=\"katex-html\" aria-hidden=\"true\"><span class=\"base\"><span class=\"strut\" style=\"height:1em;vertical-align:-0.25em;\"></span><span class=\"mopen\">(</span><span class=\"mord\"><span class=\"mord mathnormal\">x</span><span class=\"msupsub\"><span class=\"vlist-t vlist-t2\"><span class=\"vlist-r\"><span class=\"vlist\" style=\"height:0.3117em;\"><span style=\"top:-2.55em;margin-left:0em;margin-right:0.05em;\"><span class=\"pstrut\" style=\"height:2.7em;\"></span><span class=\"sizing reset-size6 size3 mtight\"><span class=\"mord mathnormal mtight\">i</span></span></span></span><span class=\"vlist-s\">​</span></span><span class=\"vlist-r\"><span class=\"vlist\" style=\"height:0.15em;\"><span></span></span></span></span></span></span><span class=\"mpunct\">,</span><span class=\"mspace\" style=\"margin-right:0.1667em;\"></span><span class=\"mord\"><span class=\"mord mathnormal\" style=\"margin-right:0.03588em;\">y</span><span class=\"msupsub\"><span class=\"vlist-t vlist-t2\"><span class=\"vlist-r\"><span class=\"vlist\" style=\"height:0.3117em;\"><span style=\"top:-2.55em;margin-left:-0.0359em;margin-right:0.05em;\"><span class=\"pstrut\" style=\"height:2.7em;\"></span><span class=\"sizing reset-size6 size3 mtight\"><span class=\"mord mathnormal mtight\">i</span></span></span></span><span class=\"vlist-s\">​</span></span><span class=\"vlist-r\"><span class=\"vlist\" style=\"height:0.15em;\"><span></span></span></span></span></span></span><span class=\"mspace\" style=\"margin-right:0.2222em;\"></span><span class=\"mbin\">−</span><span class=\"mspace\" style=\"margin-right:0.2222em;\"></span></span><span class=\"base\"><span class=\"strut\" style=\"height:1.0728em;vertical-align:-0.2587em;\"></span><span class=\"mord\"><span class=\"mord mathnormal\">x</span><span class=\"msupsub\"><span class=\"vlist-t vlist-t2\"><span class=\"vlist-r\"><span class=\"vlist\" style=\"height:0.8141em;\"><span style=\"top:-2.4413em;margin-left:0em;margin-right:0.05em;\"><span class=\"pstrut\" style=\"height:2.7em;\"></span><span class=\"sizing reset-size6 size3 mtight\"><span class=\"mord mathnormal mtight\">i</span></span></span><span style=\"top:-3.063em;margin-right:0.05em;\"><span class=\"pstrut\" style=\"height:2.7em;\"></span><span class=\"sizing reset-size6 size3 mtight\"><span class=\"mord mtight\">2</span></span></span></span><span class=\"vlist-s\">​</span></span><span class=\"vlist-r\"><span class=\"vlist\" style=\"height:0.2587em;\"><span></span></span></span></span></span></span><span class=\"mclose\">)</span></span></span></span>，求它们的一个上凸包。</p>\n<p>记得对相同横坐标的点只取纵坐标最大的一个，因为要求横坐标不同的点才能构成抛物线。</p>\n<h2><a href=\"#代码\" aria-hidden=\"true\" class=\"anchor\" id=\"代码\"></a>代码</h2>\n<pre style=\"background-color:#2b303b;\"><code class=\"language-c++\">\n<span style=\"color:#b48ead;\">#include </span><span style=\"color:#c0c5ce;\">&lt;</span><span style=\"color:#a3be8c;\">cstdio</span><span style=\"color:#c0c5ce;\">&gt;\n</span><span style=\"color:#b48ead;\">#include </span><span style=\"color:#c0c5ce;\">&lt;</span><span style=\"color:#a3be8c;\">algorithm</span><span style=\"color:#c0c5ce;\">&gt;\n</span><span style=\"color:#c0c5ce;\">\n</span><span style=\"color:#b48ead;\">const int</span><span style=\"color:#c0c5ce;\"> MAXN = </span><span style=\"color:#d08770;\">100005</span><span style=\"color:#c0c5ce;\">;\n</span><span style=\"color:#c0c5ce;\">\n</span><span style=\"color:#b48ead;\">struct </span><span style=\"color:#c0c5ce;\">Point {\n</span><span style=\"color:#c0c5ce;\">    </span><span style=\"color:#b48ead;\">long long</span><span style=\"color:#c0c5ce;\"> x, y;\n</span><span style=\"color:#c0c5ce;\">\n</span><span style=\"color:#c0c5ce;\">    </span><span style=\"color:#8fa1b3;\">Point</span><span style=\"color:#c0c5ce;\">() {}\n</span><span style=\"color:#c0c5ce;\">    </span><span style=\"color:#8fa1b3;\">Point</span><span style=\"color:#c0c5ce;\">(</span><span style=\"color:#b48ead;\">long long </span><span style=\"color:#bf616a;\">x</span><span style=\"color:#c0c5ce;\">, </span><span style=\"color:#b48ead;\">long long </span><span style=\"color:#bf616a;\">y</span><span style=\"color:#c0c5ce;\">) : </span><span style=\"color:#bf616a;\">x</span><span style=\"color:#c0c5ce;\">(x), </span><span style=\"color:#bf616a;\">y</span><span style=\"color:#c0c5ce;\">(y) {}\n</span><span style=\"color:#c0c5ce;\">\n</span><span style=\"color:#c0c5ce;\">    Point </span><span style=\"color:#8fa1b3;\">operator-</span><span style=\"color:#c0c5ce;\">(</span><span style=\"color:#b48ead;\">const</span><span style=\"color:#c0c5ce;\"> Point &amp;</span><span style=\"color:#bf616a;\">rhs</span><span style=\"color:#c0c5ce;\">) </span><span style=\"color:#b48ead;\">const </span><span style=\"color:#c0c5ce;\">{ </span><span style=\"color:#b48ead;\">return </span><span style=\"color:#8fa1b3;\">Point</span><span style=\"color:#c0c5ce;\">(x - rhs.</span><span style=\"color:#bf616a;\">x</span><span style=\"color:#c0c5ce;\">, y - rhs.</span><span style=\"color:#bf616a;\">y</span><span style=\"color:#c0c5ce;\">); }\n</span><span style=\"color:#c0c5ce;\">    </span><span style=\"color:#b48ead;\">friend long long</span><span style=\"color:#c0c5ce;\"> cross(</span><span style=\"color:#b48ead;\">const</span><span style=\"color:#c0c5ce;\"> Point &amp;a, </span><span style=\"color:#b48ead;\">const</span><span style=\"color:#c0c5ce;\"> Point &amp;b) { </span><span style=\"color:#b48ead;\">return</span><span style=\"color:#c0c5ce;\"> a.</span><span style=\"color:#bf616a;\">x </span><span style=\"color:#c0c5ce;\">* b.</span><span style=\"color:#bf616a;\">y </span><span style=\"color:#c0c5ce;\">- a.</span><span style=\"color:#bf616a;\">y </span><span style=\"color:#c0c5ce;\">* b.</span><span style=\"color:#bf616a;\">x</span><span style=\"color:#c0c5ce;\">; }\n</span><span style=\"color:#c0c5ce;\">} P[MAXN], ch[MAXN];\n</span><span style=\"color:#c0c5ce;\">\n</span><span style=\"color:#b48ead;\">int </span><span style=\"color:#8fa1b3;\">getConvexHull</span><span style=\"color:#c0c5ce;\">(</span><span style=\"color:#b48ead;\">int </span><span style=\"color:#bf616a;\">n</span><span style=\"color:#c0c5ce;\">) {\n</span><span style=\"color:#c0c5ce;\">    </span><span style=\"color:#8fa1b3;\">std::sort</span><span style=\"color:#c0c5ce;\">(P, P + n, [](</span><span style=\"color:#b48ead;\">const</span><span style=\"color:#c0c5ce;\"> Point &amp;a, </span><span style=\"color:#b48ead;\">const</span><span style=\"color:#c0c5ce;\"> Point &amp;b) {\n</span><span style=\"color:#c0c5ce;\">                </span><span style=\"color:#b48ead;\">return</span><span style=\"color:#c0c5ce;\"> a.</span><span style=\"color:#bf616a;\">x </span><span style=\"color:#c0c5ce;\">== b.</span><span style=\"color:#bf616a;\">x </span><span style=\"color:#c0c5ce;\">? a.</span><span style=\"color:#bf616a;\">y </span><span style=\"color:#c0c5ce;\">&lt; b.</span><span style=\"color:#bf616a;\">y </span><span style=\"color:#c0c5ce;\">: a.</span><span style=\"color:#bf616a;\">x </span><span style=\"color:#c0c5ce;\">&lt; b.</span><span style=\"color:#bf616a;\">x</span><span style=\"color:#c0c5ce;\">;\n</span><span style=\"color:#c0c5ce;\">            });\n</span><span style=\"color:#c0c5ce;\">    </span><span style=\"color:#b48ead;\">int</span><span style=\"color:#c0c5ce;\"> p = </span><span style=\"color:#d08770;\">0</span><span style=\"color:#c0c5ce;\">;\n</span><span style=\"color:#c0c5ce;\">    </span><span style=\"color:#b48ead;\">for </span><span style=\"color:#c0c5ce;\">(</span><span style=\"color:#b48ead;\">int</span><span style=\"color:#c0c5ce;\"> i = </span><span style=\"color:#d08770;\">0</span><span style=\"color:#c0c5ce;\">; i &lt; n; i++) </span><span style=\"color:#b48ead;\">if </span><span style=\"color:#c0c5ce;\">(i == n - </span><span style=\"color:#d08770;\">1 </span><span style=\"color:#c0c5ce;\">|| P[i].</span><span style=\"color:#bf616a;\">x </span><span style=\"color:#c0c5ce;\">!= P[i + </span><span style=\"color:#d08770;\">1</span><span style=\"color:#c0c5ce;\">].</span><span style=\"color:#bf616a;\">x</span><span style=\"color:#c0c5ce;\">) P[p++] = P[i];\n</span><span style=\"color:#c0c5ce;\">    </span><span style=\"color:#b48ead;\">int</span><span style=\"color:#c0c5ce;\"> m = </span><span style=\"color:#d08770;\">0</span><span style=\"color:#c0c5ce;\">;\n</span><span style=\"color:#c0c5ce;\">    </span><span style=\"color:#b48ead;\">for </span><span style=\"color:#c0c5ce;\">(</span><span style=\"color:#b48ead;\">int</span><span style=\"color:#c0c5ce;\"> i = </span><span style=\"color:#d08770;\">0</span><span style=\"color:#c0c5ce;\">; i &lt; p; i++) {\n</span><span style=\"color:#c0c5ce;\">        </span><span style=\"color:#b48ead;\">while </span><span style=\"color:#c0c5ce;\">(m &gt; </span><span style=\"color:#d08770;\">1 </span><span style=\"color:#c0c5ce;\">&amp;&amp; </span><span style=\"color:#8fa1b3;\">cross</span><span style=\"color:#c0c5ce;\">(ch[m - </span><span style=\"color:#d08770;\">1</span><span style=\"color:#c0c5ce;\">] - ch[m - </span><span style=\"color:#d08770;\">2</span><span style=\"color:#c0c5ce;\">], P[i] - ch[m - </span><span style=\"color:#d08770;\">2</span><span style=\"color:#c0c5ce;\">]) &gt;= </span><span style=\"color:#d08770;\">0</span><span style=\"color:#c0c5ce;\">) --m;\n</span><span style=\"color:#c0c5ce;\">        ch[m++] = P[i];\n</span><span style=\"color:#c0c5ce;\">    }\n</span><span style=\"color:#c0c5ce;\">    </span><span style=\"color:#b48ead;\">return</span><span style=\"color:#c0c5ce;\"> m;\n</span><span style=\"color:#c0c5ce;\">}\n</span><span style=\"color:#c0c5ce;\">\n</span><span style=\"color:#b48ead;\">int </span><span style=\"color:#8fa1b3;\">main</span><span style=\"color:#c0c5ce;\">() {\n</span><span style=\"color:#c0c5ce;\">    </span><span style=\"color:#b48ead;\">int</span><span style=\"color:#c0c5ce;\"> n;\n</span><span style=\"color:#c0c5ce;\">    </span><span style=\"color:#96b5b4;\">scanf</span><span style=\"color:#c0c5ce;\">(&quot;</span><span style=\"color:#d08770;\">%d</span><span style=\"color:#c0c5ce;\">&quot;, &amp;n);\n</span><span style=\"color:#c0c5ce;\">    </span><span style=\"color:#b48ead;\">for </span><span style=\"color:#c0c5ce;\">(</span><span style=\"color:#b48ead;\">int</span><span style=\"color:#c0c5ce;\"> i = </span><span style=\"color:#d08770;\">0</span><span style=\"color:#c0c5ce;\">; i &lt; n; i++) {\n</span><span style=\"color:#c0c5ce;\">        </span><span style=\"color:#96b5b4;\">scanf</span><span style=\"color:#c0c5ce;\">(&quot;</span><span style=\"color:#d08770;\">%lld %lld</span><span style=\"color:#c0c5ce;\">&quot;, &amp;P[i].</span><span style=\"color:#bf616a;\">x</span><span style=\"color:#c0c5ce;\">, &amp;P[i].</span><span style=\"color:#bf616a;\">y</span><span style=\"color:#c0c5ce;\">);\n</span><span style=\"color:#c0c5ce;\">        P[i].</span><span style=\"color:#bf616a;\">y </span><span style=\"color:#c0c5ce;\">= P[i].</span><span style=\"color:#bf616a;\">y </span><span style=\"color:#c0c5ce;\">- P[i].</span><span style=\"color:#bf616a;\">x </span><span style=\"color:#c0c5ce;\">* P[i].</span><span style=\"color:#bf616a;\">x</span><span style=\"color:#c0c5ce;\">;\n</span><span style=\"color:#c0c5ce;\">    }\n</span><span style=\"color:#c0c5ce;\">    </span><span style=\"color:#b48ead;\">int</span><span style=\"color:#c0c5ce;\"> ans = </span><span style=\"color:#8fa1b3;\">getConvexHull</span><span style=\"color:#c0c5ce;\">(n) - </span><span style=\"color:#d08770;\">1</span><span style=\"color:#c0c5ce;\">;\n</span><span style=\"color:#c0c5ce;\">    </span><span style=\"color:#96b5b4;\">printf</span><span style=\"color:#c0c5ce;\">(&quot;</span><span style=\"color:#d08770;\">%d</span><span style=\"color:#96b5b4;\">\\n</span><span style=\"color:#c0c5ce;\">&quot;, ans);\n</span><span style=\"color:#c0c5ce;\">    \n</span><span style=\"color:#c0c5ce;\">    </span><span style=\"color:#b48ead;\">return </span><span style=\"color:#d08770;\">0</span><span style=\"color:#c0c5ce;\">;\n</span><span style=\"color:#c0c5ce;\">}\n</span>\n</code></pre>\n"}