{"title":"[Codeforces Good Bye 2018] E New Year and the Acquaintance Estimation","tags":["线段树","二分","线段树上二分","Havel-Hakimi"],"create_time":1546255697,"last_modified":1596726135,"toc":"<ol><li><a href=\"#题目大意\">题目大意</a></li><li><a href=\"#题目链接\">题目链接</a></li><li><a href=\"#题解\">题解</a></li><li><a href=\"#代码\">代码</a></li>","html":"<h2><a href=\"#题目大意\" aria-hidden=\"true\" class=\"anchor\" id=\"题目大意\"></a>题目大意</h2>\n<p>已知一张 <span class=\"katex\"><span class=\"katex-mathml\"><math xmlns=\"http://www.w3.org/1998/Math/MathML\"><semantics><mrow><mi>n</mi><mo>+</mo><mn>1</mn></mrow><annotation encoding=\"application/x-tex\">n + 1</annotation></semantics></math></span><span class=\"katex-html\" aria-hidden=\"true\"><span class=\"base\"><span class=\"strut\" style=\"height:0.6667em;vertical-align:-0.0833em;\"></span><span class=\"mord mathnormal\">n</span><span class=\"mspace\" style=\"margin-right:0.2222em;\"></span><span class=\"mbin\">+</span><span class=\"mspace\" style=\"margin-right:0.2222em;\"></span></span><span class=\"base\"><span class=\"strut\" style=\"height:0.6444em;\"></span><span class=\"mord\">1</span></span></span></span> 个点的无向图中 <span class=\"katex\"><span class=\"katex-mathml\"><math xmlns=\"http://www.w3.org/1998/Math/MathML\"><semantics><mrow><mi>n</mi></mrow><annotation encoding=\"application/x-tex\">n</annotation></semantics></math></span><span class=\"katex-html\" aria-hidden=\"true\"><span class=\"base\"><span class=\"strut\" style=\"height:0.4306em;\"></span><span class=\"mord mathnormal\">n</span></span></span></span> 个点的度数，求另一个点可能的度数。</p>\n<p><span class=\"katex\"><span class=\"katex-mathml\"><math xmlns=\"http://www.w3.org/1998/Math/MathML\"><semantics><mrow><mn>1</mn><mo>≤</mo><mi>n</mi><mo>≤</mo><mn>500</mn><mo separator=\"true\">,</mo><mn>000</mn></mrow><annotation encoding=\"application/x-tex\">1 \\leq n \\leq 500,000</annotation></semantics></math></span><span class=\"katex-html\" aria-hidden=\"true\"><span class=\"base\"><span class=\"strut\" style=\"height:0.7804em;vertical-align:-0.136em;\"></span><span class=\"mord\">1</span><span class=\"mspace\" style=\"margin-right:0.2778em;\"></span><span class=\"mrel\">≤</span><span class=\"mspace\" style=\"margin-right:0.2778em;\"></span></span><span class=\"base\"><span class=\"strut\" style=\"height:0.7719em;vertical-align:-0.136em;\"></span><span class=\"mord mathnormal\">n</span><span class=\"mspace\" style=\"margin-right:0.2778em;\"></span><span class=\"mrel\">≤</span><span class=\"mspace\" style=\"margin-right:0.2778em;\"></span></span><span class=\"base\"><span class=\"strut\" style=\"height:0.8389em;vertical-align:-0.1944em;\"></span><span class=\"mord\">500</span><span class=\"mpunct\">,</span><span class=\"mspace\" style=\"margin-right:0.1667em;\"></span><span class=\"mord\">000</span></span></span></span></p>\n<h2><a href=\"#题目链接\" aria-hidden=\"true\" class=\"anchor\" id=\"题目链接\"></a>题目链接</h2>\n<p><a href=\"https://codeforces.com/contest/1091/problem/E\">Codeforces Good Bye 2018 - E</a></p>\n<!-- more -->\n<h2><a href=\"#题解\" aria-hidden=\"true\" class=\"anchor\" id=\"题解\"></a>题解</h2>\n<p>如果已知所有点的度数，可以通过以下方法构造出一张图，或判断出无解：</p>\n<ol>\n<li>按降序排序度数</li>\n<li>取出第一个点，记其度数为 <span class=\"katex\"><span class=\"katex-mathml\"><math xmlns=\"http://www.w3.org/1998/Math/MathML\"><semantics><mrow><mi>d</mi><mi>e</mi><mi>g</mi></mrow><annotation encoding=\"application/x-tex\">deg</annotation></semantics></math></span><span class=\"katex-html\" aria-hidden=\"true\"><span class=\"base\"><span class=\"strut\" style=\"height:0.8889em;vertical-align:-0.1944em;\"></span><span class=\"mord mathnormal\">d</span><span class=\"mord mathnormal\">e</span><span class=\"mord mathnormal\" style=\"margin-right:0.03588em;\">g</span></span></span></span> ，并向之后的 <span class=\"katex\"><span class=\"katex-mathml\"><math xmlns=\"http://www.w3.org/1998/Math/MathML\"><semantics><mrow><mi>d</mi><mi>e</mi><mi>g</mi></mrow><annotation encoding=\"application/x-tex\">deg</annotation></semantics></math></span><span class=\"katex-html\" aria-hidden=\"true\"><span class=\"base\"><span class=\"strut\" style=\"height:0.8889em;vertical-align:-0.1944em;\"></span><span class=\"mord mathnormal\">d</span><span class=\"mord mathnormal\">e</span><span class=\"mord mathnormal\" style=\"margin-right:0.03588em;\">g</span></span></span></span> 个点连边，它们的度数减一</li>\n<li>反复以上步骤直至剩余的度数全为 <span class=\"katex\"><span class=\"katex-mathml\"><math xmlns=\"http://www.w3.org/1998/Math/MathML\"><semantics><mrow><mn>0</mn></mrow><annotation encoding=\"application/x-tex\">0</annotation></semantics></math></span><span class=\"katex-html\" aria-hidden=\"true\"><span class=\"base\"><span class=\"strut\" style=\"height:0.6444em;\"></span><span class=\"mord\">0</span></span></span></span>，或发现做不到</li>\n</ol>\n<p>该算法称为 <a href=\"https://en.wikipedia.org/wiki/Havel%E2%80%93Hakimi_algorithm\">Havel–Hakimi algorithm</a> ，并且原题已经友好地给了我们 wiki 的链接。（比赛时猜到了这种构造，点开链接后才确认了正确性）</p>\n<p>如果未知点（记作 <span class=\"katex\"><span class=\"katex-mathml\"><math xmlns=\"http://www.w3.org/1998/Math/MathML\"><semantics><mrow><msub><mi>u</mi><mn>0</mn></msub></mrow><annotation encoding=\"application/x-tex\">u_0</annotation></semantics></math></span><span class=\"katex-html\" aria-hidden=\"true\"><span class=\"base\"><span class=\"strut\" style=\"height:0.5806em;vertical-align:-0.15em;\"></span><span class=\"mord\"><span class=\"mord mathnormal\">u</span><span class=\"msupsub\"><span class=\"vlist-t vlist-t2\"><span class=\"vlist-r\"><span class=\"vlist\" style=\"height:0.3011em;\"><span style=\"top:-2.55em;margin-left:0em;margin-right:0.05em;\"><span class=\"pstrut\" style=\"height:2.7em;\"></span><span class=\"sizing reset-size6 size3 mtight\"><span class=\"mord mtight\">0</span></span></span></span><span class=\"vlist-s\">​</span></span><span class=\"vlist-r\"><span class=\"vlist\" style=\"height:0.15em;\"><span></span></span></span></span></span></span></span></span></span> ）的度数为 <span class=\"katex\"><span class=\"katex-mathml\"><math xmlns=\"http://www.w3.org/1998/Math/MathML\"><semantics><mrow><mi>d</mi><mi>e</mi><mi>g</mi></mrow><annotation encoding=\"application/x-tex\">deg</annotation></semantics></math></span><span class=\"katex-html\" aria-hidden=\"true\"><span class=\"base\"><span class=\"strut\" style=\"height:0.8889em;vertical-align:-0.1944em;\"></span><span class=\"mord mathnormal\">d</span><span class=\"mord mathnormal\">e</span><span class=\"mord mathnormal\" style=\"margin-right:0.03588em;\">g</span></span></span></span> 时有解，考虑图中的一条边 <span class=\"katex\"><span class=\"katex-mathml\"><math xmlns=\"http://www.w3.org/1998/Math/MathML\"><semantics><mrow><mo stretchy=\"false\">(</mo><mi>u</mi><mo separator=\"true\">,</mo><mi>v</mi><mo stretchy=\"false\">)</mo></mrow><annotation encoding=\"application/x-tex\">(u, v)</annotation></semantics></math></span><span class=\"katex-html\" aria-hidden=\"true\"><span class=\"base\"><span class=\"strut\" style=\"height:1em;vertical-align:-0.25em;\"></span><span class=\"mopen\">(</span><span class=\"mord mathnormal\">u</span><span class=\"mpunct\">,</span><span class=\"mspace\" style=\"margin-right:0.1667em;\"></span><span class=\"mord mathnormal\" style=\"margin-right:0.03588em;\">v</span><span class=\"mclose\">)</span></span></span></span> ，且不存在边 <span class=\"katex\"><span class=\"katex-mathml\"><math xmlns=\"http://www.w3.org/1998/Math/MathML\"><semantics><mrow><mo stretchy=\"false\">(</mo><msub><mi>u</mi><mn>0</mn></msub><mo separator=\"true\">,</mo><mi>u</mi><mo stretchy=\"false\">)</mo></mrow><annotation encoding=\"application/x-tex\">(u_0, u)</annotation></semantics></math></span><span class=\"katex-html\" aria-hidden=\"true\"><span class=\"base\"><span class=\"strut\" style=\"height:1em;vertical-align:-0.25em;\"></span><span class=\"mopen\">(</span><span class=\"mord\"><span class=\"mord mathnormal\">u</span><span class=\"msupsub\"><span class=\"vlist-t vlist-t2\"><span class=\"vlist-r\"><span class=\"vlist\" style=\"height:0.3011em;\"><span style=\"top:-2.55em;margin-left:0em;margin-right:0.05em;\"><span class=\"pstrut\" style=\"height:2.7em;\"></span><span class=\"sizing reset-size6 size3 mtight\"><span class=\"mord mtight\">0</span></span></span></span><span class=\"vlist-s\">​</span></span><span class=\"vlist-r\"><span class=\"vlist\" style=\"height:0.15em;\"><span></span></span></span></span></span></span><span class=\"mpunct\">,</span><span class=\"mspace\" style=\"margin-right:0.1667em;\"></span><span class=\"mord mathnormal\">u</span><span class=\"mclose\">)</span></span></span></span>、<span class=\"katex\"><span class=\"katex-mathml\"><math xmlns=\"http://www.w3.org/1998/Math/MathML\"><semantics><mrow><mo stretchy=\"false\">(</mo><msub><mi>u</mi><mn>0</mn></msub><mo separator=\"true\">,</mo><mi>v</mi><mo stretchy=\"false\">)</mo></mrow><annotation encoding=\"application/x-tex\">(u_0, v)</annotation></semantics></math></span><span class=\"katex-html\" aria-hidden=\"true\"><span class=\"base\"><span class=\"strut\" style=\"height:1em;vertical-align:-0.25em;\"></span><span class=\"mopen\">(</span><span class=\"mord\"><span class=\"mord mathnormal\">u</span><span class=\"msupsub\"><span class=\"vlist-t vlist-t2\"><span class=\"vlist-r\"><span class=\"vlist\" style=\"height:0.3011em;\"><span style=\"top:-2.55em;margin-left:0em;margin-right:0.05em;\"><span class=\"pstrut\" style=\"height:2.7em;\"></span><span class=\"sizing reset-size6 size3 mtight\"><span class=\"mord mtight\">0</span></span></span></span><span class=\"vlist-s\">​</span></span><span class=\"vlist-r\"><span class=\"vlist\" style=\"height:0.15em;\"><span></span></span></span></span></span></span><span class=\"mpunct\">,</span><span class=\"mspace\" style=\"margin-right:0.1667em;\"></span><span class=\"mord mathnormal\" style=\"margin-right:0.03588em;\">v</span><span class=\"mclose\">)</span></span></span></span>，那么可以找到 <span class=\"katex\"><span class=\"katex-mathml\"><math xmlns=\"http://www.w3.org/1998/Math/MathML\"><semantics><mrow><msub><mi>u</mi><mn>0</mn></msub></mrow><annotation encoding=\"application/x-tex\">u_0</annotation></semantics></math></span><span class=\"katex-html\" aria-hidden=\"true\"><span class=\"base\"><span class=\"strut\" style=\"height:0.5806em;vertical-align:-0.15em;\"></span><span class=\"mord\"><span class=\"mord mathnormal\">u</span><span class=\"msupsub\"><span class=\"vlist-t vlist-t2\"><span class=\"vlist-r\"><span class=\"vlist\" style=\"height:0.3011em;\"><span style=\"top:-2.55em;margin-left:0em;margin-right:0.05em;\"><span class=\"pstrut\" style=\"height:2.7em;\"></span><span class=\"sizing reset-size6 size3 mtight\"><span class=\"mord mtight\">0</span></span></span></span><span class=\"vlist-s\">​</span></span><span class=\"vlist-r\"><span class=\"vlist\" style=\"height:0.15em;\"><span></span></span></span></span></span></span></span></span></span> 度数为 <span class=\"katex\"><span class=\"katex-mathml\"><math xmlns=\"http://www.w3.org/1998/Math/MathML\"><semantics><mrow><mi>d</mi><mi>e</mi><mi>g</mi><mo>+</mo><mn>2</mn></mrow><annotation encoding=\"application/x-tex\">deg + 2</annotation></semantics></math></span><span class=\"katex-html\" aria-hidden=\"true\"><span class=\"base\"><span class=\"strut\" style=\"height:0.8889em;vertical-align:-0.1944em;\"></span><span class=\"mord mathnormal\">d</span><span class=\"mord mathnormal\">e</span><span class=\"mord mathnormal\" style=\"margin-right:0.03588em;\">g</span><span class=\"mspace\" style=\"margin-right:0.2222em;\"></span><span class=\"mbin\">+</span><span class=\"mspace\" style=\"margin-right:0.2222em;\"></span></span><span class=\"base\"><span class=\"strut\" style=\"height:0.6444em;\"></span><span class=\"mord\">2</span></span></span></span> 时的一个解。感受一下，可能的度数一定是一段连续的奇/偶数，那么我们只要找到上界与下界即可。</p>\n<p>仔细思考/手动模拟之后发现，如果一个点的度数为某个值时有解，让该度数加上或减去 <span class=\"katex\"><span class=\"katex-mathml\"><math xmlns=\"http://www.w3.org/1998/Math/MathML\"><semantics><mrow><mn>1</mn></mrow><annotation encoding=\"application/x-tex\">1</annotation></semantics></math></span><span class=\"katex-html\" aria-hidden=\"true\"><span class=\"base\"><span class=\"strut\" style=\"height:0.6444em;\"></span><span class=\"mord\">1</span></span></span></span>，Havel-Hakimi 最终得到的序列会有一个 <span class=\"katex\"><span class=\"katex-mathml\"><math xmlns=\"http://www.w3.org/1998/Math/MathML\"><semantics><mrow><mo>±</mo><mn>1</mn></mrow><annotation encoding=\"application/x-tex\">\\pm 1</annotation></semantics></math></span><span class=\"katex-html\" aria-hidden=\"true\"><span class=\"base\"><span class=\"strut\" style=\"height:0.7278em;vertical-align:-0.0833em;\"></span><span class=\"mord\">±</span><span class=\"mord\">1</span></span></span></span> （其位置可能会在 <span class=\"katex\"><span class=\"katex-mathml\"><math xmlns=\"http://www.w3.org/1998/Math/MathML\"><semantics><mrow><mi>n</mi></mrow><annotation encoding=\"application/x-tex\">n</annotation></semantics></math></span><span class=\"katex-html\" aria-hidden=\"true\"><span class=\"base\"><span class=\"strut\" style=\"height:0.4306em;\"></span><span class=\"mord mathnormal\">n</span></span></span></span> 以后）。可以考虑以下算法：</p>\n<p>先让 <span class=\"katex\"><span class=\"katex-mathml\"><math xmlns=\"http://www.w3.org/1998/Math/MathML\"><semantics><mrow><msub><mi>u</mi><mn>0</mn></msub></mrow><annotation encoding=\"application/x-tex\">u_0</annotation></semantics></math></span><span class=\"katex-html\" aria-hidden=\"true\"><span class=\"base\"><span class=\"strut\" style=\"height:0.5806em;vertical-align:-0.15em;\"></span><span class=\"mord\"><span class=\"mord mathnormal\">u</span><span class=\"msupsub\"><span class=\"vlist-t vlist-t2\"><span class=\"vlist-r\"><span class=\"vlist\" style=\"height:0.3011em;\"><span style=\"top:-2.55em;margin-left:0em;margin-right:0.05em;\"><span class=\"pstrut\" style=\"height:2.7em;\"></span><span class=\"sizing reset-size6 size3 mtight\"><span class=\"mord mtight\">0</span></span></span></span><span class=\"vlist-s\">​</span></span><span class=\"vlist-r\"><span class=\"vlist\" style=\"height:0.15em;\"><span></span></span></span></span></span></span></span></span></span> 与其他点不连边，对已知的 <span class=\"katex\"><span class=\"katex-mathml\"><math xmlns=\"http://www.w3.org/1998/Math/MathML\"><semantics><mrow><mi>n</mi></mrow><annotation encoding=\"application/x-tex\">n</annotation></semantics></math></span><span class=\"katex-html\" aria-hidden=\"true\"><span class=\"base\"><span class=\"strut\" style=\"height:0.4306em;\"></span><span class=\"mord mathnormal\">n</span></span></span></span> 个点跑 Havel-Hakimi，最后的序列的绝对值之和为下界；让 <span class=\"katex\"><span class=\"katex-mathml\"><math xmlns=\"http://www.w3.org/1998/Math/MathML\"><semantics><mrow><msub><mi>u</mi><mn>0</mn></msub></mrow><annotation encoding=\"application/x-tex\">u_0</annotation></semantics></math></span><span class=\"katex-html\" aria-hidden=\"true\"><span class=\"base\"><span class=\"strut\" style=\"height:0.5806em;vertical-align:-0.15em;\"></span><span class=\"mord\"><span class=\"mord mathnormal\">u</span><span class=\"msupsub\"><span class=\"vlist-t vlist-t2\"><span class=\"vlist-r\"><span class=\"vlist\" style=\"height:0.3011em;\"><span style=\"top:-2.55em;margin-left:0em;margin-right:0.05em;\"><span class=\"pstrut\" style=\"height:2.7em;\"></span><span class=\"sizing reset-size6 size3 mtight\"><span class=\"mord mtight\">0</span></span></span></span><span class=\"vlist-s\">​</span></span><span class=\"vlist-r\"><span class=\"vlist\" style=\"height:0.15em;\"><span></span></span></span></span></span></span></span></span></span> 与其他点都连边（相当于其他点的度数均减 <span class=\"katex\"><span class=\"katex-mathml\"><math xmlns=\"http://www.w3.org/1998/Math/MathML\"><semantics><mrow><mn>1</mn></mrow><annotation encoding=\"application/x-tex\">1</annotation></semantics></math></span><span class=\"katex-html\" aria-hidden=\"true\"><span class=\"base\"><span class=\"strut\" style=\"height:0.6444em;\"></span><span class=\"mord\">1</span></span></span></span> ），对这 <span class=\"katex\"><span class=\"katex-mathml\"><math xmlns=\"http://www.w3.org/1998/Math/MathML\"><semantics><mrow><mi>n</mi></mrow><annotation encoding=\"application/x-tex\">n</annotation></semantics></math></span><span class=\"katex-html\" aria-hidden=\"true\"><span class=\"base\"><span class=\"strut\" style=\"height:0.4306em;\"></span><span class=\"mord mathnormal\">n</span></span></span></span> 个点跑 Havel-Hakimi，最后的序列的绝对值之和为上界。</p>\n<p>现在考虑如何高效地跑 Havel-Hakimi。操作可以描述为区间减 <span class=\"katex\"><span class=\"katex-mathml\"><math xmlns=\"http://www.w3.org/1998/Math/MathML\"><semantics><mrow><mn>1</mn></mrow><annotation encoding=\"application/x-tex\">1</annotation></semantics></math></span><span class=\"katex-html\" aria-hidden=\"true\"><span class=\"base\"><span class=\"strut\" style=\"height:0.6444em;\"></span><span class=\"mord\">1</span></span></span></span> 和整体排序。由于区间修改操作前序列有序，而每次操作只会让数减 <span class=\"katex\"><span class=\"katex-mathml\"><math xmlns=\"http://www.w3.org/1998/Math/MathML\"><semantics><mrow><mn>1</mn></mrow><annotation encoding=\"application/x-tex\">1</annotation></semantics></math></span><span class=\"katex-html\" aria-hidden=\"true\"><span class=\"base\"><span class=\"strut\" style=\"height:0.6444em;\"></span><span class=\"mord\">1</span></span></span></span>，整体排序操作可以高效完成。具体地说，记操作区间右端点为 <span class=\"katex\"><span class=\"katex-mathml\"><math xmlns=\"http://www.w3.org/1998/Math/MathML\"><semantics><mrow><mi>r</mi></mrow><annotation encoding=\"application/x-tex\">r</annotation></semantics></math></span><span class=\"katex-html\" aria-hidden=\"true\"><span class=\"base\"><span class=\"strut\" style=\"height:0.4306em;\"></span><span class=\"mord mathnormal\" style=\"margin-right:0.02778em;\">r</span></span></span></span>、序列为 <span class=\"katex\"><span class=\"katex-mathml\"><math xmlns=\"http://www.w3.org/1998/Math/MathML\"><semantics><mrow><mo stretchy=\"false\">{</mo><msub><mi>d</mi><mi>i</mi></msub><mo stretchy=\"false\">}</mo></mrow><annotation encoding=\"application/x-tex\">{d_i}</annotation></semantics></math></span><span class=\"katex-html\" aria-hidden=\"true\"><span class=\"base\"><span class=\"strut\" style=\"height:1em;vertical-align:-0.25em;\"></span><span class=\"mopen\">{</span><span class=\"mord\"><span class=\"mord mathnormal\">d</span><span class=\"msupsub\"><span class=\"vlist-t vlist-t2\"><span class=\"vlist-r\"><span class=\"vlist\" style=\"height:0.3117em;\"><span style=\"top:-2.55em;margin-left:0em;margin-right:0.05em;\"><span class=\"pstrut\" style=\"height:2.7em;\"></span><span class=\"sizing reset-size6 size3 mtight\"><span class=\"mord mathnormal mtight\">i</span></span></span></span><span class=\"vlist-s\">​</span></span><span class=\"vlist-r\"><span class=\"vlist\" style=\"height:0.15em;\"><span></span></span></span></span></span></span><span class=\"mclose\">}</span></span></span></span>，则在修改操作前 <span class=\"katex\"><span class=\"katex-mathml\"><math xmlns=\"http://www.w3.org/1998/Math/MathML\"><semantics><mrow><msub><mi>d</mi><mi>r</mi></msub><mo>=</mo><msub><mi>d</mi><mrow><mi>r</mi><mo>+</mo><mn>1</mn></mrow></msub></mrow><annotation encoding=\"application/x-tex\">d_r = d_{r + 1}</annotation></semantics></math></span><span class=\"katex-html\" aria-hidden=\"true\"><span class=\"base\"><span class=\"strut\" style=\"height:0.8444em;vertical-align:-0.15em;\"></span><span class=\"mord\"><span class=\"mord mathnormal\">d</span><span class=\"msupsub\"><span class=\"vlist-t vlist-t2\"><span class=\"vlist-r\"><span class=\"vlist\" style=\"height:0.1514em;\"><span style=\"top:-2.55em;margin-left:0em;margin-right:0.05em;\"><span class=\"pstrut\" style=\"height:2.7em;\"></span><span class=\"sizing reset-size6 size3 mtight\"><span class=\"mord mathnormal mtight\" style=\"margin-right:0.02778em;\">r</span></span></span></span><span class=\"vlist-s\">​</span></span><span class=\"vlist-r\"><span class=\"vlist\" style=\"height:0.15em;\"><span></span></span></span></span></span></span><span class=\"mspace\" style=\"margin-right:0.2778em;\"></span><span class=\"mrel\">=</span><span class=\"mspace\" style=\"margin-right:0.2778em;\"></span></span><span class=\"base\"><span class=\"strut\" style=\"height:0.9028em;vertical-align:-0.2083em;\"></span><span class=\"mord\"><span class=\"mord mathnormal\">d</span><span class=\"msupsub\"><span class=\"vlist-t vlist-t2\"><span class=\"vlist-r\"><span class=\"vlist\" style=\"height:0.3011em;\"><span style=\"top:-2.55em;margin-left:0em;margin-right:0.05em;\"><span class=\"pstrut\" style=\"height:2.7em;\"></span><span class=\"sizing reset-size6 size3 mtight\"><span class=\"mord mtight\"><span class=\"mord mathnormal mtight\" style=\"margin-right:0.02778em;\">r</span><span class=\"mbin mtight\">+</span><span class=\"mord mtight\">1</span></span></span></span></span><span class=\"vlist-s\">​</span></span><span class=\"vlist-r\"><span class=\"vlist\" style=\"height:0.2083em;\"><span></span></span></span></span></span></span></span></span></span> 时才会需要重新调整顺序。需要调整时，可以找到连续的一段值为 <span class=\"katex\"><span class=\"katex-mathml\"><math xmlns=\"http://www.w3.org/1998/Math/MathML\"><semantics><mrow><msub><mi>d</mi><mi>r</mi></msub></mrow><annotation encoding=\"application/x-tex\">d_r</annotation></semantics></math></span><span class=\"katex-html\" aria-hidden=\"true\"><span class=\"base\"><span class=\"strut\" style=\"height:0.8444em;vertical-align:-0.15em;\"></span><span class=\"mord\"><span class=\"mord mathnormal\">d</span><span class=\"msupsub\"><span class=\"vlist-t vlist-t2\"><span class=\"vlist-r\"><span class=\"vlist\" style=\"height:0.1514em;\"><span style=\"top:-2.55em;margin-left:0em;margin-right:0.05em;\"><span class=\"pstrut\" style=\"height:2.7em;\"></span><span class=\"sizing reset-size6 size3 mtight\"><span class=\"mord mathnormal mtight\" style=\"margin-right:0.02778em;\">r</span></span></span></span><span class=\"vlist-s\">​</span></span><span class=\"vlist-r\"><span class=\"vlist\" style=\"height:0.15em;\"><span></span></span></span></span></span></span></span></span></span> 的区间 <span class=\"katex\"><span class=\"katex-mathml\"><math xmlns=\"http://www.w3.org/1998/Math/MathML\"><semantics><mrow><mo stretchy=\"false\">[</mo><mi>L</mi><mo separator=\"true\">,</mo><mi>R</mi><mo stretchy=\"false\">]</mo><mtext> </mtext><mo stretchy=\"false\">(</mo><mi>r</mi><mo separator=\"true\">,</mo><mi>r</mi><mo>+</mo><mn>1</mn><mo>∈</mo><mo stretchy=\"false\">[</mo><mi>L</mi><mo separator=\"true\">,</mo><mi>R</mi><mo stretchy=\"false\">]</mo><mo stretchy=\"false\">)</mo></mrow><annotation encoding=\"application/x-tex\">[L, R] ~ (r, r + 1\\in [L, R])</annotation></semantics></math></span><span class=\"katex-html\" aria-hidden=\"true\"><span class=\"base\"><span class=\"strut\" style=\"height:1em;vertical-align:-0.25em;\"></span><span class=\"mopen\">[</span><span class=\"mord mathnormal\">L</span><span class=\"mpunct\">,</span><span class=\"mspace\" style=\"margin-right:0.1667em;\"></span><span class=\"mord mathnormal\" style=\"margin-right:0.00773em;\">R</span><span class=\"mclose\">]</span><span class=\"mspace nobreak\"> </span><span class=\"mopen\">(</span><span class=\"mord mathnormal\" style=\"margin-right:0.02778em;\">r</span><span class=\"mpunct\">,</span><span class=\"mspace\" style=\"margin-right:0.1667em;\"></span><span class=\"mord mathnormal\" style=\"margin-right:0.02778em;\">r</span><span class=\"mspace\" style=\"margin-right:0.2222em;\"></span><span class=\"mbin\">+</span><span class=\"mspace\" style=\"margin-right:0.2222em;\"></span></span><span class=\"base\"><span class=\"strut\" style=\"height:0.6835em;vertical-align:-0.0391em;\"></span><span class=\"mord\">1</span><span class=\"mspace\" style=\"margin-right:0.2778em;\"></span><span class=\"mrel\">∈</span><span class=\"mspace\" style=\"margin-right:0.2778em;\"></span></span><span class=\"base\"><span class=\"strut\" style=\"height:1em;vertical-align:-0.25em;\"></span><span class=\"mopen\">[</span><span class=\"mord mathnormal\">L</span><span class=\"mpunct\">,</span><span class=\"mspace\" style=\"margin-right:0.1667em;\"></span><span class=\"mord mathnormal\" style=\"margin-right:0.00773em;\">R</span><span class=\"mclose\">])</span></span></span></span> ，在修改与排序操作后，<span class=\"katex\"><span class=\"katex-mathml\"><math xmlns=\"http://www.w3.org/1998/Math/MathML\"><semantics><mrow><mo stretchy=\"false\">[</mo><mi>L</mi><mo separator=\"true\">,</mo><mi>R</mi><mo stretchy=\"false\">]</mo></mrow><annotation encoding=\"application/x-tex\">[L, R]</annotation></semantics></math></span><span class=\"katex-html\" aria-hidden=\"true\"><span class=\"base\"><span class=\"strut\" style=\"height:1em;vertical-align:-0.25em;\"></span><span class=\"mopen\">[</span><span class=\"mord mathnormal\">L</span><span class=\"mpunct\">,</span><span class=\"mspace\" style=\"margin-right:0.1667em;\"></span><span class=\"mord mathnormal\" style=\"margin-right:0.00773em;\">R</span><span class=\"mclose\">]</span></span></span></span> 的前 <span class=\"katex\"><span class=\"katex-mathml\"><math xmlns=\"http://www.w3.org/1998/Math/MathML\"><semantics><mrow><mi>R</mi><mo>−</mo><mi>r</mi></mrow><annotation encoding=\"application/x-tex\">R - r</annotation></semantics></math></span><span class=\"katex-html\" aria-hidden=\"true\"><span class=\"base\"><span class=\"strut\" style=\"height:0.7667em;vertical-align:-0.0833em;\"></span><span class=\"mord mathnormal\" style=\"margin-right:0.00773em;\">R</span><span class=\"mspace\" style=\"margin-right:0.2222em;\"></span><span class=\"mbin\">−</span><span class=\"mspace\" style=\"margin-right:0.2222em;\"></span></span><span class=\"base\"><span class=\"strut\" style=\"height:0.4306em;\"></span><span class=\"mord mathnormal\" style=\"margin-right:0.02778em;\">r</span></span></span></span> 个数不变，后 <span class=\"katex\"><span class=\"katex-mathml\"><math xmlns=\"http://www.w3.org/1998/Math/MathML\"><semantics><mrow><mi>r</mi><mo>−</mo><mi>L</mi><mo>+</mo><mn>1</mn></mrow><annotation encoding=\"application/x-tex\">r - L + 1</annotation></semantics></math></span><span class=\"katex-html\" aria-hidden=\"true\"><span class=\"base\"><span class=\"strut\" style=\"height:0.6667em;vertical-align:-0.0833em;\"></span><span class=\"mord mathnormal\" style=\"margin-right:0.02778em;\">r</span><span class=\"mspace\" style=\"margin-right:0.2222em;\"></span><span class=\"mbin\">−</span><span class=\"mspace\" style=\"margin-right:0.2222em;\"></span></span><span class=\"base\"><span class=\"strut\" style=\"height:0.7667em;vertical-align:-0.0833em;\"></span><span class=\"mord mathnormal\">L</span><span class=\"mspace\" style=\"margin-right:0.2222em;\"></span><span class=\"mbin\">+</span><span class=\"mspace\" style=\"margin-right:0.2222em;\"></span></span><span class=\"base\"><span class=\"strut\" style=\"height:0.6444em;\"></span><span class=\"mord\">1</span></span></span></span> 个数减 <span class=\"katex\"><span class=\"katex-mathml\"><math xmlns=\"http://www.w3.org/1998/Math/MathML\"><semantics><mrow><mn>1</mn></mrow><annotation encoding=\"application/x-tex\">1</annotation></semantics></math></span><span class=\"katex-html\" aria-hidden=\"true\"><span class=\"base\"><span class=\"strut\" style=\"height:0.6444em;\"></span><span class=\"mord\">1</span></span></span></span>。</p>\n<p>具体实现上，可以用线段树维护序列，查找相等的区间时直接二分，时间复杂度是 <span class=\"katex\"><span class=\"katex-mathml\"><math xmlns=\"http://www.w3.org/1998/Math/MathML\"><semantics><mrow><mi>O</mi><mo stretchy=\"false\">(</mo><mi>n</mi><msup><mrow><mi>log</mi><mo>⁡</mo></mrow><mn>2</mn></msup><mi>n</mi><mo stretchy=\"false\">)</mo></mrow><annotation encoding=\"application/x-tex\">O(n \\log^2n)</annotation></semantics></math></span><span class=\"katex-html\" aria-hidden=\"true\"><span class=\"base\"><span class=\"strut\" style=\"height:1.1484em;vertical-align:-0.25em;\"></span><span class=\"mord mathnormal\" style=\"margin-right:0.02778em;\">O</span><span class=\"mopen\">(</span><span class=\"mord mathnormal\">n</span><span class=\"mspace\" style=\"margin-right:0.1667em;\"></span><span class=\"mop\"><span class=\"mop\">lo<span style=\"margin-right:0.01389em;\">g</span></span><span class=\"msupsub\"><span class=\"vlist-t\"><span class=\"vlist-r\"><span class=\"vlist\" style=\"height:0.8984em;\"><span style=\"top:-3.1473em;margin-right:0.05em;\"><span class=\"pstrut\" style=\"height:2.7em;\"></span><span class=\"sizing reset-size6 size3 mtight\"><span class=\"mord mtight\">2</span></span></span></span></span></span></span></span><span class=\"mspace\" style=\"margin-right:0.1667em;\"></span><span class=\"mord mathnormal\">n</span><span class=\"mclose\">)</span></span></span></span> ，依靠线段树的二分结构可以做到 <span class=\"katex\"><span class=\"katex-mathml\"><math xmlns=\"http://www.w3.org/1998/Math/MathML\"><semantics><mrow><mi>O</mi><mo stretchy=\"false\">(</mo><mi>n</mi><mi>log</mi><mo>⁡</mo><mi>n</mi><mo stretchy=\"false\">)</mo></mrow><annotation encoding=\"application/x-tex\">O(n \\log n)</annotation></semantics></math></span><span class=\"katex-html\" aria-hidden=\"true\"><span class=\"base\"><span class=\"strut\" style=\"height:1em;vertical-align:-0.25em;\"></span><span class=\"mord mathnormal\" style=\"margin-right:0.02778em;\">O</span><span class=\"mopen\">(</span><span class=\"mord mathnormal\">n</span><span class=\"mspace\" style=\"margin-right:0.1667em;\"></span><span class=\"mop\">lo<span style=\"margin-right:0.01389em;\">g</span></span><span class=\"mspace\" style=\"margin-right:0.1667em;\"></span><span class=\"mord mathnormal\">n</span><span class=\"mclose\">)</span></span></span></span>。</p>\n<h2><a href=\"#代码\" aria-hidden=\"true\" class=\"anchor\" id=\"代码\"></a>代码</h2>\n<pre style=\"background-color:#2b303b;\"><code class=\"language-c++\">\n<span style=\"color:#b48ead;\">#include </span><span style=\"color:#c0c5ce;\">&lt;</span><span style=\"color:#a3be8c;\">bits/stdc++.h</span><span style=\"color:#c0c5ce;\">&gt;\n</span><span style=\"color:#c0c5ce;\">\n</span><span style=\"color:#b48ead;\">const int</span><span style=\"color:#c0c5ce;\"> MAXN = </span><span style=\"color:#d08770;\">500005</span><span style=\"color:#c0c5ce;\">;\n</span><span style=\"color:#c0c5ce;\">\n</span><span style=\"color:#b48ead;\">struct </span><span style=\"color:#c0c5ce;\">SegT {\n</span><span style=\"color:#c0c5ce;\">    </span><span style=\"color:#b48ead;\">struct </span><span style=\"color:#c0c5ce;\">Node {\n</span><span style=\"color:#c0c5ce;\">        Node *lc, *rc;\n</span><span style=\"color:#c0c5ce;\">        </span><span style=\"color:#b48ead;\">int</span><span style=\"color:#c0c5ce;\"> l, r;\n</span><span style=\"color:#c0c5ce;\">        </span><span style=\"color:#b48ead;\">long long</span><span style=\"color:#c0c5ce;\"> min, tag;\n</span><span style=\"color:#c0c5ce;\">\n</span><span style=\"color:#c0c5ce;\">        </span><span style=\"color:#8fa1b3;\">Node</span><span style=\"color:#c0c5ce;\">() {}\n</span><span style=\"color:#c0c5ce;\">        </span><span style=\"color:#8fa1b3;\">Node</span><span style=\"color:#c0c5ce;\">(</span><span style=\"color:#b48ead;\">int </span><span style=\"color:#bf616a;\">pos</span><span style=\"color:#c0c5ce;\">, </span><span style=\"color:#b48ead;\">int </span><span style=\"color:#bf616a;\">val</span><span style=\"color:#c0c5ce;\">) : </span><span style=\"color:#bf616a;\">l</span><span style=\"color:#c0c5ce;\">(pos), </span><span style=\"color:#bf616a;\">r</span><span style=\"color:#c0c5ce;\">(pos), </span><span style=\"color:#bf616a;\">min</span><span style=\"color:#c0c5ce;\">(val), </span><span style=\"color:#bf616a;\">tag</span><span style=\"color:#c0c5ce;\">(</span><span style=\"color:#d08770;\">0</span><span style=\"color:#c0c5ce;\">), </span><span style=\"color:#bf616a;\">lc</span><span style=\"color:#c0c5ce;\">(</span><span style=\"color:#d08770;\">NULL</span><span style=\"color:#c0c5ce;\">), </span><span style=\"color:#bf616a;\">rc</span><span style=\"color:#c0c5ce;\">(</span><span style=\"color:#d08770;\">NULL</span><span style=\"color:#c0c5ce;\">) {}\n</span><span style=\"color:#c0c5ce;\">        </span><span style=\"color:#8fa1b3;\">Node</span><span style=\"color:#c0c5ce;\">(Node *</span><span style=\"color:#bf616a;\">lc</span><span style=\"color:#c0c5ce;\">, Node *</span><span style=\"color:#bf616a;\">rc</span><span style=\"color:#c0c5ce;\">) : </span><span style=\"color:#bf616a;\">l</span><span style=\"color:#c0c5ce;\">(lc-&gt;</span><span style=\"color:#bf616a;\">l</span><span style=\"color:#c0c5ce;\">), </span><span style=\"color:#bf616a;\">r</span><span style=\"color:#c0c5ce;\">(rc-&gt;</span><span style=\"color:#bf616a;\">r</span><span style=\"color:#c0c5ce;\">), </span><span style=\"color:#bf616a;\">lc</span><span style=\"color:#c0c5ce;\">(lc), </span><span style=\"color:#bf616a;\">rc</span><span style=\"color:#c0c5ce;\">(rc), </span><span style=\"color:#bf616a;\">tag</span><span style=\"color:#c0c5ce;\">(</span><span style=\"color:#d08770;\">0</span><span style=\"color:#c0c5ce;\">) {\n</span><span style=\"color:#c0c5ce;\">            </span><span style=\"color:#8fa1b3;\">maintain</span><span style=\"color:#c0c5ce;\">();\n</span><span style=\"color:#c0c5ce;\">        }\n</span><span style=\"color:#c0c5ce;\">\n</span><span style=\"color:#c0c5ce;\">        </span><span style=\"color:#b48ead;\">void </span><span style=\"color:#8fa1b3;\">add</span><span style=\"color:#c0c5ce;\">(</span><span style=\"color:#b48ead;\">long long </span><span style=\"color:#bf616a;\">d</span><span style=\"color:#c0c5ce;\">) {\n</span><span style=\"color:#c0c5ce;\">            min += d;\n</span><span style=\"color:#c0c5ce;\">            tag += d;\n</span><span style=\"color:#c0c5ce;\">        }\n</span><span style=\"color:#c0c5ce;\">\n</span><span style=\"color:#c0c5ce;\">        </span><span style=\"color:#b48ead;\">void </span><span style=\"color:#8fa1b3;\">pushDown</span><span style=\"color:#c0c5ce;\">() {\n</span><span style=\"color:#c0c5ce;\">            </span><span style=\"color:#b48ead;\">if </span><span style=\"color:#c0c5ce;\">(tag) {\n</span><span style=\"color:#c0c5ce;\">                lc-&gt;</span><span style=\"color:#8fa1b3;\">add</span><span style=\"color:#c0c5ce;\">(tag);\n</span><span style=\"color:#c0c5ce;\">                rc-&gt;</span><span style=\"color:#8fa1b3;\">add</span><span style=\"color:#c0c5ce;\">(tag);\n</span><span style=\"color:#c0c5ce;\">                tag = </span><span style=\"color:#d08770;\">0</span><span style=\"color:#c0c5ce;\">;\n</span><span style=\"color:#c0c5ce;\">            }\n</span><span style=\"color:#c0c5ce;\">        }\n</span><span style=\"color:#c0c5ce;\">\n</span><span style=\"color:#c0c5ce;\">        </span><span style=\"color:#b48ead;\">void </span><span style=\"color:#8fa1b3;\">maintain</span><span style=\"color:#c0c5ce;\">() {\n</span><span style=\"color:#c0c5ce;\">            min = </span><span style=\"color:#8fa1b3;\">std::min</span><span style=\"color:#c0c5ce;\">(lc-&gt;</span><span style=\"color:#bf616a;\">min</span><span style=\"color:#c0c5ce;\">, rc-&gt;</span><span style=\"color:#bf616a;\">min</span><span style=\"color:#c0c5ce;\">);\n</span><span style=\"color:#c0c5ce;\">        }\n</span><span style=\"color:#c0c5ce;\">\n</span><span style=\"color:#c0c5ce;\">        </span><span style=\"color:#b48ead;\">void </span><span style=\"color:#8fa1b3;\">update</span><span style=\"color:#c0c5ce;\">(</span><span style=\"color:#b48ead;\">int </span><span style=\"color:#bf616a;\">l</span><span style=\"color:#c0c5ce;\">, </span><span style=\"color:#b48ead;\">int </span><span style=\"color:#bf616a;\">r</span><span style=\"color:#c0c5ce;\">, </span><span style=\"color:#b48ead;\">int </span><span style=\"color:#bf616a;\">d</span><span style=\"color:#c0c5ce;\">) {\n</span><span style=\"color:#c0c5ce;\">            </span><span style=\"color:#b48ead;\">if </span><span style=\"color:#c0c5ce;\">(r &lt; </span><span style=\"color:#bf616a;\">this</span><span style=\"color:#c0c5ce;\">-&gt;</span><span style=\"color:#bf616a;\">l </span><span style=\"color:#c0c5ce;\">|| </span><span style=\"color:#bf616a;\">this</span><span style=\"color:#c0c5ce;\">-&gt;</span><span style=\"color:#bf616a;\">r </span><span style=\"color:#c0c5ce;\">&lt; l) </span><span style=\"color:#b48ead;\">return</span><span style=\"color:#c0c5ce;\">;\n</span><span style=\"color:#c0c5ce;\">            </span><span style=\"color:#b48ead;\">if </span><span style=\"color:#c0c5ce;\">(l &lt;= </span><span style=\"color:#bf616a;\">this</span><span style=\"color:#c0c5ce;\">-&gt;</span><span style=\"color:#bf616a;\">l </span><span style=\"color:#c0c5ce;\">&amp;&amp; </span><span style=\"color:#bf616a;\">this</span><span style=\"color:#c0c5ce;\">-&gt;</span><span style=\"color:#bf616a;\">r </span><span style=\"color:#c0c5ce;\">&lt;= r) {\n</span><span style=\"color:#c0c5ce;\">                </span><span style=\"color:#8fa1b3;\">add</span><span style=\"color:#c0c5ce;\">(d);\n</span><span style=\"color:#c0c5ce;\">                </span><span style=\"color:#b48ead;\">return</span><span style=\"color:#c0c5ce;\">;\n</span><span style=\"color:#c0c5ce;\">            }\n</span><span style=\"color:#c0c5ce;\">            </span><span style=\"color:#8fa1b3;\">pushDown</span><span style=\"color:#c0c5ce;\">();\n</span><span style=\"color:#c0c5ce;\">            lc-&gt;</span><span style=\"color:#8fa1b3;\">update</span><span style=\"color:#c0c5ce;\">(l, r, d);\n</span><span style=\"color:#c0c5ce;\">            rc-&gt;</span><span style=\"color:#8fa1b3;\">update</span><span style=\"color:#c0c5ce;\">(l, r, d);\n</span><span style=\"color:#c0c5ce;\">            </span><span style=\"color:#8fa1b3;\">maintain</span><span style=\"color:#c0c5ce;\">();\n</span><span style=\"color:#c0c5ce;\">        }\n</span><span style=\"color:#c0c5ce;\">\n</span><span style=\"color:#c0c5ce;\">        </span><span style=\"color:#b48ead;\">long long </span><span style=\"color:#8fa1b3;\">query</span><span style=\"color:#c0c5ce;\">(</span><span style=\"color:#b48ead;\">int </span><span style=\"color:#bf616a;\">l</span><span style=\"color:#c0c5ce;\">, </span><span style=\"color:#b48ead;\">int </span><span style=\"color:#bf616a;\">r</span><span style=\"color:#c0c5ce;\">) {\n</span><span style=\"color:#c0c5ce;\">            </span><span style=\"color:#b48ead;\">if </span><span style=\"color:#c0c5ce;\">(r &lt; </span><span style=\"color:#bf616a;\">this</span><span style=\"color:#c0c5ce;\">-&gt;</span><span style=\"color:#bf616a;\">l </span><span style=\"color:#c0c5ce;\">|| </span><span style=\"color:#bf616a;\">this</span><span style=\"color:#c0c5ce;\">-&gt;</span><span style=\"color:#bf616a;\">r </span><span style=\"color:#c0c5ce;\">&lt; l) </span><span style=\"color:#b48ead;\">return</span><span style=\"color:#c0c5ce;\"> LLONG_MAX;\n</span><span style=\"color:#c0c5ce;\">            </span><span style=\"color:#b48ead;\">if </span><span style=\"color:#c0c5ce;\">(l &lt;= </span><span style=\"color:#bf616a;\">this</span><span style=\"color:#c0c5ce;\">-&gt;</span><span style=\"color:#bf616a;\">l </span><span style=\"color:#c0c5ce;\">&amp;&amp; </span><span style=\"color:#bf616a;\">this</span><span style=\"color:#c0c5ce;\">-&gt;</span><span style=\"color:#bf616a;\">r </span><span style=\"color:#c0c5ce;\">&lt;= r) </span><span style=\"color:#b48ead;\">return</span><span style=\"color:#c0c5ce;\"> min;\n</span><span style=\"color:#c0c5ce;\">            </span><span style=\"color:#8fa1b3;\">pushDown</span><span style=\"color:#c0c5ce;\">();\n</span><span style=\"color:#c0c5ce;\">            </span><span style=\"color:#b48ead;\">return </span><span style=\"color:#8fa1b3;\">std::min</span><span style=\"color:#c0c5ce;\">(lc-&gt;</span><span style=\"color:#8fa1b3;\">query</span><span style=\"color:#c0c5ce;\">(l, r), rc-&gt;</span><span style=\"color:#8fa1b3;\">query</span><span style=\"color:#c0c5ce;\">(l, r));\n</span><span style=\"color:#c0c5ce;\">        }\n</span><span style=\"color:#c0c5ce;\">\n</span><span style=\"color:#c0c5ce;\">        </span><span style=\"color:#b48ead;\">int </span><span style=\"color:#8fa1b3;\">bisearch</span><span style=\"color:#c0c5ce;\">(</span><span style=\"color:#b48ead;\">int </span><span style=\"color:#bf616a;\">l</span><span style=\"color:#c0c5ce;\">, </span><span style=\"color:#b48ead;\">int </span><span style=\"color:#bf616a;\">r</span><span style=\"color:#c0c5ce;\">, </span><span style=\"color:#b48ead;\">int </span><span style=\"color:#bf616a;\">val</span><span style=\"color:#c0c5ce;\">) {\n</span><span style=\"color:#c0c5ce;\">            </span><span style=\"color:#b48ead;\">if </span><span style=\"color:#c0c5ce;\">(</span><span style=\"color:#bf616a;\">this</span><span style=\"color:#c0c5ce;\">-&gt;</span><span style=\"color:#bf616a;\">l </span><span style=\"color:#c0c5ce;\">== </span><span style=\"color:#bf616a;\">this</span><span style=\"color:#c0c5ce;\">-&gt;</span><span style=\"color:#bf616a;\">r</span><span style=\"color:#c0c5ce;\">) </span><span style=\"color:#b48ead;\">return </span><span style=\"color:#bf616a;\">this</span><span style=\"color:#c0c5ce;\">-&gt;</span><span style=\"color:#bf616a;\">l</span><span style=\"color:#c0c5ce;\">;\n</span><span style=\"color:#c0c5ce;\">            </span><span style=\"color:#b48ead;\">int</span><span style=\"color:#c0c5ce;\"> mid = </span><span style=\"color:#bf616a;\">this</span><span style=\"color:#c0c5ce;\">-&gt;</span><span style=\"color:#bf616a;\">l </span><span style=\"color:#c0c5ce;\">+ ((</span><span style=\"color:#bf616a;\">this</span><span style=\"color:#c0c5ce;\">-&gt;</span><span style=\"color:#bf616a;\">r </span><span style=\"color:#c0c5ce;\">- </span><span style=\"color:#bf616a;\">this</span><span style=\"color:#c0c5ce;\">-&gt;</span><span style=\"color:#bf616a;\">l</span><span style=\"color:#c0c5ce;\">) &gt;&gt; </span><span style=\"color:#d08770;\">1</span><span style=\"color:#c0c5ce;\">);\n</span><span style=\"color:#c0c5ce;\">            </span><span style=\"color:#8fa1b3;\">pushDown</span><span style=\"color:#c0c5ce;\">();\n</span><span style=\"color:#c0c5ce;\">            </span><span style=\"color:#b48ead;\">if </span><span style=\"color:#c0c5ce;\">(r &lt;= mid) </span><span style=\"color:#b48ead;\">return</span><span style=\"color:#c0c5ce;\"> lc-&gt;</span><span style=\"color:#8fa1b3;\">bisearch</span><span style=\"color:#c0c5ce;\">(l, r, val);\n</span><span style=\"color:#c0c5ce;\">            </span><span style=\"color:#b48ead;\">if </span><span style=\"color:#c0c5ce;\">(l &gt; mid) </span><span style=\"color:#b48ead;\">return</span><span style=\"color:#c0c5ce;\"> rc-&gt;</span><span style=\"color:#8fa1b3;\">bisearch</span><span style=\"color:#c0c5ce;\">(l, r, val);\n</span><span style=\"color:#c0c5ce;\">            </span><span style=\"color:#b48ead;\">if </span><span style=\"color:#c0c5ce;\">(lc-&gt;</span><span style=\"color:#bf616a;\">min </span><span style=\"color:#c0c5ce;\">&gt; val) </span><span style=\"color:#b48ead;\">return</span><span style=\"color:#c0c5ce;\"> rc-&gt;</span><span style=\"color:#8fa1b3;\">bisearch</span><span style=\"color:#c0c5ce;\">(l, r, val);\n</span><span style=\"color:#c0c5ce;\">            </span><span style=\"color:#b48ead;\">else return</span><span style=\"color:#c0c5ce;\"> lc-&gt;</span><span style=\"color:#8fa1b3;\">bisearch</span><span style=\"color:#c0c5ce;\">(l, r, val);\n</span><span style=\"color:#c0c5ce;\">        }\n</span><span style=\"color:#c0c5ce;\">    } *root, _pool[MAXN &lt;&lt; </span><span style=\"color:#d08770;\">1</span><span style=\"color:#c0c5ce;\">], *_curr;\n</span><span style=\"color:#c0c5ce;\">\n</span><span style=\"color:#c0c5ce;\">    </span><span style=\"color:#8fa1b3;\">SegT</span><span style=\"color:#c0c5ce;\">() : </span><span style=\"color:#bf616a;\">root</span><span style=\"color:#c0c5ce;\">(</span><span style=\"color:#d08770;\">NULL</span><span style=\"color:#c0c5ce;\">), </span><span style=\"color:#bf616a;\">_curr</span><span style=\"color:#c0c5ce;\">(_pool) {}\n</span><span style=\"color:#c0c5ce;\">\n</span><span style=\"color:#c0c5ce;\">    Node *</span><span style=\"color:#8fa1b3;\">_build</span><span style=\"color:#c0c5ce;\">(</span><span style=\"color:#b48ead;\">int </span><span style=\"color:#bf616a;\">l</span><span style=\"color:#c0c5ce;\">, </span><span style=\"color:#b48ead;\">int </span><span style=\"color:#bf616a;\">r</span><span style=\"color:#c0c5ce;\">, </span><span style=\"color:#b48ead;\">int </span><span style=\"color:#c0c5ce;\">*</span><span style=\"color:#bf616a;\">a</span><span style=\"color:#c0c5ce;\">) {\n</span><span style=\"color:#c0c5ce;\">        </span><span style=\"color:#b48ead;\">if </span><span style=\"color:#c0c5ce;\">(l == r) </span><span style=\"color:#b48ead;\">return new </span><span style=\"color:#c0c5ce;\">(_curr++) </span><span style=\"color:#8fa1b3;\">Node</span><span style=\"color:#c0c5ce;\">(l, a[l]);\n</span><span style=\"color:#c0c5ce;\">        </span><span style=\"color:#b48ead;\">int</span><span style=\"color:#c0c5ce;\"> mid = l + ((r - l) &gt;&gt; </span><span style=\"color:#d08770;\">1</span><span style=\"color:#c0c5ce;\">);\n</span><span style=\"color:#c0c5ce;\">        </span><span style=\"color:#b48ead;\">return new </span><span style=\"color:#c0c5ce;\">(_curr++) </span><span style=\"color:#8fa1b3;\">Node</span><span style=\"color:#c0c5ce;\">(</span><span style=\"color:#8fa1b3;\">_build</span><span style=\"color:#c0c5ce;\">(l, mid, a), </span><span style=\"color:#8fa1b3;\">_build</span><span style=\"color:#c0c5ce;\">(mid + </span><span style=\"color:#d08770;\">1</span><span style=\"color:#c0c5ce;\">, r, a));\n</span><span style=\"color:#c0c5ce;\">    }\n</span><span style=\"color:#c0c5ce;\">    </span><span style=\"color:#b48ead;\">void </span><span style=\"color:#8fa1b3;\">build</span><span style=\"color:#c0c5ce;\">(</span><span style=\"color:#b48ead;\">int </span><span style=\"color:#bf616a;\">l</span><span style=\"color:#c0c5ce;\">, </span><span style=\"color:#b48ead;\">int </span><span style=\"color:#bf616a;\">r</span><span style=\"color:#c0c5ce;\">, </span><span style=\"color:#b48ead;\">int </span><span style=\"color:#c0c5ce;\">*</span><span style=\"color:#bf616a;\">a</span><span style=\"color:#c0c5ce;\">) {\n</span><span style=\"color:#c0c5ce;\">        _curr = _pool;\n</span><span style=\"color:#c0c5ce;\">        root = </span><span style=\"color:#8fa1b3;\">_build</span><span style=\"color:#c0c5ce;\">(l, r, a);\n</span><span style=\"color:#c0c5ce;\">    }\n</span><span style=\"color:#c0c5ce;\">\n</span><span style=\"color:#c0c5ce;\">    </span><span style=\"color:#b48ead;\">void </span><span style=\"color:#8fa1b3;\">update</span><span style=\"color:#c0c5ce;\">(</span><span style=\"color:#b48ead;\">int </span><span style=\"color:#bf616a;\">l</span><span style=\"color:#c0c5ce;\">, </span><span style=\"color:#b48ead;\">int </span><span style=\"color:#bf616a;\">r</span><span style=\"color:#c0c5ce;\">, </span><span style=\"color:#b48ead;\">int </span><span style=\"color:#bf616a;\">d</span><span style=\"color:#c0c5ce;\">) {\n</span><span style=\"color:#c0c5ce;\">        root-&gt;</span><span style=\"color:#8fa1b3;\">update</span><span style=\"color:#c0c5ce;\">(l, r, d);\n</span><span style=\"color:#c0c5ce;\">    }\n</span><span style=\"color:#c0c5ce;\">\n</span><span style=\"color:#c0c5ce;\">    </span><span style=\"color:#b48ead;\">long long </span><span style=\"color:#8fa1b3;\">query</span><span style=\"color:#c0c5ce;\">(</span><span style=\"color:#b48ead;\">int </span><span style=\"color:#bf616a;\">l</span><span style=\"color:#c0c5ce;\">, </span><span style=\"color:#b48ead;\">int </span><span style=\"color:#bf616a;\">r</span><span style=\"color:#c0c5ce;\">) {\n</span><span style=\"color:#c0c5ce;\">        </span><span style=\"color:#b48ead;\">return</span><span style=\"color:#c0c5ce;\"> root-&gt;</span><span style=\"color:#8fa1b3;\">query</span><span style=\"color:#c0c5ce;\">(l, r);\n</span><span style=\"color:#c0c5ce;\">    }\n</span><span style=\"color:#c0c5ce;\">\n</span><span style=\"color:#c0c5ce;\">    </span><span style=\"color:#b48ead;\">int </span><span style=\"color:#8fa1b3;\">bisearch</span><span style=\"color:#c0c5ce;\">(</span><span style=\"color:#b48ead;\">int </span><span style=\"color:#bf616a;\">l</span><span style=\"color:#c0c5ce;\">, </span><span style=\"color:#b48ead;\">int </span><span style=\"color:#bf616a;\">r</span><span style=\"color:#c0c5ce;\">, </span><span style=\"color:#b48ead;\">int </span><span style=\"color:#bf616a;\">val</span><span style=\"color:#c0c5ce;\">) {\n</span><span style=\"color:#c0c5ce;\">        </span><span style=\"color:#b48ead;\">if </span><span style=\"color:#c0c5ce;\">(root-&gt;</span><span style=\"color:#8fa1b3;\">query</span><span style=\"color:#c0c5ce;\">(l, r) &gt; val) </span><span style=\"color:#b48ead;\">return</span><span style=\"color:#c0c5ce;\"> r + </span><span style=\"color:#d08770;\">1</span><span style=\"color:#c0c5ce;\">;\n</span><span style=\"color:#c0c5ce;\">        </span><span style=\"color:#b48ead;\">return</span><span style=\"color:#c0c5ce;\"> root-&gt;</span><span style=\"color:#8fa1b3;\">bisearch</span><span style=\"color:#c0c5ce;\">(l, r, val);\n</span><span style=\"color:#c0c5ce;\">    }\n</span><span style=\"color:#c0c5ce;\">} segT;\n</span><span style=\"color:#c0c5ce;\">\n</span><span style=\"color:#b48ead;\">int</span><span style=\"color:#c0c5ce;\"> d[MAXN];\n</span><span style=\"color:#c0c5ce;\">\n</span><span style=\"color:#b48ead;\">int </span><span style=\"color:#8fa1b3;\">main</span><span style=\"color:#c0c5ce;\">() {\n</span><span style=\"color:#c0c5ce;\">    </span><span style=\"color:#b48ead;\">int</span><span style=\"color:#c0c5ce;\"> n;\n</span><span style=\"color:#c0c5ce;\">    </span><span style=\"color:#96b5b4;\">scanf</span><span style=\"color:#c0c5ce;\">(&quot;</span><span style=\"color:#d08770;\">%d</span><span style=\"color:#c0c5ce;\">&quot;, &amp;n);\n</span><span style=\"color:#c0c5ce;\">    </span><span style=\"color:#b48ead;\">for </span><span style=\"color:#c0c5ce;\">(</span><span style=\"color:#b48ead;\">int</span><span style=\"color:#c0c5ce;\"> i = </span><span style=\"color:#d08770;\">1</span><span style=\"color:#c0c5ce;\">; i &lt;= n; i++) </span><span style=\"color:#96b5b4;\">scanf</span><span style=\"color:#c0c5ce;\">(&quot;</span><span style=\"color:#d08770;\">%d</span><span style=\"color:#c0c5ce;\">&quot;, &amp;d[i]);\n</span><span style=\"color:#c0c5ce;\">\n</span><span style=\"color:#c0c5ce;\">    </span><span style=\"color:#8fa1b3;\">std::sort</span><span style=\"color:#c0c5ce;\">(d + </span><span style=\"color:#d08770;\">1</span><span style=\"color:#c0c5ce;\">, d + n + </span><span style=\"color:#d08770;\">1</span><span style=\"color:#c0c5ce;\">, std::</span><span style=\"color:#8fa1b3;\">greater</span><span style=\"color:#c0c5ce;\">&lt;</span><span style=\"color:#b48ead;\">int</span><span style=\"color:#c0c5ce;\">&gt;());\n</span><span style=\"color:#c0c5ce;\">\n</span><span style=\"color:#c0c5ce;\">    segT.</span><span style=\"color:#8fa1b3;\">build</span><span style=\"color:#c0c5ce;\">(</span><span style=\"color:#d08770;\">1</span><span style=\"color:#c0c5ce;\">, n, d);\n</span><span style=\"color:#c0c5ce;\">    </span><span style=\"color:#b48ead;\">int</span><span style=\"color:#c0c5ce;\"> L = </span><span style=\"color:#d08770;\">0</span><span style=\"color:#c0c5ce;\">, i;\n</span><span style=\"color:#c0c5ce;\">    </span><span style=\"color:#b48ead;\">for </span><span style=\"color:#c0c5ce;\">(i = </span><span style=\"color:#d08770;\">1</span><span style=\"color:#c0c5ce;\">; i &lt;= n; i++) {\n</span><span style=\"color:#c0c5ce;\">        </span><span style=\"color:#b48ead;\">int</span><span style=\"color:#c0c5ce;\"> t = segT.</span><span style=\"color:#8fa1b3;\">query</span><span style=\"color:#c0c5ce;\">(i, i);\n</span><span style=\"color:#c0c5ce;\">        </span><span style=\"color:#b48ead;\">if </span><span style=\"color:#c0c5ce;\">(t &lt;= </span><span style=\"color:#d08770;\">0</span><span style=\"color:#c0c5ce;\">) </span><span style=\"color:#b48ead;\">break</span><span style=\"color:#c0c5ce;\">;\n</span><span style=\"color:#c0c5ce;\">\n</span><span style=\"color:#c0c5ce;\">        L += </span><span style=\"color:#8fa1b3;\">std::max</span><span style=\"color:#c0c5ce;\">(i + t - n, </span><span style=\"color:#d08770;\">0</span><span style=\"color:#c0c5ce;\">);\n</span><span style=\"color:#c0c5ce;\">\n</span><span style=\"color:#c0c5ce;\">        </span><span style=\"color:#b48ead;\">if </span><span style=\"color:#c0c5ce;\">(i + t + </span><span style=\"color:#d08770;\">1 </span><span style=\"color:#c0c5ce;\">&lt;= n) {\n</span><span style=\"color:#c0c5ce;\">            </span><span style=\"color:#b48ead;\">int</span><span style=\"color:#c0c5ce;\"> a = segT.</span><span style=\"color:#8fa1b3;\">query</span><span style=\"color:#c0c5ce;\">(i + t, i + t);\n</span><span style=\"color:#c0c5ce;\">            </span><span style=\"color:#b48ead;\">int</span><span style=\"color:#c0c5ce;\"> b = segT.</span><span style=\"color:#8fa1b3;\">query</span><span style=\"color:#c0c5ce;\">(i + t + </span><span style=\"color:#d08770;\">1</span><span style=\"color:#c0c5ce;\">, i + t + </span><span style=\"color:#d08770;\">1</span><span style=\"color:#c0c5ce;\">);\n</span><span style=\"color:#c0c5ce;\">            </span><span style=\"color:#b48ead;\">if </span><span style=\"color:#c0c5ce;\">(a == b) {\n</span><span style=\"color:#c0c5ce;\">                </span><span style=\"color:#b48ead;\">int</span><span style=\"color:#c0c5ce;\"> pos1 = segT.</span><span style=\"color:#8fa1b3;\">bisearch</span><span style=\"color:#c0c5ce;\">(i + </span><span style=\"color:#d08770;\">1</span><span style=\"color:#c0c5ce;\">, i + t, a);\n</span><span style=\"color:#c0c5ce;\">                </span><span style=\"color:#b48ead;\">int</span><span style=\"color:#c0c5ce;\"> pos2 = segT.</span><span style=\"color:#8fa1b3;\">bisearch</span><span style=\"color:#c0c5ce;\">(i + t + </span><span style=\"color:#d08770;\">1</span><span style=\"color:#c0c5ce;\">, n, b - </span><span style=\"color:#d08770;\">1</span><span style=\"color:#c0c5ce;\">) - </span><span style=\"color:#d08770;\">1</span><span style=\"color:#c0c5ce;\">;\n</span><span style=\"color:#c0c5ce;\">\n</span><span style=\"color:#c0c5ce;\">                </span><span style=\"color:#b48ead;\">int</span><span style=\"color:#c0c5ce;\"> cnt = i + t + </span><span style=\"color:#d08770;\">1 </span><span style=\"color:#c0c5ce;\">- pos1;\n</span><span style=\"color:#c0c5ce;\">                segT.</span><span style=\"color:#8fa1b3;\">update</span><span style=\"color:#c0c5ce;\">(pos1, pos1 + cnt - </span><span style=\"color:#d08770;\">1</span><span style=\"color:#c0c5ce;\">, </span><span style=\"color:#d08770;\">1</span><span style=\"color:#c0c5ce;\">);\n</span><span style=\"color:#c0c5ce;\">                segT.</span><span style=\"color:#8fa1b3;\">update</span><span style=\"color:#c0c5ce;\">(pos2 - cnt + </span><span style=\"color:#d08770;\">1</span><span style=\"color:#c0c5ce;\">, pos2, -</span><span style=\"color:#d08770;\">1</span><span style=\"color:#c0c5ce;\">);\n</span><span style=\"color:#c0c5ce;\">            }\n</span><span style=\"color:#c0c5ce;\">        }\n</span><span style=\"color:#c0c5ce;\">        segT.</span><span style=\"color:#8fa1b3;\">update</span><span style=\"color:#c0c5ce;\">(i + </span><span style=\"color:#d08770;\">1</span><span style=\"color:#c0c5ce;\">, i + t, -</span><span style=\"color:#d08770;\">1</span><span style=\"color:#c0c5ce;\">);\n</span><span style=\"color:#c0c5ce;\">    }\n</span><span style=\"color:#c0c5ce;\">    </span><span style=\"color:#b48ead;\">for </span><span style=\"color:#c0c5ce;\">(; i &lt;= n; i++) L += </span><span style=\"color:#8fa1b3;\">std::</span><span style=\"color:#96b5b4;\">abs</span><span style=\"color:#c0c5ce;\">(segT.</span><span style=\"color:#8fa1b3;\">query</span><span style=\"color:#c0c5ce;\">(i, i));\n</span><span style=\"color:#c0c5ce;\">\n</span><span style=\"color:#c0c5ce;\">    </span><span style=\"color:#b48ead;\">for </span><span style=\"color:#c0c5ce;\">(</span><span style=\"color:#b48ead;\">int</span><span style=\"color:#c0c5ce;\"> i = </span><span style=\"color:#d08770;\">1</span><span style=\"color:#c0c5ce;\">; i &lt;= n; i++) --d[i];\n</span><span style=\"color:#c0c5ce;\">    segT.</span><span style=\"color:#8fa1b3;\">build</span><span style=\"color:#c0c5ce;\">(</span><span style=\"color:#d08770;\">1</span><span style=\"color:#c0c5ce;\">, n, d);\n</span><span style=\"color:#c0c5ce;\">    </span><span style=\"color:#b48ead;\">int</span><span style=\"color:#c0c5ce;\"> R = n;\n</span><span style=\"color:#c0c5ce;\">    </span><span style=\"color:#b48ead;\">for </span><span style=\"color:#c0c5ce;\">(i = </span><span style=\"color:#d08770;\">1</span><span style=\"color:#c0c5ce;\">; i &lt;= n; i++) {\n</span><span style=\"color:#c0c5ce;\">        </span><span style=\"color:#b48ead;\">int</span><span style=\"color:#c0c5ce;\"> t = segT.</span><span style=\"color:#8fa1b3;\">query</span><span style=\"color:#c0c5ce;\">(i, i);\n</span><span style=\"color:#c0c5ce;\">        </span><span style=\"color:#b48ead;\">if </span><span style=\"color:#c0c5ce;\">(t &lt;= </span><span style=\"color:#d08770;\">0</span><span style=\"color:#c0c5ce;\">) </span><span style=\"color:#b48ead;\">break</span><span style=\"color:#c0c5ce;\">;\n</span><span style=\"color:#c0c5ce;\">\n</span><span style=\"color:#c0c5ce;\">        R -= </span><span style=\"color:#8fa1b3;\">std::max</span><span style=\"color:#c0c5ce;\">(i + t - n, </span><span style=\"color:#d08770;\">0</span><span style=\"color:#c0c5ce;\">);\n</span><span style=\"color:#c0c5ce;\">\n</span><span style=\"color:#c0c5ce;\">        </span><span style=\"color:#b48ead;\">if </span><span style=\"color:#c0c5ce;\">(i + t + </span><span style=\"color:#d08770;\">1 </span><span style=\"color:#c0c5ce;\">&lt;= n) {\n</span><span style=\"color:#c0c5ce;\">            </span><span style=\"color:#b48ead;\">int</span><span style=\"color:#c0c5ce;\"> a = segT.</span><span style=\"color:#8fa1b3;\">query</span><span style=\"color:#c0c5ce;\">(i + t, i + t);\n</span><span style=\"color:#c0c5ce;\">            </span><span style=\"color:#b48ead;\">int</span><span style=\"color:#c0c5ce;\"> b = segT.</span><span style=\"color:#8fa1b3;\">query</span><span style=\"color:#c0c5ce;\">(i + t + </span><span style=\"color:#d08770;\">1</span><span style=\"color:#c0c5ce;\">, i + t + </span><span style=\"color:#d08770;\">1</span><span style=\"color:#c0c5ce;\">);\n</span><span style=\"color:#c0c5ce;\">            </span><span style=\"color:#b48ead;\">if </span><span style=\"color:#c0c5ce;\">(a == b) {\n</span><span style=\"color:#c0c5ce;\">                </span><span style=\"color:#b48ead;\">int</span><span style=\"color:#c0c5ce;\"> pos1 = segT.</span><span style=\"color:#8fa1b3;\">bisearch</span><span style=\"color:#c0c5ce;\">(i + </span><span style=\"color:#d08770;\">1</span><span style=\"color:#c0c5ce;\">, i + t, a);\n</span><span style=\"color:#c0c5ce;\">                </span><span style=\"color:#b48ead;\">int</span><span style=\"color:#c0c5ce;\"> pos2 = segT.</span><span style=\"color:#8fa1b3;\">bisearch</span><span style=\"color:#c0c5ce;\">(i + t + </span><span style=\"color:#d08770;\">1</span><span style=\"color:#c0c5ce;\">, n, b - </span><span style=\"color:#d08770;\">1</span><span style=\"color:#c0c5ce;\">) - </span><span style=\"color:#d08770;\">1</span><span style=\"color:#c0c5ce;\">;\n</span><span style=\"color:#c0c5ce;\">\n</span><span style=\"color:#c0c5ce;\">                </span><span style=\"color:#b48ead;\">int</span><span style=\"color:#c0c5ce;\"> cnt = i + t + </span><span style=\"color:#d08770;\">1 </span><span style=\"color:#c0c5ce;\">- pos1;\n</span><span style=\"color:#c0c5ce;\">                segT.</span><span style=\"color:#8fa1b3;\">update</span><span style=\"color:#c0c5ce;\">(pos1, pos1 + cnt - </span><span style=\"color:#d08770;\">1</span><span style=\"color:#c0c5ce;\">, </span><span style=\"color:#d08770;\">1</span><span style=\"color:#c0c5ce;\">);\n</span><span style=\"color:#c0c5ce;\">                segT.</span><span style=\"color:#8fa1b3;\">update</span><span style=\"color:#c0c5ce;\">(pos2 - cnt + </span><span style=\"color:#d08770;\">1</span><span style=\"color:#c0c5ce;\">, pos2, -</span><span style=\"color:#d08770;\">1</span><span style=\"color:#c0c5ce;\">);\n</span><span style=\"color:#c0c5ce;\">            }\n</span><span style=\"color:#c0c5ce;\">        }\n</span><span style=\"color:#c0c5ce;\">        segT.</span><span style=\"color:#8fa1b3;\">update</span><span style=\"color:#c0c5ce;\">(i + </span><span style=\"color:#d08770;\">1</span><span style=\"color:#c0c5ce;\">, i + t, -</span><span style=\"color:#d08770;\">1</span><span style=\"color:#c0c5ce;\">);\n</span><span style=\"color:#c0c5ce;\">    }\n</span><span style=\"color:#c0c5ce;\">    </span><span style=\"color:#b48ead;\">for </span><span style=\"color:#c0c5ce;\">(; i &lt;= n; i++) R -= </span><span style=\"color:#8fa1b3;\">std::</span><span style=\"color:#96b5b4;\">abs</span><span style=\"color:#c0c5ce;\">(segT.</span><span style=\"color:#8fa1b3;\">query</span><span style=\"color:#c0c5ce;\">(i, i));\n</span><span style=\"color:#c0c5ce;\">\n</span><span style=\"color:#c0c5ce;\">    </span><span style=\"color:#b48ead;\">if </span><span style=\"color:#c0c5ce;\">(L &gt; R) </span><span style=\"color:#96b5b4;\">printf</span><span style=\"color:#c0c5ce;\">(&quot;</span><span style=\"color:#a3be8c;\">-1</span><span style=\"color:#c0c5ce;\">&quot;);\n</span><span style=\"color:#c0c5ce;\">    </span><span style=\"color:#b48ead;\">for </span><span style=\"color:#c0c5ce;\">(</span><span style=\"color:#b48ead;\">int</span><span style=\"color:#c0c5ce;\"> i = L; i &lt;= R; i += </span><span style=\"color:#d08770;\">2</span><span style=\"color:#c0c5ce;\">) </span><span style=\"color:#96b5b4;\">printf</span><span style=\"color:#c0c5ce;\">(&quot;</span><span style=\"color:#d08770;\">%d </span><span style=\"color:#c0c5ce;\">&quot;, i);\n</span><span style=\"color:#c0c5ce;\">    </span><span style=\"color:#96b5b4;\">puts</span><span style=\"color:#c0c5ce;\">(&quot;&quot;);\n</span><span style=\"color:#c0c5ce;\">    \n</span><span style=\"color:#c0c5ce;\">    </span><span style=\"color:#b48ead;\">return </span><span style=\"color:#d08770;\">0</span><span style=\"color:#c0c5ce;\">;\n</span><span style=\"color:#c0c5ce;\">}\n</span>\n</code></pre>\n"}