{"title":"Hackenbush 博弈学习笔记","tags":["博弈","Hackenbush","学习笔记"],"create_time":1543694406,"last_modified":1596726789,"toc":"<ol><li><a href=\"#链的版本---bamboo-stalks\">链的版本 - Bamboo Stalks</a></li><li><a href=\"#树的版本---hackenbush-trees\">树的版本 - Hackenbush-Trees</a></li><li><a href=\"#原题---hackenbush-graphs\">原题 - Hackenbush-Graphs</a></li><li><a href=\"#扩展\">扩展</a></li>","html":"<p>两人在一张有根图上依次操作，每次操作为删去一条边，若有连通块内不含根节点，则删去整个连通块。先不能操作者输，判断先手是否必胜。</p>\n<!-- more -->\n<h2><a href=\"#链的版本---bamboo-stalks\" aria-hidden=\"true\" class=\"anchor\" id=\"链的版本---bamboo-stalks\"></a>链的版本 - Bamboo Stalks</h2>\n<p>两人操作 <span class=\"katex\"><span class=\"katex-mathml\"><math xmlns=\"http://www.w3.org/1998/Math/MathML\"><semantics><mrow><mi>n</mi></mrow><annotation encoding=\"application/x-tex\">n</annotation></semantics></math></span><span class=\"katex-html\" aria-hidden=\"true\"><span class=\"base\"><span class=\"strut\" style=\"height:0.4306em;\"></span><span class=\"mord mathnormal\">n</span></span></span></span> 条长度为 <span class=\"katex\"><span class=\"katex-mathml\"><math xmlns=\"http://www.w3.org/1998/Math/MathML\"><semantics><mrow><msub><mi>l</mi><mi>i</mi></msub></mrow><annotation encoding=\"application/x-tex\">l_i</annotation></semantics></math></span><span class=\"katex-html\" aria-hidden=\"true\"><span class=\"base\"><span class=\"strut\" style=\"height:0.8444em;vertical-align:-0.15em;\"></span><span class=\"mord\"><span class=\"mord mathnormal\" style=\"margin-right:0.01968em;\">l</span><span class=\"msupsub\"><span class=\"vlist-t vlist-t2\"><span class=\"vlist-r\"><span class=\"vlist\" style=\"height:0.3117em;\"><span style=\"top:-2.55em;margin-left:-0.0197em;margin-right:0.05em;\"><span class=\"pstrut\" style=\"height:2.7em;\"></span><span class=\"sizing reset-size6 size3 mtight\"><span class=\"mord mathnormal mtight\">i</span></span></span></span><span class=\"vlist-s\">​</span></span><span class=\"vlist-r\"><span class=\"vlist\" style=\"height:0.15em;\"><span></span></span></span></span></span></span></span></span></span> 的链，链的一端连在一条线上（图中虚线，不可操作），这一端作为链的根，具体操作同上，判断先手是否必胜。</p>\n<p><img src=\"https://i.loli.net/2018/12/01/5c026a735d14d.jpg\" alt=\"Figure - Bamboo Stalks\" /></p>\n<p>其实 Bamboo Stalks 游戏可以转化为普通的取石子 Nim 游戏：删去某条边等于在这一堆石子中取走被删掉的点数个石子。所以 Bamboo Stalks 游戏可以像取石子游戏一般定义 SG 函数。</p>\n<h2><a href=\"#树的版本---hackenbush-trees\" aria-hidden=\"true\" class=\"anchor\" id=\"树的版本---hackenbush-trees\"></a>树的版本 - Hackenbush-Trees</h2>\n<p>即在 Bamboo Stalks 的基础上将链改为树，判断先手是否必胜。</p>\n<p><img src=\"https://i.loli.net/2018/12/01/5c026a74191d1.jpg\" alt=\"Figure - Hackenbush-Trees\" /></p>\n<p>可以用一条链来代替一个顶点的儿子们，其长度等于它们的异或和，如图：</p>\n<p><img src=\"https://i.loli.net/2018/12/01/5c02745dec0b3.jpg\" alt=\"Figure - Hackenbush-Trees-alter\" /></p>\n<p>于是可按这个规律定义一棵子树的 SG 函数：</p>\n<p class='katex-block'><span class=\"katex-display\"><span class=\"katex\"><span class=\"katex-mathml\"><math xmlns=\"http://www.w3.org/1998/Math/MathML\" display=\"block\"><semantics><mrow><mi>S</mi><mi>G</mi><mo stretchy=\"false\">(</mo><mi>u</mi><mo stretchy=\"false\">)</mo><mo>=</mo><mo stretchy=\"false\">(</mo><mi>S</mi><mi>G</mi><mo stretchy=\"false\">(</mo><msub><mi>v</mi><mn>1</mn></msub><mo stretchy=\"false\">)</mo><mo>+</mo><mn>1</mn><mo stretchy=\"false\">)</mo><mo>⊕</mo><mo stretchy=\"false\">(</mo><mi>S</mi><mi>G</mi><mo stretchy=\"false\">(</mo><msub><mi>v</mi><mn>2</mn></msub><mo stretchy=\"false\">)</mo><mo>+</mo><mn>1</mn><mo stretchy=\"false\">)</mo><mo>⊕</mo><mo>⋯</mo><mo>⊕</mo><mo stretchy=\"false\">(</mo><mi>S</mi><mi>G</mi><mo stretchy=\"false\">(</mo><msub><mi>v</mi><mi>m</mi></msub><mo stretchy=\"false\">)</mo><mo>+</mo><mn>1</mn><mo stretchy=\"false\">)</mo></mrow><annotation encoding=\"application/x-tex\">\nSG(u) = (SG(v_1) + 1) \\oplus (SG(v_2) + 1) \\oplus \\cdots \\oplus (SG(v_m) + 1)\n</annotation></semantics></math></span><span class=\"katex-html\" aria-hidden=\"true\"><span class=\"base\"><span class=\"strut\" style=\"height:1em;vertical-align:-0.25em;\"></span><span class=\"mord mathnormal\">SG</span><span class=\"mopen\">(</span><span class=\"mord mathnormal\">u</span><span class=\"mclose\">)</span><span class=\"mspace\" style=\"margin-right:0.2778em;\"></span><span class=\"mrel\">=</span><span class=\"mspace\" style=\"margin-right:0.2778em;\"></span></span><span class=\"base\"><span class=\"strut\" style=\"height:1em;vertical-align:-0.25em;\"></span><span class=\"mopen\">(</span><span class=\"mord mathnormal\">SG</span><span class=\"mopen\">(</span><span class=\"mord\"><span class=\"mord mathnormal\" style=\"margin-right:0.03588em;\">v</span><span class=\"msupsub\"><span class=\"vlist-t vlist-t2\"><span class=\"vlist-r\"><span class=\"vlist\" style=\"height:0.3011em;\"><span style=\"top:-2.55em;margin-left:-0.0359em;margin-right:0.05em;\"><span class=\"pstrut\" style=\"height:2.7em;\"></span><span class=\"sizing reset-size6 size3 mtight\"><span class=\"mord mtight\">1</span></span></span></span><span class=\"vlist-s\">​</span></span><span class=\"vlist-r\"><span class=\"vlist\" style=\"height:0.15em;\"><span></span></span></span></span></span></span><span class=\"mclose\">)</span><span class=\"mspace\" style=\"margin-right:0.2222em;\"></span><span class=\"mbin\">+</span><span class=\"mspace\" style=\"margin-right:0.2222em;\"></span></span><span class=\"base\"><span class=\"strut\" style=\"height:1em;vertical-align:-0.25em;\"></span><span class=\"mord\">1</span><span class=\"mclose\">)</span><span class=\"mspace\" style=\"margin-right:0.2222em;\"></span><span class=\"mbin\">⊕</span><span class=\"mspace\" style=\"margin-right:0.2222em;\"></span></span><span class=\"base\"><span class=\"strut\" style=\"height:1em;vertical-align:-0.25em;\"></span><span class=\"mopen\">(</span><span class=\"mord mathnormal\">SG</span><span class=\"mopen\">(</span><span class=\"mord\"><span class=\"mord mathnormal\" style=\"margin-right:0.03588em;\">v</span><span class=\"msupsub\"><span class=\"vlist-t vlist-t2\"><span class=\"vlist-r\"><span class=\"vlist\" style=\"height:0.3011em;\"><span style=\"top:-2.55em;margin-left:-0.0359em;margin-right:0.05em;\"><span class=\"pstrut\" style=\"height:2.7em;\"></span><span class=\"sizing reset-size6 size3 mtight\"><span class=\"mord mtight\">2</span></span></span></span><span class=\"vlist-s\">​</span></span><span class=\"vlist-r\"><span class=\"vlist\" style=\"height:0.15em;\"><span></span></span></span></span></span></span><span class=\"mclose\">)</span><span class=\"mspace\" style=\"margin-right:0.2222em;\"></span><span class=\"mbin\">+</span><span class=\"mspace\" style=\"margin-right:0.2222em;\"></span></span><span class=\"base\"><span class=\"strut\" style=\"height:1em;vertical-align:-0.25em;\"></span><span class=\"mord\">1</span><span class=\"mclose\">)</span><span class=\"mspace\" style=\"margin-right:0.2222em;\"></span><span class=\"mbin\">⊕</span><span class=\"mspace\" style=\"margin-right:0.2222em;\"></span></span><span class=\"base\"><span class=\"strut\" style=\"height:0.6667em;vertical-align:-0.0833em;\"></span><span class=\"minner\">⋯</span><span class=\"mspace\" style=\"margin-right:0.2222em;\"></span><span class=\"mbin\">⊕</span><span class=\"mspace\" style=\"margin-right:0.2222em;\"></span></span><span class=\"base\"><span class=\"strut\" style=\"height:1em;vertical-align:-0.25em;\"></span><span class=\"mopen\">(</span><span class=\"mord mathnormal\">SG</span><span class=\"mopen\">(</span><span class=\"mord\"><span class=\"mord mathnormal\" style=\"margin-right:0.03588em;\">v</span><span class=\"msupsub\"><span class=\"vlist-t vlist-t2\"><span class=\"vlist-r\"><span class=\"vlist\" style=\"height:0.1514em;\"><span style=\"top:-2.55em;margin-left:-0.0359em;margin-right:0.05em;\"><span class=\"pstrut\" style=\"height:2.7em;\"></span><span class=\"sizing reset-size6 size3 mtight\"><span class=\"mord mathnormal mtight\">m</span></span></span></span><span class=\"vlist-s\">​</span></span><span class=\"vlist-r\"><span class=\"vlist\" style=\"height:0.15em;\"><span></span></span></span></span></span></span><span class=\"mclose\">)</span><span class=\"mspace\" style=\"margin-right:0.2222em;\"></span><span class=\"mbin\">+</span><span class=\"mspace\" style=\"margin-right:0.2222em;\"></span></span><span class=\"base\"><span class=\"strut\" style=\"height:1em;vertical-align:-0.25em;\"></span><span class=\"mord\">1</span><span class=\"mclose\">)</span></span></span></span></span></p>\n<p>其中 <span class=\"katex\"><span class=\"katex-mathml\"><math xmlns=\"http://www.w3.org/1998/Math/MathML\"><semantics><mrow><msub><mi>v</mi><mn>1</mn></msub><mo separator=\"true\">,</mo><msub><mi>v</mi><mn>2</mn></msub><mo separator=\"true\">,</mo><mo>…</mo><mo separator=\"true\">,</mo><msub><mi>v</mi><mi>m</mi></msub></mrow><annotation encoding=\"application/x-tex\">v_1, v_2, \\dots, v_m</annotation></semantics></math></span><span class=\"katex-html\" aria-hidden=\"true\"><span class=\"base\"><span class=\"strut\" style=\"height:0.625em;vertical-align:-0.1944em;\"></span><span class=\"mord\"><span class=\"mord mathnormal\" style=\"margin-right:0.03588em;\">v</span><span class=\"msupsub\"><span class=\"vlist-t vlist-t2\"><span class=\"vlist-r\"><span class=\"vlist\" style=\"height:0.3011em;\"><span style=\"top:-2.55em;margin-left:-0.0359em;margin-right:0.05em;\"><span class=\"pstrut\" style=\"height:2.7em;\"></span><span class=\"sizing reset-size6 size3 mtight\"><span class=\"mord mtight\">1</span></span></span></span><span class=\"vlist-s\">​</span></span><span class=\"vlist-r\"><span class=\"vlist\" style=\"height:0.15em;\"><span></span></span></span></span></span></span><span class=\"mpunct\">,</span><span class=\"mspace\" style=\"margin-right:0.1667em;\"></span><span class=\"mord\"><span class=\"mord mathnormal\" style=\"margin-right:0.03588em;\">v</span><span class=\"msupsub\"><span class=\"vlist-t vlist-t2\"><span class=\"vlist-r\"><span class=\"vlist\" style=\"height:0.3011em;\"><span style=\"top:-2.55em;margin-left:-0.0359em;margin-right:0.05em;\"><span class=\"pstrut\" style=\"height:2.7em;\"></span><span class=\"sizing reset-size6 size3 mtight\"><span class=\"mord mtight\">2</span></span></span></span><span class=\"vlist-s\">​</span></span><span class=\"vlist-r\"><span class=\"vlist\" style=\"height:0.15em;\"><span></span></span></span></span></span></span><span class=\"mpunct\">,</span><span class=\"mspace\" style=\"margin-right:0.1667em;\"></span><span class=\"minner\">…</span><span class=\"mspace\" style=\"margin-right:0.1667em;\"></span><span class=\"mpunct\">,</span><span class=\"mspace\" style=\"margin-right:0.1667em;\"></span><span class=\"mord\"><span class=\"mord mathnormal\" style=\"margin-right:0.03588em;\">v</span><span class=\"msupsub\"><span class=\"vlist-t vlist-t2\"><span class=\"vlist-r\"><span class=\"vlist\" style=\"height:0.1514em;\"><span style=\"top:-2.55em;margin-left:-0.0359em;margin-right:0.05em;\"><span class=\"pstrut\" style=\"height:2.7em;\"></span><span class=\"sizing reset-size6 size3 mtight\"><span class=\"mord mathnormal mtight\">m</span></span></span></span><span class=\"vlist-s\">​</span></span><span class=\"vlist-r\"><span class=\"vlist\" style=\"height:0.15em;\"><span></span></span></span></span></span></span></span></span></span> 为 <span class=\"katex\"><span class=\"katex-mathml\"><math xmlns=\"http://www.w3.org/1998/Math/MathML\"><semantics><mrow><mi>u</mi></mrow><annotation encoding=\"application/x-tex\">u</annotation></semantics></math></span><span class=\"katex-html\" aria-hidden=\"true\"><span class=\"base\"><span class=\"strut\" style=\"height:0.4306em;\"></span><span class=\"mord mathnormal\">u</span></span></span></span> 的所有儿子，单节点的 SG 函数值为 <span class=\"katex\"><span class=\"katex-mathml\"><math xmlns=\"http://www.w3.org/1998/Math/MathML\"><semantics><mrow><mn>0</mn></mrow><annotation encoding=\"application/x-tex\">0</annotation></semantics></math></span><span class=\"katex-html\" aria-hidden=\"true\"><span class=\"base\"><span class=\"strut\" style=\"height:0.6444em;\"></span><span class=\"mord\">0</span></span></span></span>。</p>\n<h2><a href=\"#原题---hackenbush-graphs\" aria-hidden=\"true\" class=\"anchor\" id=\"原题---hackenbush-graphs\"></a>原题 - Hackenbush-Graphs</h2>\n<p><img src=\"https://i.loli.net/2018/12/01/5c026a73b9cc6.jpg\" alt=\"Figure - Hackenbush-Graphs\" /></p>\n<p>在 Hackenbush-Graphs 中，任何环内的节点可以融合成一点而不会改变图的 SG 值；同时，一个自环可以等价于一条伸出来的长为 <span class=\"katex\"><span class=\"katex-mathml\"><math xmlns=\"http://www.w3.org/1998/Math/MathML\"><semantics><mrow><mn>1</mn></mrow><annotation encoding=\"application/x-tex\">1</annotation></semantics></math></span><span class=\"katex-html\" aria-hidden=\"true\"><span class=\"base\"><span class=\"strut\" style=\"height:0.6444em;\"></span><span class=\"mord\">1</span></span></span></span> 的链。如图：</p>\n<p><img src=\"https://i.loli.net/2018/12/01/5c02763ba2dec.jpg\" alt=\"Figure - Hackenbush-Graphs-alter-1\" /></p>\n<p><img src=\"https://i.loli.net/2018/12/01/5c026a73c90ca.jpg\" alt=\"Figure - Hackenbush-Graphs-alter-2\" /></p>\n<p>即偶数长的环可缩为一点，奇数长的环可缩为一点加一个长为 <span class=\"katex\"><span class=\"katex-mathml\"><math xmlns=\"http://www.w3.org/1998/Math/MathML\"><semantics><mrow><mn>1</mn></mrow><annotation encoding=\"application/x-tex\">1</annotation></semantics></math></span><span class=\"katex-html\" aria-hidden=\"true\"><span class=\"base\"><span class=\"strut\" style=\"height:0.6444em;\"></span><span class=\"mord\">1</span></span></span></span> 的链。然后就可以按照 Hackenbush-Trees 做了。</p>\n<h2><a href=\"#扩展\" aria-hidden=\"true\" class=\"anchor\" id=\"扩展\"></a>扩展</h2>\n<p>在 Hackenbush-Graphs 的基础上，为每一条边加一个边权，每次操作只能使边权减一，边在权值减为 <span class=\"katex\"><span class=\"katex-mathml\"><math xmlns=\"http://www.w3.org/1998/Math/MathML\"><semantics><mrow><mn>0</mn></mrow><annotation encoding=\"application/x-tex\">0</annotation></semantics></math></span><span class=\"katex-html\" aria-hidden=\"true\"><span class=\"base\"><span class=\"strut\" style=\"height:0.6444em;\"></span><span class=\"mord\">0</span></span></span></span> 时被删去，判断先手是否必胜。</p>\n<p>把每一条边分成权值条重边即转化为 Hackenbush-Graphs。</p>\n"}