{"title":"[HDU 6118][百度之星 2017 初赛 B] 度度熊的交易计划","tags":["费用流","最小费用可行流"],"create_time":1563299291,"last_modified":1596726810,"toc":"<ol><li><a href=\"#题目大意\">题目大意</a></li><li><a href=\"#题目链接\">题目链接</a></li><li><a href=\"#题解\">题解</a></li><li><a href=\"#代码\">代码</a></li>","html":"<h2><a href=\"#题目大意\" aria-hidden=\"true\" class=\"anchor\" id=\"题目大意\"></a>题目大意</h2>\n<p>在一张 <span class=\"katex\"><span class=\"katex-mathml\"><math xmlns=\"http://www.w3.org/1998/Math/MathML\"><semantics><mrow><mi>n</mi></mrow><annotation encoding=\"application/x-tex\">n</annotation></semantics></math></span><span class=\"katex-html\" aria-hidden=\"true\"><span class=\"base\"><span class=\"strut\" style=\"height:0.4306em;\"></span><span class=\"mord mathnormal\">n</span></span></span></span> 个点 <span class=\"katex\"><span class=\"katex-mathml\"><math xmlns=\"http://www.w3.org/1998/Math/MathML\"><semantics><mrow><mi>m</mi></mrow><annotation encoding=\"application/x-tex\">m</annotation></semantics></math></span><span class=\"katex-html\" aria-hidden=\"true\"><span class=\"base\"><span class=\"strut\" style=\"height:0.4306em;\"></span><span class=\"mord mathnormal\">m</span></span></span></span> 条边的无向图上，每个点可以以 <span class=\"katex\"><span class=\"katex-mathml\"><math xmlns=\"http://www.w3.org/1998/Math/MathML\"><semantics><mrow><msub><mi>a</mi><mi>i</mi></msub></mrow><annotation encoding=\"application/x-tex\">a_i</annotation></semantics></math></span><span class=\"katex-html\" aria-hidden=\"true\"><span class=\"base\"><span class=\"strut\" style=\"height:0.5806em;vertical-align:-0.15em;\"></span><span class=\"mord\"><span class=\"mord mathnormal\">a</span><span class=\"msupsub\"><span class=\"vlist-t vlist-t2\"><span class=\"vlist-r\"><span class=\"vlist\" style=\"height:0.3117em;\"><span style=\"top:-2.55em;margin-left:0em;margin-right:0.05em;\"><span class=\"pstrut\" style=\"height:2.7em;\"></span><span class=\"sizing reset-size6 size3 mtight\"><span class=\"mord mathnormal mtight\">i</span></span></span></span><span class=\"vlist-s\">​</span></span><span class=\"vlist-r\"><span class=\"vlist\" style=\"height:0.15em;\"><span></span></span></span></span></span></span></span></span></span> 的成本制造至多 <span class=\"katex\"><span class=\"katex-mathml\"><math xmlns=\"http://www.w3.org/1998/Math/MathML\"><semantics><mrow><msub><mi>b</mi><mi>i</mi></msub></mrow><annotation encoding=\"application/x-tex\">b_i</annotation></semantics></math></span><span class=\"katex-html\" aria-hidden=\"true\"><span class=\"base\"><span class=\"strut\" style=\"height:0.8444em;vertical-align:-0.15em;\"></span><span class=\"mord\"><span class=\"mord mathnormal\">b</span><span class=\"msupsub\"><span class=\"vlist-t vlist-t2\"><span class=\"vlist-r\"><span class=\"vlist\" style=\"height:0.3117em;\"><span style=\"top:-2.55em;margin-left:0em;margin-right:0.05em;\"><span class=\"pstrut\" style=\"height:2.7em;\"></span><span class=\"sizing reset-size6 size3 mtight\"><span class=\"mord mathnormal mtight\">i</span></span></span></span><span class=\"vlist-s\">​</span></span><span class=\"vlist-r\"><span class=\"vlist\" style=\"height:0.15em;\"><span></span></span></span></span></span></span></span></span></span> 个商品，也可以以 <span class=\"katex\"><span class=\"katex-mathml\"><math xmlns=\"http://www.w3.org/1998/Math/MathML\"><semantics><mrow><msub><mi>c</mi><mi>i</mi></msub></mrow><annotation encoding=\"application/x-tex\">c_i</annotation></semantics></math></span><span class=\"katex-html\" aria-hidden=\"true\"><span class=\"base\"><span class=\"strut\" style=\"height:0.5806em;vertical-align:-0.15em;\"></span><span class=\"mord\"><span class=\"mord mathnormal\">c</span><span class=\"msupsub\"><span class=\"vlist-t vlist-t2\"><span class=\"vlist-r\"><span class=\"vlist\" style=\"height:0.3117em;\"><span style=\"top:-2.55em;margin-left:0em;margin-right:0.05em;\"><span class=\"pstrut\" style=\"height:2.7em;\"></span><span class=\"sizing reset-size6 size3 mtight\"><span class=\"mord mathnormal mtight\">i</span></span></span></span><span class=\"vlist-s\">​</span></span><span class=\"vlist-r\"><span class=\"vlist\" style=\"height:0.15em;\"><span></span></span></span></span></span></span></span></span></span> 的价格售出至多 <span class=\"katex\"><span class=\"katex-mathml\"><math xmlns=\"http://www.w3.org/1998/Math/MathML\"><semantics><mrow><msub><mi>d</mi><mi>i</mi></msub></mrow><annotation encoding=\"application/x-tex\">d_i</annotation></semantics></math></span><span class=\"katex-html\" aria-hidden=\"true\"><span class=\"base\"><span class=\"strut\" style=\"height:0.8444em;vertical-align:-0.15em;\"></span><span class=\"mord\"><span class=\"mord mathnormal\">d</span><span class=\"msupsub\"><span class=\"vlist-t vlist-t2\"><span class=\"vlist-r\"><span class=\"vlist\" style=\"height:0.3117em;\"><span style=\"top:-2.55em;margin-left:0em;margin-right:0.05em;\"><span class=\"pstrut\" style=\"height:2.7em;\"></span><span class=\"sizing reset-size6 size3 mtight\"><span class=\"mord mathnormal mtight\">i</span></span></span></span><span class=\"vlist-s\">​</span></span><span class=\"vlist-r\"><span class=\"vlist\" style=\"height:0.15em;\"><span></span></span></span></span></span></span></span></span></span> 个商品，每条边可以以每件商品 <span class=\"katex\"><span class=\"katex-mathml\"><math xmlns=\"http://www.w3.org/1998/Math/MathML\"><semantics><mrow><msub><mi>k</mi><mi>i</mi></msub></mrow><annotation encoding=\"application/x-tex\">k_i</annotation></semantics></math></span><span class=\"katex-html\" aria-hidden=\"true\"><span class=\"base\"><span class=\"strut\" style=\"height:0.8444em;vertical-align:-0.15em;\"></span><span class=\"mord\"><span class=\"mord mathnormal\" style=\"margin-right:0.03148em;\">k</span><span class=\"msupsub\"><span class=\"vlist-t vlist-t2\"><span class=\"vlist-r\"><span class=\"vlist\" style=\"height:0.3117em;\"><span style=\"top:-2.55em;margin-left:-0.0315em;margin-right:0.05em;\"><span class=\"pstrut\" style=\"height:2.7em;\"></span><span class=\"sizing reset-size6 size3 mtight\"><span class=\"mord mathnormal mtight\">i</span></span></span></span><span class=\"vlist-s\">​</span></span><span class=\"vlist-r\"><span class=\"vlist\" style=\"height:0.15em;\"><span></span></span></span></span></span></span></span></span></span> 的价格运输商品。求最大利润。</p>\n<p>多组数据。</p>\n<p><span class=\"katex\"><span class=\"katex-mathml\"><math xmlns=\"http://www.w3.org/1998/Math/MathML\"><semantics><mrow><mn>1</mn><mo>≤</mo><mi>n</mi><mo>≤</mo><mn>500</mn></mrow><annotation encoding=\"application/x-tex\">1 \\leq n \\leq 500</annotation></semantics></math></span><span class=\"katex-html\" aria-hidden=\"true\"><span class=\"base\"><span class=\"strut\" style=\"height:0.7804em;vertical-align:-0.136em;\"></span><span class=\"mord\">1</span><span class=\"mspace\" style=\"margin-right:0.2778em;\"></span><span class=\"mrel\">≤</span><span class=\"mspace\" style=\"margin-right:0.2778em;\"></span></span><span class=\"base\"><span class=\"strut\" style=\"height:0.7719em;vertical-align:-0.136em;\"></span><span class=\"mord mathnormal\">n</span><span class=\"mspace\" style=\"margin-right:0.2778em;\"></span><span class=\"mrel\">≤</span><span class=\"mspace\" style=\"margin-right:0.2778em;\"></span></span><span class=\"base\"><span class=\"strut\" style=\"height:0.6444em;\"></span><span class=\"mord\">500</span></span></span></span></p>\n<p><span class=\"katex\"><span class=\"katex-mathml\"><math xmlns=\"http://www.w3.org/1998/Math/MathML\"><semantics><mrow><mn>1</mn><mo>≤</mo><mi>m</mi><mo>≤</mo><mn>1</mn><mo separator=\"true\">,</mo><mn>000</mn></mrow><annotation encoding=\"application/x-tex\">1 \\leq m \\leq 1,000</annotation></semantics></math></span><span class=\"katex-html\" aria-hidden=\"true\"><span class=\"base\"><span class=\"strut\" style=\"height:0.7804em;vertical-align:-0.136em;\"></span><span class=\"mord\">1</span><span class=\"mspace\" style=\"margin-right:0.2778em;\"></span><span class=\"mrel\">≤</span><span class=\"mspace\" style=\"margin-right:0.2778em;\"></span></span><span class=\"base\"><span class=\"strut\" style=\"height:0.7719em;vertical-align:-0.136em;\"></span><span class=\"mord mathnormal\">m</span><span class=\"mspace\" style=\"margin-right:0.2778em;\"></span><span class=\"mrel\">≤</span><span class=\"mspace\" style=\"margin-right:0.2778em;\"></span></span><span class=\"base\"><span class=\"strut\" style=\"height:0.8389em;vertical-align:-0.1944em;\"></span><span class=\"mord\">1</span><span class=\"mpunct\">,</span><span class=\"mspace\" style=\"margin-right:0.1667em;\"></span><span class=\"mord\">000</span></span></span></span></p>\n<p><span class=\"katex\"><span class=\"katex-mathml\"><math xmlns=\"http://www.w3.org/1998/Math/MathML\"><semantics><mrow><mn>1</mn><mo>≤</mo><msub><mi>a</mi><mi>i</mi></msub><mo separator=\"true\">,</mo><msub><mi>b</mi><mi>i</mi></msub><mo separator=\"true\">,</mo><msub><mi>c</mi><mi>i</mi></msub><mo separator=\"true\">,</mo><msub><mi>d</mi><mi>i</mi></msub><mo separator=\"true\">,</mo><msub><mi>k</mi><mi>i</mi></msub><mo>≤</mo><mn>1</mn><mo separator=\"true\">,</mo><mn>000</mn></mrow><annotation encoding=\"application/x-tex\">1 \\leq a_i, b_i, c_i, d_i, k_i \\leq 1,000</annotation></semantics></math></span><span class=\"katex-html\" aria-hidden=\"true\"><span class=\"base\"><span class=\"strut\" style=\"height:0.7804em;vertical-align:-0.136em;\"></span><span class=\"mord\">1</span><span class=\"mspace\" style=\"margin-right:0.2778em;\"></span><span class=\"mrel\">≤</span><span class=\"mspace\" style=\"margin-right:0.2778em;\"></span></span><span class=\"base\"><span class=\"strut\" style=\"height:0.8889em;vertical-align:-0.1944em;\"></span><span class=\"mord\"><span class=\"mord mathnormal\">a</span><span class=\"msupsub\"><span class=\"vlist-t vlist-t2\"><span class=\"vlist-r\"><span class=\"vlist\" style=\"height:0.3117em;\"><span style=\"top:-2.55em;margin-left:0em;margin-right:0.05em;\"><span class=\"pstrut\" style=\"height:2.7em;\"></span><span class=\"sizing reset-size6 size3 mtight\"><span class=\"mord mathnormal mtight\">i</span></span></span></span><span class=\"vlist-s\">​</span></span><span class=\"vlist-r\"><span class=\"vlist\" style=\"height:0.15em;\"><span></span></span></span></span></span></span><span class=\"mpunct\">,</span><span class=\"mspace\" style=\"margin-right:0.1667em;\"></span><span class=\"mord\"><span class=\"mord mathnormal\">b</span><span class=\"msupsub\"><span class=\"vlist-t vlist-t2\"><span class=\"vlist-r\"><span class=\"vlist\" style=\"height:0.3117em;\"><span style=\"top:-2.55em;margin-left:0em;margin-right:0.05em;\"><span class=\"pstrut\" style=\"height:2.7em;\"></span><span class=\"sizing reset-size6 size3 mtight\"><span class=\"mord mathnormal mtight\">i</span></span></span></span><span class=\"vlist-s\">​</span></span><span class=\"vlist-r\"><span class=\"vlist\" style=\"height:0.15em;\"><span></span></span></span></span></span></span><span class=\"mpunct\">,</span><span class=\"mspace\" style=\"margin-right:0.1667em;\"></span><span class=\"mord\"><span class=\"mord mathnormal\">c</span><span class=\"msupsub\"><span class=\"vlist-t vlist-t2\"><span class=\"vlist-r\"><span class=\"vlist\" style=\"height:0.3117em;\"><span style=\"top:-2.55em;margin-left:0em;margin-right:0.05em;\"><span class=\"pstrut\" style=\"height:2.7em;\"></span><span class=\"sizing reset-size6 size3 mtight\"><span class=\"mord mathnormal mtight\">i</span></span></span></span><span class=\"vlist-s\">​</span></span><span class=\"vlist-r\"><span class=\"vlist\" style=\"height:0.15em;\"><span></span></span></span></span></span></span><span class=\"mpunct\">,</span><span class=\"mspace\" style=\"margin-right:0.1667em;\"></span><span class=\"mord\"><span class=\"mord mathnormal\">d</span><span class=\"msupsub\"><span class=\"vlist-t vlist-t2\"><span class=\"vlist-r\"><span class=\"vlist\" style=\"height:0.3117em;\"><span style=\"top:-2.55em;margin-left:0em;margin-right:0.05em;\"><span class=\"pstrut\" style=\"height:2.7em;\"></span><span class=\"sizing reset-size6 size3 mtight\"><span class=\"mord mathnormal mtight\">i</span></span></span></span><span class=\"vlist-s\">​</span></span><span class=\"vlist-r\"><span class=\"vlist\" style=\"height:0.15em;\"><span></span></span></span></span></span></span><span class=\"mpunct\">,</span><span class=\"mspace\" style=\"margin-right:0.1667em;\"></span><span class=\"mord\"><span class=\"mord mathnormal\" style=\"margin-right:0.03148em;\">k</span><span class=\"msupsub\"><span class=\"vlist-t vlist-t2\"><span class=\"vlist-r\"><span class=\"vlist\" style=\"height:0.3117em;\"><span style=\"top:-2.55em;margin-left:-0.0315em;margin-right:0.05em;\"><span class=\"pstrut\" style=\"height:2.7em;\"></span><span class=\"sizing reset-size6 size3 mtight\"><span class=\"mord mathnormal mtight\">i</span></span></span></span><span class=\"vlist-s\">​</span></span><span class=\"vlist-r\"><span class=\"vlist\" style=\"height:0.15em;\"><span></span></span></span></span></span></span><span class=\"mspace\" style=\"margin-right:0.2778em;\"></span><span class=\"mrel\">≤</span><span class=\"mspace\" style=\"margin-right:0.2778em;\"></span></span><span class=\"base\"><span class=\"strut\" style=\"height:0.8389em;vertical-align:-0.1944em;\"></span><span class=\"mord\">1</span><span class=\"mpunct\">,</span><span class=\"mspace\" style=\"margin-right:0.1667em;\"></span><span class=\"mord\">000</span></span></span></span></p>\n<h2><a href=\"#题目链接\" aria-hidden=\"true\" class=\"anchor\" id=\"题目链接\"></a>题目链接</h2>\n<p><a href=\"http://acm.hdu.edu.cn/showproblem.php?pid=6118\">HDU 6118</a></p>\n<!-- more -->\n<h2><a href=\"#题解\" aria-hidden=\"true\" class=\"anchor\" id=\"题解\"></a>题解</h2>\n<p>考虑费用流，建立一个源点和一个汇点，从源点向每个点建一条容量为 <span class=\"katex\"><span class=\"katex-mathml\"><math xmlns=\"http://www.w3.org/1998/Math/MathML\"><semantics><mrow><msub><mi>b</mi><mi>i</mi></msub></mrow><annotation encoding=\"application/x-tex\">b_i</annotation></semantics></math></span><span class=\"katex-html\" aria-hidden=\"true\"><span class=\"base\"><span class=\"strut\" style=\"height:0.8444em;vertical-align:-0.15em;\"></span><span class=\"mord\"><span class=\"mord mathnormal\">b</span><span class=\"msupsub\"><span class=\"vlist-t vlist-t2\"><span class=\"vlist-r\"><span class=\"vlist\" style=\"height:0.3117em;\"><span style=\"top:-2.55em;margin-left:0em;margin-right:0.05em;\"><span class=\"pstrut\" style=\"height:2.7em;\"></span><span class=\"sizing reset-size6 size3 mtight\"><span class=\"mord mathnormal mtight\">i</span></span></span></span><span class=\"vlist-s\">​</span></span><span class=\"vlist-r\"><span class=\"vlist\" style=\"height:0.15em;\"><span></span></span></span></span></span></span></span></span></span>、费用为 <span class=\"katex\"><span class=\"katex-mathml\"><math xmlns=\"http://www.w3.org/1998/Math/MathML\"><semantics><mrow><msub><mi>a</mi><mi>i</mi></msub></mrow><annotation encoding=\"application/x-tex\">a_i</annotation></semantics></math></span><span class=\"katex-html\" aria-hidden=\"true\"><span class=\"base\"><span class=\"strut\" style=\"height:0.5806em;vertical-align:-0.15em;\"></span><span class=\"mord\"><span class=\"mord mathnormal\">a</span><span class=\"msupsub\"><span class=\"vlist-t vlist-t2\"><span class=\"vlist-r\"><span class=\"vlist\" style=\"height:0.3117em;\"><span style=\"top:-2.55em;margin-left:0em;margin-right:0.05em;\"><span class=\"pstrut\" style=\"height:2.7em;\"></span><span class=\"sizing reset-size6 size3 mtight\"><span class=\"mord mathnormal mtight\">i</span></span></span></span><span class=\"vlist-s\">​</span></span><span class=\"vlist-r\"><span class=\"vlist\" style=\"height:0.15em;\"><span></span></span></span></span></span></span></span></span></span> 的边，从每个点向汇点建一条容量为 <span class=\"katex\"><span class=\"katex-mathml\"><math xmlns=\"http://www.w3.org/1998/Math/MathML\"><semantics><mrow><msub><mi>d</mi><mi>i</mi></msub></mrow><annotation encoding=\"application/x-tex\">d_i</annotation></semantics></math></span><span class=\"katex-html\" aria-hidden=\"true\"><span class=\"base\"><span class=\"strut\" style=\"height:0.8444em;vertical-align:-0.15em;\"></span><span class=\"mord\"><span class=\"mord mathnormal\">d</span><span class=\"msupsub\"><span class=\"vlist-t vlist-t2\"><span class=\"vlist-r\"><span class=\"vlist\" style=\"height:0.3117em;\"><span style=\"top:-2.55em;margin-left:0em;margin-right:0.05em;\"><span class=\"pstrut\" style=\"height:2.7em;\"></span><span class=\"sizing reset-size6 size3 mtight\"><span class=\"mord mathnormal mtight\">i</span></span></span></span><span class=\"vlist-s\">​</span></span><span class=\"vlist-r\"><span class=\"vlist\" style=\"height:0.15em;\"><span></span></span></span></span></span></span></span></span></span>、费用为 <span class=\"katex\"><span class=\"katex-mathml\"><math xmlns=\"http://www.w3.org/1998/Math/MathML\"><semantics><mrow><mo>−</mo><msub><mi>c</mi><mi>i</mi></msub></mrow><annotation encoding=\"application/x-tex\">-c_i</annotation></semantics></math></span><span class=\"katex-html\" aria-hidden=\"true\"><span class=\"base\"><span class=\"strut\" style=\"height:0.7333em;vertical-align:-0.15em;\"></span><span class=\"mord\">−</span><span class=\"mord\"><span class=\"mord mathnormal\">c</span><span class=\"msupsub\"><span class=\"vlist-t vlist-t2\"><span class=\"vlist-r\"><span class=\"vlist\" style=\"height:0.3117em;\"><span style=\"top:-2.55em;margin-left:0em;margin-right:0.05em;\"><span class=\"pstrut\" style=\"height:2.7em;\"></span><span class=\"sizing reset-size6 size3 mtight\"><span class=\"mord mathnormal mtight\">i</span></span></span></span><span class=\"vlist-s\">​</span></span><span class=\"vlist-r\"><span class=\"vlist\" style=\"height:0.15em;\"><span></span></span></span></span></span></span></span></span></span> 的边，对于原图中边权为 <span class=\"katex\"><span class=\"katex-mathml\"><math xmlns=\"http://www.w3.org/1998/Math/MathML\"><semantics><mrow><mi>k</mi></mrow><annotation encoding=\"application/x-tex\">k</annotation></semantics></math></span><span class=\"katex-html\" aria-hidden=\"true\"><span class=\"base\"><span class=\"strut\" style=\"height:0.6944em;\"></span><span class=\"mord mathnormal\" style=\"margin-right:0.03148em;\">k</span></span></span></span> 的每一条边，建一条对应的容量无限、费用为 <span class=\"katex\"><span class=\"katex-mathml\"><math xmlns=\"http://www.w3.org/1998/Math/MathML\"><semantics><mrow><mi>k</mi></mrow><annotation encoding=\"application/x-tex\">k</annotation></semantics></math></span><span class=\"katex-html\" aria-hidden=\"true\"><span class=\"base\"><span class=\"strut\" style=\"height:0.6944em;\"></span><span class=\"mord mathnormal\" style=\"margin-right:0.03148em;\">k</span></span></span></span> 的双向边，跑<strong>最小费用可行流</strong>，答案即最小费用的相反数。</p>\n<h2><a href=\"#代码\" aria-hidden=\"true\" class=\"anchor\" id=\"代码\"></a>代码</h2>\n<p>与最小费用最大流的区别用注释表示了。</p>\n<pre style=\"background-color:#2b303b;\"><code class=\"language-c++\">\n<span style=\"color:#b48ead;\">#include </span><span style=\"color:#c0c5ce;\">&lt;</span><span style=\"color:#a3be8c;\">cstdio</span><span style=\"color:#c0c5ce;\">&gt;\n</span><span style=\"color:#b48ead;\">#include </span><span style=\"color:#c0c5ce;\">&lt;</span><span style=\"color:#a3be8c;\">climits</span><span style=\"color:#c0c5ce;\">&gt;\n</span><span style=\"color:#b48ead;\">#include </span><span style=\"color:#c0c5ce;\">&lt;</span><span style=\"color:#a3be8c;\">vector</span><span style=\"color:#c0c5ce;\">&gt;\n</span><span style=\"color:#b48ead;\">#include </span><span style=\"color:#c0c5ce;\">&lt;</span><span style=\"color:#a3be8c;\">queue</span><span style=\"color:#c0c5ce;\">&gt;\n</span><span style=\"color:#b48ead;\">#include </span><span style=\"color:#c0c5ce;\">&lt;</span><span style=\"color:#a3be8c;\">algorithm</span><span style=\"color:#c0c5ce;\">&gt;\n</span><span style=\"color:#c0c5ce;\">\n</span><span style=\"color:#b48ead;\">const int</span><span style=\"color:#c0c5ce;\"> MAXN = </span><span style=\"color:#d08770;\">505</span><span style=\"color:#c0c5ce;\">;\n</span><span style=\"color:#c0c5ce;\">\n</span><span style=\"color:#b48ead;\">struct </span><span style=\"color:#c0c5ce;\">Edge;\n</span><span style=\"color:#b48ead;\">struct </span><span style=\"color:#c0c5ce;\">Node;\n</span><span style=\"color:#c0c5ce;\">\n</span><span style=\"color:#b48ead;\">struct </span><span style=\"color:#c0c5ce;\">Node {\n</span><span style=\"color:#c0c5ce;\">    std::vector&lt;Edge&gt; e;\n</span><span style=\"color:#c0c5ce;\">    Edge *pre;\n</span><span style=\"color:#c0c5ce;\">    </span><span style=\"color:#b48ead;\">int</span><span style=\"color:#c0c5ce;\"> flow, dist, cnt;\n</span><span style=\"color:#c0c5ce;\">    </span><span style=\"color:#b48ead;\">bool</span><span style=\"color:#c0c5ce;\"> inq;\n</span><span style=\"color:#c0c5ce;\">} N[MAXN];\n</span><span style=\"color:#c0c5ce;\">\n</span><span style=\"color:#b48ead;\">struct </span><span style=\"color:#c0c5ce;\">Edge {\n</span><span style=\"color:#c0c5ce;\">    Node *u, *v;\n</span><span style=\"color:#c0c5ce;\">    </span><span style=\"color:#b48ead;\">int</span><span style=\"color:#c0c5ce;\"> cap, flow, cost, rev;\n</span><span style=\"color:#c0c5ce;\">\n</span><span style=\"color:#c0c5ce;\">    </span><span style=\"color:#8fa1b3;\">Edge</span><span style=\"color:#c0c5ce;\">(Node *</span><span style=\"color:#bf616a;\">u</span><span style=\"color:#c0c5ce;\">, Node *</span><span style=\"color:#bf616a;\">v</span><span style=\"color:#c0c5ce;\">, </span><span style=\"color:#b48ead;\">int </span><span style=\"color:#bf616a;\">cap</span><span style=\"color:#c0c5ce;\">, </span><span style=\"color:#b48ead;\">int </span><span style=\"color:#bf616a;\">cost</span><span style=\"color:#c0c5ce;\">, </span><span style=\"color:#b48ead;\">int </span><span style=\"color:#bf616a;\">rev</span><span style=\"color:#c0c5ce;\">) : </span><span style=\"color:#bf616a;\">u</span><span style=\"color:#c0c5ce;\">(u), </span><span style=\"color:#bf616a;\">v</span><span style=\"color:#c0c5ce;\">(v), </span><span style=\"color:#bf616a;\">rev</span><span style=\"color:#c0c5ce;\">(rev), </span><span style=\"color:#bf616a;\">cap</span><span style=\"color:#c0c5ce;\">(cap), </span><span style=\"color:#bf616a;\">flow</span><span style=\"color:#c0c5ce;\">(</span><span style=\"color:#d08770;\">0</span><span style=\"color:#c0c5ce;\">), </span><span style=\"color:#bf616a;\">cost</span><span style=\"color:#c0c5ce;\">(cost) {}\n</span><span style=\"color:#c0c5ce;\">};\n</span><span style=\"color:#c0c5ce;\">\n</span><span style=\"color:#b48ead;\">void </span><span style=\"color:#8fa1b3;\">addEdge</span><span style=\"color:#c0c5ce;\">(</span><span style=\"color:#b48ead;\">int </span><span style=\"color:#bf616a;\">u</span><span style=\"color:#c0c5ce;\">, </span><span style=\"color:#b48ead;\">int </span><span style=\"color:#bf616a;\">v</span><span style=\"color:#c0c5ce;\">, </span><span style=\"color:#b48ead;\">int </span><span style=\"color:#bf616a;\">cap</span><span style=\"color:#c0c5ce;\">, </span><span style=\"color:#b48ead;\">int </span><span style=\"color:#bf616a;\">cost</span><span style=\"color:#c0c5ce;\">) {\n</span><span style=\"color:#c0c5ce;\">    N[u].</span><span style=\"color:#bf616a;\">e</span><span style=\"color:#c0c5ce;\">.</span><span style=\"color:#8fa1b3;\">push_back</span><span style=\"color:#c0c5ce;\">(</span><span style=\"color:#8fa1b3;\">Edge</span><span style=\"color:#c0c5ce;\">(&amp;N[u], &amp;N[v], cap, cost, N[v].</span><span style=\"color:#bf616a;\">e</span><span style=\"color:#c0c5ce;\">.</span><span style=\"color:#8fa1b3;\">size</span><span style=\"color:#c0c5ce;\">()));\n</span><span style=\"color:#c0c5ce;\">    N[v].</span><span style=\"color:#bf616a;\">e</span><span style=\"color:#c0c5ce;\">.</span><span style=\"color:#8fa1b3;\">push_back</span><span style=\"color:#c0c5ce;\">(</span><span style=\"color:#8fa1b3;\">Edge</span><span style=\"color:#c0c5ce;\">(&amp;N[v], &amp;N[u], </span><span style=\"color:#d08770;\">0</span><span style=\"color:#c0c5ce;\">, -cost, N[u].</span><span style=\"color:#bf616a;\">e</span><span style=\"color:#c0c5ce;\">.</span><span style=\"color:#8fa1b3;\">size</span><span style=\"color:#c0c5ce;\">() - </span><span style=\"color:#d08770;\">1</span><span style=\"color:#c0c5ce;\">));\n</span><span style=\"color:#c0c5ce;\">}\n</span><span style=\"color:#c0c5ce;\">\n</span><span style=\"color:#b48ead;\">namespace </span><span style=\"color:#c0c5ce;\">EdmondsKarp {\n</span><span style=\"color:#c0c5ce;\">    </span><span style=\"color:#b48ead;\">void </span><span style=\"color:#8fa1b3;\">solve</span><span style=\"color:#c0c5ce;\">(</span><span style=\"color:#b48ead;\">int </span><span style=\"color:#bf616a;\">s</span><span style=\"color:#c0c5ce;\">, </span><span style=\"color:#b48ead;\">int </span><span style=\"color:#bf616a;\">t</span><span style=\"color:#c0c5ce;\">, </span><span style=\"color:#b48ead;\">int </span><span style=\"color:#bf616a;\">n</span><span style=\"color:#c0c5ce;\">, </span><span style=\"color:#b48ead;\">int </span><span style=\"color:#c0c5ce;\">&amp;</span><span style=\"color:#bf616a;\">flow</span><span style=\"color:#c0c5ce;\">, </span><span style=\"color:#b48ead;\">int </span><span style=\"color:#c0c5ce;\">&amp;</span><span style=\"color:#bf616a;\">cost</span><span style=\"color:#c0c5ce;\">) {\n</span><span style=\"color:#c0c5ce;\">        flow = cost = </span><span style=\"color:#d08770;\">0</span><span style=\"color:#c0c5ce;\">;\n</span><span style=\"color:#c0c5ce;\">        </span><span style=\"color:#b48ead;\">while </span><span style=\"color:#c0c5ce;\">(</span><span style=\"color:#d08770;\">true</span><span style=\"color:#c0c5ce;\">) {\n</span><span style=\"color:#c0c5ce;\">            </span><span style=\"color:#b48ead;\">for </span><span style=\"color:#c0c5ce;\">(</span><span style=\"color:#b48ead;\">int</span><span style=\"color:#c0c5ce;\"> i = </span><span style=\"color:#d08770;\">0</span><span style=\"color:#c0c5ce;\">; i &lt; n; i++) {\n</span><span style=\"color:#c0c5ce;\">                N[i].</span><span style=\"color:#bf616a;\">dist </span><span style=\"color:#c0c5ce;\">= INT_MAX;\n</span><span style=\"color:#c0c5ce;\">                N[i].</span><span style=\"color:#bf616a;\">flow </span><span style=\"color:#c0c5ce;\">= </span><span style=\"color:#d08770;\">0</span><span style=\"color:#c0c5ce;\">;\n</span><span style=\"color:#c0c5ce;\">                N[i].</span><span style=\"color:#bf616a;\">pre </span><span style=\"color:#c0c5ce;\">= </span><span style=\"color:#d08770;\">NULL</span><span style=\"color:#c0c5ce;\">;\n</span><span style=\"color:#c0c5ce;\">            }\n</span><span style=\"color:#c0c5ce;\">\n</span><span style=\"color:#c0c5ce;\">            std::queue&lt;Node *&gt; q;\n</span><span style=\"color:#c0c5ce;\">            q.</span><span style=\"color:#8fa1b3;\">push</span><span style=\"color:#c0c5ce;\">(&amp;N[s]);\n</span><span style=\"color:#c0c5ce;\">            N[s].</span><span style=\"color:#bf616a;\">dist </span><span style=\"color:#c0c5ce;\">= </span><span style=\"color:#d08770;\">0</span><span style=\"color:#c0c5ce;\">;\n</span><span style=\"color:#c0c5ce;\">            N[s].</span><span style=\"color:#bf616a;\">flow </span><span style=\"color:#c0c5ce;\">= INT_MAX;\n</span><span style=\"color:#c0c5ce;\">            </span><span style=\"color:#b48ead;\">while </span><span style=\"color:#c0c5ce;\">(!q.</span><span style=\"color:#8fa1b3;\">empty</span><span style=\"color:#c0c5ce;\">()) {\n</span><span style=\"color:#c0c5ce;\">                Node *u = q.</span><span style=\"color:#8fa1b3;\">front</span><span style=\"color:#c0c5ce;\">();\n</span><span style=\"color:#c0c5ce;\">                q.</span><span style=\"color:#8fa1b3;\">pop</span><span style=\"color:#c0c5ce;\">();\n</span><span style=\"color:#c0c5ce;\">\n</span><span style=\"color:#c0c5ce;\">                </span><span style=\"color:#b48ead;\">for </span><span style=\"color:#c0c5ce;\">(Edge *e = &amp;u-&gt;</span><span style=\"color:#bf616a;\">e</span><span style=\"color:#c0c5ce;\">.</span><span style=\"color:#8fa1b3;\">front</span><span style=\"color:#c0c5ce;\">(); e &lt;= &amp;u-&gt;</span><span style=\"color:#bf616a;\">e</span><span style=\"color:#c0c5ce;\">.</span><span style=\"color:#8fa1b3;\">back</span><span style=\"color:#c0c5ce;\">(); e++) {\n</span><span style=\"color:#c0c5ce;\">                    </span><span style=\"color:#b48ead;\">if </span><span style=\"color:#c0c5ce;\">(e-&gt;</span><span style=\"color:#bf616a;\">cap </span><span style=\"color:#c0c5ce;\">&gt; e-&gt;</span><span style=\"color:#bf616a;\">flow </span><span style=\"color:#c0c5ce;\">&amp;&amp; e-&gt;</span><span style=\"color:#bf616a;\">v</span><span style=\"color:#c0c5ce;\">-&gt;</span><span style=\"color:#bf616a;\">dist </span><span style=\"color:#c0c5ce;\">&gt; u-&gt;</span><span style=\"color:#bf616a;\">dist </span><span style=\"color:#c0c5ce;\">+ e-&gt;</span><span style=\"color:#bf616a;\">cost</span><span style=\"color:#c0c5ce;\">) {\n</span><span style=\"color:#c0c5ce;\">                        e-&gt;</span><span style=\"color:#bf616a;\">v</span><span style=\"color:#c0c5ce;\">-&gt;</span><span style=\"color:#bf616a;\">dist </span><span style=\"color:#c0c5ce;\">= u-&gt;</span><span style=\"color:#bf616a;\">dist </span><span style=\"color:#c0c5ce;\">+ e-&gt;</span><span style=\"color:#bf616a;\">cost</span><span style=\"color:#c0c5ce;\">;\n</span><span style=\"color:#c0c5ce;\">                        e-&gt;</span><span style=\"color:#bf616a;\">v</span><span style=\"color:#c0c5ce;\">-&gt;</span><span style=\"color:#bf616a;\">flow </span><span style=\"color:#c0c5ce;\">= </span><span style=\"color:#8fa1b3;\">std::min</span><span style=\"color:#c0c5ce;\">(u-&gt;</span><span style=\"color:#bf616a;\">flow</span><span style=\"color:#c0c5ce;\">, e-&gt;</span><span style=\"color:#bf616a;\">cap </span><span style=\"color:#c0c5ce;\">- e-&gt;</span><span style=\"color:#bf616a;\">flow</span><span style=\"color:#c0c5ce;\">);\n</span><span style=\"color:#c0c5ce;\">                        e-&gt;</span><span style=\"color:#bf616a;\">v</span><span style=\"color:#c0c5ce;\">-&gt;</span><span style=\"color:#bf616a;\">pre </span><span style=\"color:#c0c5ce;\">= e;\n</span><span style=\"color:#c0c5ce;\">                        q.</span><span style=\"color:#8fa1b3;\">push</span><span style=\"color:#c0c5ce;\">(e-&gt;</span><span style=\"color:#bf616a;\">v</span><span style=\"color:#c0c5ce;\">);\n</span><span style=\"color:#c0c5ce;\">                    }\n</span><span style=\"color:#c0c5ce;\">                }\n</span><span style=\"color:#c0c5ce;\">            }\n</span><span style=\"color:#c0c5ce;\">\n</span><span style=\"color:#c0c5ce;\">            </span><span style=\"color:#65737e;\">// if (N[t].dist == INT_MAX) break;\n</span><span style=\"color:#c0c5ce;\">            </span><span style=\"color:#b48ead;\">if </span><span style=\"color:#c0c5ce;\">(N[t].</span><span style=\"color:#bf616a;\">dist </span><span style=\"color:#c0c5ce;\">&gt; </span><span style=\"color:#d08770;\">0</span><span style=\"color:#c0c5ce;\">) </span><span style=\"color:#b48ead;\">break</span><span style=\"color:#c0c5ce;\">;\n</span><span style=\"color:#c0c5ce;\">\n</span><span style=\"color:#c0c5ce;\">            </span><span style=\"color:#b48ead;\">for </span><span style=\"color:#c0c5ce;\">(Edge *e = N[t].</span><span style=\"color:#bf616a;\">pre</span><span style=\"color:#c0c5ce;\">; e; e = e-&gt;</span><span style=\"color:#bf616a;\">u</span><span style=\"color:#c0c5ce;\">-&gt;</span><span style=\"color:#bf616a;\">pre</span><span style=\"color:#c0c5ce;\">) {\n</span><span style=\"color:#c0c5ce;\">                e-&gt;</span><span style=\"color:#bf616a;\">flow </span><span style=\"color:#c0c5ce;\">+= N[t].</span><span style=\"color:#bf616a;\">flow</span><span style=\"color:#c0c5ce;\">;\n</span><span style=\"color:#c0c5ce;\">                e-&gt;</span><span style=\"color:#bf616a;\">v</span><span style=\"color:#c0c5ce;\">-&gt;</span><span style=\"color:#bf616a;\">e</span><span style=\"color:#c0c5ce;\">[e-&gt;</span><span style=\"color:#bf616a;\">rev</span><span style=\"color:#c0c5ce;\">].</span><span style=\"color:#bf616a;\">flow </span><span style=\"color:#c0c5ce;\">-= N[t].</span><span style=\"color:#bf616a;\">flow</span><span style=\"color:#c0c5ce;\">;\n</span><span style=\"color:#c0c5ce;\">            }\n</span><span style=\"color:#c0c5ce;\">\n</span><span style=\"color:#c0c5ce;\">            flow += N[t].</span><span style=\"color:#bf616a;\">flow</span><span style=\"color:#c0c5ce;\">;\n</span><span style=\"color:#c0c5ce;\">            cost += N[t].</span><span style=\"color:#bf616a;\">dist </span><span style=\"color:#c0c5ce;\">* N[t].</span><span style=\"color:#bf616a;\">flow</span><span style=\"color:#c0c5ce;\">;\n</span><span style=\"color:#c0c5ce;\">        }\n</span><span style=\"color:#c0c5ce;\">    }\n</span><span style=\"color:#c0c5ce;\">}\n</span><span style=\"color:#c0c5ce;\">\n</span><span style=\"color:#b48ead;\">void </span><span style=\"color:#8fa1b3;\">init</span><span style=\"color:#c0c5ce;\">(</span><span style=\"color:#b48ead;\">int </span><span style=\"color:#bf616a;\">n</span><span style=\"color:#c0c5ce;\">) {\n</span><span style=\"color:#c0c5ce;\">    </span><span style=\"color:#b48ead;\">for </span><span style=\"color:#c0c5ce;\">(</span><span style=\"color:#b48ead;\">int</span><span style=\"color:#c0c5ce;\"> i = </span><span style=\"color:#d08770;\">0</span><span style=\"color:#c0c5ce;\">; i &lt; n; i++) {\n</span><span style=\"color:#c0c5ce;\">        N[i].</span><span style=\"color:#bf616a;\">e</span><span style=\"color:#c0c5ce;\">.</span><span style=\"color:#8fa1b3;\">clear</span><span style=\"color:#c0c5ce;\">();\n</span><span style=\"color:#c0c5ce;\">    }\n</span><span style=\"color:#c0c5ce;\">}\n</span><span style=\"color:#c0c5ce;\">\n</span><span style=\"color:#b48ead;\">int </span><span style=\"color:#8fa1b3;\">main</span><span style=\"color:#c0c5ce;\">() {\n</span><span style=\"color:#c0c5ce;\">    </span><span style=\"color:#b48ead;\">int</span><span style=\"color:#c0c5ce;\"> n, m;\n</span><span style=\"color:#c0c5ce;\">    </span><span style=\"color:#b48ead;\">while </span><span style=\"color:#c0c5ce;\">(</span><span style=\"color:#96b5b4;\">scanf</span><span style=\"color:#c0c5ce;\">(&quot;</span><span style=\"color:#d08770;\">%d %d</span><span style=\"color:#c0c5ce;\">&quot;, &amp;n, &amp;m) == </span><span style=\"color:#d08770;\">2</span><span style=\"color:#c0c5ce;\">) {\n</span><span style=\"color:#c0c5ce;\">        </span><span style=\"color:#8fa1b3;\">init</span><span style=\"color:#c0c5ce;\">(n + </span><span style=\"color:#d08770;\">2</span><span style=\"color:#c0c5ce;\">);\n</span><span style=\"color:#c0c5ce;\">        </span><span style=\"color:#b48ead;\">const int</span><span style=\"color:#c0c5ce;\"> s = </span><span style=\"color:#d08770;\">0</span><span style=\"color:#c0c5ce;\">, t = n + </span><span style=\"color:#d08770;\">1</span><span style=\"color:#c0c5ce;\">;\n</span><span style=\"color:#c0c5ce;\">\n</span><span style=\"color:#c0c5ce;\">        </span><span style=\"color:#b48ead;\">for </span><span style=\"color:#c0c5ce;\">(</span><span style=\"color:#b48ead;\">int</span><span style=\"color:#c0c5ce;\"> i = </span><span style=\"color:#d08770;\">1</span><span style=\"color:#c0c5ce;\">, a, b, c, d; i &lt;= n; i++) {\n</span><span style=\"color:#c0c5ce;\">            </span><span style=\"color:#96b5b4;\">scanf</span><span style=\"color:#c0c5ce;\">(&quot;</span><span style=\"color:#d08770;\">%d %d %d %d</span><span style=\"color:#c0c5ce;\">&quot;, &amp;a, &amp;b, &amp;c, &amp;d);\n</span><span style=\"color:#c0c5ce;\">            </span><span style=\"color:#8fa1b3;\">addEdge</span><span style=\"color:#c0c5ce;\">(s, i, b, a);\n</span><span style=\"color:#c0c5ce;\">            </span><span style=\"color:#8fa1b3;\">addEdge</span><span style=\"color:#c0c5ce;\">(i, t, d, -c);\n</span><span style=\"color:#c0c5ce;\">        }\n</span><span style=\"color:#c0c5ce;\">\n</span><span style=\"color:#c0c5ce;\">        </span><span style=\"color:#b48ead;\">for </span><span style=\"color:#c0c5ce;\">(</span><span style=\"color:#b48ead;\">int</span><span style=\"color:#c0c5ce;\"> i = </span><span style=\"color:#d08770;\">0</span><span style=\"color:#c0c5ce;\">, u, v, w; i &lt; m; i++) {\n</span><span style=\"color:#c0c5ce;\">            </span><span style=\"color:#96b5b4;\">scanf</span><span style=\"color:#c0c5ce;\">(&quot;</span><span style=\"color:#d08770;\">%d %d %d</span><span style=\"color:#c0c5ce;\">&quot;, &amp;u, &amp;v, &amp;w);\n</span><span style=\"color:#c0c5ce;\">            </span><span style=\"color:#8fa1b3;\">addEdge</span><span style=\"color:#c0c5ce;\">(u, v, INT_MAX, w);\n</span><span style=\"color:#c0c5ce;\">            </span><span style=\"color:#8fa1b3;\">addEdge</span><span style=\"color:#c0c5ce;\">(v, u, INT_MAX, w);\n</span><span style=\"color:#c0c5ce;\">        }\n</span><span style=\"color:#c0c5ce;\">\n</span><span style=\"color:#c0c5ce;\">        </span><span style=\"color:#b48ead;\">int</span><span style=\"color:#c0c5ce;\"> flow, cost;\n</span><span style=\"color:#c0c5ce;\">        </span><span style=\"color:#8fa1b3;\">EdmondsKarp::solve</span><span style=\"color:#c0c5ce;\">(s, t, n + </span><span style=\"color:#d08770;\">2</span><span style=\"color:#c0c5ce;\">, flow, cost);\n</span><span style=\"color:#c0c5ce;\">        </span><span style=\"color:#96b5b4;\">printf</span><span style=\"color:#c0c5ce;\">(&quot;</span><span style=\"color:#d08770;\">%d</span><span style=\"color:#96b5b4;\">\\n</span><span style=\"color:#c0c5ce;\">&quot;, -cost);\n</span><span style=\"color:#c0c5ce;\">    }\n</span><span style=\"color:#c0c5ce;\">\n</span><span style=\"color:#c0c5ce;\">    </span><span style=\"color:#b48ead;\">return </span><span style=\"color:#d08770;\">0</span><span style=\"color:#c0c5ce;\">;\n</span><span style=\"color:#c0c5ce;\">}\n</span>\n</code></pre>\n"}