{"title":"Markdown学习笔记","tags":["学习笔记","Markdown"],"create_time":1490805113,"last_modified":1503590743,"toc":"<ol><li><a href=\"#基本语法\">基本语法</a></li><ol><li><a href=\"#标题\">标题</a></li><li><a href=\"#换行\">换行</a></li><li><a href=\"#强调\">强调</a></li><li><a href=\"#引用\">引用</a></li><li><a href=\"#列表\">列表</a></li><li><a href=\"#代码块与代码\">代码块与代码</a></li><li><a href=\"#分割线\">分割线</a></li><li><a href=\"#链接\">链接</a></li><li><a href=\"#图片\">图片</a></li><li><a href=\"#表格\">表格</a></li><li><a href=\"#反斜线\">反斜线</a></li></ol><li><a href=\"#latexlatexlatex公式\"><span class=\"katex\"><span class=\"katex-mathml\"><math xmlns=\"http://www.w3.org/1998/Math/MathML\"><semantics><mrow><mtext>LaTeX</mtext></mrow><annotation encoding=\"application/x-tex\">\\LaTeX</annotation></semantics></math></span><span class=\"katex-html\" aria-hidden=\"true\"><span class=\"base\"><span class=\"strut\" style=\"height:0.8988em;vertical-align:-0.2155em;\"></span><span class=\"mord text\"><span class=\"mord textrm\">L</span><span class=\"mspace\" style=\"margin-right:-0.36em;\"></span><span class=\"vlist-t\"><span class=\"vlist-r\"><span class=\"vlist\" style=\"height:0.6833em;\"><span style=\"top:-2.905em;\"><span class=\"pstrut\" style=\"height:2.7em;\"></span><span class=\"mord\"><span class=\"mord textrm mtight sizing reset-size6 size3\">A</span></span></span></span></span></span><span class=\"mspace\" style=\"margin-right:-0.15em;\"></span><span class=\"mord text\"><span class=\"mord textrm\">T</span><span class=\"mspace\" style=\"margin-right:-0.1667em;\"></span><span class=\"vlist-t vlist-t2\"><span class=\"vlist-r\"><span class=\"vlist\" style=\"height:0.4678em;\"><span style=\"top:-2.7845em;\"><span class=\"pstrut\" style=\"height:3em;\"></span><span class=\"mord\"><span class=\"mord textrm\">E</span></span></span></span><span class=\"vlist-s\">​</span></span><span class=\"vlist-r\"><span class=\"vlist\" style=\"height:0.2155em;\"><span></span></span></span></span><span class=\"mspace\" style=\"margin-right:-0.125em;\"></span><span class=\"mord textrm\">X</span></span></span></span></span></span>公式</a></li><ol><li><a href=\"#latexlatexlatex公式的部分语法\"><span class=\"katex\"><span class=\"katex-mathml\"><math xmlns=\"http://www.w3.org/1998/Math/MathML\"><semantics><mrow><mtext>LaTeX</mtext></mrow><annotation encoding=\"application/x-tex\">\\LaTeX</annotation></semantics></math></span><span class=\"katex-html\" aria-hidden=\"true\"><span class=\"base\"><span class=\"strut\" style=\"height:0.8988em;vertical-align:-0.2155em;\"></span><span class=\"mord text\"><span class=\"mord textrm\">L</span><span class=\"mspace\" style=\"margin-right:-0.36em;\"></span><span class=\"vlist-t\"><span class=\"vlist-r\"><span class=\"vlist\" style=\"height:0.6833em;\"><span style=\"top:-2.905em;\"><span class=\"pstrut\" style=\"height:2.7em;\"></span><span class=\"mord\"><span class=\"mord textrm mtight sizing reset-size6 size3\">A</span></span></span></span></span></span><span class=\"mspace\" style=\"margin-right:-0.15em;\"></span><span class=\"mord text\"><span class=\"mord textrm\">T</span><span class=\"mspace\" style=\"margin-right:-0.1667em;\"></span><span class=\"vlist-t vlist-t2\"><span class=\"vlist-r\"><span class=\"vlist\" style=\"height:0.4678em;\"><span style=\"top:-2.7845em;\"><span class=\"pstrut\" style=\"height:3em;\"></span><span class=\"mord\"><span class=\"mord textrm\">E</span></span></span></span><span class=\"vlist-s\">​</span></span><span class=\"vlist-r\"><span class=\"vlist\" style=\"height:0.2155em;\"><span></span></span></span></span><span class=\"mspace\" style=\"margin-right:-0.125em;\"></span><span class=\"mord textrm\">X</span></span></span></span></span></span>公式的部分语法</a></li><ol><li><a href=\"#latexlatexlatex本身的符号\"><span class=\"katex\"><span class=\"katex-mathml\"><math xmlns=\"http://www.w3.org/1998/Math/MathML\"><semantics><mrow><mtext>LaTeX</mtext></mrow><annotation encoding=\"application/x-tex\">\\LaTeX</annotation></semantics></math></span><span class=\"katex-html\" aria-hidden=\"true\"><span class=\"base\"><span class=\"strut\" style=\"height:0.8988em;vertical-align:-0.2155em;\"></span><span class=\"mord text\"><span class=\"mord textrm\">L</span><span class=\"mspace\" style=\"margin-right:-0.36em;\"></span><span class=\"vlist-t\"><span class=\"vlist-r\"><span class=\"vlist\" style=\"height:0.6833em;\"><span style=\"top:-2.905em;\"><span class=\"pstrut\" style=\"height:2.7em;\"></span><span class=\"mord\"><span class=\"mord textrm mtight sizing reset-size6 size3\">A</span></span></span></span></span></span><span class=\"mspace\" style=\"margin-right:-0.15em;\"></span><span class=\"mord text\"><span class=\"mord textrm\">T</span><span class=\"mspace\" style=\"margin-right:-0.1667em;\"></span><span class=\"vlist-t vlist-t2\"><span class=\"vlist-r\"><span class=\"vlist\" style=\"height:0.4678em;\"><span style=\"top:-2.7845em;\"><span class=\"pstrut\" style=\"height:3em;\"></span><span class=\"mord\"><span class=\"mord textrm\">E</span></span></span></span><span class=\"vlist-s\">​</span></span><span class=\"vlist-r\"><span class=\"vlist\" style=\"height:0.2155em;\"><span></span></span></span></span><span class=\"mspace\" style=\"margin-right:-0.125em;\"></span><span class=\"mord textrm\">X</span></span></span></span></span></span>本身的符号：</a></li><li><a href=\"#希腊字母\">希腊字母</a></li><li><a href=\"#分数\">分数</a></li><li><a href=\"#乘号与除号\">乘号与除号</a></li><li><a href=\"#上下标\">上下标</a></li><li><a href=\"#求和与连乘\">求和与连乘</a></li><li><a href=\"#根号\">根号</a></li><li><a href=\"#关系符号\">关系符号</a></li><li><a href=\"#省略号\">省略号</a></li><li><a href=\"#排列与组合\">排列与组合</a></li><li><a href=\"#同余\">同余</a></li>","html":"<h2><a href=\"#基本语法\" aria-hidden=\"true\" class=\"anchor\" id=\"基本语法\"></a>基本语法</h2>\n<h3><a href=\"#标题\" aria-hidden=\"true\" class=\"anchor\" id=\"标题\"></a>标题</h3>\n<p>Markdown支持两种标题的语法，类Setext和类Atx形式。</p>\n<p>类Setext采用底线形式，具体地说，是用一行若干个<code>=</code>表示一级标题，若干个<code>-</code>表示次级标题。</p>\n<pre style=\"background-color:#2b303b;\"><code class=\"language-markdown\">\n<span style=\"color:#c0c5ce;\">一级标题\n</span><span style=\"color:#8fa1b3;\">=======\n</span><span style=\"color:#c0c5ce;\">次级标题\n</span><span style=\"color:#8fa1b3;\">-------\n</span>\n</code></pre>\n<p>类Atx形式是在标题前加入一到六个<code>#</code>表示一到六级标题。这也是本人采用的方法。</p>\n<pre style=\"background-color:#2b303b;\"><code class=\"language-markdown\">\n<span style=\"color:#8fa1b3;\"># 一级标题\n</span><span style=\"color:#8fa1b3;\">## 二级标题\n</span><span style=\"color:#8fa1b3;\">### 三级标题\n</span><span style=\"color:#8fa1b3;\">#### 四级标题\n</span><span style=\"color:#8fa1b3;\">##### 五级标题\n</span><span style=\"color:#8fa1b3;\">###### 六级标题\n</span>\n</code></pre>\n<!-- more -->\n<p>以下几种类Atx形式表示的标题亦可：</p>\n<pre style=\"background-color:#2b303b;\"><code class=\"language-markdown\">\n<span style=\"color:#8fa1b3;\"># 标题文本 #\n</span><span style=\"color:#8fa1b3;\">## 标题文本 #\n</span><span style=\"color:#8fa1b3;\">###标题文本\n</span><span style=\"color:#8fa1b3;\">#### 标题文本 ######\n</span>\n</code></pre>\n<h3><a href=\"#换行\" aria-hidden=\"true\" class=\"anchor\" id=\"换行\"></a>换行</h3>\n<p>在需要插入空行的地方输入多于两个空格后回车会被认为是一个空行。</p>\n<h3><a href=\"#强调\" aria-hidden=\"true\" class=\"anchor\" id=\"强调\"></a>强调</h3>\n<p>强调有 <strong>粗体</strong>、<em>斜体</em> 两种。</p>\n<p>粗体的语法为，使用<code>**</code>或<code>__</code>包围要加粗的文字。</p>\n<p>斜体则只需用每侧使用一个符号。</p>\n<p><strong>注意：在强调时，符号两侧不得同时有空白</strong></p>\n<p>如果要书写普通的*或_，使用<code>\\</code>即可。</p>\n<h3><a href=\"#引用\" aria-hidden=\"true\" class=\"anchor\" id=\"引用\"></a>引用</h3>\n<p>引用的样式看起来是这个样子的：</p>\n<blockquote>\n<p>引用文本</p>\n</blockquote>\n<p>其语法为：</p>\n<pre style=\"background-color:#2b303b;\"><code class=\"language-markdown\">\n<span style=\"color:#d08770;\">&gt; 引用文本\n</span>\n</code></pre>\n<p>如果要使用多行引用，在第一行的行首插入<code>&gt;</code>即可；在每一行的行首插入<code>&gt;</code>亦可。</p>\n<p>引用内可以使用Markdown语法。因此，引用可以嵌套。</p>\n<h3><a href=\"#列表\" aria-hidden=\"true\" class=\"anchor\" id=\"列表\"></a>列表</h3>\n<p>无序列表的语法是在列表项目前加入一个<code>*</code>、<code>+</code>或<code>-</code>。</p>\n<pre style=\"background-color:#2b303b;\"><code class=\"language-markdown\">\n<span style=\"color:#bf616a;\">* 列表项目\n</span><span style=\"color:#bf616a;\">\n</span><span style=\"color:#bf616a;\">+ 列表项目\n</span><span style=\"color:#bf616a;\">\n</span><span style=\"color:#bf616a;\">- 列表项目\n</span>\n</code></pre>\n<p>有序列表使用一个数字加一个英文句点。</p>\n<pre style=\"background-color:#2b303b;\"><code class=\"language-markdown\">\n<span style=\"color:#bf616a;\">1. 项目1 \n</span><span style=\"color:#bf616a;\">2. 项目2\n</span><span style=\"color:#bf616a;\">3. 项目3\n</span>\n</code></pre>\n<p>不过，你输入的数字并不会影响显示的数字，一下两种写法的显示结果与上面的写法相同：</p>\n<pre style=\"background-color:#2b303b;\"><code class=\"language-markdown\">\n<span style=\"color:#bf616a;\">1. 项目1\n</span><span style=\"color:#bf616a;\">1. 项目2\n</span><span style=\"color:#bf616a;\">1. 项目3\n</span><span style=\"color:#bf616a;\">\n</span><span style=\"color:#bf616a;\">3. 项目1\n</span><span style=\"color:#bf616a;\">1. 项目2\n</span><span style=\"color:#bf616a;\">9. 项目3\n</span>\n</code></pre>\n<p>不过建议以正常的”1、2、3……“的顺序书写有序列表。</p>\n<p>有时，我们写的文本会被误认为是有序列表，此时可以在点号前加入<code>\\</code>。</p>\n<p>如果在项目中加入引用，应当缩进一次，代码块则是两次。</p>\n<h3><a href=\"#代码块与代码\" aria-hidden=\"true\" class=\"anchor\" id=\"代码块与代码\"></a>代码块与代码</h3>\n<p>插入代码块有两种语法。一是在每一行代码前缩进一次，二是用三个反引号包围。</p>\n<p>（本人使用的Markdown编辑器Typora并不支持第一种语法的样子T_T）</p>\n<p>如果采用Typora编辑Markdown，则可以使用以下语法：</p>\n<pre style=\"background-color:#2b303b;\"><code class=\"language-markdown\">\n<span style=\"color:#c0c5ce;\">​</span><span style=\"color:#a3be8c;\">```语言名\n</span>\n</code></pre>\n<p>若是在文本内容中需要插入简单的一句代码，用`` `包围即可，这样产生的区段叫代码区段。</p>\n<p>如果要在代码区段中插入反引号，则使用多个反引号进行包围。</p>\n<p>（由于本段在po上博客时格式挂了许多次，所以本段用文字“反引号”而非符号本身表示符号）</p>\n<h3><a href=\"#分割线\" aria-hidden=\"true\" class=\"anchor\" id=\"分割线\"></a>分割线</h3>\n<p>用一行三个及以上的<code>*</code>、<code>-</code>或<code>_</code>表示一条分割线。符号间不得有除空格以外的内容。</p>\n<h3><a href=\"#链接\" aria-hidden=\"true\" class=\"anchor\" id=\"链接\"></a>链接</h3>\n<p>使用<code>[显示的文本](链接网址 &quot;链接的标题&quot;)</code>可以书写带有链接的文字，这种语法被称作行内式。</p>\n<p>另有一种语法为参考式：</p>\n<pre style=\"background-color:#2b303b;\"><code class=\"language-markdown\">\n<span style=\"color:#d08770;\">[显示的文本][链接标签]\n</span><span style=\"color:#c0c5ce;\">\n</span><span style=\"color:#d08770;\">[链接标签]: 链接网址 </span><span style=\"color:#c0c5ce;\">&quot;</span><span style=\"color:#bf616a;\">链接的标题</span><span style=\"color:#c0c5ce;\">&quot;\n</span>\n</code></pre>\n<p>链接标签可以包含字母、数字、空格、标点符号。</p>\n<p><strong>注意：链接标签并不大小写敏感。</strong></p>\n<p>使用参考式语法时，链接的标题除了用<code>&quot;</code>包围外，还可以使用<code>'</code>或括号包围。</p>\n<h3><a href=\"#图片\" aria-hidden=\"true\" class=\"anchor\" id=\"图片\"></a>图片</h3>\n<p>采用与链接几乎相同的语法，只不过在链接的语法前加入了一个<code>!</code>。</p>\n<p><strong>Markdown并不支持指定图片的长和高。</strong></p>\n<h3><a href=\"#表格\" aria-hidden=\"true\" class=\"anchor\" id=\"表格\"></a>表格</h3>\n<p>表格的语法……举个栗子：</p>\n<pre style=\"background-color:#2b303b;\"><code class=\"language-markdown\">\n<span style=\"color:#c0c5ce;\">|A|B|C|\n</span><span style=\"color:#c0c5ce;\">|:---|:--:|---:|\n</span><span style=\"color:#c0c5ce;\">|aaa|bbb|ccc|\n</span>\n</code></pre>\n<p>显示结果为：</p>\n<table>\n<thead>\n<tr>\n<th align=\"left\">A</th>\n<th align=\"center\">B</th>\n<th align=\"right\">C</th>\n</tr>\n</thead>\n<tbody>\n<tr>\n<td align=\"left\">aaa</td>\n<td align=\"center\">bbb</td>\n<td align=\"right\">ccc</td>\n</tr>\n</tbody>\n</table>\n<p>其中<code>:---</code>、<code>:--:</code>、<code>---:</code>表示对齐方式。</p>\n<h3><a href=\"#反斜线\" aria-hidden=\"true\" class=\"anchor\" id=\"反斜线\"></a>反斜线</h3>\n<p>当需要普通地书写一些具有特殊含义的符号时，在符号前插入<code>\\</code>进行转意。</p>\n<hr />\n<h2><a href=\"#latexlatexlatex公式\" aria-hidden=\"true\" class=\"anchor\" id=\"latexlatexlatex公式\"></a><span class=\"katex\"><span class=\"katex-mathml\"><math xmlns=\"http://www.w3.org/1998/Math/MathML\"><semantics><mrow><mtext>LaTeX</mtext></mrow><annotation encoding=\"application/x-tex\">\\LaTeX</annotation></semantics></math></span><span class=\"katex-html\" aria-hidden=\"true\"><span class=\"base\"><span class=\"strut\" style=\"height:0.8988em;vertical-align:-0.2155em;\"></span><span class=\"mord text\"><span class=\"mord textrm\">L</span><span class=\"mspace\" style=\"margin-right:-0.36em;\"></span><span class=\"vlist-t\"><span class=\"vlist-r\"><span class=\"vlist\" style=\"height:0.6833em;\"><span style=\"top:-2.905em;\"><span class=\"pstrut\" style=\"height:2.7em;\"></span><span class=\"mord\"><span class=\"mord textrm mtight sizing reset-size6 size3\">A</span></span></span></span></span></span><span class=\"mspace\" style=\"margin-right:-0.15em;\"></span><span class=\"mord text\"><span class=\"mord textrm\">T</span><span class=\"mspace\" style=\"margin-right:-0.1667em;\"></span><span class=\"vlist-t vlist-t2\"><span class=\"vlist-r\"><span class=\"vlist\" style=\"height:0.4678em;\"><span style=\"top:-2.7845em;\"><span class=\"pstrut\" style=\"height:3em;\"></span><span class=\"mord\"><span class=\"mord textrm\">E</span></span></span></span><span class=\"vlist-s\">​</span></span><span class=\"vlist-r\"><span class=\"vlist\" style=\"height:0.2155em;\"><span></span></span></span></span><span class=\"mspace\" style=\"margin-right:-0.125em;\"></span><span class=\"mord textrm\">X</span></span></span></span></span></span>公式</h2>\n<p>在行内添加公式用<code>$</code>包围（或者使用<code>\\(LaTeX内容\\)</code>），公式单独占一行则用<code>$$</code>包围（或者使用<code>\\[LaTeX内容\\]</code>）。</p>\n<h3><a href=\"#latexlatexlatex公式的部分语法\" aria-hidden=\"true\" class=\"anchor\" id=\"latexlatexlatex公式的部分语法\"></a><span class=\"katex\"><span class=\"katex-mathml\"><math xmlns=\"http://www.w3.org/1998/Math/MathML\"><semantics><mrow><mtext>LaTeX</mtext></mrow><annotation encoding=\"application/x-tex\">\\LaTeX</annotation></semantics></math></span><span class=\"katex-html\" aria-hidden=\"true\"><span class=\"base\"><span class=\"strut\" style=\"height:0.8988em;vertical-align:-0.2155em;\"></span><span class=\"mord text\"><span class=\"mord textrm\">L</span><span class=\"mspace\" style=\"margin-right:-0.36em;\"></span><span class=\"vlist-t\"><span class=\"vlist-r\"><span class=\"vlist\" style=\"height:0.6833em;\"><span style=\"top:-2.905em;\"><span class=\"pstrut\" style=\"height:2.7em;\"></span><span class=\"mord\"><span class=\"mord textrm mtight sizing reset-size6 size3\">A</span></span></span></span></span></span><span class=\"mspace\" style=\"margin-right:-0.15em;\"></span><span class=\"mord text\"><span class=\"mord textrm\">T</span><span class=\"mspace\" style=\"margin-right:-0.1667em;\"></span><span class=\"vlist-t vlist-t2\"><span class=\"vlist-r\"><span class=\"vlist\" style=\"height:0.4678em;\"><span style=\"top:-2.7845em;\"><span class=\"pstrut\" style=\"height:3em;\"></span><span class=\"mord\"><span class=\"mord textrm\">E</span></span></span></span><span class=\"vlist-s\">​</span></span><span class=\"vlist-r\"><span class=\"vlist\" style=\"height:0.2155em;\"><span></span></span></span></span><span class=\"mspace\" style=\"margin-right:-0.125em;\"></span><span class=\"mord textrm\">X</span></span></span></span></span></span>公式的部分语法</h3>\n<h4><a href=\"#latexlatexlatex本身的符号\" aria-hidden=\"true\" class=\"anchor\" id=\"latexlatexlatex本身的符号\"></a><span class=\"katex\"><span class=\"katex-mathml\"><math xmlns=\"http://www.w3.org/1998/Math/MathML\"><semantics><mrow><mtext>LaTeX</mtext></mrow><annotation encoding=\"application/x-tex\">\\LaTeX</annotation></semantics></math></span><span class=\"katex-html\" aria-hidden=\"true\"><span class=\"base\"><span class=\"strut\" style=\"height:0.8988em;vertical-align:-0.2155em;\"></span><span class=\"mord text\"><span class=\"mord textrm\">L</span><span class=\"mspace\" style=\"margin-right:-0.36em;\"></span><span class=\"vlist-t\"><span class=\"vlist-r\"><span class=\"vlist\" style=\"height:0.6833em;\"><span style=\"top:-2.905em;\"><span class=\"pstrut\" style=\"height:2.7em;\"></span><span class=\"mord\"><span class=\"mord textrm mtight sizing reset-size6 size3\">A</span></span></span></span></span></span><span class=\"mspace\" style=\"margin-right:-0.15em;\"></span><span class=\"mord text\"><span class=\"mord textrm\">T</span><span class=\"mspace\" style=\"margin-right:-0.1667em;\"></span><span class=\"vlist-t vlist-t2\"><span class=\"vlist-r\"><span class=\"vlist\" style=\"height:0.4678em;\"><span style=\"top:-2.7845em;\"><span class=\"pstrut\" style=\"height:3em;\"></span><span class=\"mord\"><span class=\"mord textrm\">E</span></span></span></span><span class=\"vlist-s\">​</span></span><span class=\"vlist-r\"><span class=\"vlist\" style=\"height:0.2155em;\"><span></span></span></span></span><span class=\"mspace\" style=\"margin-right:-0.125em;\"></span><span class=\"mord textrm\">X</span></span></span></span></span></span>本身的符号：</h4>\n<pre style=\"background-color:#2b303b;\"><code class=\"language-LaTeX\">\n<span style=\"color:#96b5b4;\">\\LaTeX\n</span>\n</code></pre>\n<h4><a href=\"#希腊字母\" aria-hidden=\"true\" class=\"anchor\" id=\"希腊字母\"></a>希腊字母</h4>\n<p>小写希腊字母：\\ + 希腊字母的英文（小写），比如<span class=\"katex\"><span class=\"katex-mathml\"><math xmlns=\"http://www.w3.org/1998/Math/MathML\"><semantics><mrow><mi>α</mi></mrow><annotation encoding=\"application/x-tex\">\\alpha</annotation></semantics></math></span><span class=\"katex-html\" aria-hidden=\"true\"><span class=\"base\"><span class=\"strut\" style=\"height:0.4306em;\"></span><span class=\"mord mathnormal\" style=\"margin-right:0.0037em;\">α</span></span></span></span>为alpha。</p>\n<p>大写希腊字母：\\ + 希腊字母的英文（首字母大写）。</p>\n<p><strong>注意：并不是所有字母都能显示其对应大写字母</strong></p>\n<p>有其对应大写字母的希腊字母为：<span class=\"katex\"><span class=\"katex-mathml\"><math xmlns=\"http://www.w3.org/1998/Math/MathML\"><semantics><mrow><mi>γ</mi></mrow><annotation encoding=\"application/x-tex\">\\gamma</annotation></semantics></math></span><span class=\"katex-html\" aria-hidden=\"true\"><span class=\"base\"><span class=\"strut\" style=\"height:0.625em;vertical-align:-0.1944em;\"></span><span class=\"mord mathnormal\" style=\"margin-right:0.05556em;\">γ</span></span></span></span>—<span class=\"katex\"><span class=\"katex-mathml\"><math xmlns=\"http://www.w3.org/1998/Math/MathML\"><semantics><mrow><mi mathvariant=\"normal\">Γ</mi></mrow><annotation encoding=\"application/x-tex\">\\Gamma</annotation></semantics></math></span><span class=\"katex-html\" aria-hidden=\"true\"><span class=\"base\"><span class=\"strut\" style=\"height:0.6833em;\"></span><span class=\"mord\">Γ</span></span></span></span>（gamma）、<span class=\"katex\"><span class=\"katex-mathml\"><math xmlns=\"http://www.w3.org/1998/Math/MathML\"><semantics><mrow><mi>δ</mi></mrow><annotation encoding=\"application/x-tex\">\\delta</annotation></semantics></math></span><span class=\"katex-html\" aria-hidden=\"true\"><span class=\"base\"><span class=\"strut\" style=\"height:0.6944em;\"></span><span class=\"mord mathnormal\" style=\"margin-right:0.03785em;\">δ</span></span></span></span>—<span class=\"katex\"><span class=\"katex-mathml\"><math xmlns=\"http://www.w3.org/1998/Math/MathML\"><semantics><mrow><mi mathvariant=\"normal\">Δ</mi></mrow><annotation encoding=\"application/x-tex\">\\Delta</annotation></semantics></math></span><span class=\"katex-html\" aria-hidden=\"true\"><span class=\"base\"><span class=\"strut\" style=\"height:0.6833em;\"></span><span class=\"mord\">Δ</span></span></span></span>（delta）、<span class=\"katex\"><span class=\"katex-mathml\"><math xmlns=\"http://www.w3.org/1998/Math/MathML\"><semantics><mrow><mi>θ</mi></mrow><annotation encoding=\"application/x-tex\">\\theta</annotation></semantics></math></span><span class=\"katex-html\" aria-hidden=\"true\"><span class=\"base\"><span class=\"strut\" style=\"height:0.6944em;\"></span><span class=\"mord mathnormal\" style=\"margin-right:0.02778em;\">θ</span></span></span></span>—<span class=\"katex\"><span class=\"katex-mathml\"><math xmlns=\"http://www.w3.org/1998/Math/MathML\"><semantics><mrow><mi mathvariant=\"normal\">Θ</mi></mrow><annotation encoding=\"application/x-tex\">\\Theta</annotation></semantics></math></span><span class=\"katex-html\" aria-hidden=\"true\"><span class=\"base\"><span class=\"strut\" style=\"height:0.6833em;\"></span><span class=\"mord\">Θ</span></span></span></span>（theta）、<span class=\"katex\"><span class=\"katex-mathml\"><math xmlns=\"http://www.w3.org/1998/Math/MathML\"><semantics><mrow><mi>λ</mi></mrow><annotation encoding=\"application/x-tex\">\\lambda</annotation></semantics></math></span><span class=\"katex-html\" aria-hidden=\"true\"><span class=\"base\"><span class=\"strut\" style=\"height:0.6944em;\"></span><span class=\"mord mathnormal\">λ</span></span></span></span>—<span class=\"katex\"><span class=\"katex-mathml\"><math xmlns=\"http://www.w3.org/1998/Math/MathML\"><semantics><mrow><mi mathvariant=\"normal\">Λ</mi></mrow><annotation encoding=\"application/x-tex\">\\Lambda</annotation></semantics></math></span><span class=\"katex-html\" aria-hidden=\"true\"><span class=\"base\"><span class=\"strut\" style=\"height:0.6833em;\"></span><span class=\"mord\">Λ</span></span></span></span>（lambda）、<span class=\"katex\"><span class=\"katex-mathml\"><math xmlns=\"http://www.w3.org/1998/Math/MathML\"><semantics><mrow><mi>ξ</mi></mrow><annotation encoding=\"application/x-tex\">\\xi</annotation></semantics></math></span><span class=\"katex-html\" aria-hidden=\"true\"><span class=\"base\"><span class=\"strut\" style=\"height:0.8889em;vertical-align:-0.1944em;\"></span><span class=\"mord mathnormal\" style=\"margin-right:0.04601em;\">ξ</span></span></span></span>—<span class=\"katex\"><span class=\"katex-mathml\"><math xmlns=\"http://www.w3.org/1998/Math/MathML\"><semantics><mrow><mi mathvariant=\"normal\">Ξ</mi></mrow><annotation encoding=\"application/x-tex\">\\Xi</annotation></semantics></math></span><span class=\"katex-html\" aria-hidden=\"true\"><span class=\"base\"><span class=\"strut\" style=\"height:0.6833em;\"></span><span class=\"mord\">Ξ</span></span></span></span>（xi）、<span class=\"katex\"><span class=\"katex-mathml\"><math xmlns=\"http://www.w3.org/1998/Math/MathML\"><semantics><mrow><mi>π</mi></mrow><annotation encoding=\"application/x-tex\">\\pi</annotation></semantics></math></span><span class=\"katex-html\" aria-hidden=\"true\"><span class=\"base\"><span class=\"strut\" style=\"height:0.4306em;\"></span><span class=\"mord mathnormal\" style=\"margin-right:0.03588em;\">π</span></span></span></span>—<span class=\"katex\"><span class=\"katex-mathml\"><math xmlns=\"http://www.w3.org/1998/Math/MathML\"><semantics><mrow><mi mathvariant=\"normal\">Π</mi></mrow><annotation encoding=\"application/x-tex\">\\Pi</annotation></semantics></math></span><span class=\"katex-html\" aria-hidden=\"true\"><span class=\"base\"><span class=\"strut\" style=\"height:0.6833em;\"></span><span class=\"mord\">Π</span></span></span></span>（pi）、<span class=\"katex\"><span class=\"katex-mathml\"><math xmlns=\"http://www.w3.org/1998/Math/MathML\"><semantics><mrow><mi>σ</mi></mrow><annotation encoding=\"application/x-tex\">\\sigma</annotation></semantics></math></span><span class=\"katex-html\" aria-hidden=\"true\"><span class=\"base\"><span class=\"strut\" style=\"height:0.4306em;\"></span><span class=\"mord mathnormal\" style=\"margin-right:0.03588em;\">σ</span></span></span></span>—<span class=\"katex\"><span class=\"katex-mathml\"><math xmlns=\"http://www.w3.org/1998/Math/MathML\"><semantics><mrow><mi mathvariant=\"normal\">Σ</mi></mrow><annotation encoding=\"application/x-tex\">\\Sigma</annotation></semantics></math></span><span class=\"katex-html\" aria-hidden=\"true\"><span class=\"base\"><span class=\"strut\" style=\"height:0.6833em;\"></span><span class=\"mord\">Σ</span></span></span></span>（sigma）、<span class=\"katex\"><span class=\"katex-mathml\"><math xmlns=\"http://www.w3.org/1998/Math/MathML\"><semantics><mrow><mi>υ</mi></mrow><annotation encoding=\"application/x-tex\">\\upsilon</annotation></semantics></math></span><span class=\"katex-html\" aria-hidden=\"true\"><span class=\"base\"><span class=\"strut\" style=\"height:0.4306em;\"></span><span class=\"mord mathnormal\" style=\"margin-right:0.03588em;\">υ</span></span></span></span>—<span class=\"katex\"><span class=\"katex-mathml\"><math xmlns=\"http://www.w3.org/1998/Math/MathML\"><semantics><mrow><mi mathvariant=\"normal\">Υ</mi></mrow><annotation encoding=\"application/x-tex\">\\Upsilon</annotation></semantics></math></span><span class=\"katex-html\" aria-hidden=\"true\"><span class=\"base\"><span class=\"strut\" style=\"height:0.6833em;\"></span><span class=\"mord\">Υ</span></span></span></span>（upsilon）、<span class=\"katex\"><span class=\"katex-mathml\"><math xmlns=\"http://www.w3.org/1998/Math/MathML\"><semantics><mrow><mi>ϕ</mi></mrow><annotation encoding=\"application/x-tex\">\\phi</annotation></semantics></math></span><span class=\"katex-html\" aria-hidden=\"true\"><span class=\"base\"><span class=\"strut\" style=\"height:0.8889em;vertical-align:-0.1944em;\"></span><span class=\"mord mathnormal\">ϕ</span></span></span></span>—<span class=\"katex\"><span class=\"katex-mathml\"><math xmlns=\"http://www.w3.org/1998/Math/MathML\"><semantics><mrow><mi mathvariant=\"normal\">Φ</mi></mrow><annotation encoding=\"application/x-tex\">\\Phi</annotation></semantics></math></span><span class=\"katex-html\" aria-hidden=\"true\"><span class=\"base\"><span class=\"strut\" style=\"height:0.6833em;\"></span><span class=\"mord\">Φ</span></span></span></span>（phi）。</p>\n<p>有一些小写字母有特别的写法，在其英文前加var：</p>\n<table>\n<thead>\n<tr>\n<th align=\"center\">一般写法（不加var）</th>\n<th align=\"center\">特殊写法（加var）</th>\n<th align=\"center\">字母英文</th>\n</tr>\n</thead>\n<tbody>\n<tr>\n<td align=\"center\"><span class=\"katex\"><span class=\"katex-mathml\"><math xmlns=\"http://www.w3.org/1998/Math/MathML\"><semantics><mrow><mi>ϵ</mi></mrow><annotation encoding=\"application/x-tex\">\\epsilon</annotation></semantics></math></span><span class=\"katex-html\" aria-hidden=\"true\"><span class=\"base\"><span class=\"strut\" style=\"height:0.4306em;\"></span><span class=\"mord mathnormal\">ϵ</span></span></span></span></td>\n<td align=\"center\"><span class=\"katex\"><span class=\"katex-mathml\"><math xmlns=\"http://www.w3.org/1998/Math/MathML\"><semantics><mrow><mi>ε</mi></mrow><annotation encoding=\"application/x-tex\">\\varepsilon</annotation></semantics></math></span><span class=\"katex-html\" aria-hidden=\"true\"><span class=\"base\"><span class=\"strut\" style=\"height:0.4306em;\"></span><span class=\"mord mathnormal\">ε</span></span></span></span></td>\n<td align=\"center\">epsilon</td>\n</tr>\n<tr>\n<td align=\"center\"><span class=\"katex\"><span class=\"katex-mathml\"><math xmlns=\"http://www.w3.org/1998/Math/MathML\"><semantics><mrow><mi>θ</mi></mrow><annotation encoding=\"application/x-tex\">\\theta</annotation></semantics></math></span><span class=\"katex-html\" aria-hidden=\"true\"><span class=\"base\"><span class=\"strut\" style=\"height:0.6944em;\"></span><span class=\"mord mathnormal\" style=\"margin-right:0.02778em;\">θ</span></span></span></span></td>\n<td align=\"center\"><span class=\"katex\"><span class=\"katex-mathml\"><math xmlns=\"http://www.w3.org/1998/Math/MathML\"><semantics><mrow><mi>ϑ</mi></mrow><annotation encoding=\"application/x-tex\">\\vartheta</annotation></semantics></math></span><span class=\"katex-html\" aria-hidden=\"true\"><span class=\"base\"><span class=\"strut\" style=\"height:0.6944em;\"></span><span class=\"mord mathnormal\">ϑ</span></span></span></span></td>\n<td align=\"center\">theta</td>\n</tr>\n<tr>\n<td align=\"center\"><span class=\"katex\"><span class=\"katex-mathml\"><math xmlns=\"http://www.w3.org/1998/Math/MathML\"><semantics><mrow><mi>π</mi></mrow><annotation encoding=\"application/x-tex\">\\pi</annotation></semantics></math></span><span class=\"katex-html\" aria-hidden=\"true\"><span class=\"base\"><span class=\"strut\" style=\"height:0.4306em;\"></span><span class=\"mord mathnormal\" style=\"margin-right:0.03588em;\">π</span></span></span></span></td>\n<td align=\"center\"><span class=\"katex\"><span class=\"katex-mathml\"><math xmlns=\"http://www.w3.org/1998/Math/MathML\"><semantics><mrow><mi>ϖ</mi></mrow><annotation encoding=\"application/x-tex\">\\varpi</annotation></semantics></math></span><span class=\"katex-html\" aria-hidden=\"true\"><span class=\"base\"><span class=\"strut\" style=\"height:0.4306em;\"></span><span class=\"mord mathnormal\" style=\"margin-right:0.02778em;\">ϖ</span></span></span></span></td>\n<td align=\"center\">pi</td>\n</tr>\n<tr>\n<td align=\"center\"><span class=\"katex\"><span class=\"katex-mathml\"><math xmlns=\"http://www.w3.org/1998/Math/MathML\"><semantics><mrow><mi>σ</mi></mrow><annotation encoding=\"application/x-tex\">\\sigma</annotation></semantics></math></span><span class=\"katex-html\" aria-hidden=\"true\"><span class=\"base\"><span class=\"strut\" style=\"height:0.4306em;\"></span><span class=\"mord mathnormal\" style=\"margin-right:0.03588em;\">σ</span></span></span></span></td>\n<td align=\"center\"><span class=\"katex\"><span class=\"katex-mathml\"><math xmlns=\"http://www.w3.org/1998/Math/MathML\"><semantics><mrow><mi>ς</mi></mrow><annotation encoding=\"application/x-tex\">\\varsigma</annotation></semantics></math></span><span class=\"katex-html\" aria-hidden=\"true\"><span class=\"base\"><span class=\"strut\" style=\"height:0.5278em;vertical-align:-0.0972em;\"></span><span class=\"mord mathnormal\" style=\"margin-right:0.07986em;\">ς</span></span></span></span></td>\n<td align=\"center\">sigma</td>\n</tr>\n<tr>\n<td align=\"center\"><span class=\"katex\"><span class=\"katex-mathml\"><math xmlns=\"http://www.w3.org/1998/Math/MathML\"><semantics><mrow><mi>ϕ</mi></mrow><annotation encoding=\"application/x-tex\">\\phi</annotation></semantics></math></span><span class=\"katex-html\" aria-hidden=\"true\"><span class=\"base\"><span class=\"strut\" style=\"height:0.8889em;vertical-align:-0.1944em;\"></span><span class=\"mord mathnormal\">ϕ</span></span></span></span></td>\n<td align=\"center\"><span class=\"katex\"><span class=\"katex-mathml\"><math xmlns=\"http://www.w3.org/1998/Math/MathML\"><semantics><mrow><mi>φ</mi></mrow><annotation encoding=\"application/x-tex\">\\varphi</annotation></semantics></math></span><span class=\"katex-html\" aria-hidden=\"true\"><span class=\"base\"><span class=\"strut\" style=\"height:0.625em;vertical-align:-0.1944em;\"></span><span class=\"mord mathnormal\">φ</span></span></span></span></td>\n<td align=\"center\">phi</td>\n</tr>\n</tbody>\n</table>\n<h4><a href=\"#分数\" aria-hidden=\"true\" class=\"anchor\" id=\"分数\"></a>分数</h4>\n<pre style=\"background-color:#2b303b;\"><code class=\"language-latex\">\n<span style=\"color:#96b5b4;\">\\frac</span><span style=\"color:#c0c5ce;\">{分子}{分母}\n</span>\n</code></pre>\n<p>栗子：<span class=\"katex\"><span class=\"katex-mathml\"><math xmlns=\"http://www.w3.org/1998/Math/MathML\"><semantics><mrow><mfrac><mn>1</mn><mn>2</mn></mfrac></mrow><annotation encoding=\"application/x-tex\">\\frac{1}{2}</annotation></semantics></math></span><span class=\"katex-html\" aria-hidden=\"true\"><span class=\"base\"><span class=\"strut\" style=\"height:1.1901em;vertical-align:-0.345em;\"></span><span class=\"mord\"><span class=\"mopen nulldelimiter\"></span><span class=\"mfrac\"><span class=\"vlist-t vlist-t2\"><span class=\"vlist-r\"><span class=\"vlist\" style=\"height:0.8451em;\"><span style=\"top:-2.655em;\"><span class=\"pstrut\" style=\"height:3em;\"></span><span class=\"sizing reset-size6 size3 mtight\"><span class=\"mord mtight\"><span class=\"mord mtight\">2</span></span></span></span><span style=\"top:-3.23em;\"><span class=\"pstrut\" style=\"height:3em;\"></span><span class=\"frac-line\" style=\"border-bottom-width:0.04em;\"></span></span><span style=\"top:-3.394em;\"><span class=\"pstrut\" style=\"height:3em;\"></span><span class=\"sizing reset-size6 size3 mtight\"><span class=\"mord mtight\"><span class=\"mord mtight\">1</span></span></span></span></span><span class=\"vlist-s\">​</span></span><span class=\"vlist-r\"><span class=\"vlist\" style=\"height:0.345em;\"><span></span></span></span></span></span><span class=\"mclose nulldelimiter\"></span></span></span></span></span></p>\n<pre style=\"background-color:#2b303b;\"><code class=\"language-latex\">\n<span style=\"color:#96b5b4;\">\\frac</span><span style=\"color:#c0c5ce;\">{1}{2}\n</span>\n</code></pre>\n<h4><a href=\"#乘号与除号\" aria-hidden=\"true\" class=\"anchor\" id=\"乘号与除号\"></a>乘号与除号</h4>\n<p><em>以上内容编辑于2017.3.28</em></p>\n<p>乘号：<span class=\"katex\"><span class=\"katex-mathml\"><math xmlns=\"http://www.w3.org/1998/Math/MathML\"><semantics><mrow><mo>×</mo></mrow><annotation encoding=\"application/x-tex\">\\times</annotation></semantics></math></span><span class=\"katex-html\" aria-hidden=\"true\"><span class=\"base\"><span class=\"strut\" style=\"height:0.6667em;vertical-align:-0.0833em;\"></span><span class=\"mord\">×</span></span></span></span></p>\n<pre style=\"background-color:#2b303b;\"><code class=\"language-latex\">\n<span style=\"color:#96b5b4;\">\\times\n</span>\n</code></pre>\n<p>点乘：<span class=\"katex\"><span class=\"katex-mathml\"><math xmlns=\"http://www.w3.org/1998/Math/MathML\"><semantics><mrow><mo>⋅</mo></mrow><annotation encoding=\"application/x-tex\">\\cdot</annotation></semantics></math></span><span class=\"katex-html\" aria-hidden=\"true\"><span class=\"base\"><span class=\"strut\" style=\"height:0.4445em;\"></span><span class=\"mord\">⋅</span></span></span></span></p>\n<pre style=\"background-color:#2b303b;\"><code class=\"language-latex\">\n<span style=\"color:#96b5b4;\">\\cdot\n</span>\n</code></pre>\n<p>除号：<span class=\"katex\"><span class=\"katex-mathml\"><math xmlns=\"http://www.w3.org/1998/Math/MathML\"><semantics><mrow><mo>÷</mo></mrow><annotation encoding=\"application/x-tex\">\\div</annotation></semantics></math></span><span class=\"katex-html\" aria-hidden=\"true\"><span class=\"base\"><span class=\"strut\" style=\"height:0.6667em;vertical-align:-0.0833em;\"></span><span class=\"mord\">÷</span></span></span></span></p>\n<pre style=\"background-color:#2b303b;\"><code class=\"language-latex\">\n<span style=\"color:#96b5b4;\">\\div\n</span>\n</code></pre>\n<h4><a href=\"#上下标\" aria-hidden=\"true\" class=\"anchor\" id=\"上下标\"></a>上下标</h4>\n<p>上标：</p>\n<pre style=\"background-color:#2b303b;\"><code class=\"language-latex\">\n<span style=\"color:#c0c5ce;\">a^2\n</span><span style=\"color:#c0c5ce;\">a^{x + y}\n</span>\n</code></pre>\n<p>下标：</p>\n<pre style=\"background-color:#2b303b;\"><code class=\"language-latex\">\n<span style=\"color:#c0c5ce;\">a_i\n</span><span style=\"color:#c0c5ce;\">a_{x - y}\n</span>\n</code></pre>\n<h4><a href=\"#求和与连乘\" aria-hidden=\"true\" class=\"anchor\" id=\"求和与连乘\"></a>求和与连乘</h4>\n<pre style=\"background-color:#2b303b;\"><code class=\"language-latex\">\n<span style=\"color:#96b5b4;\">\\sum</span><span style=\"color:#c0c5ce;\">_{}^{}\n</span><span style=\"color:#96b5b4;\">\\prod</span><span style=\"color:#c0c5ce;\">_{}^{}\n</span>\n</code></pre>\n<h4><a href=\"#根号\" aria-hidden=\"true\" class=\"anchor\" id=\"根号\"></a>根号</h4>\n<pre style=\"background-color:#2b303b;\"><code class=\"language-latex\">\n<span style=\"color:#96b5b4;\">\\sqrt</span><span style=\"color:#c0c5ce;\">{根底数}\n</span><span style=\"color:#96b5b4;\">\\sqrt</span><span style=\"color:#c0c5ce;\">[根指数]{根底数}\n</span>\n</code></pre>\n<h4><a href=\"#关系符号\" aria-hidden=\"true\" class=\"anchor\" id=\"关系符号\"></a>关系符号</h4>\n<p>等号、小于号、大于号：直接输入</p>\n<p>不等号：<span class=\"katex\"><span class=\"katex-mathml\"><math xmlns=\"http://www.w3.org/1998/Math/MathML\"><semantics><mrow><mo mathvariant=\"normal\">≠</mo></mrow><annotation encoding=\"application/x-tex\">\\neq</annotation></semantics></math></span><span class=\"katex-html\" aria-hidden=\"true\"><span class=\"base\"><span class=\"strut\" style=\"height:0.8889em;vertical-align:-0.1944em;\"></span><span class=\"mrel\"><span class=\"mrel\"><span class=\"mord vbox\"><span class=\"thinbox\"><span class=\"rlap\"><span class=\"strut\" style=\"height:0.8889em;vertical-align:-0.1944em;\"></span><span class=\"inner\"><span class=\"mord\"><span class=\"mrel\"></span></span></span><span class=\"fix\"></span></span></span></span></span><span class=\"mrel\">=</span></span></span></span></span></p>\n<pre style=\"background-color:#2b303b;\"><code class=\"language-latex\">\n<span style=\"color:#96b5b4;\">\\neq\n</span>\n</code></pre>\n<p>小于等于：<span class=\"katex\"><span class=\"katex-mathml\"><math xmlns=\"http://www.w3.org/1998/Math/MathML\"><semantics><mrow><mo>⩽</mo></mrow><annotation encoding=\"application/x-tex\">\\leqslant</annotation></semantics></math></span><span class=\"katex-html\" aria-hidden=\"true\"><span class=\"base\"><span class=\"strut\" style=\"height:0.7733em;vertical-align:-0.1367em;\"></span><span class=\"mrel amsrm\">⩽</span></span></span></span></p>\n<pre style=\"background-color:#2b303b;\"><code class=\"language-latex\">\n<span style=\"color:#96b5b4;\">\\leqslant\n</span>\n</code></pre>\n<p>大于等于<span class=\"katex\"><span class=\"katex-mathml\"><math xmlns=\"http://www.w3.org/1998/Math/MathML\"><semantics><mrow><mo>⩾</mo></mrow><annotation encoding=\"application/x-tex\">\\geqslant</annotation></semantics></math></span><span class=\"katex-html\" aria-hidden=\"true\"><span class=\"base\"><span class=\"strut\" style=\"height:0.7733em;vertical-align:-0.1367em;\"></span><span class=\"mrel amsrm\">⩾</span></span></span></span></p>\n<pre style=\"background-color:#2b303b;\"><code class=\"language-latex\">\n<span style=\"color:#96b5b4;\">\\geqslant\n</span>\n</code></pre>\n<h4><a href=\"#省略号\" aria-hidden=\"true\" class=\"anchor\" id=\"省略号\"></a>省略号</h4>\n<p>底部省略号：<span class=\"katex\"><span class=\"katex-mathml\"><math xmlns=\"http://www.w3.org/1998/Math/MathML\"><semantics><mrow><mo>…</mo></mrow><annotation encoding=\"application/x-tex\">\\dots</annotation></semantics></math></span><span class=\"katex-html\" aria-hidden=\"true\"><span class=\"base\"><span class=\"strut\" style=\"height:0.123em;\"></span><span class=\"minner\">…</span></span></span></span></p>\n<pre style=\"background-color:#2b303b;\"><code class=\"language-latex\">\n<span style=\"color:#96b5b4;\">\\dots\n</span>\n</code></pre>\n<p>中部省略号：<span class=\"katex\"><span class=\"katex-mathml\"><math xmlns=\"http://www.w3.org/1998/Math/MathML\"><semantics><mrow><mo>⋯</mo></mrow><annotation encoding=\"application/x-tex\">\\cdots</annotation></semantics></math></span><span class=\"katex-html\" aria-hidden=\"true\"><span class=\"base\"><span class=\"strut\" style=\"height:0.313em;\"></span><span class=\"minner\">⋯</span></span></span></span></p>\n<pre style=\"background-color:#2b303b;\"><code class=\"language-latex\">\n<span style=\"color:#96b5b4;\">\\cdots\n</span>\n</code></pre>\n<h4><a href=\"#排列与组合\" aria-hidden=\"true\" class=\"anchor\" id=\"排列与组合\"></a>排列与组合</h4>\n<p>使用C、P（或A）表示组合数与排列数，以上下标语法输入即可。</p>\n<p>组合数另一种表示方式：<span class=\"katex\"><span class=\"katex-mathml\"><math xmlns=\"http://www.w3.org/1998/Math/MathML\"><semantics><mrow><mo fence=\"true\">(</mo><mfrac linethickness=\"0px\"><mi>n</mi><mi>m</mi></mfrac><mo fence=\"true\">)</mo></mrow><annotation encoding=\"application/x-tex\">\\binom{n}{m}</annotation></semantics></math></span><span class=\"katex-html\" aria-hidden=\"true\"><span class=\"base\"><span class=\"strut\" style=\"height:1.2em;vertical-align:-0.35em;\"></span><span class=\"mord\"><span class=\"mopen delimcenter\" style=\"top:0em;\"><span class=\"delimsizing size1\">(</span></span><span class=\"mfrac\"><span class=\"vlist-t vlist-t2\"><span class=\"vlist-r\"><span class=\"vlist\" style=\"height:0.7454em;\"><span style=\"top:-2.355em;\"><span class=\"pstrut\" style=\"height:2.7em;\"></span><span class=\"sizing reset-size6 size3 mtight\"><span class=\"mord mtight\"><span class=\"mord mathnormal mtight\">m</span></span></span></span><span style=\"top:-3.144em;\"><span class=\"pstrut\" style=\"height:2.7em;\"></span><span class=\"sizing reset-size6 size3 mtight\"><span class=\"mord mtight\"><span class=\"mord mathnormal mtight\">n</span></span></span></span></span><span class=\"vlist-s\">​</span></span><span class=\"vlist-r\"><span class=\"vlist\" style=\"height:0.345em;\"><span></span></span></span></span></span><span class=\"mclose delimcenter\" style=\"top:0em;\"><span class=\"delimsizing size1\">)</span></span></span></span></span></span></p>\n<pre style=\"background-color:#2b303b;\"><code class=\"language-latex\">\n<span style=\"color:#96b5b4;\">\\binom</span><span style=\"color:#c0c5ce;\">{n}{m}\n</span>\n</code></pre>\n<p>排列的另一种表示方式：<span class=\"katex\"><span class=\"katex-mathml\"><math xmlns=\"http://www.w3.org/1998/Math/MathML\"><semantics><mrow><msup><mi>n</mi><munder accentunder=\"true\"><mi>m</mi><mo stretchy=\"true\">‾</mo></munder></msup></mrow><annotation encoding=\"application/x-tex\">n^{\\underline{m}}</annotation></semantics></math></span><span class=\"katex-html\" aria-hidden=\"true\"><span class=\"base\"><span class=\"strut\" style=\"height:0.6644em;\"></span><span class=\"mord\"><span class=\"mord mathnormal\">n</span><span class=\"msupsub\"><span class=\"vlist-t\"><span class=\"vlist-r\"><span class=\"vlist\" style=\"height:0.6644em;\"><span style=\"top:-3.363em;margin-right:0.05em;\"><span class=\"pstrut\" style=\"height:3em;\"></span><span class=\"sizing reset-size6 size3 mtight\"><span class=\"mord mtight\"><span class=\"mord underline mtight\"><span class=\"vlist-t vlist-t2\"><span class=\"vlist-r\"><span class=\"vlist\" style=\"height:0.4306em;\"><span style=\"top:-2.804em;\"><span class=\"pstrut\" style=\"height:3em;\"></span><span class=\"underline-line mtight\" style=\"border-bottom-width:0.049em;\"></span></span><span style=\"top:-3em;\"><span class=\"pstrut\" style=\"height:3em;\"></span><span class=\"mord mtight\"><span class=\"mord mathnormal mtight\">m</span></span></span></span><span class=\"vlist-s\">​</span></span><span class=\"vlist-r\"><span class=\"vlist\" style=\"height:0.245em;\"><span></span></span></span></span></span></span></span></span></span></span></span></span></span></span></span></span></p>\n<pre style=\"background-color:#2b303b;\"><code class=\"language-latex\">\n<span style=\"color:#c0c5ce;\">n^{underline{m}}\n</span>\n</code></pre>\n<h4><a href=\"#同余\" aria-hidden=\"true\" class=\"anchor\" id=\"同余\"></a>同余</h4>\n<p><span class=\"katex\"><span class=\"katex-mathml\"><math xmlns=\"http://www.w3.org/1998/Math/MathML\"><semantics><mrow><mo>≡</mo></mrow><annotation encoding=\"application/x-tex\">\\equiv</annotation></semantics></math></span><span class=\"katex-html\" aria-hidden=\"true\"><span class=\"base\"><span class=\"strut\" style=\"height:0.4637em;\"></span><span class=\"mrel\">≡</span></span></span></span></p>\n<pre style=\"background-color:#2b303b;\"><code class=\"language-latex\">\n<span style=\"color:#96b5b4;\">\\equiv\n</span>\n</code></pre>\n<p>以上的东西应该够用了。。。</p>\n<p><em>以上内容编辑于2017.3.29</em></p>\n"}