{"title":"Minkowski sum（闵可夫斯基和）学习笔记","tags":["学习笔记","模版","计算几何"],"create_time":1497196711,"last_modified":1596726870,"toc":"<ol><li><a href=\"#引入问题\">引入问题</a></li><li><a href=\"#minkowski-sum-介绍\">Minkowski sum 介绍</a></li><li><a href=\"#凸多边形的-minkowski-sum-的求法\">凸多边形的 Minkowski sum 的求法</a></li><li><a href=\"#回到问题\">回到问题</a></li><li><a href=\"#问题代码\">问题代码</a></li><li><a href=\"#说点别的应该-oi-无关\">说点别的（应该 OI 无关）</a></li>","html":"<h2><a href=\"#引入问题\" aria-hidden=\"true\" class=\"anchor\" id=\"引入问题\"></a>引入问题</h2>\n<p>逆时针给出平面上两个凸 <span class=\"katex\"><span class=\"katex-mathml\"><math xmlns=\"http://www.w3.org/1998/Math/MathML\"><semantics><mrow><mi>n</mi></mrow><annotation encoding=\"application/x-tex\">n</annotation></semantics></math></span><span class=\"katex-html\" aria-hidden=\"true\"><span class=\"base\"><span class=\"strut\" style=\"height:0.4306em;\"></span><span class=\"mord mathnormal\">n</span></span></span></span> 边形，询问 <span class=\"katex\"><span class=\"katex-mathml\"><math xmlns=\"http://www.w3.org/1998/Math/MathML\"><semantics><mrow><mi>q</mi></mrow><annotation encoding=\"application/x-tex\">q</annotation></semantics></math></span><span class=\"katex-html\" aria-hidden=\"true\"><span class=\"base\"><span class=\"strut\" style=\"height:0.625em;vertical-align:-0.1944em;\"></span><span class=\"mord mathnormal\" style=\"margin-right:0.03588em;\">q</span></span></span></span> 个点是否可以成为一条两个端点分别在两个多边形内的线段的中点。</p>\n<p><span class=\"katex\"><span class=\"katex-mathml\"><math xmlns=\"http://www.w3.org/1998/Math/MathML\"><semantics><mrow><mi>n</mi><mo separator=\"true\">,</mo><mi>q</mi><mo>⩽</mo><mn>100</mn><mo separator=\"true\">,</mo><mn>000</mn></mrow><annotation encoding=\"application/x-tex\">n, q \\leqslant 100,000</annotation></semantics></math></span><span class=\"katex-html\" aria-hidden=\"true\"><span class=\"base\"><span class=\"strut\" style=\"height:0.8311em;vertical-align:-0.1944em;\"></span><span class=\"mord mathnormal\">n</span><span class=\"mpunct\">,</span><span class=\"mspace\" style=\"margin-right:0.1667em;\"></span><span class=\"mord mathnormal\" style=\"margin-right:0.03588em;\">q</span><span class=\"mspace\" style=\"margin-right:0.2778em;\"></span><span class=\"mrel amsrm\">⩽</span><span class=\"mspace\" style=\"margin-right:0.2778em;\"></span></span><span class=\"base\"><span class=\"strut\" style=\"height:0.8389em;vertical-align:-0.1944em;\"></span><span class=\"mord\">100</span><span class=\"mpunct\">,</span><span class=\"mspace\" style=\"margin-right:0.1667em;\"></span><span class=\"mord\">000</span></span></span></span></p>\n<h2><a href=\"#minkowski-sum-介绍\" aria-hidden=\"true\" class=\"anchor\" id=\"minkowski-sum-介绍\"></a>Minkowski sum 介绍</h2>\n<p>给定向量集合 <span class=\"katex\"><span class=\"katex-mathml\"><math xmlns=\"http://www.w3.org/1998/Math/MathML\"><semantics><mrow><mi>A</mi></mrow><annotation encoding=\"application/x-tex\">A</annotation></semantics></math></span><span class=\"katex-html\" aria-hidden=\"true\"><span class=\"base\"><span class=\"strut\" style=\"height:0.6833em;\"></span><span class=\"mord mathnormal\">A</span></span></span></span> 、<span class=\"katex\"><span class=\"katex-mathml\"><math xmlns=\"http://www.w3.org/1998/Math/MathML\"><semantics><mrow><mi>B</mi></mrow><annotation encoding=\"application/x-tex\">B</annotation></semantics></math></span><span class=\"katex-html\" aria-hidden=\"true\"><span class=\"base\"><span class=\"strut\" style=\"height:0.6833em;\"></span><span class=\"mord mathnormal\" style=\"margin-right:0.05017em;\">B</span></span></span></span>，定义它们的 Minkowski sum 为：</p>\n<p class='katex-block'><span class=\"katex-display\"><span class=\"katex\"><span class=\"katex-mathml\"><math xmlns=\"http://www.w3.org/1998/Math/MathML\" display=\"block\"><semantics><mrow><mi>A</mi><mo>+</mo><mi>B</mi><mo>=</mo><mo stretchy=\"false\">{</mo><mi mathvariant=\"bold\">a</mi><mo>+</mo><mi mathvariant=\"bold\">b</mi><mi mathvariant=\"normal\">∣</mi><mi mathvariant=\"bold\">a</mi><mo>∈</mo><mi>A</mi><mo separator=\"true\">,</mo><mi mathvariant=\"bold\">b</mi><mo>∈</mo><mi>B</mi><mo stretchy=\"false\">}</mo></mrow><annotation encoding=\"application/x-tex\">\nA + B = \\{\\mathbf{a} + \\mathbf{b} | \\mathbf{a} \\in A, \\mathbf{b} \\in B\\}\n</annotation></semantics></math></span><span class=\"katex-html\" aria-hidden=\"true\"><span class=\"base\"><span class=\"strut\" style=\"height:0.7667em;vertical-align:-0.0833em;\"></span><span class=\"mord mathnormal\">A</span><span class=\"mspace\" style=\"margin-right:0.2222em;\"></span><span class=\"mbin\">+</span><span class=\"mspace\" style=\"margin-right:0.2222em;\"></span></span><span class=\"base\"><span class=\"strut\" style=\"height:0.6833em;\"></span><span class=\"mord mathnormal\" style=\"margin-right:0.05017em;\">B</span><span class=\"mspace\" style=\"margin-right:0.2778em;\"></span><span class=\"mrel\">=</span><span class=\"mspace\" style=\"margin-right:0.2778em;\"></span></span><span class=\"base\"><span class=\"strut\" style=\"height:1em;vertical-align:-0.25em;\"></span><span class=\"mopen\">{</span><span class=\"mord mathbf\">a</span><span class=\"mspace\" style=\"margin-right:0.2222em;\"></span><span class=\"mbin\">+</span><span class=\"mspace\" style=\"margin-right:0.2222em;\"></span></span><span class=\"base\"><span class=\"strut\" style=\"height:1em;vertical-align:-0.25em;\"></span><span class=\"mord mathbf\">b</span><span class=\"mord\">∣</span><span class=\"mord mathbf\">a</span><span class=\"mspace\" style=\"margin-right:0.2778em;\"></span><span class=\"mrel\">∈</span><span class=\"mspace\" style=\"margin-right:0.2778em;\"></span></span><span class=\"base\"><span class=\"strut\" style=\"height:0.8889em;vertical-align:-0.1944em;\"></span><span class=\"mord mathnormal\">A</span><span class=\"mpunct\">,</span><span class=\"mspace\" style=\"margin-right:0.1667em;\"></span><span class=\"mord mathbf\">b</span><span class=\"mspace\" style=\"margin-right:0.2778em;\"></span><span class=\"mrel\">∈</span><span class=\"mspace\" style=\"margin-right:0.2778em;\"></span></span><span class=\"base\"><span class=\"strut\" style=\"height:1em;vertical-align:-0.25em;\"></span><span class=\"mord mathnormal\" style=\"margin-right:0.05017em;\">B</span><span class=\"mclose\">}</span></span></span></span></span></p>\n<!-- more -->\n<p>举个栗子（<span class=\"katex\"><span class=\"katex-mathml\"><math xmlns=\"http://www.w3.org/1998/Math/MathML\"><semantics><mrow><mi>A</mi></mrow><annotation encoding=\"application/x-tex\">A</annotation></semantics></math></span><span class=\"katex-html\" aria-hidden=\"true\"><span class=\"base\"><span class=\"strut\" style=\"height:0.6833em;\"></span><span class=\"mord mathnormal\">A</span></span></span></span> 、<span class=\"katex\"><span class=\"katex-mathml\"><math xmlns=\"http://www.w3.org/1998/Math/MathML\"><semantics><mrow><mi>B</mi></mrow><annotation encoding=\"application/x-tex\">B</annotation></semantics></math></span><span class=\"katex-html\" aria-hidden=\"true\"><span class=\"base\"><span class=\"strut\" style=\"height:0.6833em;\"></span><span class=\"mord mathnormal\" style=\"margin-right:0.05017em;\">B</span></span></span></span> 、<span class=\"katex\"><span class=\"katex-mathml\"><math xmlns=\"http://www.w3.org/1998/Math/MathML\"><semantics><mrow><mi>A</mi><mo>+</mo><mi>B</mi></mrow><annotation encoding=\"application/x-tex\">A + B</annotation></semantics></math></span><span class=\"katex-html\" aria-hidden=\"true\"><span class=\"base\"><span class=\"strut\" style=\"height:0.7667em;vertical-align:-0.0833em;\"></span><span class=\"mord mathnormal\">A</span><span class=\"mspace\" style=\"margin-right:0.2222em;\"></span><span class=\"mbin\">+</span><span class=\"mspace\" style=\"margin-right:0.2222em;\"></span></span><span class=\"base\"><span class=\"strut\" style=\"height:0.6833em;\"></span><span class=\"mord mathnormal\" style=\"margin-right:0.05017em;\">B</span></span></span></span> 均为多边形）：</p>\n<p class='katex-block'><span class=\"katex-display\"><span class=\"katex\"><span class=\"katex-mathml\"><math xmlns=\"http://www.w3.org/1998/Math/MathML\" display=\"block\"><semantics><mrow><mi>A</mi><mo>=</mo><mo stretchy=\"false\">{</mo><mo stretchy=\"false\">(</mo><mn>0</mn><mo separator=\"true\">,</mo><mn>1</mn><mo stretchy=\"false\">)</mo><mo separator=\"true\">,</mo><mo stretchy=\"false\">(</mo><mn>0</mn><mo separator=\"true\">,</mo><mo>−</mo><mn>1</mn><mo stretchy=\"false\">)</mo><mo separator=\"true\">,</mo><mo stretchy=\"false\">(</mo><mn>1</mn><mo separator=\"true\">,</mo><mn>0</mn><mo stretchy=\"false\">)</mo><mo stretchy=\"false\">}</mo><mspace linebreak=\"newline\"></mspace><mi>B</mi><mo>=</mo><mo stretchy=\"false\">{</mo><mo stretchy=\"false\">(</mo><mn>1</mn><mo separator=\"true\">,</mo><mn>1</mn><mo stretchy=\"false\">)</mo><mo separator=\"true\">,</mo><mo stretchy=\"false\">(</mo><mn>1</mn><mo separator=\"true\">,</mo><mo>−</mo><mn>1</mn><mo stretchy=\"false\">)</mo><mo separator=\"true\">,</mo><mo stretchy=\"false\">(</mo><mn>0</mn><mo separator=\"true\">,</mo><mn>0</mn><mo stretchy=\"false\">)</mo><mo stretchy=\"false\">}</mo><mspace linebreak=\"newline\"></mspace><mi>A</mi><mo>+</mo><mi>B</mi><mo>=</mo><mo stretchy=\"false\">{</mo><mo stretchy=\"false\">(</mo><mn>1</mn><mo separator=\"true\">,</mo><mtext> </mtext><mn>0</mn><mo stretchy=\"false\">)</mo><mo separator=\"true\">,</mo><mo stretchy=\"false\">(</mo><mn>2</mn><mo separator=\"true\">,</mo><mtext> </mtext><mn>1</mn><mo stretchy=\"false\">)</mo><mo separator=\"true\">,</mo><mo stretchy=\"false\">(</mo><mn>2</mn><mo separator=\"true\">,</mo><mtext> </mtext><mo>−</mo><mn>1</mn><mo stretchy=\"false\">)</mo><mo separator=\"true\">,</mo><mo stretchy=\"false\">(</mo><mn>0</mn><mo separator=\"true\">,</mo><mtext> </mtext><mn>1</mn><mo stretchy=\"false\">)</mo><mo separator=\"true\">,</mo><mo stretchy=\"false\">(</mo><mn>1</mn><mo separator=\"true\">,</mo><mtext> </mtext><mn>2</mn><mo stretchy=\"false\">)</mo><mo separator=\"true\">,</mo><mo stretchy=\"false\">(</mo><mn>1</mn><mo separator=\"true\">,</mo><mtext> </mtext><mn>0</mn><mo stretchy=\"false\">)</mo><mo separator=\"true\">,</mo><mo stretchy=\"false\">(</mo><mn>0</mn><mo separator=\"true\">,</mo><mtext> </mtext><mo>−</mo><mn>1</mn><mo stretchy=\"false\">)</mo><mo separator=\"true\">,</mo><mo stretchy=\"false\">(</mo><mn>1</mn><mo separator=\"true\">,</mo><mtext> </mtext><mn>0</mn><mo stretchy=\"false\">)</mo><mo separator=\"true\">,</mo><mo stretchy=\"false\">(</mo><mn>1</mn><mo separator=\"true\">,</mo><mtext> </mtext><mo>−</mo><mn>2</mn><mo stretchy=\"false\">)</mo><mo stretchy=\"false\">}</mo></mrow><annotation encoding=\"application/x-tex\">\nA = \\{(0, 1), (0, -1), (1, 0)\\} \\\\ \nB = \\{(1, 1), (1, -1), (0, 0)\\} \\\\\nA + B = \\{(1, 0), (2, 1), (2, −1), (0, 1), (1, 2), (1, 0), (0, −1), (1, 0), (1, −2)\\}\n</annotation></semantics></math></span><span class=\"katex-html\" aria-hidden=\"true\"><span class=\"base\"><span class=\"strut\" style=\"height:0.6833em;\"></span><span class=\"mord mathnormal\">A</span><span class=\"mspace\" style=\"margin-right:0.2778em;\"></span><span class=\"mrel\">=</span><span class=\"mspace\" style=\"margin-right:0.2778em;\"></span></span><span class=\"base\"><span class=\"strut\" style=\"height:1em;vertical-align:-0.25em;\"></span><span class=\"mopen\">{(</span><span class=\"mord\">0</span><span class=\"mpunct\">,</span><span class=\"mspace\" style=\"margin-right:0.1667em;\"></span><span class=\"mord\">1</span><span class=\"mclose\">)</span><span class=\"mpunct\">,</span><span class=\"mspace\" style=\"margin-right:0.1667em;\"></span><span class=\"mopen\">(</span><span class=\"mord\">0</span><span class=\"mpunct\">,</span><span class=\"mspace\" style=\"margin-right:0.1667em;\"></span><span class=\"mord\">−</span><span class=\"mord\">1</span><span class=\"mclose\">)</span><span class=\"mpunct\">,</span><span class=\"mspace\" style=\"margin-right:0.1667em;\"></span><span class=\"mopen\">(</span><span class=\"mord\">1</span><span class=\"mpunct\">,</span><span class=\"mspace\" style=\"margin-right:0.1667em;\"></span><span class=\"mord\">0</span><span class=\"mclose\">)}</span></span><span class=\"mspace newline\"></span><span class=\"base\"><span class=\"strut\" style=\"height:0.6833em;\"></span><span class=\"mord mathnormal\" style=\"margin-right:0.05017em;\">B</span><span class=\"mspace\" style=\"margin-right:0.2778em;\"></span><span class=\"mrel\">=</span><span class=\"mspace\" style=\"margin-right:0.2778em;\"></span></span><span class=\"base\"><span class=\"strut\" style=\"height:1em;vertical-align:-0.25em;\"></span><span class=\"mopen\">{(</span><span class=\"mord\">1</span><span class=\"mpunct\">,</span><span class=\"mspace\" style=\"margin-right:0.1667em;\"></span><span class=\"mord\">1</span><span class=\"mclose\">)</span><span class=\"mpunct\">,</span><span class=\"mspace\" style=\"margin-right:0.1667em;\"></span><span class=\"mopen\">(</span><span class=\"mord\">1</span><span class=\"mpunct\">,</span><span class=\"mspace\" style=\"margin-right:0.1667em;\"></span><span class=\"mord\">−</span><span class=\"mord\">1</span><span class=\"mclose\">)</span><span class=\"mpunct\">,</span><span class=\"mspace\" style=\"margin-right:0.1667em;\"></span><span class=\"mopen\">(</span><span class=\"mord\">0</span><span class=\"mpunct\">,</span><span class=\"mspace\" style=\"margin-right:0.1667em;\"></span><span class=\"mord\">0</span><span class=\"mclose\">)}</span></span><span class=\"mspace newline\"></span><span class=\"base\"><span class=\"strut\" style=\"height:0.7667em;vertical-align:-0.0833em;\"></span><span class=\"mord mathnormal\">A</span><span class=\"mspace\" style=\"margin-right:0.2222em;\"></span><span class=\"mbin\">+</span><span class=\"mspace\" style=\"margin-right:0.2222em;\"></span></span><span class=\"base\"><span class=\"strut\" style=\"height:0.6833em;\"></span><span class=\"mord mathnormal\" style=\"margin-right:0.05017em;\">B</span><span class=\"mspace\" style=\"margin-right:0.2778em;\"></span><span class=\"mrel\">=</span><span class=\"mspace\" style=\"margin-right:0.2778em;\"></span></span><span class=\"base\"><span class=\"strut\" style=\"height:1em;vertical-align:-0.25em;\"></span><span class=\"mopen\">{(</span><span class=\"mord\">1</span><span class=\"mpunct\">,</span><span class=\"mspace\" style=\"margin-right:0.1667em;\"></span><span class=\"mord\"> 0</span><span class=\"mclose\">)</span><span class=\"mpunct\">,</span><span class=\"mspace\" style=\"margin-right:0.1667em;\"></span><span class=\"mopen\">(</span><span class=\"mord\">2</span><span class=\"mpunct\">,</span><span class=\"mspace\" style=\"margin-right:0.1667em;\"></span><span class=\"mord\"> 1</span><span class=\"mclose\">)</span><span class=\"mpunct\">,</span><span class=\"mspace\" style=\"margin-right:0.1667em;\"></span><span class=\"mopen\">(</span><span class=\"mord\">2</span><span class=\"mpunct\">,</span><span class=\"mspace\" style=\"margin-right:0.1667em;\"></span><span class=\"mord\"> </span><span class=\"mspace\" style=\"margin-right:0.2222em;\"></span><span class=\"mbin\">−</span><span class=\"mspace\" style=\"margin-right:0.2222em;\"></span></span><span class=\"base\"><span class=\"strut\" style=\"height:1em;vertical-align:-0.25em;\"></span><span class=\"mord\">1</span><span class=\"mclose\">)</span><span class=\"mpunct\">,</span><span class=\"mspace\" style=\"margin-right:0.1667em;\"></span><span class=\"mopen\">(</span><span class=\"mord\">0</span><span class=\"mpunct\">,</span><span class=\"mspace\" style=\"margin-right:0.1667em;\"></span><span class=\"mord\"> 1</span><span class=\"mclose\">)</span><span class=\"mpunct\">,</span><span class=\"mspace\" style=\"margin-right:0.1667em;\"></span><span class=\"mopen\">(</span><span class=\"mord\">1</span><span class=\"mpunct\">,</span><span class=\"mspace\" style=\"margin-right:0.1667em;\"></span><span class=\"mord\"> 2</span><span class=\"mclose\">)</span><span class=\"mpunct\">,</span><span class=\"mspace\" style=\"margin-right:0.1667em;\"></span><span class=\"mopen\">(</span><span class=\"mord\">1</span><span class=\"mpunct\">,</span><span class=\"mspace\" style=\"margin-right:0.1667em;\"></span><span class=\"mord\"> 0</span><span class=\"mclose\">)</span><span class=\"mpunct\">,</span><span class=\"mspace\" style=\"margin-right:0.1667em;\"></span><span class=\"mopen\">(</span><span class=\"mord\">0</span><span class=\"mpunct\">,</span><span class=\"mspace\" style=\"margin-right:0.1667em;\"></span><span class=\"mord\"> </span><span class=\"mspace\" style=\"margin-right:0.2222em;\"></span><span class=\"mbin\">−</span><span class=\"mspace\" style=\"margin-right:0.2222em;\"></span></span><span class=\"base\"><span class=\"strut\" style=\"height:1em;vertical-align:-0.25em;\"></span><span class=\"mord\">1</span><span class=\"mclose\">)</span><span class=\"mpunct\">,</span><span class=\"mspace\" style=\"margin-right:0.1667em;\"></span><span class=\"mopen\">(</span><span class=\"mord\">1</span><span class=\"mpunct\">,</span><span class=\"mspace\" style=\"margin-right:0.1667em;\"></span><span class=\"mord\"> 0</span><span class=\"mclose\">)</span><span class=\"mpunct\">,</span><span class=\"mspace\" style=\"margin-right:0.1667em;\"></span><span class=\"mopen\">(</span><span class=\"mord\">1</span><span class=\"mpunct\">,</span><span class=\"mspace\" style=\"margin-right:0.1667em;\"></span><span class=\"mord\"> </span><span class=\"mspace\" style=\"margin-right:0.2222em;\"></span><span class=\"mbin\">−</span><span class=\"mspace\" style=\"margin-right:0.2222em;\"></span></span><span class=\"base\"><span class=\"strut\" style=\"height:1em;vertical-align:-0.25em;\"></span><span class=\"mord\">2</span><span class=\"mclose\">)}</span></span></span></span></span></p>\n<h2><a href=\"#凸多边形的-minkowski-sum-的求法\" aria-hidden=\"true\" class=\"anchor\" id=\"凸多边形的-minkowski-sum-的求法\"></a>凸多边形的 Minkowski sum 的求法</h2>\n<p>对于两个 <span class=\"katex\"><span class=\"katex-mathml\"><math xmlns=\"http://www.w3.org/1998/Math/MathML\"><semantics><mrow><mi>n</mi></mrow><annotation encoding=\"application/x-tex\">n</annotation></semantics></math></span><span class=\"katex-html\" aria-hidden=\"true\"><span class=\"base\"><span class=\"strut\" style=\"height:0.4306em;\"></span><span class=\"mord mathnormal\">n</span></span></span></span> 边形，暴力复杂度 <span class=\"katex\"><span class=\"katex-mathml\"><math xmlns=\"http://www.w3.org/1998/Math/MathML\"><semantics><mrow><mi>O</mi><mo stretchy=\"false\">(</mo><msup><mi>n</mi><mn>2</mn></msup><mo stretchy=\"false\">)</mo></mrow><annotation encoding=\"application/x-tex\">O(n^2)</annotation></semantics></math></span><span class=\"katex-html\" aria-hidden=\"true\"><span class=\"base\"><span class=\"strut\" style=\"height:1.0641em;vertical-align:-0.25em;\"></span><span class=\"mord mathnormal\" style=\"margin-right:0.02778em;\">O</span><span class=\"mopen\">(</span><span class=\"mord\"><span class=\"mord mathnormal\">n</span><span class=\"msupsub\"><span class=\"vlist-t\"><span class=\"vlist-r\"><span class=\"vlist\" style=\"height:0.8141em;\"><span style=\"top:-3.063em;margin-right:0.05em;\"><span class=\"pstrut\" style=\"height:2.7em;\"></span><span class=\"sizing reset-size6 size3 mtight\"><span class=\"mord mtight\">2</span></span></span></span></span></span></span></span><span class=\"mclose\">)</span></span></span></span> 。</p>\n<p>用 <span class=\"katex\"><span class=\"katex-mathml\"><math xmlns=\"http://www.w3.org/1998/Math/MathML\"><semantics><mrow><mi>n</mi></mrow><annotation encoding=\"application/x-tex\">n</annotation></semantics></math></span><span class=\"katex-html\" aria-hidden=\"true\"><span class=\"base\"><span class=\"strut\" style=\"height:0.4306em;\"></span><span class=\"mord mathnormal\">n</span></span></span></span> 个逆时针的向量表示每个凸多边形，把这些向量按极角排序，顺次相接，再平移一下，即得到它们的 Minkowski sum，复杂度 <span class=\"katex\"><span class=\"katex-mathml\"><math xmlns=\"http://www.w3.org/1998/Math/MathML\"><semantics><mrow><mi>O</mi><mo stretchy=\"false\">(</mo><mi>n</mi><mi>log</mi><mo>⁡</mo><mi>n</mi><mo stretchy=\"false\">)</mo></mrow><annotation encoding=\"application/x-tex\">O(n \\log n)</annotation></semantics></math></span><span class=\"katex-html\" aria-hidden=\"true\"><span class=\"base\"><span class=\"strut\" style=\"height:1em;vertical-align:-0.25em;\"></span><span class=\"mord mathnormal\" style=\"margin-right:0.02778em;\">O</span><span class=\"mopen\">(</span><span class=\"mord mathnormal\">n</span><span class=\"mspace\" style=\"margin-right:0.1667em;\"></span><span class=\"mop\">lo<span style=\"margin-right:0.01389em;\">g</span></span><span class=\"mspace\" style=\"margin-right:0.1667em;\"></span><span class=\"mord mathnormal\">n</span><span class=\"mclose\">)</span></span></span></span> 。</p>\n<p>我们可以先找到一个起点，然后对向量做以上操作，这样就不用平移了。一般 <span class=\"katex\"><span class=\"katex-mathml\"><math xmlns=\"http://www.w3.org/1998/Math/MathML\"><semantics><mrow><mi>y</mi></mrow><annotation encoding=\"application/x-tex\">y</annotation></semantics></math></span><span class=\"katex-html\" aria-hidden=\"true\"><span class=\"base\"><span class=\"strut\" style=\"height:0.625em;vertical-align:-0.1944em;\"></span><span class=\"mord mathnormal\" style=\"margin-right:0.03588em;\">y</span></span></span></span> 值最大的点（有多个则为它们中 <span class=\"katex\"><span class=\"katex-mathml\"><math xmlns=\"http://www.w3.org/1998/Math/MathML\"><semantics><mrow><mi>x</mi></mrow><annotation encoding=\"application/x-tex\">x</annotation></semantics></math></span><span class=\"katex-html\" aria-hidden=\"true\"><span class=\"base\"><span class=\"strut\" style=\"height:0.4306em;\"></span><span class=\"mord mathnormal\">x</span></span></span></span> 值最小的点）为起点，至于为什么取它为起点，看一看 <code>atan2()</code> 的取值就知道了。</p>\n<p>对于多个凸多边形，可以一起做。</p>\n<h2><a href=\"#回到问题\" aria-hidden=\"true\" class=\"anchor\" id=\"回到问题\"></a>回到问题</h2>\n<p>记两个凸多边形为 <span class=\"katex\"><span class=\"katex-mathml\"><math xmlns=\"http://www.w3.org/1998/Math/MathML\"><semantics><mrow><mi>A</mi></mrow><annotation encoding=\"application/x-tex\">A</annotation></semantics></math></span><span class=\"katex-html\" aria-hidden=\"true\"><span class=\"base\"><span class=\"strut\" style=\"height:0.6833em;\"></span><span class=\"mord mathnormal\">A</span></span></span></span>、<span class=\"katex\"><span class=\"katex-mathml\"><math xmlns=\"http://www.w3.org/1998/Math/MathML\"><semantics><mrow><mi>B</mi></mrow><annotation encoding=\"application/x-tex\">B</annotation></semantics></math></span><span class=\"katex-html\" aria-hidden=\"true\"><span class=\"base\"><span class=\"strut\" style=\"height:0.6833em;\"></span><span class=\"mord mathnormal\" style=\"margin-right:0.05017em;\">B</span></span></span></span>，发现合法中点的集合为 <span class=\"katex\"><span class=\"katex-mathml\"><math xmlns=\"http://www.w3.org/1998/Math/MathML\"><semantics><mrow><mfrac><mrow><mi>A</mi><mo>+</mo><mi>B</mi></mrow><mn>2</mn></mfrac></mrow><annotation encoding=\"application/x-tex\">\\frac{A + B}{2}</annotation></semantics></math></span><span class=\"katex-html\" aria-hidden=\"true\"><span class=\"base\"><span class=\"strut\" style=\"height:1.2173em;vertical-align:-0.345em;\"></span><span class=\"mord\"><span class=\"mopen nulldelimiter\"></span><span class=\"mfrac\"><span class=\"vlist-t vlist-t2\"><span class=\"vlist-r\"><span class=\"vlist\" style=\"height:0.8723em;\"><span style=\"top:-2.655em;\"><span class=\"pstrut\" style=\"height:3em;\"></span><span class=\"sizing reset-size6 size3 mtight\"><span class=\"mord mtight\"><span class=\"mord mtight\">2</span></span></span></span><span style=\"top:-3.23em;\"><span class=\"pstrut\" style=\"height:3em;\"></span><span class=\"frac-line\" style=\"border-bottom-width:0.04em;\"></span></span><span style=\"top:-3.394em;\"><span class=\"pstrut\" style=\"height:3em;\"></span><span class=\"sizing reset-size6 size3 mtight\"><span class=\"mord mtight\"><span class=\"mord mathnormal mtight\">A</span><span class=\"mbin mtight\">+</span><span class=\"mord mathnormal mtight\" style=\"margin-right:0.05017em;\">B</span></span></span></span></span><span class=\"vlist-s\">​</span></span><span class=\"vlist-r\"><span class=\"vlist\" style=\"height:0.345em;\"><span></span></span></span></span></span><span class=\"mclose nulldelimiter\"></span></span></span></span></span>，让询问点都 <span class=\"katex\"><span class=\"katex-mathml\"><math xmlns=\"http://www.w3.org/1998/Math/MathML\"><semantics><mrow><mo>×</mo><mn>2</mn></mrow><annotation encoding=\"application/x-tex\">\\times 2</annotation></semantics></math></span><span class=\"katex-html\" aria-hidden=\"true\"><span class=\"base\"><span class=\"strut\" style=\"height:0.7278em;vertical-align:-0.0833em;\"></span><span class=\"mord\">×</span><span class=\"mord\">2</span></span></span></span> ，判断是否在 Minkowski sum 内即可。</p>\n<p>两个凸 <span class=\"katex\"><span class=\"katex-mathml\"><math xmlns=\"http://www.w3.org/1998/Math/MathML\"><semantics><mrow><mi>n</mi></mrow><annotation encoding=\"application/x-tex\">n</annotation></semantics></math></span><span class=\"katex-html\" aria-hidden=\"true\"><span class=\"base\"><span class=\"strut\" style=\"height:0.4306em;\"></span><span class=\"mord mathnormal\">n</span></span></span></span> 边形的 Minkowski sum 也是凸多边形，点数在 <span class=\"katex\"><span class=\"katex-mathml\"><math xmlns=\"http://www.w3.org/1998/Math/MathML\"><semantics><mrow><mo stretchy=\"false\">[</mo><mi>n</mi><mo separator=\"true\">,</mo><mn>2</mn><mi>n</mi><mo stretchy=\"false\">]</mo></mrow><annotation encoding=\"application/x-tex\">[n, 2n]</annotation></semantics></math></span><span class=\"katex-html\" aria-hidden=\"true\"><span class=\"base\"><span class=\"strut\" style=\"height:1em;vertical-align:-0.25em;\"></span><span class=\"mopen\">[</span><span class=\"mord mathnormal\">n</span><span class=\"mpunct\">,</span><span class=\"mspace\" style=\"margin-right:0.1667em;\"></span><span class=\"mord\">2</span><span class=\"mord mathnormal\">n</span><span class=\"mclose\">]</span></span></span></span> 内。复杂度 <span class=\"katex\"><span class=\"katex-mathml\"><math xmlns=\"http://www.w3.org/1998/Math/MathML\"><semantics><mrow><mi>O</mi><mo stretchy=\"false\">(</mo><mi>n</mi><mi>log</mi><mo>⁡</mo><mi>n</mi><mo>+</mo><mi>n</mi><mi>q</mi><mo stretchy=\"false\">)</mo></mrow><annotation encoding=\"application/x-tex\">O(n \\log n + nq)</annotation></semantics></math></span><span class=\"katex-html\" aria-hidden=\"true\"><span class=\"base\"><span class=\"strut\" style=\"height:1em;vertical-align:-0.25em;\"></span><span class=\"mord mathnormal\" style=\"margin-right:0.02778em;\">O</span><span class=\"mopen\">(</span><span class=\"mord mathnormal\">n</span><span class=\"mspace\" style=\"margin-right:0.1667em;\"></span><span class=\"mop\">lo<span style=\"margin-right:0.01389em;\">g</span></span><span class=\"mspace\" style=\"margin-right:0.1667em;\"></span><span class=\"mord mathnormal\">n</span><span class=\"mspace\" style=\"margin-right:0.2222em;\"></span><span class=\"mbin\">+</span><span class=\"mspace\" style=\"margin-right:0.2222em;\"></span></span><span class=\"base\"><span class=\"strut\" style=\"height:1em;vertical-align:-0.25em;\"></span><span class=\"mord mathnormal\">n</span><span class=\"mord mathnormal\" style=\"margin-right:0.03588em;\">q</span><span class=\"mclose\">)</span></span></span></span> 。（但似乎实际比较快？）</p>\n<h2><a href=\"#问题代码\" aria-hidden=\"true\" class=\"anchor\" id=\"问题代码\"></a>问题代码</h2>\n<pre style=\"background-color:#2b303b;\"><code class=\"language-c++\">\n<span style=\"color:#b48ead;\">#include </span><span style=\"color:#c0c5ce;\">&lt;</span><span style=\"color:#a3be8c;\">cstdio</span><span style=\"color:#c0c5ce;\">&gt;\n</span><span style=\"color:#b48ead;\">#include </span><span style=\"color:#c0c5ce;\">&lt;</span><span style=\"color:#a3be8c;\">cmath</span><span style=\"color:#c0c5ce;\">&gt;\n</span><span style=\"color:#b48ead;\">#include </span><span style=\"color:#c0c5ce;\">&lt;</span><span style=\"color:#a3be8c;\">vector</span><span style=\"color:#c0c5ce;\">&gt;\n</span><span style=\"color:#b48ead;\">#include </span><span style=\"color:#c0c5ce;\">&lt;</span><span style=\"color:#a3be8c;\">algorithm</span><span style=\"color:#c0c5ce;\">&gt;\n</span><span style=\"color:#b48ead;\">const int</span><span style=\"color:#c0c5ce;\"> MAXN = </span><span style=\"color:#d08770;\">100005</span><span style=\"color:#c0c5ce;\">;\n</span><span style=\"color:#b48ead;\">const double</span><span style=\"color:#c0c5ce;\"> EPS = </span><span style=\"color:#d08770;\">1e-9</span><span style=\"color:#c0c5ce;\">;\n</span><span style=\"color:#b48ead;\">int </span><span style=\"color:#8fa1b3;\">dcmp</span><span style=\"color:#c0c5ce;\">(</span><span style=\"color:#b48ead;\">double </span><span style=\"color:#bf616a;\">x</span><span style=\"color:#c0c5ce;\">) {\n</span><span style=\"color:#c0c5ce;\">    </span><span style=\"color:#b48ead;\">if </span><span style=\"color:#c0c5ce;\">(</span><span style=\"color:#96b5b4;\">fabs</span><span style=\"color:#c0c5ce;\">(x) &lt;= EPS) </span><span style=\"color:#b48ead;\">return </span><span style=\"color:#d08770;\">0</span><span style=\"color:#c0c5ce;\">;\n</span><span style=\"color:#c0c5ce;\">    </span><span style=\"color:#b48ead;\">return</span><span style=\"color:#c0c5ce;\"> x &gt; EPS ? </span><span style=\"color:#d08770;\">1 </span><span style=\"color:#c0c5ce;\">: -</span><span style=\"color:#d08770;\">1</span><span style=\"color:#c0c5ce;\">;\n</span><span style=\"color:#c0c5ce;\">}\n</span><span style=\"color:#b48ead;\">struct </span><span style=\"color:#c0c5ce;\">Point {\n</span><span style=\"color:#c0c5ce;\">    </span><span style=\"color:#b48ead;\">double</span><span style=\"color:#c0c5ce;\"> x, y;\n</span><span style=\"color:#c0c5ce;\">    </span><span style=\"color:#8fa1b3;\">Point</span><span style=\"color:#c0c5ce;\">(</span><span style=\"color:#b48ead;\">double </span><span style=\"color:#bf616a;\">x </span><span style=\"color:#c0c5ce;\">= </span><span style=\"color:#d08770;\">0</span><span style=\"color:#c0c5ce;\">, </span><span style=\"color:#b48ead;\">double </span><span style=\"color:#bf616a;\">y </span><span style=\"color:#c0c5ce;\">= </span><span style=\"color:#d08770;\">0</span><span style=\"color:#c0c5ce;\">) : </span><span style=\"color:#bf616a;\">x</span><span style=\"color:#c0c5ce;\">(x), </span><span style=\"color:#bf616a;\">y</span><span style=\"color:#c0c5ce;\">(y) {}\n</span><span style=\"color:#c0c5ce;\">    </span><span style=\"color:#b48ead;\">bool </span><span style=\"color:#8fa1b3;\">operator&lt;</span><span style=\"color:#c0c5ce;\">(</span><span style=\"color:#b48ead;\">const</span><span style=\"color:#c0c5ce;\"> Point &amp;</span><span style=\"color:#bf616a;\">another</span><span style=\"color:#c0c5ce;\">) </span><span style=\"color:#b48ead;\">const </span><span style=\"color:#c0c5ce;\">{\n</span><span style=\"color:#c0c5ce;\">        </span><span style=\"color:#b48ead;\">return </span><span style=\"color:#96b5b4;\">atan2</span><span style=\"color:#c0c5ce;\">(y, x) &lt; </span><span style=\"color:#96b5b4;\">atan2</span><span style=\"color:#c0c5ce;\">(another.</span><span style=\"color:#bf616a;\">y</span><span style=\"color:#c0c5ce;\">, another.</span><span style=\"color:#bf616a;\">x</span><span style=\"color:#c0c5ce;\">);\n</span><span style=\"color:#c0c5ce;\">    }\n</span><span style=\"color:#c0c5ce;\">    </span><span style=\"color:#b48ead;\">friend</span><span style=\"color:#c0c5ce;\"> Point </span><span style=\"color:#b48ead;\">operator</span><span style=\"color:#c0c5ce;\">+(</span><span style=\"color:#b48ead;\">const</span><span style=\"color:#c0c5ce;\"> Point &amp;a, </span><span style=\"color:#b48ead;\">const</span><span style=\"color:#c0c5ce;\"> Point &amp;b) {\n</span><span style=\"color:#c0c5ce;\">        </span><span style=\"color:#b48ead;\">return </span><span style=\"color:#8fa1b3;\">Point</span><span style=\"color:#c0c5ce;\">(a.</span><span style=\"color:#bf616a;\">x </span><span style=\"color:#c0c5ce;\">+ b.</span><span style=\"color:#bf616a;\">x</span><span style=\"color:#c0c5ce;\">, a.</span><span style=\"color:#bf616a;\">y </span><span style=\"color:#c0c5ce;\">+ b.</span><span style=\"color:#bf616a;\">y</span><span style=\"color:#c0c5ce;\">);\n</span><span style=\"color:#c0c5ce;\">    }\n</span><span style=\"color:#c0c5ce;\">    </span><span style=\"color:#b48ead;\">friend</span><span style=\"color:#c0c5ce;\"> Point </span><span style=\"color:#b48ead;\">operator</span><span style=\"color:#c0c5ce;\">-(</span><span style=\"color:#b48ead;\">const</span><span style=\"color:#c0c5ce;\"> Point &amp;a, </span><span style=\"color:#b48ead;\">const</span><span style=\"color:#c0c5ce;\"> Point &amp;b) {\n</span><span style=\"color:#c0c5ce;\">        </span><span style=\"color:#b48ead;\">return </span><span style=\"color:#8fa1b3;\">Point</span><span style=\"color:#c0c5ce;\">(a.</span><span style=\"color:#bf616a;\">x </span><span style=\"color:#c0c5ce;\">- b.</span><span style=\"color:#bf616a;\">x</span><span style=\"color:#c0c5ce;\">, a.</span><span style=\"color:#bf616a;\">y </span><span style=\"color:#c0c5ce;\">- b.</span><span style=\"color:#bf616a;\">y</span><span style=\"color:#c0c5ce;\">);\n</span><span style=\"color:#c0c5ce;\">    }\n</span><span style=\"color:#c0c5ce;\">    </span><span style=\"color:#b48ead;\">friend double</span><span style=\"color:#c0c5ce;\"> cross(</span><span style=\"color:#b48ead;\">const</span><span style=\"color:#c0c5ce;\"> Point &amp;a, </span><span style=\"color:#b48ead;\">const</span><span style=\"color:#c0c5ce;\"> Point &amp;b) {\n</span><span style=\"color:#c0c5ce;\">        </span><span style=\"color:#b48ead;\">return</span><span style=\"color:#c0c5ce;\"> a.</span><span style=\"color:#bf616a;\">x </span><span style=\"color:#c0c5ce;\">* b.</span><span style=\"color:#bf616a;\">y </span><span style=\"color:#c0c5ce;\">- a.</span><span style=\"color:#bf616a;\">y </span><span style=\"color:#c0c5ce;\">* b.</span><span style=\"color:#bf616a;\">x</span><span style=\"color:#c0c5ce;\">;\n</span><span style=\"color:#c0c5ce;\">    }\n</span><span style=\"color:#c0c5ce;\">    </span><span style=\"color:#b48ead;\">friend double</span><span style=\"color:#c0c5ce;\"> dot(</span><span style=\"color:#b48ead;\">const</span><span style=\"color:#c0c5ce;\"> Point &amp;a, </span><span style=\"color:#b48ead;\">const</span><span style=\"color:#c0c5ce;\"> Point &amp;b) {\n</span><span style=\"color:#c0c5ce;\">        </span><span style=\"color:#b48ead;\">return</span><span style=\"color:#c0c5ce;\"> a.</span><span style=\"color:#bf616a;\">x </span><span style=\"color:#c0c5ce;\">* b.</span><span style=\"color:#bf616a;\">x </span><span style=\"color:#c0c5ce;\">+ a.</span><span style=\"color:#bf616a;\">y </span><span style=\"color:#c0c5ce;\">* b.</span><span style=\"color:#bf616a;\">y</span><span style=\"color:#c0c5ce;\">;\n</span><span style=\"color:#c0c5ce;\">    }\n</span><span style=\"color:#c0c5ce;\">};\n</span><span style=\"color:#b48ead;\">bool </span><span style=\"color:#8fa1b3;\">isPointOnSegment</span><span style=\"color:#c0c5ce;\">(</span><span style=\"color:#b48ead;\">const</span><span style=\"color:#c0c5ce;\"> Point &amp;</span><span style=\"color:#bf616a;\">p</span><span style=\"color:#c0c5ce;\">, </span><span style=\"color:#b48ead;\">const</span><span style=\"color:#c0c5ce;\"> Point &amp;</span><span style=\"color:#bf616a;\">s</span><span style=\"color:#c0c5ce;\">, </span><span style=\"color:#b48ead;\">const</span><span style=\"color:#c0c5ce;\"> Point &amp;</span><span style=\"color:#bf616a;\">t</span><span style=\"color:#c0c5ce;\">) {\n</span><span style=\"color:#c0c5ce;\">    </span><span style=\"color:#b48ead;\">return </span><span style=\"color:#8fa1b3;\">dcmp</span><span style=\"color:#c0c5ce;\">(</span><span style=\"color:#8fa1b3;\">cross</span><span style=\"color:#c0c5ce;\">(s - p, t - p)) == </span><span style=\"color:#d08770;\">0 </span><span style=\"color:#c0c5ce;\">&amp;&amp; </span><span style=\"color:#8fa1b3;\">dcmp</span><span style=\"color:#c0c5ce;\">(</span><span style=\"color:#8fa1b3;\">dot</span><span style=\"color:#c0c5ce;\">(s - p, t - p)) &lt;= </span><span style=\"color:#d08770;\">0</span><span style=\"color:#c0c5ce;\">;\n</span><span style=\"color:#c0c5ce;\">}\n</span><span style=\"color:#b48ead;\">struct </span><span style=\"color:#c0c5ce;\">Poly {\n</span><span style=\"color:#c0c5ce;\">    std::vector&lt;Point&gt; P;\n</span><span style=\"color:#c0c5ce;\">    </span><span style=\"color:#b48ead;\">int </span><span style=\"color:#8fa1b3;\">size</span><span style=\"color:#c0c5ce;\">() </span><span style=\"color:#b48ead;\">const </span><span style=\"color:#c0c5ce;\">{\n</span><span style=\"color:#c0c5ce;\">        </span><span style=\"color:#b48ead;\">return</span><span style=\"color:#c0c5ce;\"> P.</span><span style=\"color:#8fa1b3;\">size</span><span style=\"color:#c0c5ce;\">();\n</span><span style=\"color:#c0c5ce;\">    }\n</span><span style=\"color:#c0c5ce;\">    Point </span><span style=\"color:#8fa1b3;\">operator[]</span><span style=\"color:#c0c5ce;\">(</span><span style=\"color:#b48ead;\">int </span><span style=\"color:#bf616a;\">i</span><span style=\"color:#c0c5ce;\">) </span><span style=\"color:#b48ead;\">const </span><span style=\"color:#c0c5ce;\">{\n</span><span style=\"color:#c0c5ce;\">        </span><span style=\"color:#b48ead;\">return</span><span style=\"color:#c0c5ce;\"> P[i];\n</span><span style=\"color:#c0c5ce;\">    }\n</span><span style=\"color:#c0c5ce;\">\t</span><span style=\"color:#b48ead;\">bool </span><span style=\"color:#8fa1b3;\">doseContain</span><span style=\"color:#c0c5ce;\">(</span><span style=\"color:#b48ead;\">const</span><span style=\"color:#c0c5ce;\"> Point &amp;</span><span style=\"color:#bf616a;\">p</span><span style=\"color:#c0c5ce;\">) {\n</span><span style=\"color:#c0c5ce;\">        </span><span style=\"color:#b48ead;\">int</span><span style=\"color:#c0c5ce;\"> windingNum = </span><span style=\"color:#d08770;\">0</span><span style=\"color:#c0c5ce;\">;\n</span><span style=\"color:#c0c5ce;\">        </span><span style=\"color:#b48ead;\">for </span><span style=\"color:#c0c5ce;\">(</span><span style=\"color:#b48ead;\">int</span><span style=\"color:#c0c5ce;\"> i = </span><span style=\"color:#d08770;\">0</span><span style=\"color:#c0c5ce;\">; i &lt; </span><span style=\"color:#8fa1b3;\">size</span><span style=\"color:#c0c5ce;\">(); i++) {\n</span><span style=\"color:#c0c5ce;\">            </span><span style=\"color:#b48ead;\">if </span><span style=\"color:#c0c5ce;\">(</span><span style=\"color:#8fa1b3;\">isPointOnSegment</span><span style=\"color:#c0c5ce;\">(p, P[i], P[(i + </span><span style=\"color:#d08770;\">1</span><span style=\"color:#c0c5ce;\">) % </span><span style=\"color:#8fa1b3;\">size</span><span style=\"color:#c0c5ce;\">()])) </span><span style=\"color:#b48ead;\">return </span><span style=\"color:#d08770;\">true</span><span style=\"color:#c0c5ce;\">;\n</span><span style=\"color:#c0c5ce;\">            </span><span style=\"color:#b48ead;\">int</span><span style=\"color:#c0c5ce;\"> k = </span><span style=\"color:#8fa1b3;\">dcmp</span><span style=\"color:#c0c5ce;\">(</span><span style=\"color:#8fa1b3;\">cross</span><span style=\"color:#c0c5ce;\">(P[(i + </span><span style=\"color:#d08770;\">1</span><span style=\"color:#c0c5ce;\">) % </span><span style=\"color:#8fa1b3;\">size</span><span style=\"color:#c0c5ce;\">()] - P[i], p - P[i]));\n</span><span style=\"color:#c0c5ce;\">            </span><span style=\"color:#b48ead;\">int</span><span style=\"color:#c0c5ce;\"> d1 = </span><span style=\"color:#8fa1b3;\">dcmp</span><span style=\"color:#c0c5ce;\">(P[i].</span><span style=\"color:#bf616a;\">y </span><span style=\"color:#c0c5ce;\">- p.</span><span style=\"color:#bf616a;\">y</span><span style=\"color:#c0c5ce;\">);\n</span><span style=\"color:#c0c5ce;\">            </span><span style=\"color:#b48ead;\">int</span><span style=\"color:#c0c5ce;\"> d2 = </span><span style=\"color:#8fa1b3;\">dcmp</span><span style=\"color:#c0c5ce;\">(P[(i + </span><span style=\"color:#d08770;\">1</span><span style=\"color:#c0c5ce;\">) % </span><span style=\"color:#8fa1b3;\">size</span><span style=\"color:#c0c5ce;\">()].</span><span style=\"color:#bf616a;\">y </span><span style=\"color:#c0c5ce;\">- p.</span><span style=\"color:#bf616a;\">y</span><span style=\"color:#c0c5ce;\">);\n</span><span style=\"color:#c0c5ce;\">            </span><span style=\"color:#b48ead;\">if </span><span style=\"color:#c0c5ce;\">(k &gt; </span><span style=\"color:#d08770;\">0 </span><span style=\"color:#c0c5ce;\">&amp;&amp; d1 &lt;= </span><span style=\"color:#d08770;\">0 </span><span style=\"color:#c0c5ce;\">&amp;&amp; d2 &gt; </span><span style=\"color:#d08770;\">0</span><span style=\"color:#c0c5ce;\">) windingNum++;\n</span><span style=\"color:#c0c5ce;\">            </span><span style=\"color:#b48ead;\">if </span><span style=\"color:#c0c5ce;\">(k &lt; </span><span style=\"color:#d08770;\">0 </span><span style=\"color:#c0c5ce;\">&amp;&amp; d2 &lt;= </span><span style=\"color:#d08770;\">0 </span><span style=\"color:#c0c5ce;\">&amp;&amp; d1 &gt; </span><span style=\"color:#d08770;\">0</span><span style=\"color:#c0c5ce;\">) windingNum--;\n</span><span style=\"color:#c0c5ce;\">        }\n</span><span style=\"color:#c0c5ce;\">        </span><span style=\"color:#b48ead;\">return</span><span style=\"color:#c0c5ce;\"> windingNum;\n</span><span style=\"color:#c0c5ce;\">    }\n</span><span style=\"color:#c0c5ce;\">};\n</span><span style=\"color:#b48ead;\">int </span><span style=\"color:#8fa1b3;\">main</span><span style=\"color:#c0c5ce;\">() {\n</span><span style=\"color:#c0c5ce;\">    Point top[</span><span style=\"color:#d08770;\">2</span><span style=\"color:#c0c5ce;\">];\n</span><span style=\"color:#c0c5ce;\">    </span><span style=\"color:#b48ead;\">static</span><span style=\"color:#c0c5ce;\"> std::vector&lt;Point&gt; vec;\n</span><span style=\"color:#c0c5ce;\">    </span><span style=\"color:#b48ead;\">for </span><span style=\"color:#c0c5ce;\">(</span><span style=\"color:#b48ead;\">int</span><span style=\"color:#c0c5ce;\"> i = </span><span style=\"color:#d08770;\">0</span><span style=\"color:#c0c5ce;\">; i &lt; </span><span style=\"color:#d08770;\">2</span><span style=\"color:#c0c5ce;\">; i++) {\n</span><span style=\"color:#c0c5ce;\">        </span><span style=\"color:#b48ead;\">int</span><span style=\"color:#c0c5ce;\"> n;\n</span><span style=\"color:#c0c5ce;\">        </span><span style=\"color:#96b5b4;\">scanf</span><span style=\"color:#c0c5ce;\">(&quot;</span><span style=\"color:#d08770;\">%d</span><span style=\"color:#c0c5ce;\">&quot;, &amp;n);\n</span><span style=\"color:#c0c5ce;\">        Point first, last, curr;\n</span><span style=\"color:#c0c5ce;\">        </span><span style=\"color:#96b5b4;\">scanf</span><span style=\"color:#c0c5ce;\">(&quot;</span><span style=\"color:#d08770;\">%lf %lf</span><span style=\"color:#c0c5ce;\">&quot;, &amp;last.</span><span style=\"color:#bf616a;\">x</span><span style=\"color:#c0c5ce;\">, &amp;last.</span><span style=\"color:#bf616a;\">y</span><span style=\"color:#c0c5ce;\">);\n</span><span style=\"color:#c0c5ce;\">        top[i] = first = last;\n</span><span style=\"color:#c0c5ce;\">        </span><span style=\"color:#b48ead;\">for </span><span style=\"color:#c0c5ce;\">(</span><span style=\"color:#b48ead;\">int</span><span style=\"color:#c0c5ce;\"> j = </span><span style=\"color:#d08770;\">1</span><span style=\"color:#c0c5ce;\">; j &lt; n; j++) {\n</span><span style=\"color:#c0c5ce;\">            </span><span style=\"color:#96b5b4;\">scanf</span><span style=\"color:#c0c5ce;\">(&quot;</span><span style=\"color:#d08770;\">%lf %lf</span><span style=\"color:#c0c5ce;\">&quot;, &amp;curr.</span><span style=\"color:#bf616a;\">x</span><span style=\"color:#c0c5ce;\">, &amp;curr.</span><span style=\"color:#bf616a;\">y</span><span style=\"color:#c0c5ce;\">);\n</span><span style=\"color:#c0c5ce;\">            vec.</span><span style=\"color:#8fa1b3;\">push_back</span><span style=\"color:#c0c5ce;\">(curr - last);\n</span><span style=\"color:#c0c5ce;\">            last = curr;\n</span><span style=\"color:#c0c5ce;\">            </span><span style=\"color:#b48ead;\">if </span><span style=\"color:#c0c5ce;\">(</span><span style=\"color:#8fa1b3;\">dcmp</span><span style=\"color:#c0c5ce;\">(curr.</span><span style=\"color:#bf616a;\">y </span><span style=\"color:#c0c5ce;\">- top[i].</span><span style=\"color:#bf616a;\">y</span><span style=\"color:#c0c5ce;\">) &gt; </span><span style=\"color:#d08770;\">0 </span><span style=\"color:#c0c5ce;\">|| (</span><span style=\"color:#8fa1b3;\">dcmp</span><span style=\"color:#c0c5ce;\">(curr.</span><span style=\"color:#bf616a;\">y </span><span style=\"color:#c0c5ce;\">- top[i].</span><span style=\"color:#bf616a;\">y</span><span style=\"color:#c0c5ce;\">) == </span><span style=\"color:#d08770;\">0 </span><span style=\"color:#c0c5ce;\">&amp;&amp; </span><span style=\"color:#8fa1b3;\">dcmp</span><span style=\"color:#c0c5ce;\">(curr.</span><span style=\"color:#bf616a;\">x </span><span style=\"color:#c0c5ce;\">- top[i].</span><span style=\"color:#bf616a;\">x</span><span style=\"color:#c0c5ce;\">) &lt; </span><span style=\"color:#d08770;\">0</span><span style=\"color:#c0c5ce;\">))\n</span><span style=\"color:#c0c5ce;\">                top[i] = curr;\n</span><span style=\"color:#c0c5ce;\">        }\n</span><span style=\"color:#c0c5ce;\">        vec.</span><span style=\"color:#8fa1b3;\">push_back</span><span style=\"color:#c0c5ce;\">(first - last);\n</span><span style=\"color:#c0c5ce;\">    }\n</span><span style=\"color:#c0c5ce;\">    </span><span style=\"color:#8fa1b3;\">std::sort</span><span style=\"color:#c0c5ce;\">(vec.</span><span style=\"color:#8fa1b3;\">begin</span><span style=\"color:#c0c5ce;\">(), vec.</span><span style=\"color:#8fa1b3;\">end</span><span style=\"color:#c0c5ce;\">());\n</span><span style=\"color:#c0c5ce;\">    Point start = top[</span><span style=\"color:#d08770;\">0</span><span style=\"color:#c0c5ce;\">] + top[</span><span style=\"color:#d08770;\">1</span><span style=\"color:#c0c5ce;\">];\n</span><span style=\"color:#c0c5ce;\">    Poly poly;\n</span><span style=\"color:#c0c5ce;\">    </span><span style=\"color:#b48ead;\">for </span><span style=\"color:#c0c5ce;\">(</span><span style=\"color:#b48ead;\">int</span><span style=\"color:#c0c5ce;\"> i = </span><span style=\"color:#d08770;\">0</span><span style=\"color:#c0c5ce;\">; i &lt; vec.</span><span style=\"color:#8fa1b3;\">size</span><span style=\"color:#c0c5ce;\">(); i++) {\n</span><span style=\"color:#c0c5ce;\">        poly.</span><span style=\"color:#bf616a;\">P</span><span style=\"color:#c0c5ce;\">.</span><span style=\"color:#8fa1b3;\">push_back</span><span style=\"color:#c0c5ce;\">(temp + vec[i]);\n</span><span style=\"color:#c0c5ce;\">        temp = temp + vec[i];\n</span><span style=\"color:#c0c5ce;\">    }\n</span><span style=\"color:#c0c5ce;\">    </span><span style=\"color:#b48ead;\">int</span><span style=\"color:#c0c5ce;\"> q;\n</span><span style=\"color:#c0c5ce;\">    </span><span style=\"color:#96b5b4;\">scanf</span><span style=\"color:#c0c5ce;\">(&quot;</span><span style=\"color:#d08770;\">%d</span><span style=\"color:#c0c5ce;\">&quot;, &amp;q);\n</span><span style=\"color:#c0c5ce;\">    </span><span style=\"color:#b48ead;\">while </span><span style=\"color:#c0c5ce;\">(q--) {\n</span><span style=\"color:#c0c5ce;\">        </span><span style=\"color:#b48ead;\">int</span><span style=\"color:#c0c5ce;\"> x, y;\n</span><span style=\"color:#c0c5ce;\">        </span><span style=\"color:#96b5b4;\">scanf</span><span style=\"color:#c0c5ce;\">(&quot;</span><span style=\"color:#d08770;\">%d %d</span><span style=\"color:#c0c5ce;\">&quot;, &amp;x, &amp;y);\n</span><span style=\"color:#c0c5ce;\">        </span><span style=\"color:#96b5b4;\">puts</span><span style=\"color:#c0c5ce;\">(poly.</span><span style=\"color:#8fa1b3;\">doseContain</span><span style=\"color:#c0c5ce;\">(</span><span style=\"color:#8fa1b3;\">Point</span><span style=\"color:#c0c5ce;\">(x &lt;&lt; </span><span style=\"color:#d08770;\">1</span><span style=\"color:#c0c5ce;\">, y &lt;&lt; </span><span style=\"color:#d08770;\">1</span><span style=\"color:#c0c5ce;\">)) ? &quot;</span><span style=\"color:#a3be8c;\">YES</span><span style=\"color:#c0c5ce;\">&quot; : &quot;</span><span style=\"color:#a3be8c;\">NO</span><span style=\"color:#c0c5ce;\">&quot;);\n</span><span style=\"color:#c0c5ce;\">    }\n</span><span style=\"color:#c0c5ce;\">    </span><span style=\"color:#b48ead;\">return </span><span style=\"color:#d08770;\">0</span><span style=\"color:#c0c5ce;\">;\n</span><span style=\"color:#c0c5ce;\">}\n</span>\n</code></pre>\n<h2><a href=\"#说点别的应该-oi-无关\" aria-hidden=\"true\" class=\"anchor\" id=\"说点别的应该-oi-无关\"></a>说点别的（应该 OI 无关）</h2>\n<p>与 Minkowski sum 对应的，有一个 Minkowski difference（闵可夫斯基差）：</p>\n<p class='katex-block'><span class=\"katex-display\"><span class=\"katex\"><span class=\"katex-mathml\"><math xmlns=\"http://www.w3.org/1998/Math/MathML\" display=\"block\"><semantics><mrow><mi>A</mi><mo>−</mo><mi>B</mi><mo>=</mo><mo stretchy=\"false\">{</mo><mi mathvariant=\"bold\">v</mi><mi mathvariant=\"normal\">∣</mi><mi mathvariant=\"bold\">v</mi><mo>+</mo><mi>B</mi><mo>⊆</mo><mi>A</mi><mo stretchy=\"false\">}</mo></mrow><annotation encoding=\"application/x-tex\">\nA - B = \\{\\mathbf{v} | \\mathbf{v} + B \\subseteq A\\}\n</annotation></semantics></math></span><span class=\"katex-html\" aria-hidden=\"true\"><span class=\"base\"><span class=\"strut\" style=\"height:0.7667em;vertical-align:-0.0833em;\"></span><span class=\"mord mathnormal\">A</span><span class=\"mspace\" style=\"margin-right:0.2222em;\"></span><span class=\"mbin\">−</span><span class=\"mspace\" style=\"margin-right:0.2222em;\"></span></span><span class=\"base\"><span class=\"strut\" style=\"height:0.6833em;\"></span><span class=\"mord mathnormal\" style=\"margin-right:0.05017em;\">B</span><span class=\"mspace\" style=\"margin-right:0.2778em;\"></span><span class=\"mrel\">=</span><span class=\"mspace\" style=\"margin-right:0.2778em;\"></span></span><span class=\"base\"><span class=\"strut\" style=\"height:1em;vertical-align:-0.25em;\"></span><span class=\"mopen\">{</span><span class=\"mord mathbf\" style=\"margin-right:0.01597em;\">v</span><span class=\"mord\">∣</span><span class=\"mord mathbf\" style=\"margin-right:0.01597em;\">v</span><span class=\"mspace\" style=\"margin-right:0.2222em;\"></span><span class=\"mbin\">+</span><span class=\"mspace\" style=\"margin-right:0.2222em;\"></span></span><span class=\"base\"><span class=\"strut\" style=\"height:0.8193em;vertical-align:-0.136em;\"></span><span class=\"mord mathnormal\" style=\"margin-right:0.05017em;\">B</span><span class=\"mspace\" style=\"margin-right:0.2778em;\"></span><span class=\"mrel\">⊆</span><span class=\"mspace\" style=\"margin-right:0.2778em;\"></span></span><span class=\"base\"><span class=\"strut\" style=\"height:1em;vertical-align:-0.25em;\"></span><span class=\"mord mathnormal\">A</span><span class=\"mclose\">}</span></span></span></span></span></p>\n并不存在 <span class=\"katex\"><span class=\"katex-mathml\"><math xmlns=\"http://www.w3.org/1998/Math/MathML\"><semantics><mrow><mi>A</mi><mo>−</mo><mi>B</mi><mo>=</mo><mi>A</mi><mo>+</mo><mo stretchy=\"false\">(</mo><mo>−</mo><mi>B</mi><mo stretchy=\"false\">)</mo></mrow><annotation encoding=\"application/x-tex\">A - B = A + (-B)</annotation></semantics></math></span><span class=\"katex-html\" aria-hidden=\"true\"><span class=\"base\"><span class=\"strut\" style=\"height:0.7667em;vertical-align:-0.0833em;\"></span><span class=\"mord mathnormal\">A</span><span class=\"mspace\" style=\"margin-right:0.2222em;\"></span><span class=\"mbin\">−</span><span class=\"mspace\" style=\"margin-right:0.2222em;\"></span></span><span class=\"base\"><span class=\"strut\" style=\"height:0.6833em;\"></span><span class=\"mord mathnormal\" style=\"margin-right:0.05017em;\">B</span><span class=\"mspace\" style=\"margin-right:0.2778em;\"></span><span class=\"mrel\">=</span><span class=\"mspace\" style=\"margin-right:0.2778em;\"></span></span><span class=\"base\"><span class=\"strut\" style=\"height:0.7667em;vertical-align:-0.0833em;\"></span><span class=\"mord mathnormal\">A</span><span class=\"mspace\" style=\"margin-right:0.2222em;\"></span><span class=\"mbin\">+</span><span class=\"mspace\" style=\"margin-right:0.2222em;\"></span></span><span class=\"base\"><span class=\"strut\" style=\"height:1em;vertical-align:-0.25em;\"></span><span class=\"mopen\">(</span><span class=\"mord\">−</span><span class=\"mord mathnormal\" style=\"margin-right:0.05017em;\">B</span><span class=\"mclose\">)</span></span></span></span>。\n<p>考虑给出一个房间和一个类似于扫地机器人之类的东西的形状，求机器人能走到的位置集合，用机器人上一点 <span class=\"katex\"><span class=\"katex-mathml\"><math xmlns=\"http://www.w3.org/1998/Math/MathML\"><semantics><mrow><mi>P</mi></mrow><annotation encoding=\"application/x-tex\">P</annotation></semantics></math></span><span class=\"katex-html\" aria-hidden=\"true\"><span class=\"base\"><span class=\"strut\" style=\"height:0.6833em;\"></span><span class=\"mord mathnormal\" style=\"margin-right:0.13889em;\">P</span></span></span></span> 的范围表示，答案就是它们的 Minkowski difference ，其中要以 <span class=\"katex\"><span class=\"katex-mathml\"><math xmlns=\"http://www.w3.org/1998/Math/MathML\"><semantics><mrow><mi>P</mi></mrow><annotation encoding=\"application/x-tex\">P</annotation></semantics></math></span><span class=\"katex-html\" aria-hidden=\"true\"><span class=\"base\"><span class=\"strut\" style=\"height:0.6833em;\"></span><span class=\"mord mathnormal\" style=\"margin-right:0.13889em;\">P</span></span></span></span> 作为坐标原点。</p>\n"}