{"title":"[POJ 2774] Long Long Message","tags":["字符串","后缀数组"],"create_time":1492207982,"last_modified":1596726945,"toc":"<ol><li><a href=\"#题目大意\">题目大意</a></li><li><a href=\"#题目链接\">题目链接</a></li><li><a href=\"#题解\">题解</a></li><li><a href=\"#代码\">代码</a></li>","html":"<h2><a href=\"#题目大意\" aria-hidden=\"true\" class=\"anchor\" id=\"题目大意\"></a>题目大意</h2>\n<p>给定两个字符串 <span class=\"katex\"><span class=\"katex-mathml\"><math xmlns=\"http://www.w3.org/1998/Math/MathML\"><semantics><mrow><mi>S</mi></mrow><annotation encoding=\"application/x-tex\">S</annotation></semantics></math></span><span class=\"katex-html\" aria-hidden=\"true\"><span class=\"base\"><span class=\"strut\" style=\"height:0.6833em;\"></span><span class=\"mord mathnormal\" style=\"margin-right:0.05764em;\">S</span></span></span></span>、<span class=\"katex\"><span class=\"katex-mathml\"><math xmlns=\"http://www.w3.org/1998/Math/MathML\"><semantics><mrow><mi>T</mi></mrow><annotation encoding=\"application/x-tex\">T</annotation></semantics></math></span><span class=\"katex-html\" aria-hidden=\"true\"><span class=\"base\"><span class=\"strut\" style=\"height:0.6833em;\"></span><span class=\"mord mathnormal\" style=\"margin-right:0.13889em;\">T</span></span></span></span>。求两个字符串的最长公共字串。</p>\n<p><span class=\"katex\"><span class=\"katex-mathml\"><math xmlns=\"http://www.w3.org/1998/Math/MathML\"><semantics><mrow><mn>1</mn><mo>⩽</mo><mi mathvariant=\"normal\">∣</mi><mi>S</mi><mi mathvariant=\"normal\">∣</mi><mo separator=\"true\">,</mo><mtext>  </mtext><mi mathvariant=\"normal\">∣</mi><mi>T</mi><mi mathvariant=\"normal\">∣</mi><mo>⩽</mo><mn>10</mn><mo separator=\"true\">,</mo><mn>000</mn></mrow><annotation encoding=\"application/x-tex\">1 \\leqslant |S|, ; |T| \\leqslant 10,000</annotation></semantics></math></span><span class=\"katex-html\" aria-hidden=\"true\"><span class=\"base\"><span class=\"strut\" style=\"height:0.7811em;vertical-align:-0.1367em;\"></span><span class=\"mord\">1</span><span class=\"mspace\" style=\"margin-right:0.2778em;\"></span><span class=\"mrel amsrm\">⩽</span><span class=\"mspace\" style=\"margin-right:0.2778em;\"></span></span><span class=\"base\"><span class=\"strut\" style=\"height:1em;vertical-align:-0.25em;\"></span><span class=\"mord\">∣</span><span class=\"mord mathnormal\" style=\"margin-right:0.05764em;\">S</span><span class=\"mord\">∣</span><span class=\"mpunct\">,</span><span class=\"mspace\" style=\"margin-right:0.2778em;\"></span><span class=\"mspace\" style=\"margin-right:0.1667em;\"></span><span class=\"mord\">∣</span><span class=\"mord mathnormal\" style=\"margin-right:0.13889em;\">T</span><span class=\"mord\">∣</span><span class=\"mspace\" style=\"margin-right:0.2778em;\"></span><span class=\"mrel amsrm\">⩽</span><span class=\"mspace\" style=\"margin-right:0.2778em;\"></span></span><span class=\"base\"><span class=\"strut\" style=\"height:0.8389em;vertical-align:-0.1944em;\"></span><span class=\"mord\">10</span><span class=\"mpunct\">,</span><span class=\"mspace\" style=\"margin-right:0.1667em;\"></span><span class=\"mord\">000</span></span></span></span></p>\n<h2><a href=\"#题目链接\" aria-hidden=\"true\" class=\"anchor\" id=\"题目链接\"></a>题目链接</h2>\n<p><a href=\"http://poj.org/problem?id=2774\">POJ 2774</a></p>\n<!-- more -->\n<h2><a href=\"#题解\" aria-hidden=\"true\" class=\"anchor\" id=\"题解\"></a>题解</h2>\n<p>连接两个字符串，中间用不属于原字符集的字符隔开。</p>\n<p>建立后缀数组，当排名相连的两个后缀满足：一个的第一个字符在前一个字符串中，另一在后一个字符串中时，用 <span class=\"katex\"><span class=\"katex-mathml\"><math xmlns=\"http://www.w3.org/1998/Math/MathML\"><semantics><mrow><mi>h</mi><mi>e</mi><mi>i</mi><mi>g</mi><mi>h</mi><mo stretchy=\"false\">[</mo><mi>i</mi><mo stretchy=\"false\">]</mo></mrow><annotation encoding=\"application/x-tex\">heigh[i]</annotation></semantics></math></span><span class=\"katex-html\" aria-hidden=\"true\"><span class=\"base\"><span class=\"strut\" style=\"height:1em;vertical-align:-0.25em;\"></span><span class=\"mord mathnormal\">h</span><span class=\"mord mathnormal\">e</span><span class=\"mord mathnormal\">i</span><span class=\"mord mathnormal\" style=\"margin-right:0.03588em;\">g</span><span class=\"mord mathnormal\">h</span><span class=\"mopen\">[</span><span class=\"mord mathnormal\">i</span><span class=\"mclose\">]</span></span></span></span> 更新答案。</p>\n<h2><a href=\"#代码\" aria-hidden=\"true\" class=\"anchor\" id=\"代码\"></a>代码</h2>\n<pre style=\"background-color:#2b303b;\"><code class=\"language-c++\">\n<span style=\"color:#b48ead;\">#include </span><span style=\"color:#c0c5ce;\">&lt;</span><span style=\"color:#a3be8c;\">cstdio</span><span style=\"color:#c0c5ce;\">&gt;\n</span><span style=\"color:#b48ead;\">#include </span><span style=\"color:#c0c5ce;\">&lt;</span><span style=\"color:#a3be8c;\">cstring</span><span style=\"color:#c0c5ce;\">&gt;\n</span><span style=\"color:#b48ead;\">#include </span><span style=\"color:#c0c5ce;\">&lt;</span><span style=\"color:#a3be8c;\">algorithm</span><span style=\"color:#c0c5ce;\">&gt;\n</span><span style=\"color:#65737e;\">// #define DBG\n</span><span style=\"color:#b48ead;\">const int</span><span style=\"color:#c0c5ce;\"> MAXN = </span><span style=\"color:#d08770;\">100005</span><span style=\"color:#c0c5ce;\">;\n</span><span style=\"color:#b48ead;\">namespace </span><span style=\"color:#c0c5ce;\">SuffixArray {\n</span><span style=\"color:#c0c5ce;\">    </span><span style=\"color:#b48ead;\">const int</span><span style=\"color:#c0c5ce;\"> MAXN = ::MAXN &lt;&lt; </span><span style=\"color:#d08770;\">1</span><span style=\"color:#c0c5ce;\">;\n</span><span style=\"color:#c0c5ce;\">    </span><span style=\"color:#b48ead;\">int</span><span style=\"color:#c0c5ce;\"> rank[MAXN], sa[MAXN], height[MAXN], n;\n</span><span style=\"color:#c0c5ce;\">    </span><span style=\"color:#b48ead;\">char</span><span style=\"color:#c0c5ce;\"> str[MAXN];\n</span><span style=\"color:#c0c5ce;\">    </span><span style=\"color:#b48ead;\">void </span><span style=\"color:#8fa1b3;\">buildSA</span><span style=\"color:#c0c5ce;\">(</span><span style=\"color:#b48ead;\">int </span><span style=\"color:#bf616a;\">m</span><span style=\"color:#c0c5ce;\">) {\n</span><span style=\"color:#c0c5ce;\">        </span><span style=\"color:#b48ead;\">static int</span><span style=\"color:#c0c5ce;\"> fir[MAXN], sec[MAXN], temp[MAXN], cnt[MAXN], i;\n</span><span style=\"color:#c0c5ce;\">        n = </span><span style=\"color:#96b5b4;\">strlen</span><span style=\"color:#c0c5ce;\">(str);\n</span><span style=\"color:#c0c5ce;\">        </span><span style=\"color:#96b5b4;\">memset</span><span style=\"color:#c0c5ce;\">(cnt, </span><span style=\"color:#d08770;\">0</span><span style=\"color:#c0c5ce;\">, sizeof (cnt));\n</span><span style=\"color:#c0c5ce;\">        </span><span style=\"color:#b48ead;\">for </span><span style=\"color:#c0c5ce;\">(i = </span><span style=\"color:#d08770;\">0</span><span style=\"color:#c0c5ce;\">; i &lt; n; i++) cnt[(</span><span style=\"color:#b48ead;\">int</span><span style=\"color:#c0c5ce;\">) str[i]]++;\n</span><span style=\"color:#c0c5ce;\">        </span><span style=\"color:#b48ead;\">for </span><span style=\"color:#c0c5ce;\">(i = </span><span style=\"color:#d08770;\">1</span><span style=\"color:#c0c5ce;\">; i &lt; m; i++) cnt[i] += cnt[i - </span><span style=\"color:#d08770;\">1</span><span style=\"color:#c0c5ce;\">];\n</span><span style=\"color:#c0c5ce;\">        </span><span style=\"color:#b48ead;\">for </span><span style=\"color:#c0c5ce;\">(i = </span><span style=\"color:#d08770;\">0</span><span style=\"color:#c0c5ce;\">; i &lt; n; i++) rank[i] = cnt[(</span><span style=\"color:#b48ead;\">int</span><span style=\"color:#c0c5ce;\">) str[i]] - </span><span style=\"color:#d08770;\">1</span><span style=\"color:#c0c5ce;\">;\n</span><span style=\"color:#c0c5ce;\">        </span><span style=\"color:#b48ead;\">for </span><span style=\"color:#c0c5ce;\">(</span><span style=\"color:#b48ead;\">int</span><span style=\"color:#c0c5ce;\"> l = </span><span style=\"color:#d08770;\">1</span><span style=\"color:#c0c5ce;\">; l &lt; n; l &lt;&lt;= </span><span style=\"color:#d08770;\">1</span><span style=\"color:#c0c5ce;\">) {\n</span><span style=\"color:#c0c5ce;\">            </span><span style=\"color:#b48ead;\">for </span><span style=\"color:#c0c5ce;\">(i = </span><span style=\"color:#d08770;\">0</span><span style=\"color:#c0c5ce;\">; i &lt; n; i++)\n</span><span style=\"color:#c0c5ce;\">                fir[i] = rank[i], sec[i] = i + l &lt; n ? rank[i + l] : </span><span style=\"color:#d08770;\">0</span><span style=\"color:#c0c5ce;\">;\n</span><span style=\"color:#c0c5ce;\">            </span><span style=\"color:#96b5b4;\">memset</span><span style=\"color:#c0c5ce;\">(cnt, </span><span style=\"color:#d08770;\">0</span><span style=\"color:#c0c5ce;\">, sizeof (cnt));\n</span><span style=\"color:#c0c5ce;\">            </span><span style=\"color:#b48ead;\">for </span><span style=\"color:#c0c5ce;\">(i = </span><span style=\"color:#d08770;\">0</span><span style=\"color:#c0c5ce;\">; i &lt; n; i++) cnt[sec[i]]++;\n</span><span style=\"color:#c0c5ce;\">            </span><span style=\"color:#b48ead;\">for </span><span style=\"color:#c0c5ce;\">(i = </span><span style=\"color:#d08770;\">1</span><span style=\"color:#c0c5ce;\">; i &lt; n; i++) cnt[i] += cnt[i - </span><span style=\"color:#d08770;\">1</span><span style=\"color:#c0c5ce;\">];\n</span><span style=\"color:#c0c5ce;\">            </span><span style=\"color:#b48ead;\">for </span><span style=\"color:#c0c5ce;\">(i = n - </span><span style=\"color:#d08770;\">1</span><span style=\"color:#c0c5ce;\">; ~i; i--) temp[--cnt[sec[i]]] = i;\n</span><span style=\"color:#c0c5ce;\">            </span><span style=\"color:#96b5b4;\">memset</span><span style=\"color:#c0c5ce;\">(cnt, </span><span style=\"color:#d08770;\">0</span><span style=\"color:#c0c5ce;\">, sizeof (cnt));\n</span><span style=\"color:#c0c5ce;\">            </span><span style=\"color:#b48ead;\">for </span><span style=\"color:#c0c5ce;\">(i = </span><span style=\"color:#d08770;\">0</span><span style=\"color:#c0c5ce;\">; i &lt; n; i++) cnt[fir[i]]++;\n</span><span style=\"color:#c0c5ce;\">            </span><span style=\"color:#b48ead;\">for </span><span style=\"color:#c0c5ce;\">(i = </span><span style=\"color:#d08770;\">1</span><span style=\"color:#c0c5ce;\">; i &lt; n; i++) cnt[i] += cnt[i - </span><span style=\"color:#d08770;\">1</span><span style=\"color:#c0c5ce;\">];\n</span><span style=\"color:#c0c5ce;\">            </span><span style=\"color:#b48ead;\">for </span><span style=\"color:#c0c5ce;\">(i = n - </span><span style=\"color:#d08770;\">1</span><span style=\"color:#c0c5ce;\">; ~i; i--) sa[--cnt[fir[temp[i]]]] = temp[i];\n</span><span style=\"color:#c0c5ce;\">            </span><span style=\"color:#b48ead;\">bool</span><span style=\"color:#c0c5ce;\"> unique = </span><span style=\"color:#d08770;\">true</span><span style=\"color:#c0c5ce;\">;\n</span><span style=\"color:#c0c5ce;\">            rank[sa[</span><span style=\"color:#d08770;\">0</span><span style=\"color:#c0c5ce;\">]] = </span><span style=\"color:#d08770;\">0</span><span style=\"color:#c0c5ce;\">;\n</span><span style=\"color:#c0c5ce;\">            </span><span style=\"color:#b48ead;\">for </span><span style=\"color:#c0c5ce;\">(i = </span><span style=\"color:#d08770;\">1</span><span style=\"color:#c0c5ce;\">; i &lt; n; i++) {\n</span><span style=\"color:#c0c5ce;\">                rank[sa[i]] = rank[sa[i - </span><span style=\"color:#d08770;\">1</span><span style=\"color:#c0c5ce;\">]];\n</span><span style=\"color:#c0c5ce;\">                </span><span style=\"color:#b48ead;\">if </span><span style=\"color:#c0c5ce;\">(fir[sa[i]] == fir[sa[i - </span><span style=\"color:#d08770;\">1</span><span style=\"color:#c0c5ce;\">]] &amp;&amp; sec[sa[i]] == sec[sa[i - </span><span style=\"color:#d08770;\">1</span><span style=\"color:#c0c5ce;\">]]) \n</span><span style=\"color:#c0c5ce;\">                    unique = </span><span style=\"color:#d08770;\">false</span><span style=\"color:#c0c5ce;\">;\n</span><span style=\"color:#c0c5ce;\">                </span><span style=\"color:#b48ead;\">else</span><span style=\"color:#c0c5ce;\"> rank[sa[i]]++;\n</span><span style=\"color:#c0c5ce;\">            }\n</span><span style=\"color:#c0c5ce;\">            </span><span style=\"color:#b48ead;\">if </span><span style=\"color:#c0c5ce;\">(unique) </span><span style=\"color:#b48ead;\">break</span><span style=\"color:#c0c5ce;\">;\n</span><span style=\"color:#c0c5ce;\">        }\n</span><span style=\"color:#c0c5ce;\">    }\n</span><span style=\"color:#c0c5ce;\">    </span><span style=\"color:#b48ead;\">void </span><span style=\"color:#8fa1b3;\">calcHeight</span><span style=\"color:#c0c5ce;\">() {\n</span><span style=\"color:#c0c5ce;\">        </span><span style=\"color:#b48ead;\">for </span><span style=\"color:#c0c5ce;\">(</span><span style=\"color:#b48ead;\">int</span><span style=\"color:#c0c5ce;\"> i = </span><span style=\"color:#d08770;\">0</span><span style=\"color:#c0c5ce;\">, k = </span><span style=\"color:#d08770;\">0</span><span style=\"color:#c0c5ce;\">; i &lt; n - </span><span style=\"color:#d08770;\">1</span><span style=\"color:#c0c5ce;\">; i++) {\n</span><span style=\"color:#c0c5ce;\">            k ? k-- : </span><span style=\"color:#d08770;\">0</span><span style=\"color:#c0c5ce;\">;\n</span><span style=\"color:#c0c5ce;\">            </span><span style=\"color:#b48ead;\">int</span><span style=\"color:#c0c5ce;\"> j = sa[rank[i] - </span><span style=\"color:#d08770;\">1</span><span style=\"color:#c0c5ce;\">];\n</span><span style=\"color:#c0c5ce;\">            </span><span style=\"color:#b48ead;\">while </span><span style=\"color:#c0c5ce;\">(str[i + k] == str[j + k]) k++;\n</span><span style=\"color:#c0c5ce;\">            height[rank[i]] = k;\n</span><span style=\"color:#c0c5ce;\">        }\n</span><span style=\"color:#c0c5ce;\">    }\n</span><span style=\"color:#c0c5ce;\">}\n</span><span style=\"color:#b48ead;\">int </span><span style=\"color:#8fa1b3;\">main</span><span style=\"color:#c0c5ce;\">() {\n</span><span style=\"color:#c0c5ce;\">    </span><span style=\"color:#b48ead;\">static char</span><span style=\"color:#c0c5ce;\"> str1[MAXN], str2[MAXN];\n</span><span style=\"color:#c0c5ce;\">    </span><span style=\"color:#96b5b4;\">scanf</span><span style=\"color:#c0c5ce;\">(&quot;</span><span style=\"color:#d08770;\">%s %s</span><span style=\"color:#c0c5ce;\">&quot;, str1, str2);\n</span><span style=\"color:#c0c5ce;\">    </span><span style=\"color:#b48ead;\">int</span><span style=\"color:#c0c5ce;\"> l1 = </span><span style=\"color:#96b5b4;\">strlen</span><span style=\"color:#c0c5ce;\">(str1), l2 = </span><span style=\"color:#96b5b4;\">strlen</span><span style=\"color:#c0c5ce;\">(str2);\n</span><span style=\"color:#c0c5ce;\">    str1[l1++] = &#39;</span><span style=\"color:#a3be8c;\">#</span><span style=\"color:#c0c5ce;\">&#39;;\n</span><span style=\"color:#c0c5ce;\">    str2[l2++] = &#39;</span><span style=\"color:#a3be8c;\">$</span><span style=\"color:#c0c5ce;\">&#39;;\n</span><span style=\"color:#c0c5ce;\">    </span><span style=\"color:#b48ead;\">char </span><span style=\"color:#c0c5ce;\">*str = SuffixArray::str;\n</span><span style=\"color:#c0c5ce;\">    </span><span style=\"color:#b48ead;\">for </span><span style=\"color:#c0c5ce;\">(</span><span style=\"color:#b48ead;\">int</span><span style=\"color:#c0c5ce;\"> i = </span><span style=\"color:#d08770;\">0</span><span style=\"color:#c0c5ce;\">; i &lt; l1; i++) str[i] = str1[i];\n</span><span style=\"color:#c0c5ce;\">    </span><span style=\"color:#b48ead;\">for </span><span style=\"color:#c0c5ce;\">(</span><span style=\"color:#b48ead;\">int</span><span style=\"color:#c0c5ce;\"> i = </span><span style=\"color:#d08770;\">0</span><span style=\"color:#c0c5ce;\">; i &lt; l2; i++) str[i + l1] = str2[i];\n</span><span style=\"color:#c0c5ce;\">    </span><span style=\"color:#8fa1b3;\">SuffixArray::buildSA</span><span style=\"color:#c0c5ce;\">(</span><span style=\"color:#d08770;\">128</span><span style=\"color:#c0c5ce;\">);\n</span><span style=\"color:#c0c5ce;\">    </span><span style=\"color:#8fa1b3;\">SuffixArray::calcHeight</span><span style=\"color:#c0c5ce;\">();\n</span><span style=\"color:#c0c5ce;\">    </span><span style=\"color:#b48ead;\">int</span><span style=\"color:#c0c5ce;\"> ans = </span><span style=\"color:#d08770;\">0</span><span style=\"color:#c0c5ce;\">;\n</span><span style=\"color:#c0c5ce;\">    </span><span style=\"color:#b48ead;\">int </span><span style=\"color:#c0c5ce;\">*height = SuffixArray::height + </span><span style=\"color:#d08770;\">2</span><span style=\"color:#c0c5ce;\">, *sa = SuffixArray::sa + </span><span style=\"color:#d08770;\">2</span><span style=\"color:#c0c5ce;\">, \n</span><span style=\"color:#c0c5ce;\">        n = l1 + l2 - </span><span style=\"color:#d08770;\">2</span><span style=\"color:#c0c5ce;\">;\n</span><span style=\"color:#c0c5ce;\">    l1--;\n</span><span style=\"color:#b48ead;\">#ifdef</span><span style=\"color:#c0c5ce;\"> DBG\n</span><span style=\"color:#c0c5ce;\">    </span><span style=\"color:#96b5b4;\">printf</span><span style=\"color:#c0c5ce;\">(&quot;</span><span style=\"color:#a3be8c;\">new string is: </span><span style=\"color:#d08770;\">%s</span><span style=\"color:#96b5b4;\">\\n</span><span style=\"color:#c0c5ce;\">&quot;, SuffixArray::str);\n</span><span style=\"color:#c0c5ce;\">    </span><span style=\"color:#96b5b4;\">printf</span><span style=\"color:#c0c5ce;\">(&quot;</span><span style=\"color:#a3be8c;\">sa: </span><span style=\"color:#c0c5ce;\">&quot;);\n</span><span style=\"color:#c0c5ce;\">    </span><span style=\"color:#b48ead;\">for </span><span style=\"color:#c0c5ce;\">(</span><span style=\"color:#b48ead;\">int</span><span style=\"color:#c0c5ce;\"> i = </span><span style=\"color:#d08770;\">0</span><span style=\"color:#c0c5ce;\">; i &lt; n; i++) </span><span style=\"color:#96b5b4;\">printf</span><span style=\"color:#c0c5ce;\">(&quot;</span><span style=\"color:#d08770;\">%d%c</span><span style=\"color:#c0c5ce;\">&quot;, sa[i], i == n - </span><span style=\"color:#d08770;\">1 </span><span style=\"color:#c0c5ce;\">? &#39;</span><span style=\"color:#96b5b4;\">\\n</span><span style=\"color:#c0c5ce;\">&#39; : &#39; &#39;);\n</span><span style=\"color:#c0c5ce;\">    </span><span style=\"color:#96b5b4;\">printf</span><span style=\"color:#c0c5ce;\">(&quot;</span><span style=\"color:#a3be8c;\">height: </span><span style=\"color:#c0c5ce;\">&quot;);\n</span><span style=\"color:#c0c5ce;\">    </span><span style=\"color:#b48ead;\">for </span><span style=\"color:#c0c5ce;\">(</span><span style=\"color:#b48ead;\">int</span><span style=\"color:#c0c5ce;\"> i = </span><span style=\"color:#d08770;\">1</span><span style=\"color:#c0c5ce;\">; i &lt; n; i++) </span><span style=\"color:#96b5b4;\">printf</span><span style=\"color:#c0c5ce;\">(&quot;</span><span style=\"color:#d08770;\">%d%c</span><span style=\"color:#c0c5ce;\">&quot;, height[i], i == n - </span><span style=\"color:#d08770;\">1 </span><span style=\"color:#c0c5ce;\">? &#39;</span><span style=\"color:#96b5b4;\">\\n</span><span style=\"color:#c0c5ce;\">&#39; : &#39; &#39;);\n</span><span style=\"color:#b48ead;\">#endif\n</span><span style=\"color:#c0c5ce;\">    </span><span style=\"color:#b48ead;\">for </span><span style=\"color:#c0c5ce;\">(</span><span style=\"color:#b48ead;\">int</span><span style=\"color:#c0c5ce;\"> i = </span><span style=\"color:#d08770;\">1</span><span style=\"color:#c0c5ce;\">; i &lt; n; i++) {\n</span><span style=\"color:#c0c5ce;\">        </span><span style=\"color:#b48ead;\">if </span><span style=\"color:#c0c5ce;\">((sa[i] &lt; l1 &amp;&amp; sa[i - </span><span style=\"color:#d08770;\">1</span><span style=\"color:#c0c5ce;\">] &gt; l1) || (sa[i] &gt; l1 &amp;&amp; sa[i - </span><span style=\"color:#d08770;\">1</span><span style=\"color:#c0c5ce;\">] &lt; l1)) \n</span><span style=\"color:#c0c5ce;\">            ans = </span><span style=\"color:#8fa1b3;\">std::max</span><span style=\"color:#c0c5ce;\">(ans, height[i]);\n</span><span style=\"color:#c0c5ce;\">    }\n</span><span style=\"color:#c0c5ce;\">    </span><span style=\"color:#96b5b4;\">printf</span><span style=\"color:#c0c5ce;\">(&quot;</span><span style=\"color:#d08770;\">%d</span><span style=\"color:#96b5b4;\">\\n</span><span style=\"color:#c0c5ce;\">&quot;, ans);\n</span><span style=\"color:#c0c5ce;\">    </span><span style=\"color:#b48ead;\">return </span><span style=\"color:#d08770;\">0</span><span style=\"color:#c0c5ce;\">;\n</span><span style=\"color:#c0c5ce;\">}\n</span>\n</code></pre>\n"}