{"title":"回文树／回文自动机学习笔记","tags":["回文自动机","字符串","模版","学习笔记"],"create_time":1494625749,"last_modified":1596708840,"toc":"<ol><li><a href=\"#回文树回文自动机简介\">回文树／回文自动机简介</a></li><li><a href=\"#数据结构的介绍与实现\">数据结构的介绍与实现</a></li><ol><li><a href=\"#节点\">节点</a></li><li><a href=\"#特殊节点\">特殊节点</a></li><li><a href=\"#插入与建树\">插入与建树</a></li><li><a href=\"#count-方法\"><code>count()</code> 方法</a></li></ol><li><a href=\"#模版题\">模版题</a></li>","html":"<p>我学习的博客：<a href=\"http://blog.csdn.net/u013368721/article/details/42100363\">Palindromic Tree——回文树【处理一类回文串问题的强力工具】| poursoul 的博客 </a></p>\n<p>其他参考：<a href=\"http://victorwonder.blog.uoj.ac/blog/146\">【普及向】回文树 | VictorWonder的博客</a></p>\n<h2><a href=\"#回文树回文自动机简介\" aria-hidden=\"true\" class=\"anchor\" id=\"回文树回文自动机简介\"></a>回文树／回文自动机简介</h2>\n<p>回文树就是回文自动机，以下皆以「回文树」称呼。</p>\n<p>假设我们有一个字符串 <span class=\"katex\"><span class=\"katex-mathml\"><math xmlns=\"http://www.w3.org/1998/Math/MathML\"><semantics><mrow><mi>S</mi></mrow><annotation encoding=\"application/x-tex\">S</annotation></semantics></math></span><span class=\"katex-html\" aria-hidden=\"true\"><span class=\"base\"><span class=\"strut\" style=\"height:0.6833em;\"></span><span class=\"mord mathnormal\" style=\"margin-right:0.05764em;\">S</span></span></span></span> ，<span class=\"katex\"><span class=\"katex-mathml\"><math xmlns=\"http://www.w3.org/1998/Math/MathML\"><semantics><mrow><mi>S</mi></mrow><annotation encoding=\"application/x-tex\">S</annotation></semantics></math></span><span class=\"katex-html\" aria-hidden=\"true\"><span class=\"base\"><span class=\"strut\" style=\"height:0.6833em;\"></span><span class=\"mord mathnormal\" style=\"margin-right:0.05764em;\">S</span></span></span></span> 下标从 <span class=\"katex\"><span class=\"katex-mathml\"><math xmlns=\"http://www.w3.org/1998/Math/MathML\"><semantics><mrow><mn>0</mn></mrow><annotation encoding=\"application/x-tex\">0</annotation></semantics></math></span><span class=\"katex-html\" aria-hidden=\"true\"><span class=\"base\"><span class=\"strut\" style=\"height:0.6444em;\"></span><span class=\"mord\">0</span></span></span></span> 开始，则回文树能做到如下几点：</p>\n<ul>\n<li>求 <span class=\"katex\"><span class=\"katex-mathml\"><math xmlns=\"http://www.w3.org/1998/Math/MathML\"><semantics><mrow><mi>S</mi></mrow><annotation encoding=\"application/x-tex\">S</annotation></semantics></math></span><span class=\"katex-html\" aria-hidden=\"true\"><span class=\"base\"><span class=\"strut\" style=\"height:0.6833em;\"></span><span class=\"mord mathnormal\" style=\"margin-right:0.05764em;\">S</span></span></span></span> 前缀 <span class=\"katex\"><span class=\"katex-mathml\"><math xmlns=\"http://www.w3.org/1998/Math/MathML\"><semantics><mrow><mn>0</mn><mo>∼</mo><mi>i</mi></mrow><annotation encoding=\"application/x-tex\">0 \\sim i</annotation></semantics></math></span><span class=\"katex-html\" aria-hidden=\"true\"><span class=\"base\"><span class=\"strut\" style=\"height:0.6444em;\"></span><span class=\"mord\">0</span><span class=\"mspace\" style=\"margin-right:0.2778em;\"></span><span class=\"mrel\">∼</span><span class=\"mspace\" style=\"margin-right:0.2778em;\"></span></span><span class=\"base\"><span class=\"strut\" style=\"height:0.6595em;\"></span><span class=\"mord mathnormal\">i</span></span></span></span> 内本质不同的回文串的个数</li>\n<li>求 <span class=\"katex\"><span class=\"katex-mathml\"><math xmlns=\"http://www.w3.org/1998/Math/MathML\"><semantics><mrow><mi>S</mi></mrow><annotation encoding=\"application/x-tex\">S</annotation></semantics></math></span><span class=\"katex-html\" aria-hidden=\"true\"><span class=\"base\"><span class=\"strut\" style=\"height:0.6833em;\"></span><span class=\"mord mathnormal\" style=\"margin-right:0.05764em;\">S</span></span></span></span> 内每一个本质不同回文串出现的次数</li>\n<li>求 <span class=\"katex\"><span class=\"katex-mathml\"><math xmlns=\"http://www.w3.org/1998/Math/MathML\"><semantics><mrow><mi>S</mi></mrow><annotation encoding=\"application/x-tex\">S</annotation></semantics></math></span><span class=\"katex-html\" aria-hidden=\"true\"><span class=\"base\"><span class=\"strut\" style=\"height:0.6833em;\"></span><span class=\"mord mathnormal\" style=\"margin-right:0.05764em;\">S</span></span></span></span> 内回文串的个数</li>\n<li>求以下标 <span class=\"katex\"><span class=\"katex-mathml\"><math xmlns=\"http://www.w3.org/1998/Math/MathML\"><semantics><mrow><mi>i</mi></mrow><annotation encoding=\"application/x-tex\">i</annotation></semantics></math></span><span class=\"katex-html\" aria-hidden=\"true\"><span class=\"base\"><span class=\"strut\" style=\"height:0.6595em;\"></span><span class=\"mord mathnormal\">i</span></span></span></span> 结尾的回文串的个数</li>\n</ul>\n<!-- more-->\n<h2><a href=\"#数据结构的介绍与实现\" aria-hidden=\"true\" class=\"anchor\" id=\"数据结构的介绍与实现\"></a>数据结构的介绍与实现</h2>\n<h3><a href=\"#节点\" aria-hidden=\"true\" class=\"anchor\" id=\"节点\"></a>节点</h3>\n<p>回文树有两个根节点，除这两个根节点以外的节点均表示一个本质不同于其他的回文子串。</p>\n<p>每个节点有字符集大小多的子节点，表示在当前回文子串的两端加上某一字符形成的回文子串。</p>\n<p>两个根节点的子节点为长度分别是偶数、奇数的回文子串，为方便计算，定义偶树根节点所代表的回文串的长度为 <span class=\"katex\"><span class=\"katex-mathml\"><math xmlns=\"http://www.w3.org/1998/Math/MathML\"><semantics><mrow><mn>0</mn></mrow><annotation encoding=\"application/x-tex\">0</annotation></semantics></math></span><span class=\"katex-html\" aria-hidden=\"true\"><span class=\"base\"><span class=\"strut\" style=\"height:0.6444em;\"></span><span class=\"mord\">0</span></span></span></span> ，奇数根节点所代表的回文串的长度为 <span class=\"katex\"><span class=\"katex-mathml\"><math xmlns=\"http://www.w3.org/1998/Math/MathML\"><semantics><mrow><mo>−</mo><mn>1</mn></mrow><annotation encoding=\"application/x-tex\">-1</annotation></semantics></math></span><span class=\"katex-html\" aria-hidden=\"true\"><span class=\"base\"><span class=\"strut\" style=\"height:0.7278em;vertical-align:-0.0833em;\"></span><span class=\"mord\">−</span><span class=\"mord\">1</span></span></span></span> （这样，根节点也算是表示了回文子串了。。。）。</p>\n<p>每个节点保存其表示的回文子串的长度 <span class=\"katex\"><span class=\"katex-mathml\"><math xmlns=\"http://www.w3.org/1998/Math/MathML\"><semantics><mrow><mi>l</mi><mi>e</mi><mi>n</mi></mrow><annotation encoding=\"application/x-tex\">len</annotation></semantics></math></span><span class=\"katex-html\" aria-hidden=\"true\"><span class=\"base\"><span class=\"strut\" style=\"height:0.6944em;\"></span><span class=\"mord mathnormal\" style=\"margin-right:0.01968em;\">l</span><span class=\"mord mathnormal\">e</span><span class=\"mord mathnormal\">n</span></span></span></span> 、出现次数 <span class=\"katex\"><span class=\"katex-mathml\"><math xmlns=\"http://www.w3.org/1998/Math/MathML\"><semantics><mrow><mi>c</mi><mi>n</mi><mi>t</mi></mrow><annotation encoding=\"application/x-tex\">cnt</annotation></semantics></math></span><span class=\"katex-html\" aria-hidden=\"true\"><span class=\"base\"><span class=\"strut\" style=\"height:0.6151em;\"></span><span class=\"mord mathnormal\">c</span><span class=\"mord mathnormal\">n</span><span class=\"mord mathnormal\">t</span></span></span></span> （在调用 <code>count()</code> 方法之后才是，至于 <code>count()</code> 方法，一会儿再说）、回文后缀数 <span class=\"katex\"><span class=\"katex-mathml\"><math xmlns=\"http://www.w3.org/1998/Math/MathML\"><semantics><mrow><mi>n</mi><mi>u</mi><mi>m</mi></mrow><annotation encoding=\"application/x-tex\">num</annotation></semantics></math></span><span class=\"katex-html\" aria-hidden=\"true\"><span class=\"base\"><span class=\"strut\" style=\"height:0.4306em;\"></span><span class=\"mord mathnormal\">n</span><span class=\"mord mathnormal\">u</span><span class=\"mord mathnormal\">m</span></span></span></span> ，同时有一个 <span class=\"katex\"><span class=\"katex-mathml\"><math xmlns=\"http://www.w3.org/1998/Math/MathML\"><semantics><mrow><mi>f</mi><mi>a</mi><mi>i</mi><mi>l</mi></mrow><annotation encoding=\"application/x-tex\">fail</annotation></semantics></math></span><span class=\"katex-html\" aria-hidden=\"true\"><span class=\"base\"><span class=\"strut\" style=\"height:0.8889em;vertical-align:-0.1944em;\"></span><span class=\"mord mathnormal\" style=\"margin-right:0.10764em;\">f</span><span class=\"mord mathnormal\">ai</span><span class=\"mord mathnormal\" style=\"margin-right:0.01968em;\">l</span></span></span></span> 指针指向其最大的回文后缀。</p>\n<p>偶数根节点的 <span class=\"katex\"><span class=\"katex-mathml\"><math xmlns=\"http://www.w3.org/1998/Math/MathML\"><semantics><mrow><mi>f</mi><mi>a</mi><mi>i</mi><mi>l</mi></mrow><annotation encoding=\"application/x-tex\">fail</annotation></semantics></math></span><span class=\"katex-html\" aria-hidden=\"true\"><span class=\"base\"><span class=\"strut\" style=\"height:0.8889em;vertical-align:-0.1944em;\"></span><span class=\"mord mathnormal\" style=\"margin-right:0.10764em;\">f</span><span class=\"mord mathnormal\">ai</span><span class=\"mord mathnormal\" style=\"margin-right:0.01968em;\">l</span></span></span></span> 指针指向奇数根节点，奇数根节点的 <span class=\"katex\"><span class=\"katex-mathml\"><math xmlns=\"http://www.w3.org/1998/Math/MathML\"><semantics><mrow><mi>f</mi><mi>a</mi><mi>i</mi><mi>l</mi></mrow><annotation encoding=\"application/x-tex\">fail</annotation></semantics></math></span><span class=\"katex-html\" aria-hidden=\"true\"><span class=\"base\"><span class=\"strut\" style=\"height:0.8889em;vertical-align:-0.1944em;\"></span><span class=\"mord mathnormal\" style=\"margin-right:0.10764em;\">f</span><span class=\"mord mathnormal\">ai</span><span class=\"mord mathnormal\" style=\"margin-right:0.01968em;\">l</span></span></span></span> 指针就是自己（或说没有，因为用不上。。。）。</p>\n<pre style=\"background-color:#2b303b;\"><code class=\"language-c++\">\n<span style=\"color:#b48ead;\">struct </span><span style=\"color:#c0c5ce;\">Node {\n</span><span style=\"color:#c0c5ce;\">    Node *ch[CHAR_SET], *fail;\n</span><span style=\"color:#c0c5ce;\">    </span><span style=\"color:#b48ead;\">int</span><span style=\"color:#c0c5ce;\"> len, cnt, num;\n</span><span style=\"color:#c0c5ce;\">    </span><span style=\"color:#8fa1b3;\">Node</span><span style=\"color:#c0c5ce;\">(</span><span style=\"color:#b48ead;\">int </span><span style=\"color:#bf616a;\">len </span><span style=\"color:#c0c5ce;\">= </span><span style=\"color:#d08770;\">0</span><span style=\"color:#c0c5ce;\">) : </span><span style=\"color:#bf616a;\">len</span><span style=\"color:#c0c5ce;\">(len), </span><span style=\"color:#bf616a;\">cnt</span><span style=\"color:#c0c5ce;\">(</span><span style=\"color:#d08770;\">0</span><span style=\"color:#c0c5ce;\">), </span><span style=\"color:#bf616a;\">num</span><span style=\"color:#c0c5ce;\">(</span><span style=\"color:#d08770;\">0</span><span style=\"color:#c0c5ce;\">) {\n</span><span style=\"color:#c0c5ce;\">        </span><span style=\"color:#b48ead;\">for </span><span style=\"color:#c0c5ce;\">(</span><span style=\"color:#b48ead;\">int</span><span style=\"color:#c0c5ce;\"> i = </span><span style=\"color:#d08770;\">0</span><span style=\"color:#c0c5ce;\">; i &lt; CHAR_SET; i++) ch[i] = </span><span style=\"color:#d08770;\">NULL</span><span style=\"color:#c0c5ce;\">;\n</span><span style=\"color:#c0c5ce;\">    }\n</span><span style=\"color:#c0c5ce;\">};\n</span>\n</code></pre>\n<h3><a href=\"#特殊节点\" aria-hidden=\"true\" class=\"anchor\" id=\"特殊节点\"></a>特殊节点</h3>\n<p>两个根节点在刚刚说了。。。</p>\n<p><span class=\"katex\"><span class=\"katex-mathml\"><math xmlns=\"http://www.w3.org/1998/Math/MathML\"><semantics><mrow><mi>l</mi><mi>a</mi><mi>s</mi><mi>t</mi></mrow><annotation encoding=\"application/x-tex\">last</annotation></semantics></math></span><span class=\"katex-html\" aria-hidden=\"true\"><span class=\"base\"><span class=\"strut\" style=\"height:0.6944em;\"></span><span class=\"mord mathnormal\" style=\"margin-right:0.01968em;\">l</span><span class=\"mord mathnormal\">a</span><span class=\"mord mathnormal\">s</span><span class=\"mord mathnormal\">t</span></span></span></span> 节点：表示目前回文树已插入的所有字符组成的字符串的最大回文后缀（其实就是新插入的节点）。</p>\n<h3><a href=\"#插入与建树\" aria-hidden=\"true\" class=\"anchor\" id=\"插入与建树\"></a>插入与建树</h3>\n<p>依次插入每个字符就可完成建树。</p>\n<p>插入时，先看当前的 <span class=\"katex\"><span class=\"katex-mathml\"><math xmlns=\"http://www.w3.org/1998/Math/MathML\"><semantics><mrow><mi>l</mi><mi>a</mi><mi>s</mi><mi>t</mi></mrow><annotation encoding=\"application/x-tex\">last</annotation></semantics></math></span><span class=\"katex-html\" aria-hidden=\"true\"><span class=\"base\"><span class=\"strut\" style=\"height:0.6944em;\"></span><span class=\"mord mathnormal\" style=\"margin-right:0.01968em;\">l</span><span class=\"mord mathnormal\">a</span><span class=\"mord mathnormal\">s</span><span class=\"mord mathnormal\">t</span></span></span></span> 节点，若它代表的回文子串的左边的字符与插入字符相同，则插入节点为 <span class=\"katex\"><span class=\"katex-mathml\"><math xmlns=\"http://www.w3.org/1998/Math/MathML\"><semantics><mrow><mi>l</mi><mi>a</mi><mi>s</mi><mi>t</mi></mrow><annotation encoding=\"application/x-tex\">last</annotation></semantics></math></span><span class=\"katex-html\" aria-hidden=\"true\"><span class=\"base\"><span class=\"strut\" style=\"height:0.6944em;\"></span><span class=\"mord mathnormal\" style=\"margin-right:0.01968em;\">l</span><span class=\"mord mathnormal\">a</span><span class=\"mord mathnormal\">s</span><span class=\"mord mathnormal\">t</span></span></span></span> 节点的字节点；否则一路沿 <span class=\"katex\"><span class=\"katex-mathml\"><math xmlns=\"http://www.w3.org/1998/Math/MathML\"><semantics><mrow><mi>f</mi><mi>a</mi><mi>i</mi><mi>l</mi></mrow><annotation encoding=\"application/x-tex\">fail</annotation></semantics></math></span><span class=\"katex-html\" aria-hidden=\"true\"><span class=\"base\"><span class=\"strut\" style=\"height:0.8889em;vertical-align:-0.1944em;\"></span><span class=\"mord mathnormal\" style=\"margin-right:0.10764em;\">f</span><span class=\"mord mathnormal\">ai</span><span class=\"mord mathnormal\" style=\"margin-right:0.01968em;\">l</span></span></span></span> 指针走下去，直至满足条件。记要插入节点的父节点（也就是找到的节点）为 <span class=\"katex\"><span class=\"katex-mathml\"><math xmlns=\"http://www.w3.org/1998/Math/MathML\"><semantics><mrow><mi>o</mi></mrow><annotation encoding=\"application/x-tex\">o</annotation></semantics></math></span><span class=\"katex-html\" aria-hidden=\"true\"><span class=\"base\"><span class=\"strut\" style=\"height:0.4306em;\"></span><span class=\"mord mathnormal\">o</span></span></span></span> 。</p>\n<p>实现时，用 <code>str[size - u-&gt;len - 1]</code> 表示正在插入第 <span class=\"katex\"><span class=\"katex-mathml\"><math xmlns=\"http://www.w3.org/1998/Math/MathML\"><semantics><mrow><mi>s</mi><mi>i</mi><mi>z</mi><mi>e</mi></mrow><annotation encoding=\"application/x-tex\">size</annotation></semantics></math></span><span class=\"katex-html\" aria-hidden=\"true\"><span class=\"base\"><span class=\"strut\" style=\"height:0.6595em;\"></span><span class=\"mord mathnormal\">s</span><span class=\"mord mathnormal\">i</span><span class=\"mord mathnormal\">ze</span></span></span></span> 个节点、节点 <span class=\"katex\"><span class=\"katex-mathml\"><math xmlns=\"http://www.w3.org/1998/Math/MathML\"><semantics><mrow><mi>u</mi></mrow><annotation encoding=\"application/x-tex\">u</annotation></semantics></math></span><span class=\"katex-html\" aria-hidden=\"true\"><span class=\"base\"><span class=\"strut\" style=\"height:0.4306em;\"></span><span class=\"mord mathnormal\">u</span></span></span></span> 所代表的回文子串的左边的字符。由于奇数根节点的长度为 <span class=\"katex\"><span class=\"katex-mathml\"><math xmlns=\"http://www.w3.org/1998/Math/MathML\"><semantics><mrow><mo>−</mo><mn>1</mn></mrow><annotation encoding=\"application/x-tex\">-1</annotation></semantics></math></span><span class=\"katex-html\" aria-hidden=\"true\"><span class=\"base\"><span class=\"strut\" style=\"height:0.7278em;vertical-align:-0.0833em;\"></span><span class=\"mord\">−</span><span class=\"mord\">1</span></span></span></span> ，所以一定会走到一个节点使其满足条件。</p>\n<p>如果发现节点 <span class=\"katex\"><span class=\"katex-mathml\"><math xmlns=\"http://www.w3.org/1998/Math/MathML\"><semantics><mrow><mi>o</mi></mrow><annotation encoding=\"application/x-tex\">o</annotation></semantics></math></span><span class=\"katex-html\" aria-hidden=\"true\"><span class=\"base\"><span class=\"strut\" style=\"height:0.4306em;\"></span><span class=\"mord mathnormal\">o</span></span></span></span> 已有该字符对应的子节点，则说明已经存在与其本质相同的回文子串，只需为其的 <span class=\"katex\"><span class=\"katex-mathml\"><math xmlns=\"http://www.w3.org/1998/Math/MathML\"><semantics><mrow><mi>c</mi><mi>n</mi><mi>t</mi></mrow><annotation encoding=\"application/x-tex\">cnt</annotation></semantics></math></span><span class=\"katex-html\" aria-hidden=\"true\"><span class=\"base\"><span class=\"strut\" style=\"height:0.6151em;\"></span><span class=\"mord mathnormal\">c</span><span class=\"mord mathnormal\">n</span><span class=\"mord mathnormal\">t</span></span></span></span> 变量加一即可。否则，建立新节点，其长度为父节点加 <span class=\"katex\"><span class=\"katex-mathml\"><math xmlns=\"http://www.w3.org/1998/Math/MathML\"><semantics><mrow><mn>2</mn></mrow><annotation encoding=\"application/x-tex\">2</annotation></semantics></math></span><span class=\"katex-html\" aria-hidden=\"true\"><span class=\"base\"><span class=\"strut\" style=\"height:0.6444em;\"></span><span class=\"mord\">2</span></span></span></span> （再一次表明了奇数根节点的长度设为 <span class=\"katex\"><span class=\"katex-mathml\"><math xmlns=\"http://www.w3.org/1998/Math/MathML\"><semantics><mrow><mo>−</mo><mn>1</mn></mrow><annotation encoding=\"application/x-tex\">-1</annotation></semantics></math></span><span class=\"katex-html\" aria-hidden=\"true\"><span class=\"base\"><span class=\"strut\" style=\"height:0.7278em;vertical-align:-0.0833em;\"></span><span class=\"mord\">−</span><span class=\"mord\">1</span></span></span></span> 的方便），同时从 <span class=\"katex\"><span class=\"katex-mathml\"><math xmlns=\"http://www.w3.org/1998/Math/MathML\"><semantics><mrow><mi>o</mi><mi mathvariant=\"normal\">.</mi><mi>f</mi><mi>a</mi><mi>i</mi><mi>l</mi></mrow><annotation encoding=\"application/x-tex\">o.fail</annotation></semantics></math></span><span class=\"katex-html\" aria-hidden=\"true\"><span class=\"base\"><span class=\"strut\" style=\"height:0.8889em;vertical-align:-0.1944em;\"></span><span class=\"mord mathnormal\">o</span><span class=\"mord\">.</span><span class=\"mord mathnormal\" style=\"margin-right:0.10764em;\">f</span><span class=\"mord mathnormal\">ai</span><span class=\"mord mathnormal\" style=\"margin-right:0.01968em;\">l</span></span></span></span> 开始沿 <span class=\"katex\"><span class=\"katex-mathml\"><math xmlns=\"http://www.w3.org/1998/Math/MathML\"><semantics><mrow><mi>f</mi><mi>a</mi><mi>i</mi><mi>l</mi></mrow><annotation encoding=\"application/x-tex\">fail</annotation></semantics></math></span><span class=\"katex-html\" aria-hidden=\"true\"><span class=\"base\"><span class=\"strut\" style=\"height:0.8889em;vertical-align:-0.1944em;\"></span><span class=\"mord mathnormal\" style=\"margin-right:0.10764em;\">f</span><span class=\"mord mathnormal\">ai</span><span class=\"mord mathnormal\" style=\"margin-right:0.01968em;\">l</span></span></span></span> 指针走下去，找到新节点的 <span class=\"katex\"><span class=\"katex-mathml\"><math xmlns=\"http://www.w3.org/1998/Math/MathML\"><semantics><mrow><mi>f</mi><mi>a</mi><mi>i</mi><mi>l</mi></mrow><annotation encoding=\"application/x-tex\">fail</annotation></semantics></math></span><span class=\"katex-html\" aria-hidden=\"true\"><span class=\"base\"><span class=\"strut\" style=\"height:0.8889em;vertical-align:-0.1944em;\"></span><span class=\"mord mathnormal\" style=\"margin-right:0.10764em;\">f</span><span class=\"mord mathnormal\">ai</span><span class=\"mord mathnormal\" style=\"margin-right:0.01968em;\">l</span></span></span></span> 指针指向的节点。</p>\n<pre style=\"background-color:#2b303b;\"><code class=\"language-c++\">\n<span style=\"color:#c0c5ce;\">Node *</span><span style=\"color:#8fa1b3;\">extend</span><span style=\"color:#c0c5ce;\">(</span><span style=\"color:#b48ead;\">int </span><span style=\"color:#bf616a;\">c</span><span style=\"color:#c0c5ce;\">) {\n</span><span style=\"color:#c0c5ce;\">    s[++size] = c;\n</span><span style=\"color:#c0c5ce;\">    </span><span style=\"color:#b48ead;\">for </span><span style=\"color:#c0c5ce;\">(; s[size - last-&gt;</span><span style=\"color:#bf616a;\">len </span><span style=\"color:#c0c5ce;\">- </span><span style=\"color:#d08770;\">1</span><span style=\"color:#c0c5ce;\">] != s[size]; last = last-&gt;</span><span style=\"color:#bf616a;\">fail</span><span style=\"color:#c0c5ce;\">) {}\n</span><span style=\"color:#c0c5ce;\">\n</span><span style=\"color:#c0c5ce;\">    Node *v = last;\n</span><span style=\"color:#c0c5ce;\">    Node *u = v-&gt;</span><span style=\"color:#bf616a;\">c</span><span style=\"color:#c0c5ce;\">[c];\n</span><span style=\"color:#c0c5ce;\">    </span><span style=\"color:#b48ead;\">if </span><span style=\"color:#c0c5ce;\">(!u) {\n</span><span style=\"color:#c0c5ce;\">        u = </span><span style=\"color:#b48ead;\">new </span><span style=\"color:#c0c5ce;\">(_curr++) </span><span style=\"color:#8fa1b3;\">Node</span><span style=\"color:#c0c5ce;\">(last-&gt;</span><span style=\"color:#bf616a;\">len </span><span style=\"color:#c0c5ce;\">+ </span><span style=\"color:#d08770;\">2</span><span style=\"color:#c0c5ce;\">);\n</span><span style=\"color:#c0c5ce;\">        </span><span style=\"color:#b48ead;\">for </span><span style=\"color:#c0c5ce;\">(last = last-&gt;</span><span style=\"color:#bf616a;\">fail</span><span style=\"color:#c0c5ce;\">; s[size - last-&gt;</span><span style=\"color:#bf616a;\">len </span><span style=\"color:#c0c5ce;\">- </span><span style=\"color:#d08770;\">1</span><span style=\"color:#c0c5ce;\">] != s[size]; last = last-&gt;</span><span style=\"color:#bf616a;\">fail</span><span style=\"color:#c0c5ce;\">) {}\n</span><span style=\"color:#c0c5ce;\">        u-&gt;</span><span style=\"color:#bf616a;\">fail </span><span style=\"color:#c0c5ce;\">= last == odd &amp;&amp; !odd-&gt;</span><span style=\"color:#bf616a;\">c</span><span style=\"color:#c0c5ce;\">[c] ? even : last-&gt;</span><span style=\"color:#bf616a;\">c</span><span style=\"color:#c0c5ce;\">[c];\n</span><span style=\"color:#c0c5ce;\">        v-&gt;</span><span style=\"color:#bf616a;\">c</span><span style=\"color:#c0c5ce;\">[c] = u;\n</span><span style=\"color:#c0c5ce;\">    }\n</span><span style=\"color:#c0c5ce;\">    u-&gt;</span><span style=\"color:#bf616a;\">cnt</span><span style=\"color:#c0c5ce;\">++;\n</span><span style=\"color:#c0c5ce;\">\n</span><span style=\"color:#c0c5ce;\">    </span><span style=\"color:#b48ead;\">return</span><span style=\"color:#c0c5ce;\"> last = u;\n</span><span style=\"color:#c0c5ce;\">}\n</span><span style=\"color:#c0c5ce;\">\n</span><span style=\"color:#b48ead;\">void </span><span style=\"color:#8fa1b3;\">build</span><span style=\"color:#c0c5ce;\">(</span><span style=\"color:#b48ead;\">char </span><span style=\"color:#c0c5ce;\">*</span><span style=\"color:#bf616a;\">s</span><span style=\"color:#c0c5ce;\">) {\n</span><span style=\"color:#c0c5ce;\">    </span><span style=\"color:#b48ead;\">int</span><span style=\"color:#c0c5ce;\"> n = </span><span style=\"color:#96b5b4;\">strlen</span><span style=\"color:#c0c5ce;\">(s);\n</span><span style=\"color:#c0c5ce;\">    </span><span style=\"color:#b48ead;\">for </span><span style=\"color:#c0c5ce;\">(</span><span style=\"color:#b48ead;\">int</span><span style=\"color:#c0c5ce;\"> i = </span><span style=\"color:#d08770;\">0</span><span style=\"color:#c0c5ce;\">; i &lt; n; i++) </span><span style=\"color:#8fa1b3;\">insert</span><span style=\"color:#c0c5ce;\">(s[i] - BASE_CHAR);\n</span><span style=\"color:#c0c5ce;\">}\n</span>\n</code></pre>\n<h3><a href=\"#count-方法\" aria-hidden=\"true\" class=\"anchor\" id=\"count-方法\"></a><code>count()</code> 方法</h3>\n<p>来说说之前提过的 <code>count()</code> 方法，在外部使用回文树中节点的 <span class=\"katex\"><span class=\"katex-mathml\"><math xmlns=\"http://www.w3.org/1998/Math/MathML\"><semantics><mrow><mi>c</mi><mi>n</mi><mi>t</mi></mrow><annotation encoding=\"application/x-tex\">cnt</annotation></semantics></math></span><span class=\"katex-html\" aria-hidden=\"true\"><span class=\"base\"><span class=\"strut\" style=\"height:0.6151em;\"></span><span class=\"mord mathnormal\">c</span><span class=\"mord mathnormal\">n</span><span class=\"mord mathnormal\">t</span></span></span></span> 元素之前，必须先调用它。</p>\n<p>当然，方法内容很简单，就是把所有节点的 <span class=\"katex\"><span class=\"katex-mathml\"><math xmlns=\"http://www.w3.org/1998/Math/MathML\"><semantics><mrow><mi>c</mi><mi>n</mi><mi>t</mi></mrow><annotation encoding=\"application/x-tex\">cnt</annotation></semantics></math></span><span class=\"katex-html\" aria-hidden=\"true\"><span class=\"base\"><span class=\"strut\" style=\"height:0.6151em;\"></span><span class=\"mord mathnormal\">c</span><span class=\"mord mathnormal\">n</span><span class=\"mord mathnormal\">t</span></span></span></span> 变量加给其 <span class=\"katex\"><span class=\"katex-mathml\"><math xmlns=\"http://www.w3.org/1998/Math/MathML\"><semantics><mrow><mi>f</mi><mi>a</mi><mi>i</mi><mi>l</mi></mrow><annotation encoding=\"application/x-tex\">fail</annotation></semantics></math></span><span class=\"katex-html\" aria-hidden=\"true\"><span class=\"base\"><span class=\"strut\" style=\"height:0.8889em;vertical-align:-0.1944em;\"></span><span class=\"mord mathnormal\" style=\"margin-right:0.10764em;\">f</span><span class=\"mord mathnormal\">ai</span><span class=\"mord mathnormal\" style=\"margin-right:0.01968em;\">l</span></span></span></span> 指针指向的节点。</p>\n<p>注意要倒序，也就是从底向上进行。</p>\n<pre style=\"background-color:#2b303b;\"><code class=\"language-c++\">\n<span style=\"color:#b48ead;\">void </span><span style=\"color:#8fa1b3;\">count</span><span style=\"color:#c0c5ce;\">() {\n</span><span style=\"color:#c0c5ce;\">    </span><span style=\"color:#b48ead;\">for </span><span style=\"color:#c0c5ce;\">(Node *p = _curr - </span><span style=\"color:#d08770;\">1</span><span style=\"color:#c0c5ce;\">; p &gt;= _pool; p--) p-&gt;</span><span style=\"color:#bf616a;\">fail</span><span style=\"color:#c0c5ce;\">-&gt;</span><span style=\"color:#bf616a;\">cnt </span><span style=\"color:#c0c5ce;\">+= p-&gt;</span><span style=\"color:#bf616a;\">cnt</span><span style=\"color:#c0c5ce;\">;\n</span><span style=\"color:#c0c5ce;\">}\n</span>\n</code></pre>\n<h2><a href=\"#模版题\" aria-hidden=\"true\" class=\"anchor\" id=\"模版题\"></a>模版题</h2>\n<p>求最大的 <span class=\"katex\"><span class=\"katex-mathml\"><math xmlns=\"http://www.w3.org/1998/Math/MathML\"><semantics><mrow><mi>u</mi><mi mathvariant=\"normal\">.</mi><mi>l</mi><mi>e</mi><mi>n</mi><mo>×</mo><mi>u</mi><mi mathvariant=\"normal\">.</mi><mi>c</mi><mi>n</mi><mi>t</mi></mrow><annotation encoding=\"application/x-tex\">u.len \\times u.cnt</annotation></semantics></math></span><span class=\"katex-html\" aria-hidden=\"true\"><span class=\"base\"><span class=\"strut\" style=\"height:0.7778em;vertical-align:-0.0833em;\"></span><span class=\"mord mathnormal\">u</span><span class=\"mord\">.</span><span class=\"mord mathnormal\" style=\"margin-right:0.01968em;\">l</span><span class=\"mord mathnormal\">e</span><span class=\"mord mathnormal\">n</span><span class=\"mspace\" style=\"margin-right:0.2222em;\"></span><span class=\"mbin\">×</span><span class=\"mspace\" style=\"margin-right:0.2222em;\"></span></span><span class=\"base\"><span class=\"strut\" style=\"height:0.6151em;\"></span><span class=\"mord mathnormal\">u</span><span class=\"mord\">.</span><span class=\"mord mathnormal\">c</span><span class=\"mord mathnormal\">n</span><span class=\"mord mathnormal\">t</span></span></span></span> ：<a href=\"http://uoj.ac/problem/103\">【APIO 2014】Palindromes - UOJ 103</a> （<a href=\"http://pepcy.cf/BZOJ-3676-APIO-2014-%E5%9B%9E%E6%96%87%E4%B8%B2\">题解</a>）</p>\n"}