{"blogs":{"2022年漫画总结":{"header":{"title":"2022 年漫画总结","url":"2022%E5%B9%B4%E6%BC%AB%E7%94%BB%E6%80%BB%E7%BB%93","tags":["漫画"],"part":"<p>小小整理一下 2022 年开始看的印象比较深比较喜欢的漫画。</p>\n<p>（原先发表于校内论坛）</p>\n","create_time":1673384605,"last_modified":1673386380,"hidden":false,"order":0},"id":1,"last_modified":1673386380},"Pepcy-的追补番列表":{"header":{"title":"Pepcy 的追/补番列表","url":"Pepcy%2D%E7%9A%84%E8%BF%BD%E8%A1%A5%E7%95%AA%E5%88%97%E8%A1%A8","tags":["动画"],"part":"<p>大概是想把一直以来追或补的动画再加点一句话评论整理列在这里，大概就是自我满足的清单。。。</p>\n<p>每季内大概是主观喜好度降序。</p>\n<p>目前最喜欢的作品是《ARIA（水星领航员）》与《横滨购物纪行》。</p>\n","create_time":1656716736,"last_modified":1686864140,"hidden":false,"order":1048576},"id":0,"last_modified":1686864140}},"tags":{"动画":{"id":0},"漫画":{"id":1}},"next_blog_id":2,"next_tag_id":2}