{"title":"Pepcy 的追/补番列表","tags":["动画"],"create_time":1656716736,"last_modified":1656784832,"toc":"<ol><li><a href=\"#2022\">2022</a></li><ol><li><a href=\"#夏\">夏</a></li><li><a href=\"#春\">春</a></li><li><a href=\"#冬\">冬</a></li></ol><li><a href=\"#2021\">2021</a></li><ol><li><a href=\"#秋\">秋</a></li><li><a href=\"#夏-1\">夏</a></li><li><a href=\"#春-1\">春</a></li><li><a href=\"#冬-1\">冬</a></li><li><a href=\"#ova\">OVA</a></li><li><a href=\"#剧场\">剧场</a></li></ol><li><a href=\"#2020\">2020</a></li><ol><li><a href=\"#秋-1\">秋</a></li><li><a href=\"#夏-2\">夏</a></li><li><a href=\"#春-2\">春</a></li><li><a href=\"#冬-2\">冬</a></li><li><a href=\"#剧场-1\">剧场</a></li></ol><li><a href=\"#2019\">2019</a></li><ol><li><a href=\"#秋-2\">秋</a></li><li><a href=\"#夏-3\">夏</a></li><li><a href=\"#春-3\">春</a></li><li><a href=\"#冬-3\">冬</a></li><li><a href=\"#剧场-2\">剧场</a></li></ol><li><a href=\"#2018\">2018</a></li><ol><li><a href=\"#秋-3\">秋</a></li><li><a href=\"#夏-4\">夏</a></li><li><a href=\"#春-4\">春</a></li><li><a href=\"#冬-4\">冬</a></li><li><a href=\"#ova-1\">OVA</a></li><li><a href=\"#剧场-3\">剧场</a></li></ol><li><a href=\"#2017\">2017</a></li><ol><li><a href=\"#秋-4\">秋</a></li><li><a href=\"#夏-5\">夏</a></li><li><a href=\"#春-5\">春</a></li><li><a href=\"#冬-5\">冬</a></li><li><a href=\"#剧场-4\">剧场</a></li></ol><li><a href=\"#2016\">2016</a></li><ol><li><a href=\"#秋-5\">秋</a></li><li><a href=\"#夏-6\">夏</a></li><li><a href=\"#春-6\">春</a></li><li><a href=\"#冬-6\">冬</a></li><li><a href=\"#ovaweb\">OVA|WEB</a></li><li><a href=\"#剧场-5\">剧场</a></li></ol><li><a href=\"#2015\">2015</a></li><ol><li><a href=\"#秋-6\">秋</a></li><li><a href=\"#夏-7\">夏</a></li><li><a href=\"#春-7\">春</a></li><li><a href=\"#冬-7\">冬</a></li><li><a href=\"#ova-2\">OVA</a></li></ol><li><a href=\"#2014\">2014</a></li><ol><li><a href=\"#秋-7\">秋</a></li><li><a href=\"#夏-8\">夏</a></li><li><a href=\"#春-8\">春</a></li><li><a href=\"#冬-8\">冬</a></li><li><a href=\"#ova-3\">OVA</a></li><li><a href=\"#剧场-6\">剧场</a></li></ol><li><a href=\"#2013\">2013</a></li><ol><li><a href=\"#秋-8\">秋</a></li><li><a href=\"#夏-9\">夏</a></li><li><a href=\"#春-9\">春</a></li><li><a href=\"#冬-9\">冬</a></li><li><a href=\"#web\">WEB</a></li><li><a href=\"#剧场-7\">剧场</a></li></ol><li><a href=\"#2012\">2012</a></li><ol><li><a href=\"#秋-9\">秋</a></li><li><a href=\"#夏-10\">夏</a></li><li><a href=\"#春-10\">春</a></li><li><a href=\"#冬-10\">冬</a></li></ol><li><a href=\"#2011\">2011</a></li><ol><li><a href=\"#秋-10\">秋</a></li><li><a href=\"#夏-11\">夏</a></li><li><a href=\"#春-11\">春</a></li><li><a href=\"#冬-11\">冬</a></li><li><a href=\"#ova-4\">OVA</a></li></ol><li><a href=\"#2010\">2010</a></li><ol><li><a href=\"#秋-11\">秋</a></li><li><a href=\"#夏-12\">夏</a></li><li><a href=\"#春-12\">春</a></li><li><a href=\"#冬-12\">冬</a></li><li><a href=\"#ova-5\">OVA</a></li></ol><li><a href=\"#2009\">2009</a></li><ol><li><a href=\"#秋-12\">秋</a></li><li><a href=\"#夏-13\">夏</a></li><li><a href=\"#春-13\">春</a></li><li><a href=\"#冬-13\">冬</a></li><li><a href=\"#web-1\">WEB</a></li></ol><li><a href=\"#2008\">2008</a></li><ol><li><a href=\"#秋-13\">秋</a></li><li><a href=\"#夏-14\">夏</a></li><li><a href=\"#春-14\">春</a></li><li><a href=\"#冬-14\">冬</a></li><li><a href=\"#ovaweb-1\">OVA|WEB</a></li></ol><li><a href=\"#2007\">2007</a></li><ol><li><a href=\"#秋-14\">秋</a></li><li><a href=\"#夏-15\">夏</a></li><li><a href=\"#春-15\">春</a></li><li><a href=\"#冬-15\">冬</a></li><li><a href=\"#ova-6\">OVA</a></li></ol><li><a href=\"#2006-及以前\">2006 及以前</a></li><ol><li><a href=\"#2006-秋\">2006 秋</a></li><li><a href=\"#2006-春\">2006 春</a></li><li><a href=\"#2005-秋\">2005 秋</a></li><li><a href=\"#2005-夏\">2005 夏</a></li><li><a href=\"#2005-冬\">2005 冬</a></li><li><a href=\"#2004-秋\">2004 秋</a></li><li><a href=\"#2002-ova\">2002 OVA</a></li><li><a href=\"#1998-ova\">1998 OVA</a></li><li><a href=\"#1997-剧场\">1997 剧场</a></li><li><a href=\"#1995-秋\">1995 秋</a></li>","html":"<p>大概是想把一直以来追或补的动画再加点一句话评论整理列在这里，大概就是自我满足的清单。。。</p>\n<p>每季内大概是主观喜好度降序。</p>\n<p>目前最喜欢的作品是《ARIA（水星领航员）》与《横滨购物纪行》。</p>\n<!-- more -->\n<p>动画列表补完了，评论希望也能补掉。。。</p>\n<h2><a href=\"#2022\" aria-hidden=\"true\" class=\"anchor\" id=\"2022\"></a>2022</h2>\n<h3><a href=\"#夏\" aria-hidden=\"true\" class=\"anchor\" id=\"夏\"></a>夏</h3>\n<ul>\n<li>メイドインアビス 烈日の黄金郷 | 来自深渊 烈日的黄金乡</li>\n<li>邪神ちゃんドロップキック X | 邪神与厨二病少女 X</li>\n<li>異世界おじさん | 异世界舅舅</li>\n<li>リコリス・リコイル | Lycoris Recoil</li>\n<li>ラブライブ！スーパースター!! 2期 | Love Live! Superstar!! 第二季</li>\n<li>プリマドール | 天籁人偶</li>\n</ul>\n<h3><a href=\"#春\" aria-hidden=\"true\" class=\"anchor\" id=\"春\"></a>春</h3>\n<ul>\n<li>まちカドまぞく 2丁目 | 街角魔族 2丁目\n<ul>\n<li>应该会涉及很多主线的一季，虽然前一两集让人有些担心，但之后的发挥感到还是第一季的那个味儿。</li>\n</ul>\n</li>\n<li>かぐや様は告らせたい-ウルトラロマンティック- | 辉夜大小姐想让我告白-超级浪漫-\n<ul>\n<li>制作继续 nb，而且进度上又是原作就比较可以的片段。</li>\n</ul>\n</li>\n<li>パリピ孔明 | 派对浪客诸葛孔明\n<ul>\n<li>原作只看过一点，孔明真的符合孔明，英子唱歌真好听，每周期待度很高。</li>\n</ul>\n</li>\n<li>ラブライブ！虹ヶ咲学園スクールアイドル同好会 2期 | Love Live! 虹咲学园校园偶像同好会 第二季\n<ul>\n<li>围绕新三人的加入和小队的组成，似乎还会在侑身上下些功夫，总之制作什么依然比较喜欢。</li>\n</ul>\n</li>\n<li>SPY×FAMILY | 间谍过家家\n<ul>\n<li>感觉动画目前还是略逊于漫画原作，入学那一集的观感不错。</li>\n</ul>\n</li>\n<li>サマータイムレンダ | 夏日重现\n<ul>\n<li>先补完了原作再开始看动画的，感觉不好不坏吧。。</li>\n</ul>\n</li>\n<li>かぎなど シーズン2 | 键等 第二季\n<ul>\n<li>总感觉没梗了。。。最后一集感觉不错。</li>\n</ul>\n</li>\n<li>処刑少女の生きる道 | 处刑少女的生存之道\n<ul>\n<li>同样是 JC，我街角魔族也想要这种制作啊。灯里的 CV 听着很舒服，但也就这样了。。。</li>\n</ul>\n</li>\n</ul>\n<h3><a href=\"#冬\" aria-hidden=\"true\" class=\"anchor\" id=\"冬\"></a>冬</h3>\n<ul>\n<li>その着せ替え人形は恋をする | 更衣人偶坠入爱河\n<ul>\n<li>一开始因为女主的辣妹设定完全没有去看，之后看到了朱朱拉眼睛的片段后补了。制作很不错。</li>\n</ul>\n</li>\n<li>ハコヅメ～交番女子の逆襲～ | 秘密内幕～女子警察的逆袭～\n<ul>\n<li>很有意思又比较平淡的职场故事，并且还会加入一些正能量发言。</li>\n</ul>\n</li>\n<li>スローループ | Slow Loop\n<ul>\n<li>芳文漫改，以钓鱼和重组家庭为主题的日常。虽然感觉近年来 Kirara 作品贴贴浓度明显增加，但关于重组家庭的描写也是作品的一部分。</li>\n</ul>\n</li>\n<li>怪人開発部の黒井津さん | 怪人开发部的黑井津\n<ul>\n<li>含特摄和社畜元素的日常。</li>\n</ul>\n</li>\n<li>異世界美少女受肉おじさんと | 与成为异世界美少女的大叔一起\n<ul>\n<li>原作感觉是走快节奏无厘头搞笑路线的感觉，动画的表现感觉弱于原作。</li>\n</ul>\n</li>\n<li>プリンセスコネクト！Re:Dive Season 2 | 公主连结 Re:Dive 第二季\n<ul>\n<li>单纯地因为看了第一季就接着看了，游戏已经退了。中途弃了。</li>\n</ul>\n</li>\n</ul>\n<h2><a href=\"#2021\" aria-hidden=\"true\" class=\"anchor\" id=\"2021\"></a>2021</h2>\n<h3><a href=\"#秋\" aria-hidden=\"true\" class=\"anchor\" id=\"秋\"></a>秋</h3>\n<ul>\n<li>無職転生 ～異世界行ったら本気だす～ 第2クール | 无职转生 ～在异世界认真地活下去～ part2\n<ul>\n<li>还剩大概 4 集时补起来的，制作令人羡慕，最后一集很神。原作比起其他的异世界冒险作品，更多地描写了关于家的内容，也许是让原作受欢迎的主要原因。</li>\n</ul>\n</li>\n<li>かぎなど | 键等\n<ul>\n<li>看之前只看过京都三部的动画，期间补了 lb 和星之梦的动画，也就是只剩罚抄了（听说动画风评很糟就没有）。能看这些角色的日常就很开心了。</li>\n</ul>\n</li>\n<li>平家物語 | 平家物语\n<ul>\n<li>虽然我不了解这段历史，但渲染出来的平家由盛逐渐转衰的氛围很有感觉。</li>\n</ul>\n</li>\n<li>ワールドトリガー 3rdシーズン | 境界触发者 第三季\n<ul>\n<li>一直在看原作，动画的第三季感觉节奏稍有点拖，最后一战的作画有些不错。</li>\n</ul>\n</li>\n<li>極主夫道 パート2 | 极主夫道 第二季\n<ul>\n<li>原作质量的力量。</li>\n</ul>\n</li>\n<li>異世界食堂２ | 异世界食堂2\n<ul>\n<li>意料之外的第二季，虽然新角色出场总是很套路，但氛围感觉很好，老角色的互动也是一个看点。</li>\n</ul>\n</li>\n<li>古見さんは、コミュ症です。 | 古见同学有交流障碍症\n<ul>\n<li>op 很好，没了。</li>\n</ul>\n</li>\n<li>先輩がうざい後輩の話 | 关于前辈很烦人的事\n<ul>\n<li>op 很好，没了。</li>\n</ul>\n</li>\n</ul>\n<h3><a href=\"#夏-1\" aria-hidden=\"true\" class=\"anchor\" id=\"夏-1\"></a>夏</h3>\n<ul>\n<li>小林さんちのメイドラゴンS | 小林家的龙女仆S\n<ul>\n<li>京阿尼，堂堂复活！</li>\n</ul>\n</li>\n<li>ラブライブ！スーパースター!! | Love Live! Superstar!!\n<ul>\n<li>ll 样板戏？不过总人数的减少感觉其实还行。</li>\n</ul>\n</li>\n<li>白い砂のアクアトープ | 白沙的水族馆\n<ul>\n<li>10 月的后一半感觉好于前一半，PA 做工作少女系列果然还是熟练。</li>\n</ul>\n</li>\n<li>平穏世代の韋駄天達 | 平稳世代的韦驮天们\n<ul>\n<li>后来补的，很有意思，op 也很带感，人设和色指感觉不算普遍？也比较喜欢。略微有点猎奇吧。</li>\n</ul>\n</li>\n<li>マギアレコード 魔法少女まどか☆マギカ外伝 2nd SEASON -覚醒前夜- | 魔法纪录 魔法少女小圆外传 第二季 -觉醒前夜-\n<ul>\n<li>沙发套你行不行啊。</li>\n</ul>\n</li>\n</ul>\n<h3><a href=\"#春-1\" aria-hidden=\"true\" class=\"anchor\" id=\"春-1\"></a>春</h3>\n<ul>\n<li>オッドタクシー | 奇巧出租车\n<ul>\n<li>最后呈现的真相很棒，而后意识到前面的多处伏笔。当然，这种篇幅下的群像，人物的行动也许难免会让人觉得巧合好多。</li>\n</ul>\n</li>\n<li>極主夫道 | 极主夫道\n<ul>\n<li>原作质量的力量。</li>\n</ul>\n</li>\n<li>ゾンビランドサガ リベンジ | 佐贺偶像是传奇 复仇\n<ul>\n<li>以为只是普通的续集，结果结尾整出那么一活来。</li>\n</ul>\n</li>\n<li>美少年探偵団 | 美少年侦探团\n<ul>\n<li>是西尾的味道，喜欢。</li>\n</ul>\n</li>\n<li>スーパーカブ | 本田小狼与我\n<ul>\n<li>除去很有广告味的几个片段外还是不错的。</li>\n</ul>\n</li>\n</ul>\n<h3><a href=\"#冬-1\" aria-hidden=\"true\" class=\"anchor\" id=\"冬-1\"></a>冬</h3>\n<ul>\n<li>\n<p>ウマ娘 プリティーダービー Season 2 | 赛马娘 Pretty Derby 第二季</p>\n<ul>\n<li>东海帝王起起伏伏的主线与中途插入的米浴的支线无不触动人心。</li>\n</ul>\n</li>\n<li>\n<p>Re:ゼロから始める異世界生活 2nd season 後半クール | Re：从零开始的异世界生活 第二季 part2</p>\n<ul>\n<li>Re0 的第二季可能因为整体就算是一个篇章，看的感觉比第一季更爽。</li>\n</ul>\n</li>\n<li>\n<p>無職転生 ～異世界行ったら本気だす～ | 无职转生 ～在异世界认真地活下去～</p>\n<ul>\n<li>作画相当在线。作为异世界作品，有大家都有的一身挂，也有大家很少会去讲的主角的家庭的故事。</li>\n</ul>\n</li>\n<li>\n<p>ゆるキャン△ SEASON 2 | 摇曳露营△ 第二季</p>\n<ul>\n<li>还是那个很舒缓的氛围。</li>\n</ul>\n</li>\n<li>\n<p>ワールドトリガー 2ndシーズン | 境界触发者 第二季</p>\n<ul>\n<li>比第一季好很多（主要是第一季动画太拉了），op 不知道为什么做成之前的剧情概述，不过一进高潮所有人出来那段感觉还有点帅。</li>\n</ul>\n</li>\n<li>\n<p>BEASTARS 2nd Season | BEASTARS 第二季</p>\n<ul>\n<li>是喜欢的伊布奇与路易的片段，但最后一集拉了。</li>\n</ul>\n</li>\n<li>\n<p>ログ・ホライズン 円卓崩壊 | 记录的地平线 圆桌崩坏</p>\n<ul>\n<li>整个系列的问题是，单看每个故事都还行，但是作为一整个大故事就有些零散了</li>\n</ul>\n</li>\n<li>\n<p>ワンダーエッグ・プライオリティ | 奇蛋物语</p>\n<ul>\n<li>多好的人设和作画啊，怎么剧情就成了这样。某种意义上的魔法少女作品？</li>\n</ul>\n</li>\n<li>\n<p>裏世界ピクニック | 里世界郊游</p>\n<ul>\n<li>原作作为同时拥有都市怪谈和百合要素的作品相当地戳我，但是这动画改了个啥。</li>\n</ul>\n</li>\n</ul>\n<h3><a href=\"#ova\" aria-hidden=\"true\" class=\"anchor\" id=\"ova\"></a>OVA</h3>\n<ul>\n<li>planetarian～雪圏球～ | 星之梦～雪圏球～</li>\n</ul>\n<h3><a href=\"#剧场\" aria-hidden=\"true\" class=\"anchor\" id=\"剧场\"></a>剧场</h3>\n<ul>\n<li>ARIA The CREPUSCOLO | 水星领航员 The CREPUSCOLO\n<ul>\n<li>三篇剧场的橘色行星篇，各个角色明明都到下一代了还是原来的感觉，不过要到也就是这个属性和温暖的感觉。</li>\n</ul>\n</li>\n<li>映画大好きポンポさん | 酷爱电影的庞波小姐\n<ul>\n<li>看的时候观感还行，就是感觉表达的主体总是在变（主要是后半段感觉怪怪的），感觉更像是看了几段拼在一起的故事。</li>\n</ul>\n</li>\n<li>きんいろモザイク Thank you!! | 黄金拼图 Thank you!!</li>\n</ul>\n<h2><a href=\"#2020\" aria-hidden=\"true\" class=\"anchor\" id=\"2020\"></a>2020</h2>\n<h3><a href=\"#秋-1\" aria-hidden=\"true\" class=\"anchor\" id=\"秋-1\"></a>秋</h3>\n<ul>\n<li>ご注文はうさぎですか？ BLOOM | 请问您今天要来点兔子吗？BLOOM\n<ul>\n<li>大概是打破了芳文除了向阳最多两季的诅咒，不过点兔的质量无论原作还是动画都还是很可以的，已经在等会动的冬优了。</li>\n</ul>\n</li>\n<li>ラブライブ！虹ヶ咲学園スクールアイドル同好会 | Love Live! 虹咲学园校园偶像同好会\n<ul>\n<li>与其他 ll 系列动画风格不太相同，结果感觉无论是剧情还是人设风格，都比其他要喜欢。</li>\n</ul>\n</li>\n<li>安達としまむら | 安达与岛村\n<ul>\n<li>一些百合作让我喜欢主要是由于心理描写，而安岛做到了。虽然此前对入间人间的印象还停留在《电波女与青春男》。</li>\n</ul>\n</li>\n<li>魔女の旅々 | 魔女之旅\n<ul>\n<li>主要功夫在塑造屑魔女的单元剧作品。第 3 话观感非常不行，第 9 话略微不行。</li>\n</ul>\n</li>\n<li>おちこぼれフルーツタルト | 满溢的水果挞\n<ul>\n<li>虽然是 Kirara 系作品但并不是喜欢的风格。</li>\n</ul>\n</li>\n<li>アサルトリリィ BOUQUE | Assault Lily BOUQUET\n<ul>\n<li>去掉 3 的整倍数集只剩日常那还是不错的。</li>\n</ul>\n</li>\n<li>まえせつ！ | 前说！\n<ul>\n<li>漫才宣传作，剧情过于流水账，但姑且是完整平稳地讲完了故事的原创作品。</li>\n</ul>\n</li>\n<li>トニカクカワイイ | 总之就是非常可爱\n<ul>\n<li>便宜狗粮动画。</li>\n</ul>\n</li>\n<li>神様になった日 | 成神之日\n<ul>\n<li>麻子啊麻子。。。</li>\n</ul>\n</li>\n</ul>\n<h3><a href=\"#夏-2\" aria-hidden=\"true\" class=\"anchor\" id=\"夏-2\"></a>夏</h3>\n<ul>\n<li>Re:ゼロから始める異世界生活 2nd season | Re：从零开始的异世界生活 第二季\n<ul>\n<li>re0 2 的观感感觉比第一季还要好些。</li>\n</ul>\n</li>\n<li>デカダンス | DECA-DENCE\n<ul>\n<li>前半还行，最后几集明显能猜到结局会怎么发展但又要看着把猜想演一遍的感觉不太舒服。比中规中规高一档的原创作吧。</li>\n</ul>\n</li>\n<li>うまよん | 赛马娘四格。\n<ul>\n<li>中规中矩的角色宣传泡面番。</li>\n</ul>\n</li>\n<li>炎炎ノ消防隊 弐ノ章 | 炎炎消防队 二之章\n<ul>\n<li>其实我觉得观感还没有第一季好。。尤其是打斗中的节奏。。</li>\n</ul>\n</li>\n</ul>\n<h3><a href=\"#春-2\" aria-hidden=\"true\" class=\"anchor\" id=\"春-2\"></a>春</h3>\n<ul>\n<li>かくしごと | 隐瞒之事\n<ul>\n<li>久米田，永远的神。</li>\n</ul>\n</li>\n<li>邪神ちゃんドロップキック’ | 邪神与厨二病少女’\n<ul>\n<li>大概是一直很能对上电波，所以还挺喜欢小邪神系列的。《神保町哀歌》好听。</li>\n</ul>\n</li>\n<li>かぐや様は告らせたい？～天才たちの恋愛頭脳戦～ | 辉夜大小姐想让我告白？～天才们的恋爱头脑战～\n<ul>\n<li>略逊第一季，不过还是可以的。不过照原作的样子，越往后大概观感会越差。。。</li>\n</ul>\n</li>\n<li>放課後ていぼう日誌 | 放学后海堤日记\n<ul>\n<li>动工做这种作品那还是很有保障的，很舒服的钓鱼少女日常。</li>\n</ul>\n</li>\n<li>プリンセスコネクト！Re:Dive | 公主连结 Re:Dive\n<ul>\n<li>我觉得咱就只做日常好了，别参和什么主线。</li>\n</ul>\n</li>\n<li>球詠 | 球咏\n<ul>\n<li>其实是有点硬的棒球竞技作，但感觉有趣不起来，加上制作也不行，只记得麻子的 ed。</li>\n</ul>\n</li>\n</ul>\n<h3><a href=\"#冬-2\" aria-hidden=\"true\" class=\"anchor\" id=\"冬-2\"></a>冬</h3>\n<ul>\n<li>映像研には手を出すな！ | 别对映像研出手！\n<ul>\n<li>天才日本高中生做动画，各种东西能都脑洞出一段内容来，有点天马行空的感觉很喜欢。</li>\n</ul>\n</li>\n<li>へやキャン△ | 房间露营△\n<ul>\n<li>露营的泡面番，讲了一个完整的故事，很不错。</li>\n</ul>\n</li>\n<li>恋する小惑星 | 恋爱小行星\n<ul>\n<li>很喜欢的一部芳文 Kirara 系作品，动工的制作也还不错。感觉像这样引入某一方面的科普也算是近年 Kirara 作品的特点了。</li>\n</ul>\n</li>\n<li>とある科学の超電磁砲T | 某科学的超电磁炮T\n<ul>\n<li>超炮大概是某系列动画质量最高的系列了。。</li>\n</ul>\n</li>\n<li>推しが武道館いってくれたら死ぬ | 神推偶像登上武道馆我就死而无憾\n<ul>\n<li>不怎么关注偶像，不过这作给人的感觉就是很舒服。</li>\n</ul>\n</li>\n<li>へんたつ | 平安达纪（TV）\n<ul>\n<li>发动脑洞闲聊的泡面，有意思。</li>\n</ul>\n</li>\n<li>マギアレコード 魔法少女まどか☆マギカ外伝 | 魔法纪录 魔法少女小圆外传\n<ul>\n<li>这个时候还是在期待后续改编和制作的，没想到啊没想到。</li>\n</ul>\n</li>\n<li>ソマリと森の神様 | 索玛丽与森林之神\n<ul>\n<li>养女儿的治愈作，还可以。</li>\n</ul>\n</li>\n<li>虚構推理 | 虚构推理\n<ul>\n<li>原作的风格还是喜欢的，但原作大量的对话到了动画就是连着几集的站桩说话，这观感就有点难受了。</li>\n</ul>\n</li>\n</ul>\n<h3><a href=\"#剧场-1\" aria-hidden=\"true\" class=\"anchor\" id=\"剧场-1\"></a>剧场</h3>\n<ul>\n<li>劇場版 メイドインアビス 深き魂の黎明 | 来自深渊 深邃的魂之黎明\n<ul>\n<li>原来白笛是这么个白笛。。。</li>\n</ul>\n</li>\n<li>劇場版 SHIROBAKO | 剧场版 白箱\n<ul>\n<li>作为 TV 版粉丝很满足，感觉比原作更加的理想化了，虽然我认为《白箱》本来就是传达动画人梦与理想的作品。不过感觉这剧场有一点点粉丝向。</li>\n</ul>\n</li>\n<li>劇場版 クドわふたー | 库特 wafter\n<ul>\n<li>说是 if 但改出了正篇续作的感觉，喜欢，就是好短。わふー！</li>\n</ul>\n</li>\n<li>BURN THE WITCH | 龙与魔女\n<ul>\n<li>论人设和刷时髦那久保还是很值得吹的。</li>\n</ul>\n</li>\n<li>マルルクちゃんの日常 | 玛露露库的日常</li>\n</ul>\n<h2><a href=\"#2019\" aria-hidden=\"true\" class=\"anchor\" id=\"2019\"></a>2019</h2>\n<h3><a href=\"#秋-2\" aria-hidden=\"true\" class=\"anchor\" id=\"秋-2\"></a>秋</h3>\n<ul>\n<li>BEASTARS | BEASTARS\n<ul>\n<li>纯 3D 很意外。原作就比较喜欢，纯 3D 也意外没有带来反感。</li>\n</ul>\n</li>\n</ul>\n<h3><a href=\"#夏-3\" aria-hidden=\"true\" class=\"anchor\" id=\"夏-3\"></a>夏</h3>\n<ul>\n<li>まちカドまぞく | 街角魔族\n<ul>\n<li>虽然制作有便宜动画的感觉，但在原作质量的面前还是很有意思。期待第二季，以及希望伊藤老师身体好点。</li>\n</ul>\n</li>\n<li>女子高生の無駄づかい | 女高中生的无所事事\n<ul>\n<li>说是女版男高又有些不同的感觉，尤其是最后死宅和老师的剧情。还是有意思的。</li>\n</ul>\n</li>\n<li>炎炎ノ消防隊 | 炎炎消防队\n<ul>\n<li>虽说是八濑，但毕竟还是沙发套老熟人，所以还是去看了。虽然有些节奏问题和八濑有时的谜之分镜，还算是可以。</li>\n</ul>\n</li>\n<li>とある科学の一方通行 | 某科学的一方通行\n<ul>\n<li>总之崩了。</li>\n</ul>\n</li>\n</ul>\n<h3><a href=\"#春-3\" aria-hidden=\"true\" class=\"anchor\" id=\"春-3\"></a>春</h3>\n<ul>\n<li>世話やきキツネの仙狐さん | 贤惠幼妻仙狐小姐\n<ul>\n<li>动工的清水日常，氛围还行。</li>\n</ul>\n</li>\n<li>キャロル＆チューズデイ | 卡罗尔与星期二（CAROLE &amp; TUESDAY）\n<ul>\n<li>歌都很好听，就是这剧情感觉有点不行，想表达的主题倒是可以理解。</li>\n</ul>\n</li>\n<li>川柳少女 | 川柳少女\n<ul>\n<li>普普通通。</li>\n</ul>\n</li>\n</ul>\n<h3><a href=\"#冬-3\" aria-hidden=\"true\" class=\"anchor\" id=\"冬-3\"></a>冬</h3>\n<ul>\n<li>ケムリクサ | 烟草\n<ul>\n<li>我永远相信达纪监督。</li>\n</ul>\n</li>\n<li>ブギーポップは笑わない | 不吉波普不笑\n<ul>\n<li>剧情偶有槽点，不过整体还是很喜欢的。</li>\n</ul>\n</li>\n<li>かぐや様は告らせたい～天才たちの恋愛頭脳戦～ | 辉夜大小姐想让我告白～天才们的恋爱头脑战～\n<ul>\n<li>因为监督才来看的，质量不错的校园恋爱搞笑日常。</li>\n</ul>\n</li>\n<li>私に天使が舞い降りた！ | 天使降临到了我身边!\n<ul>\n<li>质量不错的萌豚饲料。</li>\n</ul>\n</li>\n<li>えんどろ〜！ | Endro~！\n<ul>\n<li>因为水母老师来看的，感觉没有被戳到。</li>\n</ul>\n</li>\n</ul>\n<h3><a href=\"#剧场-2\" aria-hidden=\"true\" class=\"anchor\" id=\"剧场-2\"></a>剧场</h3>\n<ul>\n<li>ヴァイオレット・エヴァーガーデン 外伝 - 永遠と自動手記人形 - | 紫罗兰永恒花园 外传 - 永远与自动手记人偶 -\n<ul>\n<li>在电影院看的，算是优秀的故事和剧场。</li>\n</ul>\n</li>\n</ul>\n<h2><a href=\"#2018\" aria-hidden=\"true\" class=\"anchor\" id=\"2018\"></a>2018</h2>\n<h3><a href=\"#秋-3\" aria-hidden=\"true\" class=\"anchor\" id=\"秋-3\"></a>秋</h3>\n<ul>\n<li>やがて君になる | 终将成为你\n<ul>\n<li>感觉是非常优秀的作品，让我开始看真百的两大“罪魁祸首”之一，而终将不仅好在百的部分的描写，还要关于灯子心结的描写。</li>\n</ul>\n</li>\n<li>ゾンビランドサガ | 佐贺偶像是传奇\n<ul>\n<li>非常有意思的作品，有沙雕的部分，也有感动的部分，而且结合没有生硬。</li>\n</ul>\n</li>\n<li>となりの吸血鬼さん | 邻家的吸血鬼小妹/邻家索菲\n<ul>\n<li>还算可以轻百日常。</li>\n</ul>\n</li>\n<li>アニマエール！ | Anima Yell!\n<ul>\n<li>说起来没留下多少印象，虽然是 Kirara 系，也没有去看原作。。</li>\n</ul>\n</li>\n<li>ガイコツ書店員本田さん | 骸骨书店员本田君\n<ul>\n<li>不知道为什么追了的作品，比中规中矩略好一点吧。</li>\n</ul>\n</li>\n<li>とある魔術の禁書目録Ⅲ | 魔法禁书目录 第三季\n<ul>\n<li>起码我知道我看了个什么故事。</li>\n</ul>\n</li>\n</ul>\n<h3><a href=\"#夏-4\" aria-hidden=\"true\" class=\"anchor\" id=\"夏-4\"></a>夏</h3>\n<ul>\n<li>ヤマノススメ サードシーズン | 向山进发 第三季\n<ul>\n<li>虽然山少了，扭多了，但还是喜欢的。ed 很好听。</li>\n</ul>\n</li>\n<li>邪神ちゃんドロップキック | 邪神与厨二病少女\n<ul>\n<li>算是对上了电波，感觉有意思的纯搞笑日常。</li>\n</ul>\n</li>\n<li>はたらく細胞 | 工作细胞\n<ul>\n<li>偏子供的科普作品。</li>\n</ul>\n</li>\n</ul>\n<h3><a href=\"#春-4\" aria-hidden=\"true\" class=\"anchor\" id=\"春-4\"></a>春</h3>\n<ul>\n<li>シュタインズ・ゲート ゼロ | 命运石之门 0\n<ul>\n<li>虽然没有本篇看得爽，但也还是可以的。</li>\n</ul>\n</li>\n<li>ウマ娘 プリティーダービー | 赛马娘 Pretty Derby\n<ul>\n<li>还算是可以，故事有一定感染力。</li>\n</ul>\n</li>\n<li>こみっくがーるず | Comic Girls\n<ul>\n<li>感觉还行的芳文漫改。</li>\n</ul>\n</li>\n<li>鬼灯の冷徹 第弐期 その弐 | 鬼灯的冷彻 第二季 其之二\n<ul>\n<li>搞笑作，还行。</li>\n</ul>\n</li>\n<li>ヒナまつり | 黑社会的超能力女儿\n<ul>\n<li>搞笑作，还行。</li>\n</ul>\n</li>\n<li>食戟のソーマ 餐ノ皿 遠月列車篇 | 食戟之灵 餐之皿 远月列车篇\n<ul>\n<li>应该是看的最后一部食戟的动画，漫画也是在这篇之后不久就扔了。</li>\n</ul>\n</li>\n</ul>\n<h3><a href=\"#冬-4\" aria-hidden=\"true\" class=\"anchor\" id=\"冬-4\"></a>冬</h3>\n<ul>\n<li>ゆるキャン△ | 摇曳露营△\n<ul>\n<li>气氛很棒的轻松日常。</li>\n</ul>\n</li>\n<li>ヴァイオレット・エヴァーガーデン | 紫罗兰永恒花园\n<ul>\n<li>前面的单元剧很棒，但最后两集感觉不是很喜欢。</li>\n</ul>\n</li>\n<li>スロウスタート | Slow Start\n<ul>\n<li>仅靠动画没有感到特色的 Kirara 系校园日常，op 和 ed 倒是很喜欢，人设风格也是。</li>\n</ul>\n</li>\n<li>カードキャプターさくら クリアカード編 | 魔卡少女樱 透明牌篇\n<ul>\n<li>情怀。当然，本身质量也不至于只剩情怀。</li>\n</ul>\n</li>\n</ul>\n<h3><a href=\"#ova-1\" aria-hidden=\"true\" class=\"anchor\" id=\"ova-1\"></a>OVA</h3>\n<ul>\n<li>ReLIFE 完結編 | ReLIFE 完结篇</li>\n</ul>\n<h3><a href=\"#剧场-3\" aria-hidden=\"true\" class=\"anchor\" id=\"剧场-3\"></a>剧场</h3>\n<ul>\n<li>リズと青い鳥 | 莉兹与青鸟\n<ul>\n<li>非常优秀的作品，让我开始看真百的两大“罪魁祸首”之一（虽然本作感觉其实不太算真百吧）。各种心理的描写和演出，你山田姐姐太会了。</li>\n</ul>\n</li>\n<li>続・終物語 | 续・终物语\n<ul>\n<li>最后的物语，完美的结束了。再后面的篇章感觉不会有动画了。</li>\n</ul>\n</li>\n<li>映画 中二病でも恋がしたい！ -Take On Me- | 电影 中二病也要谈恋爱！ -Take On Me-\n<ul>\n<li>出来撒狗粮的旅行嘛，还算不错。</li>\n</ul>\n</li>\n</ul>\n<h2><a href=\"#2017\" aria-hidden=\"true\" class=\"anchor\" id=\"2017\"></a>2017</h2>\n<h3><a href=\"#秋-4\" aria-hidden=\"true\" class=\"anchor\" id=\"秋-4\"></a>秋</h3>\n<ul>\n<li>3月のライオン 第2シリーズ | 3月的狮子 第二季</li>\n<li>少女終末旅行 | 少女终末旅行</li>\n<li>このはな綺譚 | 此花绮谭</li>\n<li>ヤマノススメ おもいでプレゼント | 向山进发 回忆的礼物</li>\n<li>ブレンド・S | 调教咖啡厅</li>\n<li>鬼灯の冷徹 第弐期 | 鬼灯的冷彻 第二季</li>\n<li>干物妹! うまるちゃんR | 干物妹！小埋R</li>\n<li>食戟のソーマ 餐ノ皿 | 食戟之灵 餐之皿</li>\n<li>十二大戦 | 十二大战</li>\n<li>クジラの子らは砂上に歌う | 泥鲸之子们在沙地上歌唱</li>\n<li>アニメガタリズ | 动画同好会</li>\n<li>UQ HOLDER!～魔法先生ネギま！2～ | 悠久持有者！</li>\n</ul>\n<h3><a href=\"#夏-5\" aria-hidden=\"true\" class=\"anchor\" id=\"夏-5\"></a>夏</h3>\n<ul>\n<li>メイドインアビス | 来自深渊</li>\n<li>NEW GAME!! | NEW GAME!!</li>\n<li>プリンセス・プリンシパル | Princess Principal</li>\n<li>セントールの悩み | 人马小姐的烦恼</li>\n<li>異世界食堂 | 异世界食堂</li>\n<li>賭ケグルイ | 狂赌之渊</li>\n<li>ようこそ実力至上主義の教室へ | 欢迎来到实力至上主义教室</li>\n</ul>\n<h3><a href=\"#春-5\" aria-hidden=\"true\" class=\"anchor\" id=\"春-5\"></a>春</h3>\n<ul>\n<li>サクラダリセット | 重启咲良田</li>\n<li>有頂天家族2 | 有顶天家族2</li>\n<li>サクラクエスト | 樱花任务</li>\n<li>夏目友人帳 陸 | 夏目友人帐 陆</li>\n<li>ゼロから始める魔法の書 | 从零开始的魔法书</li>\n<li>アリスと蔵六 | 爱丽丝与藏六</li>\n<li>ひなこのーと | 雏子的笔记</li>\n</ul>\n<h3><a href=\"#冬-5\" aria-hidden=\"true\" class=\"anchor\" id=\"冬-5\"></a>冬</h3>\n<ul>\n<li>けものフレンズ | 兽娘动物园</li>\n<li>うらら迷路帖 | Urara迷路帖</li>\n<li>この素晴らしい世界に祝福を！2 | 为美好的世界献上祝福！ 第二季</li>\n<li>ガヴリールドロップアウト | 珈百璃的堕落</li>\n</ul>\n<h3><a href=\"#剧场-4\" aria-hidden=\"true\" class=\"anchor\" id=\"剧场-4\"></a>剧场</h3>\n<ul>\n<li>夜は短し歩けよ乙女 | 春宵苦短，少女前进吧！</li>\n<li>傷物語III 冷血篇 | 伤物语III 冷血篇</li>\n</ul>\n<h2><a href=\"#2016\" aria-hidden=\"true\" class=\"anchor\" id=\"2016\"></a>2016</h2>\n<h3><a href=\"#秋-5\" aria-hidden=\"true\" class=\"anchor\" id=\"秋-5\"></a>秋</h3>\n<ul>\n<li>3月のライオン | 3月的狮子</li>\n<li>舟を編む | 编舟记</li>\n<li>響け！ユーフォニアム2 | 吹响吧！上低音号 第二季</li>\n<li>夏目友人帳 伍 | 夏目友人帐 伍</li>\n<li>WWW.WORKING!! | WWW.迷糊餐厅</li>\n<li>フリップフラッパーズ | Flip Flappers</li>\n<li>ステラのまほう | 斯特拉的魔法</li>\n<li>Occultic;Nine -オカルティック・ナイン- | 超自然9人组</li>\n<li>ガーリッシュ ナンバー | 少女编号</li>\n<li>魔法少女育成計画 | 魔法少女育成计划</li>\n</ul>\n<h3><a href=\"#夏-6\" aria-hidden=\"true\" class=\"anchor\" id=\"夏-6\"></a>夏</h3>\n<ul>\n<li>ReLIFE | ReLIFE</li>\n<li>この美術部には問題がある！ | 这个美术社大有问题！</li>\n<li>NEW GAME! | NEW GAME!</li>\n<li>斉木楠雄のΨ難 | 齐木楠雄的灾难</li>\n<li>食戟のソーマ 弍ノ皿 | 食戟之灵 贰之皿</li>\n<li>ラブライブ! サンシャイン!! | LoveLive! Sunshine!!</li>\n</ul>\n<h3><a href=\"#春-6\" aria-hidden=\"true\" class=\"anchor\" id=\"春-6\"></a>春</h3>\n<p>（此季开始每季追番）</p>\n<ul>\n<li>Re:ゼロから始める異世界生活 | Re：从零开始的异世界生活</li>\n<li>三者三葉 | 三者三叶</li>\n<li>あんハピ♪ | Anne Happy♪</li>\n<li>坂本ですが？ | 在下坂本，有何贵干？</li>\n</ul>\n<h3><a href=\"#冬-6\" aria-hidden=\"true\" class=\"anchor\" id=\"冬-6\"></a>冬</h3>\n<ul>\n<li>暗殺教室 第2期 | 暗杀教室 第二季</li>\n<li>僕だけがいない街 | 只有我不存在的城市</li>\n<li>この素晴らしい世界に祝福を！ | 为美好的世界献上祝福！</li>\n<li>デュラララ!!×2 結 | 无头骑士异闻录×2 结\n<ul>\n<li>后三季感觉远不如第一季，看完只有终于结束了的感觉</li>\n</ul>\n</li>\n</ul>\n<h3><a href=\"#ovaweb\" aria-hidden=\"true\" class=\"anchor\" id=\"ovaweb\"></a>OVA|WEB</h3>\n<ul>\n<li>planetarian～ちいさなほしのゆめ～ | 星之梦</li>\n<li>暦物語 | 历物语</li>\n<li>クビキリサイクル 青色サヴァンと戯言遣い | 斩首循环 蓝色学者与戏言跟班</li>\n</ul>\n<h3><a href=\"#剧场-5\" aria-hidden=\"true\" class=\"anchor\" id=\"剧场-5\"></a>剧场</h3>\n<ul>\n<li>傷物語I 鉄血篇 | 伤物语I 铁血篇</li>\n<li>傷物語II 熱血篇 | 伤物语II 热血篇</li>\n<li>planetarian～星の人～ | 星之梦～星之人～</li>\n<li>きんいろモザイク Pretty Days | 黄金拼图 Pretty Days</li>\n</ul>\n<h2><a href=\"#2015\" aria-hidden=\"true\" class=\"anchor\" id=\"2015\"></a>2015</h2>\n<h3><a href=\"#秋-6\" aria-hidden=\"true\" class=\"anchor\" id=\"秋-6\"></a>秋</h3>\n<ul>\n<li>終物語 | 终物语</li>\n<li>ご注文はうさぎですか？？ | 请问您今天要来点兔子吗？？</li>\n</ul>\n<h3><a href=\"#夏-7\" aria-hidden=\"true\" class=\"anchor\" id=\"夏-7\"></a>夏</h3>\n<ul>\n<li>WORKING!!! | 迷糊餐厅 第三季</li>\n<li>がっこうぐらし！ | 学园孤岛</li>\n<li>城下町のダンデライオン | 城下町的蒲公英</li>\n<li>わかば＊ガール | 若叶女孩</li>\n<li>干物妹! うまるちゃん | 干物妹！小埋</li>\n<li>それが声優！ | 那就是声优！</li>\n</ul>\n<h3><a href=\"#春-7\" aria-hidden=\"true\" class=\"anchor\" id=\"春-7\"></a>春</h3>\n<ul>\n<li>響け！ユーフォニアム | 吹响吧！上低音号</li>\n<li>ハロー!!きんいろモザイク | HELLO!! 黄金拼图</li>\n<li>ニセコイ: | 伪恋：</li>\n<li>食戟のソーマ | 食戟之灵</li>\n</ul>\n<h3><a href=\"#冬-7\" aria-hidden=\"true\" class=\"anchor\" id=\"冬-7\"></a>冬</h3>\n<ul>\n<li>暗殺教室 | 暗杀教室</li>\n<li>幸腹グラフィティ | 幸腹涂鸦</li>\n<li>デュラララ!!×2 承 | 无头骑士异闻录×2 承</li>\n</ul>\n<h3><a href=\"#ova-2\" aria-hidden=\"true\" class=\"anchor\" id=\"ova-2\"></a>OVA</h3>\n<ul>\n<li>たまゆら～卒業写真～ | 玉响～毕业写真～</li>\n<li>咲日和 OAD | 咲日和 OAD</li>\n</ul>\n<h2><a href=\"#2014\" aria-hidden=\"true\" class=\"anchor\" id=\"2014\"></a>2014</h2>\n<h3><a href=\"#秋-7\" aria-hidden=\"true\" class=\"anchor\" id=\"秋-7\"></a>秋</h3>\n<ul>\n<li>SHIROBAKO | 白箱</li>\n<li>ワールドトリガー | 境界触发者</li>\n<li>ログ・ホライズン 第2シリーズ | 记录的地平线 第二季</li>\n<li>甘城ブリリアントパーク | 甘城光辉游乐园</li>\n<li>デンキ街の本屋さん | 电器街的漫画店</li>\n</ul>\n<h3><a href=\"#夏-8\" aria-hidden=\"true\" class=\"anchor\" id=\"夏-8\"></a>夏</h3>\n<ul>\n<li>花物語 | 花物语</li>\n<li>ヤマノススメ セカンドシーズン | 向山进发 第二季</li>\n<li>月刊少女野崎くん | 月刊少女野崎君</li>\n<li>ハナヤマタ | 花舞少女</li>\n<li>ひめゴト | 搞姬日常</li>\n</ul>\n<h3><a href=\"#春-8\" aria-hidden=\"true\" class=\"anchor\" id=\"春-8\"></a>春</h3>\n<ul>\n<li>ご注文はうさぎですか？ | 请问您今天要来点兔子吗？</li>\n<li>ノーゲーム・ノーライフ | NO GAME NO LIFE 游戏人生</li>\n<li>ラブライブ! 第2期 | Love Live! 第二季</li>\n</ul>\n<h3><a href=\"#冬-8\" aria-hidden=\"true\" class=\"anchor\" id=\"冬-8\"></a>冬</h3>\n<ul>\n<li>咲-Saki- 全国編 | 天才麻将少女 全国篇</li>\n<li>てさぐれ!部活もの あんこーる | 摸索吧！部活剧 再来一个</li>\n<li>中二病でも恋がしたい！戀 | 中二病也要谈恋爱！恋</li>\n<li>ニセコイ | 伪恋</li>\n<li>鬼灯の冷徹 | 鬼灯的冷彻</li>\n</ul>\n<h3><a href=\"#ova-3\" aria-hidden=\"true\" class=\"anchor\" id=\"ova-3\"></a>OVA</h3>\n<ul>\n<li>リトルバスターズ! EX | Little Busters! EX</li>\n</ul>\n<h3><a href=\"#剧场-6\" aria-hidden=\"true\" class=\"anchor\" id=\"剧场-6\"></a>剧场</h3>\n<ul>\n<li>たまこラブストーリー | 玉子爱情故事</li>\n</ul>\n<h2><a href=\"#2013\" aria-hidden=\"true\" class=\"anchor\" id=\"2013\"></a>2013</h2>\n<h3><a href=\"#秋-8\" aria-hidden=\"true\" class=\"anchor\" id=\"秋-8\"></a>秋</h3>\n<ul>\n<li>リトルバスターズ! 〜Refrain〜 | Little Busters! 〜Refrain〜</li>\n<li>ログ・ホライズン | 记录的地平线</li>\n<li>てさぐれ！部活もの | 摸索吧！部活剧</li>\n<li>境界の彼方 | 境界的彼方</li>\n</ul>\n<h3><a href=\"#夏-9\" aria-hidden=\"true\" class=\"anchor\" id=\"夏-9\"></a>夏</h3>\n<ul>\n<li>〈物語〉シリーズ セカンドシーズン | 物语系列 第二季</li>\n<li>たまゆら～もあぐれっしぶ～ | 玉响～more aggressive～</li>\n<li>有頂天家族 | 有顶天家族</li>\n<li>帰宅部活動記録 | 归宅部活动记录</li>\n<li>サーバント×サービス | 跟班×服务</li>\n<li>きんいろモザイク | 黄金拼图</li>\n</ul>\n<h3><a href=\"#春-9\" aria-hidden=\"true\" class=\"anchor\" id=\"春-9\"></a>春</h3>\n<ul>\n<li>ゆゆ式 | 悠悠式</li>\n<li>とある科学の超電磁砲S | 某科学的超电磁炮S</li>\n</ul>\n<h3><a href=\"#冬-9\" aria-hidden=\"true\" class=\"anchor\" id=\"冬-9\"></a>冬</h3>\n<ul>\n<li>ヤマノススメ | 向山进发</li>\n<li>GJ部 | GJ部</li>\n<li>たまこまーけっと | 玉子市场</li>\n<li>ラブライブ! | Love Live!</li>\n<li>ささみさん@がんばらない | 锁锁美同学@提不起劲</li>\n</ul>\n<h3><a href=\"#web\" aria-hidden=\"true\" class=\"anchor\" id=\"web\"></a>WEB</h3>\n<ul>\n<li>宮河家の空腹 | 宫河家的空腹</li>\n</ul>\n<h3><a href=\"#剧场-7\" aria-hidden=\"true\" class=\"anchor\" id=\"剧场-7\"></a>剧场</h3>\n<ul>\n<li>劇場版 魔法少女まどか☆マギカ [新編] 叛逆の物語 | 剧场版 魔法少女小圆 [新篇] 叛逆的物语</li>\n<li>STEINS;GATE 負荷領域のデジャヴ | 命运石之门 负荷领域的既视感</li>\n</ul>\n<h2><a href=\"#2012\" aria-hidden=\"true\" class=\"anchor\" id=\"2012\"></a>2012</h2>\n<h3><a href=\"#秋-9\" aria-hidden=\"true\" class=\"anchor\" id=\"秋-9\"></a>秋</h3>\n<ul>\n<li>猫物語（黒） | 猫物语（黑）</li>\n<li>リトルバスターズ！| Little Busters!</li>\n<li>ひだまりスケッチ×ハニカム | 向阳素描×蜂窝</li>\n<li>中二病でも恋がしたい！| 中二病也要谈恋爱！</li>\n</ul>\n<h3><a href=\"#夏-10\" aria-hidden=\"true\" class=\"anchor\" id=\"夏-10\"></a>夏</h3>\n<ul>\n<li>人類は衰退しました | 人类衰退之后</li>\n<li>じょしらく | 女子落语</li>\n<li>ゆるゆり♪♪ | 摇曳百合♪♪</li>\n<li>TARI TARI | TARI TARI</li>\n</ul>\n<h3><a href=\"#春-10\" aria-hidden=\"true\" class=\"anchor\" id=\"春-10\"></a>春</h3>\n<ul>\n<li>氷菓 | 冰菓</li>\n<li>あっちこっち | 一起一起这里那里</li>\n<li>咲-Saki- 阿知賀編 episode of side-A | 天才麻将少女 阿知贺篇</li>\n</ul>\n<h3><a href=\"#冬-10\" aria-hidden=\"true\" class=\"anchor\" id=\"冬-10\"></a>冬</h3>\n<ul>\n<li>偽物語 | 伪物语</li>\n<li>夏目友人帳 肆 | 夏目友人帐 肆</li>\n<li>男子高校生の日常 | 男子高中生的日常</li>\n</ul>\n<h2><a href=\"#2011\" aria-hidden=\"true\" class=\"anchor\" id=\"2011\"></a>2011</h2>\n<h3><a href=\"#秋-10\" aria-hidden=\"true\" class=\"anchor\" id=\"秋-10\"></a>秋</h3>\n<ul>\n<li>WORKING'!! | 迷糊餐厅 第二季</li>\n</ul>\n<h3><a href=\"#夏-11\" aria-hidden=\"true\" class=\"anchor\" id=\"夏-11\"></a>夏</h3>\n<ul>\n<li>たまゆら～hitotose～ | 玉响～hitotose～</li>\n<li>夏目友人帳 参 | 夏目友人帐 叁</li>\n<li>ダンタリアンの書架  | 丹特丽安的书架</li>\n<li>ゆるゆり | 摇曳百合</li>\n</ul>\n<h3><a href=\"#春-11\" aria-hidden=\"true\" class=\"anchor\" id=\"春-11\"></a>春</h3>\n<ul>\n<li>STEINS;GATE | 命运石之门</li>\n<li>日常 | 日常</li>\n<li>電波女と青春男 | 电波女与青春男</li>\n<li>まりあ†ほりっく あらいぶ | 玛利亚狂热 ALIVE</li>\n</ul>\n<h3><a href=\"#冬-11\" aria-hidden=\"true\" class=\"anchor\" id=\"冬-11\"></a>冬</h3>\n<ul>\n<li>魔法少女まどか☆マギカ | 魔法少女小圆</li>\n<li>GOSICK -ゴシック- | GOSICK</li>\n</ul>\n<h3><a href=\"#ova-4\" aria-hidden=\"true\" class=\"anchor\" id=\"ova-4\"></a>OVA</h3>\n<ul>\n<li>ひだまりスケッチ×SP | 向阳素描×SP</li>\n</ul>\n<h2><a href=\"#2010\" aria-hidden=\"true\" class=\"anchor\" id=\"2010\"></a>2010</h2>\n<h3><a href=\"#秋-11\" aria-hidden=\"true\" class=\"anchor\" id=\"秋-11\"></a>秋</h3>\n<ul>\n<li>荒川アンダー ザ ブリッジ×ブリッジ | 荒川爆笑团2</li>\n<li>それでも町は廻っている | 女仆咖啡厅/即使如此小镇依然转动</li>\n<li>とある魔術の禁書目録Ⅱ | 魔法禁书目录 第二季</li>\n</ul>\n<h3><a href=\"#夏-12\" aria-hidden=\"true\" class=\"anchor\" id=\"夏-12\"></a>夏</h3>\n<h3><a href=\"#春-12\" aria-hidden=\"true\" class=\"anchor\" id=\"春-12\"></a>春</h3>\n<ul>\n<li>四畳半神話大系 | 四叠半神话大系</li>\n<li>荒川アンダー ザ ブリッジ | 荒川爆笑团</li>\n<li>WORKING!! | 迷糊餐厅</li>\n<li>けいおん!! | 轻音少女 第二季</li>\n<li>Angel Beats! | Angel Beats!</li>\n</ul>\n<h3><a href=\"#冬-12\" aria-hidden=\"true\" class=\"anchor\" id=\"冬-12\"></a>冬</h3>\n<ul>\n<li>デュラララ!! | 无头骑士异闻录</li>\n<li>ひだまりスケッチ×☆☆☆ | 向阳素描×☆☆☆</li>\n<li>バカとテストと召喚獣 | 笨蛋，测验，召唤兽</li>\n</ul>\n<h3><a href=\"#ova-5\" aria-hidden=\"true\" class=\"anchor\" id=\"ova-5\"></a>OVA</h3>\n<ul>\n<li>たまゆら | 玉响</li>\n</ul>\n<h2><a href=\"#2009\" aria-hidden=\"true\" class=\"anchor\" id=\"2009\"></a>2009</h2>\n<h3><a href=\"#秋-12\" aria-hidden=\"true\" class=\"anchor\" id=\"秋-12\"></a>秋</h3>\n<ul>\n<li>とある科学の超電磁砲 | 某科学的超电磁炮</li>\n<li>夏のあらし! ～春夏冬中～ | 夏之岚～春夏冬中～</li>\n</ul>\n<h3><a href=\"#夏-13\" aria-hidden=\"true\" class=\"anchor\" id=\"夏-13\"></a>夏</h3>\n<ul>\n<li>化物語 | 化物语</li>\n<li>懺・さよなら絶望先生 | 忏・再见绝望先生</li>\n<li>狼と香辛料II | 狼与香辛料 第二季</li>\n<li>GA 芸術科アートデザインクラス | GA 艺术科美术设计班</li>\n<li>宙のまにまに | 浪漫追星社</li>\n</ul>\n<h3><a href=\"#春-13\" aria-hidden=\"true\" class=\"anchor\" id=\"春-13\"></a>春</h3>\n<ul>\n<li>けいおん！ | 轻音少女</li>\n<li>咲-Saki- | 天才麻将少女</li>\n<li>夏のあらし! | 夏之岚</li>\n</ul>\n<h3><a href=\"#冬-13\" aria-hidden=\"true\" class=\"anchor\" id=\"冬-13\"></a>冬</h3>\n<ul>\n<li>まりあ†ほりっく | 玛利亚狂热</li>\n<li>続 夏目友人帳 | 续 夏目友人帐</li>\n</ul>\n<h3><a href=\"#web-1\" aria-hidden=\"true\" class=\"anchor\" id=\"web-1\"></a>WEB</h3>\n<ul>\n<li>ヘタリア Axis Powers | 黑塔利亚</li>\n</ul>\n<h2><a href=\"#2008\" aria-hidden=\"true\" class=\"anchor\" id=\"2008\"></a>2008</h2>\n<h3><a href=\"#秋-13\" aria-hidden=\"true\" class=\"anchor\" id=\"秋-13\"></a>秋</h3>\n<ul>\n<li>CLANNAD ～AFTER STORY～ | CLANNAD ～AFTER STORY～</li>\n<li>獄・さよなら絶望先生 | 狱・再见绝望先生</li>\n<li>ef - a tale of melodies. | 悠久之翼2</li>\n<li>とある魔術の禁書目録 | 魔法禁书目录</li>\n</ul>\n<h3><a href=\"#夏-14\" aria-hidden=\"true\" class=\"anchor\" id=\"夏-14\"></a>夏</h3>\n<ul>\n<li>ひだまりスケッチ×365 | 向阳素描×365</li>\n<li>夏目友人帳 | 夏目友人帐</li>\n</ul>\n<h3><a href=\"#春-14\" aria-hidden=\"true\" class=\"anchor\" id=\"春-14\"></a>春</h3>\n<h3><a href=\"#冬-14\" aria-hidden=\"true\" class=\"anchor\" id=\"冬-14\"></a>冬</h3>\n<ul>\n<li>ARIA The ORIGINATION | 水星领航员 第三季</li>\n</ul>\n<h3><a href=\"#ovaweb-1\" aria-hidden=\"true\" class=\"anchor\" id=\"ovaweb-1\"></a>OVA|WEB</h3>\n<ul>\n<li>魔法先生ネギま! ～白き翼 ALA ALBA～ | 魔法老师涅吉！～白之翼 ALA ALBA～</li>\n<li>魔法先生ネギま! ～もうひとつの世界～ | 魔法老师涅吉！～另一个世界～</li>\n<li>スクールランブル 三学期 | 校园迷糊大王 三学期</li>\n</ul>\n<h2><a href=\"#2007\" aria-hidden=\"true\" class=\"anchor\" id=\"2007\"></a>2007</h2>\n<h3><a href=\"#秋-14\" aria-hidden=\"true\" class=\"anchor\" id=\"秋-14\"></a>秋</h3>\n<ul>\n<li>CLANNAD -クラナド- | CLANNAD</li>\n<li>ef - a tale of memories. | 悠久之翼</li>\n<li>げんしけん2 | 现视研2</li>\n</ul>\n<h3><a href=\"#夏-15\" aria-hidden=\"true\" class=\"anchor\" id=\"夏-15\"></a>夏</h3>\n<ul>\n<li>さよなら絶望先生 | 再见绝望先生</li>\n<li>BACCANO! -バッカーノ!- | 永生之酒</li>\n</ul>\n<h3><a href=\"#春-15\" aria-hidden=\"true\" class=\"anchor\" id=\"春-15\"></a>春</h3>\n<ul>\n<li>らき☆すた | 幸运星</li>\n</ul>\n<h3><a href=\"#冬-15\" aria-hidden=\"true\" class=\"anchor\" id=\"冬-15\"></a>冬</h3>\n<ul>\n<li>ひだまりスケッチ | 向阳素描</li>\n</ul>\n<h3><a href=\"#ova-6\" aria-hidden=\"true\" class=\"anchor\" id=\"ova-6\"></a>OVA</h3>\n<ul>\n<li>ARIA The OVA ～ARIETTA～ | 水星领航员 OVA ～ARIETTA～</li>\n</ul>\n<h2><a href=\"#2006-及以前\" aria-hidden=\"true\" class=\"anchor\" id=\"2006-及以前\"></a>2006 及以前</h2>\n<h3><a href=\"#2006-秋\" aria-hidden=\"true\" class=\"anchor\" id=\"2006-秋\"></a>2006 秋</h3>\n<ul>\n<li>Kanon | Kanon</li>\n<li>ネギま!? | 魔法老师涅吉!?</li>\n</ul>\n<h3><a href=\"#2006-春\" aria-hidden=\"true\" class=\"anchor\" id=\"2006-春\"></a>2006 春</h3>\n<ul>\n<li>ARIA The NATURAL | 水星领航员 第二季</li>\n<li>スクールランブル 二学期 | 校园迷糊大王 二学期</li>\n</ul>\n<h3><a href=\"#2005-秋\" aria-hidden=\"true\" class=\"anchor\" id=\"2005-秋\"></a>2005 秋</h3>\n<ul>\n<li>ARIA The ANIMATION | 水星领航员</li>\n</ul>\n<h3><a href=\"#2005-夏\" aria-hidden=\"true\" class=\"anchor\" id=\"2005-夏\"></a>2005 夏</h3>\n<ul>\n<li>ぱにぽにだっしゅ! | 不可思议的教室</li>\n</ul>\n<h3><a href=\"#2005-冬\" aria-hidden=\"true\" class=\"anchor\" id=\"2005-冬\"></a>2005 冬</h3>\n<ul>\n<li>AIR | AIR</li>\n<li>魔法先生ネギま! | 魔法老师涅吉！</li>\n</ul>\n<h3><a href=\"#2004-秋\" aria-hidden=\"true\" class=\"anchor\" id=\"2004-秋\"></a>2004 秋</h3>\n<ul>\n<li>スクールランブル | 校园迷糊大王</li>\n<li>げんしけん | 现视研</li>\n<li>月詠 -MOON PHASE- | 月咏</li>\n</ul>\n<h3><a href=\"#2002-ova\" aria-hidden=\"true\" class=\"anchor\" id=\"2002-ova\"></a>2002 OVA</h3>\n<ul>\n<li>ヨコハマ買い出し紀行 -Quiet Country Cafe- | 横滨购物纪行 -Quiet Country Cafe-</li>\n</ul>\n<h3><a href=\"#1998-ova\" aria-hidden=\"true\" class=\"anchor\" id=\"1998-ova\"></a>1998 OVA</h3>\n<ul>\n<li>ヨコハマ買い出し紀行 | 横滨购物纪行</li>\n</ul>\n<h3><a href=\"#1997-剧场\" aria-hidden=\"true\" class=\"anchor\" id=\"1997-剧场\"></a>1997 剧场</h3>\n<ul>\n<li>新世紀エヴァンゲリオン劇場版 Air/まごころを、君に | 新世纪福音战士剧场版 Air/真心为你</li>\n</ul>\n<h3><a href=\"#1995-秋\" aria-hidden=\"true\" class=\"anchor\" id=\"1995-秋\"></a>1995 秋</h3>\n<ul>\n<li>新世紀エヴァンゲリオン | 新世纪福音战士</li>\n</ul>\n"}