{"blogs":{"用-Unity-学习-PBR（五）漫反射项":{"header":{"title":"用 Unity 学习 PBR（五）漫反射项","url":"%E7%94%A8%2DUnity%2D%E5%AD%A6%E4%B9%A0%2DPBR%EF%BC%88%E4%BA%94%EF%BC%89%E6%BC%AB%E5%8F%8D%E5%B0%84%E9%A1%B9","tags":["Unity","CG","PBR","学习笔记"],"part":"<p>本文大致描述了直接光照中的漫反射项中的光滑表面模型与粗糙表面模型。在光滑表面模型中，描述了如何把菲涅尔现象加入 Lambert 公式之中；在粗糙表面模型中，简要介绍了 Disney 漫反射模型、Oren-Nayar 漫反射模型与 Hammon 满反射模型。最后给出了代码实现与在 Unity 中的结果。</p>\n<p>参考</p>\n<ul>\n<li><a href=\"https://github.com/QianMo/PBR-White-Paper\">基于物理的渲染（PBR）白皮书 - 毛星云</a></li>\n<li><a href=\"https://www.jordanstevenstechart.com/physically-based-rendering\">Physically Based Rendering Algorithms: A Comprehensive Study In Unity3D</a></li>\n<li>《Real Time Rendering, 4th》- Chap. 9</li>\n<li><a href=\"https://mimosa-pudica.net/improved-oren-nayar.html\">A tiny improvement of Oren-Nayar reflectance model</a></li>\n</ul>\n","create_time":1613381849,"last_modified":1613381910,"hidden":false,"order":0},"id":16,"last_modified":1613381910},"基于距离估计光线步进的-3D-IFS-分形绘制":{"header":{"title":"基于距离估计光线步进的 3D IFS 分形绘制","url":"%E5%9F%BA%E4%BA%8E%E8%B7%9D%E7%A6%BB%E4%BC%B0%E8%AE%A1%E5%85%89%E7%BA%BF%E6%AD%A5%E8%BF%9B%E7%9A%84%2D3D%2DIFS%2D%E5%88%86%E5%BD%A2%E7%BB%98%E5%88%B6","tags":["CG","光线追踪","光线步进","分形","学习笔记"],"part":"<p>本文作为本人阅读 <a href=\"http://blog.hvidtfeldts.net/index.php/2011/06/distance-estimated-3d-fractals-part-i/\">Distance Esitmated 3D Fractals</a> 系列文章前 3 篇的笔记及一个扩展，将描述基于距离估计光线步进的任意 3D IFS（Iterated Function Systems）分形的绘制方法。本文首先将对光线步进（ray marching）和原文中的距离估计器（Distance Estimator）做一些简要的说明。之后将分析并给出 Sierpinski 四面体和 Cantor 立方体两个分形的距离估计器。最后会给出将此方法拓展到任意 3D IFS 绘制的算法，并以 Menger 海绵为例进行说明。后两部分均会给出核心代码和本人的绘制结果。</p>\n","create_time":1616277278,"last_modified":1616277396,"hidden":false,"order":0},"id":10,"last_modified":1616277396},"CMU-15-462-A3-实现笔记":{"header":{"title":"CMU 15-462 A3 实现笔记","url":"CMU%2D15%2D462%2DA3%2D%E5%AE%9E%E7%8E%B0%E7%AC%94%E8%AE%B0","tags":["CMU","CG","课程笔记","实现笔记"],"part":"<p>上次写了 A1 的实现笔记，A2 感觉基本都是有很多细节的大模拟所以不想写实现笔记了（代码在 GitHub 上），一开始写得感觉都还可以，最后写完 downsample 和 resample 时发现之前写的有一个 corner case 没有想到，导致 RE，搞得心态也有点崩。。。（不过也算是完成 A2 了吧，尽管不是完美完成。。。）</p>\n<p>A3 是路径追踪的内容，算是挺喜欢的内容了。。。实现部分有参考 Ubpa 的实现：https://github.com/Ubpa/CMU_15_462</p>\n<p>之前也跟过 Ray Tracing in One Weekend 三本，但感觉还是有不太理解的地方。想着之后可以把 PBR 的那本看一看好了。</p>\n<p>笔记和代码有放在 GitHub 上：https://github.com/PepcyCh/cmu15462-notes</p>\n<p>课程： <a href=\"http://15462.courses.cs.cmu.edu/fall2018/\">Computer Graphics (CMU 15-462)</a></p>\n","create_time":1575991181,"last_modified":1596727260,"hidden":false,"order":0},"id":2,"last_modified":1596727260},"用-Unity-学习-PBR（一）基础和准备":{"header":{"title":"用 Unity 学习 PBR（一）基础和准备","url":"%E7%94%A8%2DUnity%2D%E5%AD%A6%E4%B9%A0%2DPBR%EF%BC%88%E4%B8%80%EF%BC%89%E5%9F%BA%E7%A1%80%E5%92%8C%E5%87%86%E5%A4%87","tags":["CG","PBR","Unity","学习笔记"],"part":"<p>想着学一下 Unity 的 ShaderLab，一是提升引擎的使用能力，二是通过使用实际的引擎来反思自己的玩具渲染器应该怎样改进或重构。找到了用 Unity 搞 PBR 的教程，正好能巩固和深入学习一下以前只在 Learn OpenGL 学过一次的 PBR 的那套东西。</p>\n<p>参考</p>\n<ul>\n<li><a href=\"https://github.com/QianMo/PBR-White-Paper\">基于物理的渲染（PBR）白皮书 - 毛星云</a></li>\n<li><a href=\"https://www.jordanstevenstechart.com/physically-based-rendering\">Physically Based Rendering Algorithms: A Comprehensive Study In Unity3D</a></li>\n</ul>\n","create_time":1613314641,"last_modified":1613340344,"hidden":false,"order":0},"id":13,"last_modified":1613340344},"光谱辐射度与-RGB":{"header":{"title":"光谱辐射度与 RGB","url":"%E5%85%89%E8%B0%B1%E8%BE%90%E5%B0%84%E5%BA%A6%E4%B8%8E%2DRGB","tags":["CG","学习笔记","光线追踪","色彩空间"],"part":"<p>在光追中实现光谱渲染时，在光谱辐射度数据与 RGB 颜色之间进行转换上感到了一些困扰，学习后记笔记于此。</p>\n","create_time":1703964684,"last_modified":1708430571,"hidden":false,"order":0},"id":22,"last_modified":1708430571},"CMU-15-462-A1-实现笔记":{"header":{"title":"CMU 15-462 A1 实现笔记","url":"CMU%2D15%2D462%2DA1%2D%E5%AE%9E%E7%8E%B0%E7%AC%94%E8%AE%B0","tags":["CMU","CG","课程笔记","实现笔记"],"part":"<p>最近在跟 <a href=\"http://15462.courses.cs.cmu.edu/fall2018/\">Computer Graphics (CMU 15-462)</a> 的课程，所以想把完成 Assignment 1 的过程很粗略地记录一下。</p>\n<p>笔记和代码有放在 GitHub 上：https://github.com/PepcyCh/cmu15462-notes</p>\n<p>不保证代码正确，只保证看起来差不多。</p>\n<p>只实现了吴小林直线算法这一项 bonus。。。</p>\n","create_time":1570486929,"last_modified":1596727254,"hidden":false,"order":0},"id":1,"last_modified":1596727254},"用-Unity-学习-PBR（三）几何项":{"header":{"title":"用 Unity 学习 PBR（三）几何项","url":"%E7%94%A8%2DUnity%2D%E5%AD%A6%E4%B9%A0%2DPBR%EF%BC%88%E4%B8%89%EF%BC%89%E5%87%A0%E4%BD%95%E9%A1%B9","tags":["Unity","CG","PBR","学习笔记"],"part":"<p>本文先简单介绍了几何阴影函数（Geometry Shadowing Function，GSF）的基本性质，之后大致介绍了 Smith GSF，包括 Smith 遮蔽函数与四种联合遮蔽阴影函数，描述了两个 GGX Smith 高度相关遮蔽阴影函数的近似，最后给出了代码实现与在 Unity 中 GSF 的可视化结果。</p>\n<p>参考</p>\n<ul>\n<li><a href=\"https://github.com/QianMo/PBR-White-Paper\">基于物理的渲染（PBR）白皮书 - 毛星云</a></li>\n<li><a href=\"https://www.jordanstevenstechart.com/physically-based-rendering\">Physically Based Rendering Algorithms: A Comprehensive Study In Unity3D</a></li>\n<li>《Real Time Rendering, 4th》- Chap. 9</li>\n</ul>\n","create_time":1613381688,"last_modified":1613381746,"hidden":false,"order":0},"id":14,"last_modified":1613381746},"Unity-中的渲染-学习笔记（五）":{"header":{"title":"Unity 中的渲染 学习笔记（五）（完）","url":"Unity%2D%E4%B8%AD%E7%9A%84%E6%B8%B2%E6%9F%93%2D%E5%AD%A6%E4%B9%A0%E7%AC%94%E8%AE%B0%EF%BC%88%E4%BA%94%EF%BC%89","tags":["CG","Unity","学习笔记"],"part":"<p>CatLikeCoding 上的诸多 Unity 系列教程中，关于 Unity 的渲染相关实现的教程的学习笔记，原教程用 20 节讲述了 Unity 自己的渲染相关的一些具体细节。本文是其中 18~20 节，也就是最后 3 节的学习笔记，此 3 节的标题依次为：</p>\n<ul>\n<li>18 - Realtime GI, Probe Volumes, LOD Groups</li>\n<li>19 - GPU Instancing</li>\n<li>20 - Parallax</li>\n</ul>\n<p>原教程及其他参考：</p>\n<ul>\n<li><a href=\"https://catlikecoding.com/unity/tutorials/rendering/\">Unity Rendering Tutorial</a></li>\n<li><a href=\"https://github.com/TwoTailsGames/Unity-Built-in-Shaders\">Unity-Build-in-Shaders</a></li>\n</ul>\n","create_time":1615026410,"last_modified":1615026626,"hidden":false,"order":0},"id":8,"last_modified":1615026626},"simple-JPEG-IO-实现笔记":{"header":{"title":"simple-JPEG-IO 实现笔记","url":"simple%2DJPEG%2DIO%2D%E5%AE%9E%E7%8E%B0%E7%AC%94%E8%AE%B0","tags":["随笔","实现笔记"],"part":"<p>文档：https://www.w3.org/Graphics/JPEG/itu-t81.pdf</p>\n<p>实现参考：</p>\n<ul>\n<li>stb_image：https://github.com/nothings/stb/blob/master/stb_image.h</li>\n<li>Game Engine From Scratch：https://github.com/netwarm007/GameEngineFromScratch/blob/master/Framework/Parser/JPEG.hpp</li>\n</ul>\n<hr />\n<p>前些日子写学校里图像信息处理的作业时想着不用 BMP 而直接用 JPEG 会方便很多，本来也想写这么一个轮子，所以就花了些时间实现出了这么一个玩意儿。本文就算是我写这个东西时的学习笔记了，因为重心放在了解析上，输出只是随便糊了一个最基本的，所以大部分内容都是站在解析的角度上记录的。</p>\n<p>simple-JPEG-IO：https://github.com/PepcyCh/simple-JPEG-IO</p>\n<hr />\n<p>笔记大概分为四个部分：</p>\n<ul>\n<li>大致压缩流程</li>\n<li>基本文件结构</li>\n<li>解析流程</li>\n<li>输出流程</li>\n</ul>\n","create_time":1572524468,"last_modified":1596727070,"hidden":false,"order":0},"id":4,"last_modified":1596727070},"Unity-中的渲染-学习笔记（三）":{"header":{"title":"Unity 中的渲染 学习笔记（三）","url":"Unity%2D%E4%B8%AD%E7%9A%84%E6%B8%B2%E6%9F%93%2D%E5%AD%A6%E4%B9%A0%E7%AC%94%E8%AE%B0%EF%BC%88%E4%B8%89%EF%BC%89","tags":["CG","Unity","学习笔记"],"part":"<p>CatLikeCoding 上的诸多 Unity 系列教程中，关于 Unity 的渲染相关实现的教程的学习笔记，原教程用 20 节讲述了 Unity 自己的渲染相关的一些具体细节。本文是其中 9~12 节的学习笔记，此 4 节的标题依次为：</p>\n<ul>\n<li>9 - Complex Material</li>\n<li>10 - More Complexity</li>\n<li>11 - Transparency</li>\n<li>12 -Semitransparent Shadows</li>\n</ul>\n<p>原教程及其他参考：</p>\n<ul>\n<li><a href=\"https://catlikecoding.com/unity/tutorials/rendering/\">Unity Rendering Tutorial</a></li>\n<li><a href=\"https://github.com/TwoTailsGames/Unity-Built-in-Shaders\">Unity-Build-in-Shaders</a></li>\n</ul>\n","create_time":1614522189,"last_modified":1614609354,"hidden":false,"order":0},"id":6,"last_modified":1614609354},"Unity-中的渲染-学习笔记（一）":{"header":{"title":"Unity 中的渲染 学习笔记（一）","url":"Unity%2D%E4%B8%AD%E7%9A%84%E6%B8%B2%E6%9F%93%2D%E5%AD%A6%E4%B9%A0%E7%AC%94%E8%AE%B0%EF%BC%88%E4%B8%80%EF%BC%89","tags":["CG","Unity","学习笔记"],"part":"<p>CatLikeCoding 上的诸多 Unity 系列教程中，关于 Unity 的渲染相关实现的教程的学习笔记，原教程用 20 节讲述了 Unity 自己的渲染相关的一些具体细节。本文是其中 1~5 节的学习笔记，此 5 节的标题依次为：</p>\n<ul>\n<li>1 - Transform</li>\n<li>2 - Shader</li>\n<li>3 - Combining Textures</li>\n<li>4 - The First Light</li>\n<li>5 - Multiple Lights</li>\n</ul>\n<p>原教程及其他参考：</p>\n<ul>\n<li><a href=\"https://catlikecoding.com/unity/tutorials/rendering/\">Unity Rendering Tutorial - CatLikeCoding</a></li>\n<li><a href=\"https://github.com/TwoTailsGames/Unity-Built-in-Shaders\">Unity-Build-in-Shaders</a></li>\n</ul>\n","create_time":1614027685,"last_modified":1614610312,"hidden":false,"order":0},"id":5,"last_modified":1614610312},"理解-ReSTIR":{"header":{"title":"理解 ReSTIR","url":"%E7%90%86%E8%A7%A3%2DReSTIR","tags":["CG","学习笔记","实现笔记","实时光线追踪","光线追踪"],"part":"<p>ReSTIR（Reservoir-based Spatiotemporal Importance Resampling）是 NVIDIA 在 2020 年发表的一个实时光追中对直接光更好地进行采样的算法，其实现相对简单、效果好、并且支持动态场景，相应的论文为 SIGGRAPH 2020 的<a href=\"https://research.nvidia.com/publication/2020-07_Spatiotemporal-reservoir-resampling\">《Spatiotemporal Reservoir Resampling for Real-time Ray Tracing with Dynamic Direct Lighting》</a>。</p>\n<p>本人在实现这一算法时（<a href=\"https://github.com/PepcyCh/ReSTIR-OptiX\">ReSTIR-OptiX</a>）却在一开始遇到了一些问题，具体表现为理解与代码对不上，从而导致实现有误。NVIDIA 在 HPG 2021 中发表了论文《<a href=\"https://research.nvidia.com/publication/2021-07_Rearchitecting-Spatiotemporal-Resampling\">Rearchitecting Spatiotemporal Resampling for Production</a>》，对原始的 ReSTIR 做了一些修改使其更适用于实际应用（此改动不在本文讨论范围内），同时也对 ReSTIR 算法做了更细致的讲解。本人结合该文章的解释与自己在实现时的理解，指出了 ReSTIR 实为多级 RIS 的本质，并解释了一些原论文（指 SIGGRAPH 2020 的那篇，后同）伪代码与理解上的差异，做笔记于此。</p>\n","create_time":1636063500,"last_modified":1644074790,"hidden":false,"order":0},"id":12,"last_modified":1644074790},"重学一点-CMake——交叉编译中构建主机平台工具":{"header":{"title":"重学一点 CMake——交叉编译中构建主机平台工具","url":"%E9%87%8D%E5%AD%A6%E4%B8%80%E7%82%B9%2DCMake%E2%80%94%E2%80%94%E4%BA%A4%E5%8F%89%E7%BC%96%E8%AF%91%E4%B8%AD%E6%9E%84%E5%BB%BA%E4%B8%BB%E6%9C%BA%E5%B9%B3%E5%8F%B0%E5%B7%A5%E5%85%B7","tags":["CMake"],"part":"<p>在一个 CMake 工程中，有一种应用场景是，首先构建一个可执行文件的工具并执行处理生成若干内容，再进行项目本体的构建，这可能会依赖前一个工具生成出来的文件。一个例子是，构建一个 shader 处理和编译可执行文件，执行编译一些 shader 得到编译后的二进制文件，最后将这些二进制文件作为资产编译打包进本体项目中。虽然也可以将这两个部分分离作为不同项目，但当它们有共同的依赖时，可能会将它们放在同一个 CMake 项目中，并编写一些 <code>add_custom_command()</code> 和 <code>add_custom_target()</code> 的脚本，确实可以实现这一点，但在交叉编译中（如编译到安卓目标）会存在问题，因为工具的编译不是在目标平台而是在主机平台，而 CMake 本身似乎是不能在中途转换工具链的，因此会存在一些问题。本人近日遇到了类似的需求，记笔记于此。</p>\n","create_time":1686864614,"last_modified":1686866466,"hidden":false,"order":0},"id":21,"last_modified":1686866466},"用-Unity-学习-PBR（六）环境光照":{"header":{"title":"用 Unity 学习 PBR（六）环境光照","url":"%E7%94%A8%2DUnity%2D%E5%AD%A6%E4%B9%A0%2DPBR%EF%BC%88%E5%85%AD%EF%BC%89%E7%8E%AF%E5%A2%83%E5%85%89%E7%85%A7","tags":["Unity","CG","PBR","学习笔记"],"part":"<p>本文描述了环境光照中的漫反射项与镜面反射项的计算方法，然后给出了在 Unity ShaderLab 中使用 Unity 提供的全局光照工具得到环境光照结果的代码，最后给出了一路下来实现的各个部分结合起来后的效果并与 Unity 自己的 PBR 结果做了一个大致的对比。</p>\n<p>参考</p>\n<ul>\n<li><a href=\"https://github.com/QianMo/PBR-White-Paper\">基于物理的渲染（PBR）白皮书 - 毛星云</a></li>\n<li><a href=\"https://www.jordanstevenstechart.com/physically-based-rendering\">Physically Based Rendering Algorithms: A Comprehensive Study In Unity3D</a></li>\n<li><a href=\"https://learnopengl.com/PBR/IBL/Diffuse-irradiance\">Learn OpenGL - PBR/IBL</a></li>\n</ul>\n","create_time":1613381962,"last_modified":1613382736,"hidden":false,"order":0},"id":17,"last_modified":1613382736},"用-Unity-学习-PBR（四）菲涅尔项":{"header":{"title":"用 Unity 学习 PBR（四）菲涅尔项","url":"%E7%94%A8%2DUnity%2D%E5%AD%A6%E4%B9%A0%2DPBR%EF%BC%88%E5%9B%9B%EF%BC%89%E8%8F%B2%E6%B6%85%E5%B0%94%E9%A1%B9","tags":["Unity","CG","PBR","学习笔记"],"part":"<p>本文大致介绍了菲涅尔函数（Fresnel Function）的基本性质、金属与非金属在菲涅尔现象上的差异，然后给出了 Schlick 近似公式及其代码实现。</p>\n<p>参考</p>\n<ul>\n<li><a href=\"https://github.com/QianMo/PBR-White-Paper\">基于物理的渲染（PBR）白皮书 - 毛星云</a></li>\n<li><a href=\"https://www.jordanstevenstechart.com/physically-based-rendering\">Physically Based Rendering Algorithms: A Comprehensive Study In Unity3D</a></li>\n</ul>\n","create_time":1613381767,"last_modified":1613381826,"hidden":false,"order":0},"id":18,"last_modified":1613381826},"Unity-中的渲染-学习笔记（四）":{"header":{"title":"Unity 中的渲染 学习笔记（四）","url":"Unity%2D%E4%B8%AD%E7%9A%84%E6%B8%B2%E6%9F%93%2D%E5%AD%A6%E4%B9%A0%E7%AC%94%E8%AE%B0%EF%BC%88%E5%9B%9B%EF%BC%89","tags":["CG","Unity","学习笔记"],"part":"<p>CatLikeCoding 上的诸多 Unity 系列教程中，关于 Unity 的渲染相关实现的教程的学习笔记，原教程用 20 节讲述了 Unity 自己的渲染相关的一些具体细节。本文是其中 13~17 节的学习笔记，此 5 节的标题依次为：</p>\n<ul>\n<li>13 - Deferred Shading</li>\n<li>14 - Fog</li>\n<li>15 - Deferred Lighting</li>\n<li>16 - Static Lighting</li>\n<li>17 - Mixed Lighting</li>\n</ul>\n<p>原教程及其他参考：</p>\n<ul>\n<li><a href=\"https://catlikecoding.com/unity/tutorials/rendering/\">Unity Rendering Tutorial</a></li>\n<li><a href=\"https://github.com/TwoTailsGames/Unity-Built-in-Shaders\">Unity-Build-in-Shaders</a></li>\n</ul>\n","create_time":1614874712,"last_modified":1614874840,"hidden":false,"order":0},"id":9,"last_modified":1614874840},"强化学习-Policy-Iteration-Value-Iteration":{"header":{"title":"强化学习 - Policy Iteration & Value Iteration","url":"%E5%BC%BA%E5%8C%96%E5%AD%A6%E4%B9%A0%2DPolicy%2DIteration%2DValue%2DIteration","tags":["课程笔记","实现笔记","强化学习"],"part":"<p>近日处于兴趣，在看 <a href=\"http://www0.cs.ucl.ac.uk/staff/d.silver/web/Teaching.html\">UCL 的 强化学习</a>，目前看完了前三节。第一节是绪论，第二节介绍各种概念，第三届讲 Policy Iteration 和 Value Iteration。看完第三节后觉得应该写一下，所以对课件中提到的借车问题，用 C++ 分别实现了一下。笔记和代码会放在 GitHub 上：<a href=\"https://github.com/PepcyCh/UCL-reinforcement-learning-notes\">RL-UCL-notes</a>。</p>\n<p>部分有参考这个 repo：<a href=\"https://github.com/ShangtongZhang/reinforcement-learning-an-introduction\">ShangtongZhang/reinforcement-learning-an-introduction</a></p>\n<h2><a href=\"#借车问题\" aria-hidden=\"true\" class=\"anchor\" id=\"借车问题\"></a>借车问题</h2>\n<p>有两处停车场，每个停车场的容量是 20 辆。每次你可以把至多 5 辆车从其中一个停车场移至另一个，移动一辆车的代价是 2 点。同时，每次会有若干人在停车场租车与还车，租出一辆车的收益是 10 点。每次租车与还车的数目服从泊松分布，停车场一的租车与还车的 <span class=\"katex\"><span class=\"katex-mathml\"><math xmlns=\"http://www.w3.org/1998/Math/MathML\"><semantics><mrow><mi>λ</mi></mrow><annotation encoding=\"application/x-tex\">\\lambda</annotation></semantics></math></span><span class=\"katex-html\" aria-hidden=\"true\"><span class=\"base\"><span class=\"strut\" style=\"height:0.6944em;\"></span><span class=\"mord mathnormal\">λ</span></span></span></span> 值均为 3，停车场二租车的 <span class=\"katex\"><span class=\"katex-mathml\"><math xmlns=\"http://www.w3.org/1998/Math/MathML\"><semantics><mrow><mi>λ</mi></mrow><annotation encoding=\"application/x-tex\">\\lambda</annotation></semantics></math></span><span class=\"katex-html\" aria-hidden=\"true\"><span class=\"base\"><span class=\"strut\" style=\"height:0.6944em;\"></span><span class=\"mord mathnormal\">λ</span></span></span></span> 值为 4、还车为 2。你要制定策略最大化收益。</p>\n","create_time":1583239279,"last_modified":1596727198,"hidden":false,"order":0},"id":11,"last_modified":1596727198},"Unity-中的渲染-学习笔记（二）":{"header":{"title":"Unity 中的渲染 学习笔记（二）","url":"Unity%2D%E4%B8%AD%E7%9A%84%E6%B8%B2%E6%9F%93%2D%E5%AD%A6%E4%B9%A0%E7%AC%94%E8%AE%B0%EF%BC%88%E4%BA%8C%EF%BC%89","tags":["CG","Unity","学习笔记"],"part":"<p>CatLikeCoding 上的诸多 Unity 系列教程中，关于 Unity 的渲染相关实现的教程的学习笔记，原教程用 20 节讲述了 Unity 自己的渲染相关的一些具体细节。本文是其中 6~8 节的学习笔记，此 3 节的标题依次为：</p>\n<ul>\n<li>6 - Bumpiness</li>\n<li>7 - Shadows</li>\n<li>8 - Reflection</li>\n</ul>\n<p>原教程及其他参考：</p>\n<ul>\n<li><a href=\"https://catlikecoding.com/unity/tutorials/rendering/\">Unity Rendering Tutorial</a></li>\n<li><a href=\"https://github.com/TwoTailsGames/Unity-Built-in-Shaders\">Unity-Build-in-Shaders</a></li>\n</ul>\n","create_time":1614374104,"last_modified":1614522224,"hidden":false,"order":0},"id":7,"last_modified":1614522224},"DirectX-12-学习笔记（一）":{"header":{"title":"DirectX 12 学习笔记（一）","url":"DirectX%2D12%2D%E5%AD%A6%E4%B9%A0%E7%AC%94%E8%AE%B0%EF%BC%88%E4%B8%80%EF%BC%89","tags":["DirectX12","CG","学习笔记"],"part":"<p>因为觉着 DirectX 12 和 Vulkan（还有 Metal）作为所谓现代的图形 API，有必要依次学一学，因为之前学的是 OpenGL 3.3。</p>\n<p>总之先从 DirectX 12 开始，用的教程是 Frank Luna 的书《Introduction to 3D Game Programming with DirectX12》，没有中文的样子，搞到的电子版有 1200 页。。。有三部分，第一部分（前三章）是数学，跳过了；第二部分（4~14 章）是 DirectX 12 基础，也就是本笔记时看过去的部分；第三部分（15~23 章）算是专题，比如法线贴图、第一人称摄像机、AO 等，之后会继续看下去。</p>\n<p>书有一个配套的代码仓库：<a href=\"https://github.com/d3dcoder/d3d12book\">d3dcoder/d3d12book</a></p>\n<p>我也是跟着书和这个仓库每章也写了，大部分是一样的，但也改了一些部分，比如 DDS 材质的加载使用 DirectXTK12 库，而书中是作者自己魔改的 DirectXTK11。另一点，处于个人喜好，没有用 Visual Studio 的项目，还是用的 VS Code + CMake。代码仓库是：<a href=\"https://github.com/PepcyCh/learn-directx12\">PepcyCh/learn-directx12</a></p>\n<p>此外，在知乎上看到了一个 ID 为「<a href=\"https://www.zhihu.com/people/qia-qia-80-99-20\">卡卡</a>」的人也在跟这本书，并且会用心做每一个练习（相比之下我就太囫囵了。。。），安利一下。</p>\n<p>（这可能并不是一篇看能就能够入门的笔记，只是我来列出原书第二部分的学习后，对整个部分一个总结概括性质的个人笔记）</p>\n","create_time":1596557693,"last_modified":1613314984,"hidden":false,"order":0},"id":3,"last_modified":1613314984},"用-Unity-学习-PBR（二）法线分布项":{"header":{"title":"用 Unity 学习 PBR（二）法线分布项","url":"%E7%94%A8%2DUnity%2D%E5%AD%A6%E4%B9%A0%2DPBR%EF%BC%88%E4%BA%8C%EF%BC%89%E6%B3%95%E7%BA%BF%E5%88%86%E5%B8%83%E9%A1%B9","tags":["CG","PBR","Unity","学习笔记"],"part":"<p>本文先简单介绍了法线分布函数（Normal Distribution Function，NDF）的基本性质，之后描述了 Blinn-Phong、Beckmann、GGX / TR、GTR 等分布函数，简单介绍了 NDF 的形状不变性与各向异性的 NDF，最后给出了在 Unity 中各个 NDF 的可视化结果。</p>\n<p>参考</p>\n<ul>\n<li><a href=\"https://github.com/QianMo/PBR-White-Paper\">基于物理的渲染（PBR）白皮书 - 毛星云</a></li>\n<li><a href=\"https://www.jordanstevenstechart.com/physically-based-rendering\">Physically Based Rendering Algorithms: A Comprehensive Study In Unity3D</a></li>\n<li>《Real Time Rendering, 4th》- Chap. 9</li>\n</ul>\n","create_time":1613315071,"last_modified":1616756226,"hidden":false,"order":0},"id":15,"last_modified":1616756226},"重学一点编译链接与-CMake——从课程项目到工程项目的笔记":{"header":{"title":"重学一点编译链接与 CMake——从课程项目到库开发者的笔记","url":"%E9%87%8D%E5%AD%A6%E4%B8%80%E7%82%B9%E7%BC%96%E8%AF%91%E9%93%BE%E6%8E%A5%E4%B8%8E%2DCMake%E2%80%94%E2%80%94%E4%BB%8E%E8%AF%BE%E7%A8%8B%E9%A1%B9%E7%9B%AE%E5%88%B0%E5%B7%A5%E7%A8%8B%E9%A1%B9%E7%9B%AE%E7%9A%84%E7%AC%94%E8%AE%B0","tags":["CMake","编译与链接"],"part":"<p>标题可能起得有点大，其实就是这一段时间在导师公司负责一个库的开发，其开发过程中对自己所学感到不够扎实的一点笔记，内容也会有点杂。</p>\n<p>此前只是简单地在各种课程项目中用 CMake，程序的使用情形也不是我一个人开发就是两三个同学在 GitHub 上推拉代码，仅了解一点就足以，但实际工程毕竟还要考虑这个库怎么让别人基于其继续开发，以及最终用户会怎么运行，这些几乎都不是写课程项目时会考虑的东西，故记笔记于此。</p>\n","create_time":1680447048,"last_modified":1680456888,"hidden":false,"order":0},"id":20,"last_modified":1680456888},"CMU-15-213-A1-实现笔记":{"header":{"title":"CMU 15-213 A1 实现笔记","url":"CMU%2D15%2D213%2DA1%2D%E5%AE%9E%E7%8E%B0%E7%AC%94%E8%AE%B0","tags":["CMU","课程笔记","实现笔记"],"part":"<p>之前的图形学的 15-462 在 1 月 9 日的时候跟完了，不过 A2 和 A4 没有写实现笔记（A4 可能考虑补写一下，也可能会鸽掉）。</p>\n<p>15-213 是 CS:APP 对应的课程，是我刚入大学时不久后就想跟的课程，一直拖到了现在，不过意外地发现可以和 CMU 同步。课程网站：<a href=\"http://www.cs.cmu.edu/~./213/schedule.html\">Introduction to Computer System - CMU 15-213</a></p>\n<p>这课还有一个 A0，不过比较基础就不记录了（但还是花了比预想多 10～15min 的时间吧。。。）</p>\n<p>A1 的 pdf 没有挂在课程网站上，在 GitHub 上发现每年的题好像都略有不同，不过都挺有意思的。我用的是 <a href=\"https://github.com/tinylcy/cmu-15213\">tinylcy/cmu-15213</a> 的版本（其实是因为 clone 后才发现每年不一样。。。）。</p>\n<p>A1 是在一个比较严苛的约束下实现一些常见的操作，是若干道迷题的形式，感觉很好玩，而且有些并不容易。。。</p>\n","create_time":1579818297,"last_modified":1596727248,"hidden":false,"order":0},"id":0,"last_modified":1596727248},"Rust（Yew）开发个人博客的尝试":{"header":{"title":"Rust（Yew）开发个人博客的尝试","url":"Rust%EF%BC%88Yew%EF%BC%89%E5%BC%80%E5%8F%91%E4%B8%AA%E4%BA%BA%E5%8D%9A%E5%AE%A2%E7%9A%84%E5%B0%9D%E8%AF%95","tags":["Rust"],"part":"<p>自己在高二，也就是 2017 年时，于停课搞 OI 期间想着像不少 OIer 那样搞博客写题解，于是用常见的 Hexo + Github pages + freenom 白嫖套装搞了一个，直至 2019 年 ICPC EC Final 退役后再也没更过什么和算法竞赛相关的文章，取而代之的是一些以 CG 为主的笔记，于是有了把二者分在两个子页面下的想法，而 Hexo 似乎不太能支持的样子，再到学校里的 BS 架构应用开发课程大程写了个 <a href=\"https://github.com/PepcyCh/bs-app\">Rust 前端 + 后端网页</a>后，有了这次拿 Rust 自己写一遍的想法，直到今年过年期间才开始行动，现在已经算是基本整好了。</p>\n<p>至于为什么是 Rust，那段时间相当沉迷于 Rust，看到了 <a href=\"https://yew.rs/\">Yew</a> 这个 Rust 前端框架，又对 js 有一定的偏见，就成这样了。博客相关的代码在 <a href=\"https://github.com/PepcyCh/pepcy-site\">PepcyCh/pepcy-site</a>，网页在 <a href=\"pepcy.top\">pepcy.top</a>。</p>\n<p>整体可能会有各种奇怪的实现，毕竟是写的第二个网页应用。</p>\n","create_time":1644508566,"last_modified":1644529636,"hidden":false,"order":0},"id":19,"last_modified":1644529636}},"tags":{"CMU":{"id":1},"编译与链接":{"id":16},"课程笔记":{"id":12},"CG":{"id":0},"Rust":{"id":14},"PBR":{"id":3},"分形":{"id":7},"学习笔记":{"id":8},"Unity":{"id":4},"实现笔记":{"id":10},"色彩空间":{"id":18},"DirectX12":{"id":2},"光线追踪":{"id":6},"实时光线追踪":{"id":9},"强化学习":{"id":11},"光线追踪，色彩空间":{"id":17},"随笔":{"id":13},"光线步进":{"id":5},"CMake":{"id":15}},"next_blog_id":23,"next_tag_id":19}