{"articles":[{"create_time":1703964684,"hidden":false,"last_modified":1703964775,"order":0,"part":"<p>在光追中实现光谱渲染时，在光谱辐射度数据与 RGB 颜色之间进行转换上感到了一些困扰，学习后记笔记于此。</p>\n","tags":["CG","学习笔记","光线追踪","色彩空间"],"title":"光谱辐射度与 RGB","url":"%E5%85%89%E8%B0%B1%E8%BE%90%E5%B0%84%E5%BA%A6%E4%B8%8E%2DRGB"},{"create_time":1686864614,"hidden":false,"last_modified":1686866466,"order":0,"part":"<p>在一个 CMake 工程中，有一种应用场景是，首先构建一个可执行文件的工具并执行处理生成若干内容，再进行项目本体的构建，这可能会依赖前一个工具生成出来的文件。一个例子是，构建一个 shader 处理和编译可执行文件，执行编译一些 shader 得到编译后的二进制文件，最后将这些二进制文件作为资产编译打包进本体项目中。虽然也可以将这两个部分分离作为不同项目，但当它们有共同的依赖时，可能会将它们放在同一个 CMake 项目中，并编写一些 <code>add_custom_command()</code> 和 <code>add_custom_target()</code> 的脚本，确实可以实现这一点，但在交叉编译中（如编译到安卓目标）会存在问题，因为工具的编译不是在目标平台而是在主机平台，而 CMake 本身似乎是不能在中途转换工具链的，因此会存在一些问题。本人近日遇到了类似的需求，记笔记于此。</p>\n","tags":["CMake"],"title":"重学一点 CMake——交叉编译中构建主机平台工具","url":"%E9%87%8D%E5%AD%A6%E4%B8%80%E7%82%B9%2DCMake%E2%80%94%E2%80%94%E4%BA%A4%E5%8F%89%E7%BC%96%E8%AF%91%E4%B8%AD%E6%9E%84%E5%BB%BA%E4%B8%BB%E6%9C%BA%E5%B9%B3%E5%8F%B0%E5%B7%A5%E5%85%B7"},{"create_time":1680447048,"hidden":false,"last_modified":1680456888,"order":0,"part":"<p>标题可能起得有点大，其实就是这一段时间在导师公司负责一个库的开发，其开发过程中对自己所学感到不够扎实的一点笔记，内容也会有点杂。</p>\n<p>此前只是简单地在各种课程项目中用 CMake，程序的使用情形也不是我一个人开发就是两三个同学在 GitHub 上推拉代码，仅了解一点就足以，但实际工程毕竟还要考虑这个库怎么让别人基于其继续开发，以及最终用户会怎么运行，这些几乎都不是写课程项目时会考虑的东西，故记笔记于此。</p>\n","tags":["CMake","编译与链接"],"title":"重学一点编译链接与 CMake——从课程项目到库开发者的笔记","url":"%E9%87%8D%E5%AD%A6%E4%B8%80%E7%82%B9%E7%BC%96%E8%AF%91%E9%93%BE%E6%8E%A5%E4%B8%8E%2DCMake%E2%80%94%E2%80%94%E4%BB%8E%E8%AF%BE%E7%A8%8B%E9%A1%B9%E7%9B%AE%E5%88%B0%E5%B7%A5%E7%A8%8B%E9%A1%B9%E7%9B%AE%E7%9A%84%E7%AC%94%E8%AE%B0"},{"create_time":1644508566,"hidden":false,"last_modified":1644529636,"order":0,"part":"<p>自己在高二，也就是 2017 年时，于停课搞 OI 期间想着像不少 OIer 那样搞博客写题解，于是用常见的 Hexo + Github pages + freenom 白嫖套装搞了一个，直至 2019 年 ICPC EC Final 退役后再也没更过什么和算法竞赛相关的文章，取而代之的是一些以 CG 为主的笔记，于是有了把二者分在两个子页面下的想法，而 Hexo 似乎不太能支持的样子，再到学校里的 BS 架构应用开发课程大程写了个 <a href=\"https://github.com/PepcyCh/bs-app\">Rust 前端 + 后端网页</a>后，有了这次拿 Rust 自己写一遍的想法，直到今年过年期间才开始行动，现在已经算是基本整好了。</p>\n<p>至于为什么是 Rust，那段时间相当沉迷于 Rust，看到了 <a href=\"https://yew.rs/\">Yew</a> 这个 Rust 前端框架，又对 js 有一定的偏见，就成这样了。博客相关的代码在 <a href=\"https://github.com/PepcyCh/pepcy-site\">PepcyCh/pepcy-site</a>，网页在 <a href=\"pepcy.top\">pepcy.top</a>。</p>\n<p>整体可能会有各种奇怪的实现，毕竟是写的第二个网页应用。</p>\n","tags":["Rust"],"title":"Rust（Yew）开发个人博客的尝试","url":"Rust%EF%BC%88Yew%EF%BC%89%E5%BC%80%E5%8F%91%E4%B8%AA%E4%BA%BA%E5%8D%9A%E5%AE%A2%E7%9A%84%E5%B0%9D%E8%AF%95"},{"create_time":1636063500,"hidden":false,"last_modified":1644074790,"order":0,"part":"<p>ReSTIR（Reservoir-based Spatiotemporal Importance Resampling）是 NVIDIA 在 2020 年发表的一个实时光追中对直接光更好地进行采样的算法，其实现相对简单、效果好、并且支持动态场景，相应的论文为 SIGGRAPH 2020 的<a href=\"https://research.nvidia.com/publication/2020-07_Spatiotemporal-reservoir-resampling\">《Spatiotemporal Reservoir Resampling for Real-time Ray Tracing with Dynamic Direct Lighting》</a>。</p>\n<p>本人在实现这一算法时（<a href=\"https://github.com/PepcyCh/ReSTIR-OptiX\">ReSTIR-OptiX</a>）却在一开始遇到了一些问题，具体表现为理解与代码对不上，从而导致实现有误。NVIDIA 在 HPG 2021 中发表了论文《<a href=\"https://research.nvidia.com/publication/2021-07_Rearchitecting-Spatiotemporal-Resampling\">Rearchitecting Spatiotemporal Resampling for Production</a>》，对原始的 ReSTIR 做了一些修改使其更适用于实际应用（此改动不在本文讨论范围内），同时也对 ReSTIR 算法做了更细致的讲解。本人结合该文章的解释与自己在实现时的理解，指出了 ReSTIR 实为多级 RIS 的本质，并解释了一些原论文（指 SIGGRAPH 2020 的那篇，后同）伪代码与理解上的差异，做笔记于此。</p>\n","tags":["CG","学习笔记","实现笔记","实时光线追踪","光线追踪"],"title":"理解 ReSTIR","url":"%E7%90%86%E8%A7%A3%2DReSTIR"},{"create_time":1616277278,"hidden":false,"last_modified":1616277396,"order":0,"part":"<p>本文作为本人阅读 <a href=\"http://blog.hvidtfeldts.net/index.php/2011/06/distance-estimated-3d-fractals-part-i/\">Distance Esitmated 3D Fractals</a> 系列文章前 3 篇的笔记及一个扩展，将描述基于距离估计光线步进的任意 3D IFS（Iterated Function Systems）分形的绘制方法。本文首先将对光线步进（ray marching）和原文中的距离估计器（Distance Estimator）做一些简要的说明。之后将分析并给出 Sierpinski 四面体和 Cantor 立方体两个分形的距离估计器。最后会给出将此方法拓展到任意 3D IFS 绘制的算法，并以 Menger 海绵为例进行说明。后两部分均会给出核心代码和本人的绘制结果。</p>\n","tags":["CG","光线追踪","光线步进","分形","学习笔记"],"title":"基于距离估计光线步进的 3D IFS 分形绘制","url":"%E5%9F%BA%E4%BA%8E%E8%B7%9D%E7%A6%BB%E4%BC%B0%E8%AE%A1%E5%85%89%E7%BA%BF%E6%AD%A5%E8%BF%9B%E7%9A%84%2D3D%2DIFS%2D%E5%88%86%E5%BD%A2%E7%BB%98%E5%88%B6"},{"create_time":1615026410,"hidden":false,"last_modified":1615026626,"order":0,"part":"<p>CatLikeCoding 上的诸多 Unity 系列教程中，关于 Unity 的渲染相关实现的教程的学习笔记，原教程用 20 节讲述了 Unity 自己的渲染相关的一些具体细节。本文是其中 18~20 节，也就是最后 3 节的学习笔记，此 3 节的标题依次为：</p>\n<ul>\n<li>18 - Realtime GI, Probe Volumes, LOD Groups</li>\n<li>19 - GPU Instancing</li>\n<li>20 - Parallax</li>\n</ul>\n<p>原教程及其他参考：</p>\n<ul>\n<li><a href=\"https://catlikecoding.com/unity/tutorials/rendering/\">Unity Rendering Tutorial</a></li>\n<li><a href=\"https://github.com/TwoTailsGames/Unity-Built-in-Shaders\">Unity-Build-in-Shaders</a></li>\n</ul>\n","tags":["CG","Unity","学习笔记"],"title":"Unity 中的渲染 学习笔记（五）（完）","url":"Unity%2D%E4%B8%AD%E7%9A%84%E6%B8%B2%E6%9F%93%2D%E5%AD%A6%E4%B9%A0%E7%AC%94%E8%AE%B0%EF%BC%88%E4%BA%94%EF%BC%89"},{"create_time":1614874712,"hidden":false,"last_modified":1614874840,"order":0,"part":"<p>CatLikeCoding 上的诸多 Unity 系列教程中，关于 Unity 的渲染相关实现的教程的学习笔记，原教程用 20 节讲述了 Unity 自己的渲染相关的一些具体细节。本文是其中 13~17 节的学习笔记，此 5 节的标题依次为：</p>\n<ul>\n<li>13 - Deferred Shading</li>\n<li>14 - Fog</li>\n<li>15 - Deferred Lighting</li>\n<li>16 - Static Lighting</li>\n<li>17 - Mixed Lighting</li>\n</ul>\n<p>原教程及其他参考：</p>\n<ul>\n<li><a href=\"https://catlikecoding.com/unity/tutorials/rendering/\">Unity Rendering Tutorial</a></li>\n<li><a href=\"https://github.com/TwoTailsGames/Unity-Built-in-Shaders\">Unity-Build-in-Shaders</a></li>\n</ul>\n","tags":["CG","Unity","学习笔记"],"title":"Unity 中的渲染 学习笔记（四）","url":"Unity%2D%E4%B8%AD%E7%9A%84%E6%B8%B2%E6%9F%93%2D%E5%AD%A6%E4%B9%A0%E7%AC%94%E8%AE%B0%EF%BC%88%E5%9B%9B%EF%BC%89"},{"create_time":1614522189,"hidden":false,"last_modified":1614609354,"order":0,"part":"<p>CatLikeCoding 上的诸多 Unity 系列教程中，关于 Unity 的渲染相关实现的教程的学习笔记，原教程用 20 节讲述了 Unity 自己的渲染相关的一些具体细节。本文是其中 9~12 节的学习笔记，此 4 节的标题依次为：</p>\n<ul>\n<li>9 - Complex Material</li>\n<li>10 - More Complexity</li>\n<li>11 - Transparency</li>\n<li>12 -Semitransparent Shadows</li>\n</ul>\n<p>原教程及其他参考：</p>\n<ul>\n<li><a href=\"https://catlikecoding.com/unity/tutorials/rendering/\">Unity Rendering Tutorial</a></li>\n<li><a href=\"https://github.com/TwoTailsGames/Unity-Built-in-Shaders\">Unity-Build-in-Shaders</a></li>\n</ul>\n","tags":["CG","Unity","学习笔记"],"title":"Unity 中的渲染 学习笔记（三）","url":"Unity%2D%E4%B8%AD%E7%9A%84%E6%B8%B2%E6%9F%93%2D%E5%AD%A6%E4%B9%A0%E7%AC%94%E8%AE%B0%EF%BC%88%E4%B8%89%EF%BC%89"},{"create_time":1614374104,"hidden":false,"last_modified":1614522224,"order":0,"part":"<p>CatLikeCoding 上的诸多 Unity 系列教程中，关于 Unity 的渲染相关实现的教程的学习笔记，原教程用 20 节讲述了 Unity 自己的渲染相关的一些具体细节。本文是其中 6~8 节的学习笔记，此 3 节的标题依次为：</p>\n<ul>\n<li>6 - Bumpiness</li>\n<li>7 - Shadows</li>\n<li>8 - Reflection</li>\n</ul>\n<p>原教程及其他参考：</p>\n<ul>\n<li><a href=\"https://catlikecoding.com/unity/tutorials/rendering/\">Unity Rendering Tutorial</a></li>\n<li><a href=\"https://github.com/TwoTailsGames/Unity-Built-in-Shaders\">Unity-Build-in-Shaders</a></li>\n</ul>\n","tags":["CG","Unity","学习笔记"],"title":"Unity 中的渲染 学习笔记（二）","url":"Unity%2D%E4%B8%AD%E7%9A%84%E6%B8%B2%E6%9F%93%2D%E5%AD%A6%E4%B9%A0%E7%AC%94%E8%AE%B0%EF%BC%88%E4%BA%8C%EF%BC%89"}],"page_count":3}