{"title":"CMU 15-213 A1 实现笔记","tags":["CMU","课程笔记","实现笔记"],"create_time":1579818297,"last_modified":1596727248,"toc":"<ol><li><a href=\"#简介\">简介</a></li><li><a href=\"#bit-manipulations\">Bit Manipulations</a></li><ol><li><a href=\"#11-bitandint-x-int-y\">1.1 <code>bitAnd(int x, int y)</code></a></li><li><a href=\"#12-getbyteint-x-int-n\">1.2 <code>getByte(int x, int n)</code></a></li><li><a href=\"#13-logicalshiftint-x-int-n\">1.3 <code>logicalShift(int x, int n)</code></a></li><li><a href=\"#14-bitcountint-x\">1.4 <code>bitCount(int x)</code></a></li><li><a href=\"#15-bangint-x\">1.5 <code>bang(int x)</code></a></li></ol><li><a href=\"#twos-complement-arithmetic\">Two’s Complement Arithmetic</a></li><ol><li><a href=\"#21-tmin\">2.1 <code>tmin()</code></a></li><li><a href=\"#22-fitsbitsint-x-int-n\">2.2 <code>fitsBits(int x, int n)</code></a></li><li><a href=\"#23-divpwr2int-x-int-n\">2.3 <code>divpwr2(int x, int n)</code></a></li><li><a href=\"#24-negateint-x\">2.4 <code>negate(int x)</code></a></li><li><a href=\"#25-ispositiveint-x\">2.5 <code>isPositive(int x)</code></a></li><li><a href=\"#26-islessorequalint-x-int-y\">2.6 <code>isLessOrEqual(int x, int y)</code></a></li><li><a href=\"#27-ilog2int-x\">2.7 <code>ilog2(int x)</code></a></li></ol><li><a href=\"#floating-point-operations\">Floating-Point Operations</a></li><ol><li><a href=\"#31-float_negunsigned-uf\">3.1 <code>float_neg(unsigned uf)</code></a></li><li><a href=\"#32-float_i2fint-x\">3.2 <code>float_i2f(int x)</code></a></li><li><a href=\"#33-float_twiceunsigned-uf\">3.3 <code>float_twice(unsigned uf)</code></a></li>","html":"<p>之前的图形学的 15-462 在 1 月 9 日的时候跟完了，不过 A2 和 A4 没有写实现笔记（A4 可能考虑补写一下，也可能会鸽掉）。</p>\n<p>15-213 是 CS:APP 对应的课程，是我刚入大学时不久后就想跟的课程，一直拖到了现在，不过意外地发现可以和 CMU 同步。课程网站：<a href=\"http://www.cs.cmu.edu/~./213/schedule.html\">Introduction to Computer System - CMU 15-213</a></p>\n<p>这课还有一个 A0，不过比较基础就不记录了（但还是花了比预想多 10～15min 的时间吧。。。）</p>\n<p>A1 的 pdf 没有挂在课程网站上，在 GitHub 上发现每年的题好像都略有不同，不过都挺有意思的。我用的是 <a href=\"https://github.com/tinylcy/cmu-15213\">tinylcy/cmu-15213</a> 的版本（其实是因为 clone 后才发现每年不一样。。。）。</p>\n<p>A1 是在一个比较严苛的约束下实现一些常见的操作，是若干道迷题的形式，感觉很好玩，而且有些并不容易。。。</p>\n<!-- more -->\n<h2><a href=\"#简介\" aria-hidden=\"true\" class=\"anchor\" id=\"简介\"></a>简介</h2>\n<p>A1（Data lab）是在一个比较严苛的约束下实现一些常见的操作，「严苛的约束」具体指：</p>\n<p>只允许：</p>\n<ol>\n<li>使用 0 ～ 255 的 <code>int</code> 常量</li>\n<li>定义 <code>int</code> 局部变量</li>\n<li>使用运算符 <code>!</code>、<code>~</code>、<code>&amp;</code>、<code>^</code>、<code>|</code>、<code>+</code>、<code>&gt;&gt;</code>、<code>&lt;&lt;</code></li>\n</ol>\n<p>不允许：</p>\n<ol>\n<li>使用条件控制与循环语句</li>\n<li>定义或使用宏和函数</li>\n<li>使用要求以外的运算符</li>\n<li>使用任何形式的类型转换</li>\n<li>使用 <code>int</code> 以外的类型（<code>int</code> 数组也是禁止的）</li>\n</ol>\n<p>可以认定：</p>\n<ol>\n<li>使用补码</li>\n<li><code>&gt;&gt;</code> 执行算术右移</li>\n<li>超过字宽的移位操作是为定义的</li>\n</ol>\n<p>此外，每道题目都有运算符使用数目的限制。在一些题目中，可用运算符的种类会进一步减少。</p>\n<p>在浮点数部分，要求降低，额外允许：</p>\n<ol>\n<li>条件控制与循环语句</li>\n<li><code>||</code>、<code>&amp;&amp;</code></li>\n<li><code>unsigned int</code> 常量与变量，常量也不再有范围限制</li>\n</ol>\n<p>可以认定是 IEEE 754 的浮点数。</p>\n<p>题目还有 1、2、3、4 不同的分值，分值同时代表了难易度。</p>\n<h2><a href=\"#bit-manipulations\" aria-hidden=\"true\" class=\"anchor\" id=\"bit-manipulations\"></a>Bit Manipulations</h2>\n<h3><a href=\"#11-bitandint-x-int-y\" aria-hidden=\"true\" class=\"anchor\" id=\"11-bitandint-x-int-y\"></a>1.1 <code>bitAnd(int x, int y)</code></h3>\n<ul>\n<li>按位与</li>\n<li>额外限制：只允许 ~ 和 <code>|</code></li>\n<li>运算符数目限制：8</li>\n</ul>\n<p>用德摩根定律就好了。</p>\n<pre style=\"background-color:#2b303b;\"><code class=\"language-c\">\n<span style=\"color:#65737e;\">/*\n</span><span style=\"color:#65737e;\"> * bitAnd - x&amp;y using only ~ and |\n</span><span style=\"color:#65737e;\"> *   Example: bitAnd(6, 5) = 4\n</span><span style=\"color:#65737e;\"> *   Legal ops: ~ |\n</span><span style=\"color:#65737e;\"> *   Max ops: 8\n</span><span style=\"color:#65737e;\"> *   Rating: 1\n</span><span style=\"color:#65737e;\"> */\n</span><span style=\"color:#b48ead;\">int </span><span style=\"color:#8fa1b3;\">bitAnd</span><span style=\"color:#c0c5ce;\">(</span><span style=\"color:#b48ead;\">int </span><span style=\"color:#bf616a;\">x</span><span style=\"color:#c0c5ce;\">, </span><span style=\"color:#b48ead;\">int </span><span style=\"color:#bf616a;\">y</span><span style=\"color:#c0c5ce;\">) {\n</span><span style=\"color:#c0c5ce;\">  </span><span style=\"color:#b48ead;\">return </span><span style=\"color:#c0c5ce;\">~((~x) | (~y));\n</span><span style=\"color:#c0c5ce;\">}\n</span>\n</code></pre>\n<p>使用运算符数：4</p>\n<h3><a href=\"#12-getbyteint-x-int-n\" aria-hidden=\"true\" class=\"anchor\" id=\"12-getbyteint-x-int-n\"></a>1.2 <code>getByte(int x, int n)</code></h3>\n<ul>\n<li>获取 <span class=\"katex\"><span class=\"katex-mathml\"><math xmlns=\"http://www.w3.org/1998/Math/MathML\"><semantics><mrow><mi>x</mi></mrow><annotation encoding=\"application/x-tex\">x</annotation></semantics></math></span><span class=\"katex-html\" aria-hidden=\"true\"><span class=\"base\"><span class=\"strut\" style=\"height:0.4306em;\"></span><span class=\"mord mathnormal\">x</span></span></span></span> 的从低位起第 <span class=\"katex\"><span class=\"katex-mathml\"><math xmlns=\"http://www.w3.org/1998/Math/MathML\"><semantics><mrow><mi>n</mi></mrow><annotation encoding=\"application/x-tex\">n</annotation></semantics></math></span><span class=\"katex-html\" aria-hidden=\"true\"><span class=\"base\"><span class=\"strut\" style=\"height:0.4306em;\"></span><span class=\"mord mathnormal\">n</span></span></span></span> 个字节的内容，从 <span class=\"katex\"><span class=\"katex-mathml\"><math xmlns=\"http://www.w3.org/1998/Math/MathML\"><semantics><mrow><mn>0</mn></mrow><annotation encoding=\"application/x-tex\">0</annotation></semantics></math></span><span class=\"katex-html\" aria-hidden=\"true\"><span class=\"base\"><span class=\"strut\" style=\"height:0.6444em;\"></span><span class=\"mord\">0</span></span></span></span> 开始</li>\n<li>运算符数目限制：6</li>\n</ul>\n<p>右移并与 <code>0xFF</code> 取按位与就好了，乘以 2 的次幂用左移实现。</p>\n<pre style=\"background-color:#2b303b;\"><code class=\"language-c\">\n<span style=\"color:#65737e;\">/*\n</span><span style=\"color:#65737e;\"> * getByte - Extract byte n from word x\n</span><span style=\"color:#65737e;\"> *   Bytes numbered from 0 (LSB) to 3 (MSB)\n</span><span style=\"color:#65737e;\"> *   Examples: getByte(0x12345678,1) = 0x56\n</span><span style=\"color:#65737e;\"> *   Legal ops: ! ~ &amp; ^ | + &lt;&lt; &gt;&gt;\n</span><span style=\"color:#65737e;\"> *   Max ops: 6\n</span><span style=\"color:#65737e;\"> *   Rating: 2\n</span><span style=\"color:#65737e;\"> */\n</span><span style=\"color:#b48ead;\">int </span><span style=\"color:#8fa1b3;\">getByte</span><span style=\"color:#c0c5ce;\">(</span><span style=\"color:#b48ead;\">int </span><span style=\"color:#bf616a;\">x</span><span style=\"color:#c0c5ce;\">, </span><span style=\"color:#b48ead;\">int </span><span style=\"color:#bf616a;\">n</span><span style=\"color:#c0c5ce;\">) {\n</span><span style=\"color:#c0c5ce;\">  </span><span style=\"color:#b48ead;\">return </span><span style=\"color:#c0c5ce;\">(x &gt;&gt; (n &lt;&lt; </span><span style=\"color:#d08770;\">3</span><span style=\"color:#c0c5ce;\">)) &amp; </span><span style=\"color:#d08770;\">0xFF</span><span style=\"color:#c0c5ce;\">;\n</span><span style=\"color:#c0c5ce;\">}\n</span>\n</code></pre>\n<p>使用运算符数：3</p>\n<h3><a href=\"#13-logicalshiftint-x-int-n\" aria-hidden=\"true\" class=\"anchor\" id=\"13-logicalshiftint-x-int-n\"></a>1.3 <code>logicalShift(int x, int n)</code></h3>\n<ul>\n<li>实现逻辑右移</li>\n<li>运算符数目限制：20</li>\n</ul>\n<p>逻辑右移后，高位一定都是 0，只要把算术右移的结果对形如 <span class=\"katex\"><span class=\"katex-mathml\"><math xmlns=\"http://www.w3.org/1998/Math/MathML\"><semantics><mrow><mo stretchy=\"false\">(</mo><mn>0</mn><mo>…</mo><mn>01</mn><mo>…</mo><mn>1</mn><msub><mo stretchy=\"false\">)</mo><mn>2</mn></msub></mrow><annotation encoding=\"application/x-tex\">(0\\dots01\\dots1)_2</annotation></semantics></math></span><span class=\"katex-html\" aria-hidden=\"true\"><span class=\"base\"><span class=\"strut\" style=\"height:1em;vertical-align:-0.25em;\"></span><span class=\"mopen\">(</span><span class=\"mord\">0</span><span class=\"mspace\" style=\"margin-right:0.1667em;\"></span><span class=\"minner\">…</span><span class=\"mspace\" style=\"margin-right:0.1667em;\"></span><span class=\"mord\">01</span><span class=\"mspace\" style=\"margin-right:0.1667em;\"></span><span class=\"minner\">…</span><span class=\"mspace\" style=\"margin-right:0.1667em;\"></span><span class=\"mord\">1</span><span class=\"mclose\"><span class=\"mclose\">)</span><span class=\"msupsub\"><span class=\"vlist-t vlist-t2\"><span class=\"vlist-r\"><span class=\"vlist\" style=\"height:0.3011em;\"><span style=\"top:-2.55em;margin-left:0em;margin-right:0.05em;\"><span class=\"pstrut\" style=\"height:2.7em;\"></span><span class=\"sizing reset-size6 size3 mtight\"><span class=\"mord mtight\">2</span></span></span></span><span class=\"vlist-s\">​</span></span><span class=\"vlist-r\"><span class=\"vlist\" style=\"height:0.15em;\"><span></span></span></span></span></span></span></span></span></span> 的数取按位与就好了。</p>\n<p>实现中用到了算术右移的特性；此外，需要到右移 <span class=\"katex\"><span class=\"katex-mathml\"><math xmlns=\"http://www.w3.org/1998/Math/MathML\"><semantics><mrow><mi>n</mi><mo>−</mo><mn>1</mn></mrow><annotation encoding=\"application/x-tex\">n - 1</annotation></semantics></math></span><span class=\"katex-html\" aria-hidden=\"true\"><span class=\"base\"><span class=\"strut\" style=\"height:0.6667em;vertical-align:-0.0833em;\"></span><span class=\"mord mathnormal\">n</span><span class=\"mspace\" style=\"margin-right:0.2222em;\"></span><span class=\"mbin\">−</span><span class=\"mspace\" style=\"margin-right:0.2222em;\"></span></span><span class=\"base\"><span class=\"strut\" style=\"height:0.6444em;\"></span><span class=\"mord\">1</span></span></span></span> 位，用右移后左移实现。</p>\n<pre style=\"background-color:#2b303b;\"><code class=\"language-c\">\n<span style=\"color:#65737e;\">/*\n</span><span style=\"color:#65737e;\"> * logicalShift - shift x to the right by n, using a logical shift\n</span><span style=\"color:#65737e;\"> *   Can assume that 0 &lt;= n &lt;= 31\n</span><span style=\"color:#65737e;\"> *   Examples: logicalShift(0x87654321,4) = 0x08765432\n</span><span style=\"color:#65737e;\"> *   Legal ops: ! ~ &amp; ^ | + &lt;&lt; &gt;&gt;\n</span><span style=\"color:#65737e;\"> *   Max ops: 20\n</span><span style=\"color:#65737e;\"> *   Rating: 3\n</span><span style=\"color:#65737e;\"> */\n</span><span style=\"color:#b48ead;\">int </span><span style=\"color:#8fa1b3;\">logicalShift</span><span style=\"color:#c0c5ce;\">(</span><span style=\"color:#b48ead;\">int </span><span style=\"color:#bf616a;\">x</span><span style=\"color:#c0c5ce;\">, </span><span style=\"color:#b48ead;\">int </span><span style=\"color:#bf616a;\">n</span><span style=\"color:#c0c5ce;\">) {\n</span><span style=\"color:#c0c5ce;\">  </span><span style=\"color:#b48ead;\">return </span><span style=\"color:#c0c5ce;\">(x &gt;&gt; n) &amp; ~(</span><span style=\"color:#d08770;\">1 </span><span style=\"color:#c0c5ce;\">&lt;&lt; </span><span style=\"color:#d08770;\">31 </span><span style=\"color:#c0c5ce;\">&gt;&gt; n &lt;&lt; </span><span style=\"color:#d08770;\">1</span><span style=\"color:#c0c5ce;\">);\n</span><span style=\"color:#c0c5ce;\">}\n</span>\n</code></pre>\n<p>使用运算符数：6</p>\n<h3><a href=\"#14-bitcountint-x\" aria-hidden=\"true\" class=\"anchor\" id=\"14-bitcountint-x\"></a>1.4 <code>bitCount(int x)</code></h3>\n<ul>\n<li>求二进制下为 1 的位数</li>\n<li>运算符数目限制：40</li>\n</ul>\n<p>我承认，我不会，我太菜了。。。</p>\n<p>显然，一位一位的取出来并加起来运算符数是超了的。解决思路是分成 8 段，每段 4 位，先同步求出每段的 bitcount，再一半一半地加起来。</p>\n<pre style=\"background-color:#2b303b;\"><code class=\"language-c\">\n<span style=\"color:#65737e;\">/*\n</span><span style=\"color:#65737e;\"> * bitCount - returns count of number of 1&#39;s in word\n</span><span style=\"color:#65737e;\"> *   Examples: bitCount(5) = 2, bitCount(7) = 3\n</span><span style=\"color:#65737e;\"> *   Legal ops: ! ~ &amp; ^ | + &lt;&lt; &gt;&gt;\n</span><span style=\"color:#65737e;\"> *   Max ops: 40\n</span><span style=\"color:#65737e;\"> *   Rating: 4\n</span><span style=\"color:#65737e;\"> */\n</span><span style=\"color:#65737e;\">/* It is NOT my work... */\n</span><span style=\"color:#b48ead;\">int </span><span style=\"color:#8fa1b3;\">bitCount</span><span style=\"color:#c0c5ce;\">(</span><span style=\"color:#b48ead;\">int </span><span style=\"color:#bf616a;\">x</span><span style=\"color:#c0c5ce;\">) {\n</span><span style=\"color:#c0c5ce;\">  </span><span style=\"color:#b48ead;\">int</span><span style=\"color:#c0c5ce;\"> m1 = </span><span style=\"color:#d08770;\">0x11 </span><span style=\"color:#c0c5ce;\">| (</span><span style=\"color:#d08770;\">0x11 </span><span style=\"color:#c0c5ce;\">&lt;&lt; </span><span style=\"color:#d08770;\">8</span><span style=\"color:#c0c5ce;\">);\n</span><span style=\"color:#c0c5ce;\">  </span><span style=\"color:#b48ead;\">int</span><span style=\"color:#c0c5ce;\"> mask = m1 | (m1 &lt;&lt; </span><span style=\"color:#d08770;\">16</span><span style=\"color:#c0c5ce;\">);\n</span><span style=\"color:#c0c5ce;\">  </span><span style=\"color:#b48ead;\">int</span><span style=\"color:#c0c5ce;\"> s = x &amp; mask;\n</span><span style=\"color:#c0c5ce;\">  s += x &gt;&gt; </span><span style=\"color:#d08770;\">1 </span><span style=\"color:#c0c5ce;\">&amp; mask;\n</span><span style=\"color:#c0c5ce;\">  s += x &gt;&gt; </span><span style=\"color:#d08770;\">2 </span><span style=\"color:#c0c5ce;\">&amp; mask;\n</span><span style=\"color:#c0c5ce;\">  s += x &gt;&gt; </span><span style=\"color:#d08770;\">3 </span><span style=\"color:#c0c5ce;\">&amp; mask;\n</span><span style=\"color:#c0c5ce;\">  </span><span style=\"color:#65737e;\">/* Now combine high and low order sums */\n</span><span style=\"color:#c0c5ce;\">  s = s + (s &gt;&gt; </span><span style=\"color:#d08770;\">16</span><span style=\"color:#c0c5ce;\">);\n</span><span style=\"color:#c0c5ce;\">\n</span><span style=\"color:#c0c5ce;\">  </span><span style=\"color:#65737e;\">/* Low order 16 bits now consists of 4 sums.\n</span><span style=\"color:#65737e;\">     Split into two groups and sum */\n</span><span style=\"color:#c0c5ce;\">  mask = </span><span style=\"color:#d08770;\">0xF </span><span style=\"color:#c0c5ce;\">| (</span><span style=\"color:#d08770;\">0xF </span><span style=\"color:#c0c5ce;\">&lt;&lt; </span><span style=\"color:#d08770;\">8</span><span style=\"color:#c0c5ce;\">);\n</span><span style=\"color:#c0c5ce;\">  s = (s &amp; mask) + ((s &gt;&gt; </span><span style=\"color:#d08770;\">4</span><span style=\"color:#c0c5ce;\">) &amp; mask);\n</span><span style=\"color:#c0c5ce;\">  </span><span style=\"color:#b48ead;\">return </span><span style=\"color:#c0c5ce;\">(s + (s &gt;&gt; </span><span style=\"color:#d08770;\">8</span><span style=\"color:#c0c5ce;\">)) &amp; </span><span style=\"color:#d08770;\">0x3F</span><span style=\"color:#c0c5ce;\">;\n</span><span style=\"color:#c0c5ce;\">}\n</span>\n</code></pre>\n<p>代码中，15 行结束后，s 中存了 8 段的 bitcount，这些和的最低位分别在第 0、4、8、……、24、28 位上；17 行合并第 0 位与第 16 位、第 4 位与第 20 位等的和；22 行合并第 0 位与 4 位、第 8 位与第 12 位；23 行合并仅剩的第 0 位与第 8 位。</p>\n<p>使用运算符数：25</p>\n<h3><a href=\"#15-bangint-x\" aria-hidden=\"true\" class=\"anchor\" id=\"15-bangint-x\"></a>1.5 <code>bang(int x)</code></h3>\n<ul>\n<li>实现 <code>!x</code></li>\n<li>额外限制：不能使用 <code>!</code></li>\n<li>运算符数目限制：12</li>\n</ul>\n<p>同样的，一位一位地或起来会超数目，所以用一半一半合并的思路得到所有位或起来的值。</p>\n<p>这题做的比上一道早，明明这题里这个思路是能想到的，到上一题哪里怎么就想不到呢。。。QAQ</p>\n<p>这几个分值为 4 的题，感觉要不是搞过 OI/XCPC，不然大概率是做不出来了。。。</p>\n<pre style=\"background-color:#2b303b;\"><code class=\"language-c\">\n<span style=\"color:#65737e;\">/*\n</span><span style=\"color:#65737e;\"> * bang - Compute !x without using !\n</span><span style=\"color:#65737e;\"> *   Examples: bang(3) = 0, bang(0) = 1\n</span><span style=\"color:#65737e;\"> *   Legal ops: ~ &amp; ^ | + &lt;&lt; &gt;&gt;\n</span><span style=\"color:#65737e;\"> *   Max ops: 12\n</span><span style=\"color:#65737e;\"> *   Rating: 4\n</span><span style=\"color:#65737e;\"> */\n</span><span style=\"color:#b48ead;\">int </span><span style=\"color:#8fa1b3;\">bang</span><span style=\"color:#c0c5ce;\">(</span><span style=\"color:#b48ead;\">int </span><span style=\"color:#bf616a;\">x</span><span style=\"color:#c0c5ce;\">) {\n</span><span style=\"color:#c0c5ce;\">  </span><span style=\"color:#b48ead;\">int</span><span style=\"color:#c0c5ce;\"> t0 =  x | (x &gt;&gt; </span><span style=\"color:#d08770;\">16</span><span style=\"color:#c0c5ce;\">);\n</span><span style=\"color:#c0c5ce;\">  </span><span style=\"color:#b48ead;\">int</span><span style=\"color:#c0c5ce;\"> t1 = t0 | (t0 &gt;&gt; </span><span style=\"color:#d08770;\">8</span><span style=\"color:#c0c5ce;\">);\n</span><span style=\"color:#c0c5ce;\">  </span><span style=\"color:#b48ead;\">int</span><span style=\"color:#c0c5ce;\"> t2 = t1 | (t1 &gt;&gt; </span><span style=\"color:#d08770;\">4</span><span style=\"color:#c0c5ce;\">);\n</span><span style=\"color:#c0c5ce;\">  </span><span style=\"color:#b48ead;\">int</span><span style=\"color:#c0c5ce;\"> t3 = t2 | (t2 &gt;&gt; </span><span style=\"color:#d08770;\">2</span><span style=\"color:#c0c5ce;\">);\n</span><span style=\"color:#c0c5ce;\">  </span><span style=\"color:#b48ead;\">int</span><span style=\"color:#c0c5ce;\"> t4 = t3 | (t3 &gt;&gt; </span><span style=\"color:#d08770;\">1</span><span style=\"color:#c0c5ce;\">);\n</span><span style=\"color:#c0c5ce;\">  </span><span style=\"color:#b48ead;\">return </span><span style=\"color:#c0c5ce;\">~t4 &amp; </span><span style=\"color:#d08770;\">1</span><span style=\"color:#c0c5ce;\">;\n</span><span style=\"color:#c0c5ce;\">}\n</span>\n</code></pre>\n<p>使用运算符数：12（怕不是撞了标程）</p>\n<h2><a href=\"#twos-complement-arithmetic\" aria-hidden=\"true\" class=\"anchor\" id=\"twos-complement-arithmetic\"></a>Two’s Complement Arithmetic</h2>\n<h3><a href=\"#21-tmin\" aria-hidden=\"true\" class=\"anchor\" id=\"21-tmin\"></a>2.1 <code>tmin()</code></h3>\n<ul>\n<li>返回 <code>INT_MIN</code></li>\n<li>运算符数目限制：4</li>\n</ul>\n<p>直接返回 <code>1 &lt;&lt; 31</code> 就是了。</p>\n<pre style=\"background-color:#2b303b;\"><code class=\"language-c\">\n<span style=\"color:#65737e;\">/*\n</span><span style=\"color:#65737e;\"> * tmin - return minimum two&#39;s complement integer\n</span><span style=\"color:#65737e;\"> *   Legal ops: ! ~ &amp; ^ | + &lt;&lt; &gt;&gt;\n</span><span style=\"color:#65737e;\"> *   Max ops: 4\n</span><span style=\"color:#65737e;\"> *   Rating: 1\n</span><span style=\"color:#65737e;\"> */\n</span><span style=\"color:#b48ead;\">int </span><span style=\"color:#8fa1b3;\">tmin</span><span style=\"color:#c0c5ce;\">(</span><span style=\"color:#b48ead;\">void</span><span style=\"color:#c0c5ce;\">) {\n</span><span style=\"color:#c0c5ce;\">  </span><span style=\"color:#b48ead;\">return </span><span style=\"color:#d08770;\">1 </span><span style=\"color:#c0c5ce;\">&lt;&lt; </span><span style=\"color:#d08770;\">31</span><span style=\"color:#c0c5ce;\">;\n</span><span style=\"color:#c0c5ce;\">}\n</span>\n</code></pre>\n<p>使用运算符数：1</p>\n<h3><a href=\"#22-fitsbitsint-x-int-n\" aria-hidden=\"true\" class=\"anchor\" id=\"22-fitsbitsint-x-int-n\"></a>2.2 <code>fitsBits(int x, int n)</code></h3>\n<ul>\n<li>判断 <span class=\"katex\"><span class=\"katex-mathml\"><math xmlns=\"http://www.w3.org/1998/Math/MathML\"><semantics><mrow><mi>x</mi></mrow><annotation encoding=\"application/x-tex\">x</annotation></semantics></math></span><span class=\"katex-html\" aria-hidden=\"true\"><span class=\"base\"><span class=\"strut\" style=\"height:0.4306em;\"></span><span class=\"mord mathnormal\">x</span></span></span></span> 是否能用 <span class=\"katex\"><span class=\"katex-mathml\"><math xmlns=\"http://www.w3.org/1998/Math/MathML\"><semantics><mrow><mi>n</mi></mrow><annotation encoding=\"application/x-tex\">n</annotation></semantics></math></span><span class=\"katex-html\" aria-hidden=\"true\"><span class=\"base\"><span class=\"strut\" style=\"height:0.4306em;\"></span><span class=\"mord mathnormal\">n</span></span></span></span> 位下的补码正确表示</li>\n<li>运算符数目限制：15</li>\n</ul>\n<p>能在 <span class=\"katex\"><span class=\"katex-mathml\"><math xmlns=\"http://www.w3.org/1998/Math/MathML\"><semantics><mrow><mi>n</mi></mrow><annotation encoding=\"application/x-tex\">n</annotation></semantics></math></span><span class=\"katex-html\" aria-hidden=\"true\"><span class=\"base\"><span class=\"strut\" style=\"height:0.4306em;\"></span><span class=\"mord mathnormal\">n</span></span></span></span> 位补码表示的数有一个特性是，除去低 <span class=\"katex\"><span class=\"katex-mathml\"><math xmlns=\"http://www.w3.org/1998/Math/MathML\"><semantics><mrow><mi>n</mi><mo>−</mo><mn>1</mn></mrow><annotation encoding=\"application/x-tex\">n - 1</annotation></semantics></math></span><span class=\"katex-html\" aria-hidden=\"true\"><span class=\"base\"><span class=\"strut\" style=\"height:0.6667em;vertical-align:-0.0833em;\"></span><span class=\"mord mathnormal\">n</span><span class=\"mspace\" style=\"margin-right:0.2222em;\"></span><span class=\"mbin\">−</span><span class=\"mspace\" style=\"margin-right:0.2222em;\"></span></span><span class=\"base\"><span class=\"strut\" style=\"height:0.6444em;\"></span><span class=\"mord\">1</span></span></span></span> 位，剩下的高位部分不是全 1 就是全 0，只要能判断一种情况，再用相同的方法判断一次 <code>~x</code> ，把结果或起来即可。</p>\n<p>我选择判断全 1，想法是用形如 <span class=\"katex\"><span class=\"katex-mathml\"><math xmlns=\"http://www.w3.org/1998/Math/MathML\"><semantics><mrow><mo stretchy=\"false\">(</mo><mn>1</mn><mo>…</mo><mn>10</mn><mo>…</mo><mn>0</mn><msub><mo stretchy=\"false\">)</mo><mn>2</mn></msub></mrow><annotation encoding=\"application/x-tex\">(1\\dots 10\\dots0)_2</annotation></semantics></math></span><span class=\"katex-html\" aria-hidden=\"true\"><span class=\"base\"><span class=\"strut\" style=\"height:1em;vertical-align:-0.25em;\"></span><span class=\"mopen\">(</span><span class=\"mord\">1</span><span class=\"mspace\" style=\"margin-right:0.1667em;\"></span><span class=\"minner\">…</span><span class=\"mspace\" style=\"margin-right:0.1667em;\"></span><span class=\"mord\">10</span><span class=\"mspace\" style=\"margin-right:0.1667em;\"></span><span class=\"minner\">…</span><span class=\"mspace\" style=\"margin-right:0.1667em;\"></span><span class=\"mord\">0</span><span class=\"mclose\"><span class=\"mclose\">)</span><span class=\"msupsub\"><span class=\"vlist-t vlist-t2\"><span class=\"vlist-r\"><span class=\"vlist\" style=\"height:0.3011em;\"><span style=\"top:-2.55em;margin-left:0em;margin-right:0.05em;\"><span class=\"pstrut\" style=\"height:2.7em;\"></span><span class=\"sizing reset-size6 size3 mtight\"><span class=\"mord mtight\">2</span></span></span></span><span class=\"vlist-s\">​</span></span><span class=\"vlist-r\"><span class=\"vlist\" style=\"height:0.15em;\"><span></span></span></span></span></span></span></span></span></span> 的数与 <span class=\"katex\"><span class=\"katex-mathml\"><math xmlns=\"http://www.w3.org/1998/Math/MathML\"><semantics><mrow><mi>x</mi></mrow><annotation encoding=\"application/x-tex\">x</annotation></semantics></math></span><span class=\"katex-html\" aria-hidden=\"true\"><span class=\"base\"><span class=\"strut\" style=\"height:0.4306em;\"></span><span class=\"mord mathnormal\">x</span></span></span></span> 按位与，判断得到的结果是否还满足这个形式，而这个形式的数在右移几位后（这里是 <span class=\"katex\"><span class=\"katex-mathml\"><math xmlns=\"http://www.w3.org/1998/Math/MathML\"><semantics><mrow><mi>n</mi></mrow><annotation encoding=\"application/x-tex\">n</annotation></semantics></math></span><span class=\"katex-html\" aria-hidden=\"true\"><span class=\"base\"><span class=\"strut\" style=\"height:0.4306em;\"></span><span class=\"mord mathnormal\">n</span></span></span></span> 位）会得到 -1，-1 可以加一后用 <code>!</code> 判断。</p>\n<p>减法用加补码实现，也就是代码里的 <code>n + ~0</code>。</p>\n<pre style=\"background-color:#2b303b;\"><code class=\"language-c\">\n<span style=\"color:#65737e;\">/*\n</span><span style=\"color:#65737e;\"> * fitsBits - return 1 if x can be represented as an\n</span><span style=\"color:#65737e;\"> *  n-bit, two&#39;s complement integer.\n</span><span style=\"color:#65737e;\"> *   1 &lt;= n &lt;= 32\n</span><span style=\"color:#65737e;\"> *   Examples: fitsBits(5,3) = 0, fitsBits(-4,3) = 1\n</span><span style=\"color:#65737e;\"> *   Legal ops: ! ~ &amp; ^ | + &lt;&lt; &gt;&gt;\n</span><span style=\"color:#65737e;\"> *   Max ops: 15\n</span><span style=\"color:#65737e;\"> *   Rating: 2\n</span><span style=\"color:#65737e;\"> */\n</span><span style=\"color:#b48ead;\">int </span><span style=\"color:#8fa1b3;\">fitsBits</span><span style=\"color:#c0c5ce;\">(</span><span style=\"color:#b48ead;\">int </span><span style=\"color:#bf616a;\">x</span><span style=\"color:#c0c5ce;\">, </span><span style=\"color:#b48ead;\">int </span><span style=\"color:#bf616a;\">n</span><span style=\"color:#c0c5ce;\">) {\n</span><span style=\"color:#c0c5ce;\">  </span><span style=\"color:#b48ead;\">int</span><span style=\"color:#c0c5ce;\"> mask, t, r0, r1;\n</span><span style=\"color:#c0c5ce;\">  n = n + ~</span><span style=\"color:#d08770;\">0</span><span style=\"color:#c0c5ce;\">;\n</span><span style=\"color:#c0c5ce;\">  mask = ~(</span><span style=\"color:#d08770;\">1 </span><span style=\"color:#c0c5ce;\">&lt;&lt; n) + </span><span style=\"color:#d08770;\">1</span><span style=\"color:#c0c5ce;\">;\n</span><span style=\"color:#c0c5ce;\">  t = (mask &amp; x) &gt;&gt; n;\n</span><span style=\"color:#c0c5ce;\">  r0 = !(t + </span><span style=\"color:#d08770;\">1</span><span style=\"color:#c0c5ce;\">);\n</span><span style=\"color:#c0c5ce;\">  x = ~x;\n</span><span style=\"color:#c0c5ce;\">  t = (mask &amp; x) &gt;&gt; n;\n</span><span style=\"color:#c0c5ce;\">  r1 = !(t + </span><span style=\"color:#d08770;\">1</span><span style=\"color:#c0c5ce;\">);\n</span><span style=\"color:#c0c5ce;\">  </span><span style=\"color:#b48ead;\">return</span><span style=\"color:#c0c5ce;\"> r0 | r1;\n</span><span style=\"color:#c0c5ce;\">}\n</span>\n</code></pre>\n<p>使用运算符数：12</p>\n<h3><a href=\"#23-divpwr2int-x-int-n\" aria-hidden=\"true\" class=\"anchor\" id=\"23-divpwr2int-x-int-n\"></a>2.3 <code>divpwr2(int x, int n)</code></h3>\n<ul>\n<li>计算 <span class=\"katex\"><span class=\"katex-mathml\"><math xmlns=\"http://www.w3.org/1998/Math/MathML\"><semantics><mrow><mi>x</mi><mi mathvariant=\"normal\">/</mi><mo stretchy=\"false\">(</mo><msup><mn>2</mn><mi>n</mi></msup><mo stretchy=\"false\">)</mo></mrow><annotation encoding=\"application/x-tex\">x / (2^n)</annotation></semantics></math></span><span class=\"katex-html\" aria-hidden=\"true\"><span class=\"base\"><span class=\"strut\" style=\"height:1em;vertical-align:-0.25em;\"></span><span class=\"mord mathnormal\">x</span><span class=\"mord\">/</span><span class=\"mopen\">(</span><span class=\"mord\"><span class=\"mord\">2</span><span class=\"msupsub\"><span class=\"vlist-t\"><span class=\"vlist-r\"><span class=\"vlist\" style=\"height:0.6644em;\"><span style=\"top:-3.063em;margin-right:0.05em;\"><span class=\"pstrut\" style=\"height:2.7em;\"></span><span class=\"sizing reset-size6 size3 mtight\"><span class=\"mord mathnormal mtight\">n</span></span></span></span></span></span></span></span><span class=\"mclose\">)</span></span></span></span>，向零取整</li>\n<li>运算符数目限制：15</li>\n</ul>\n<p>算术右移是向下取整，与向零取整的区别仅在负数时出现，所以只要分别计算向下取整和向上取整的结果，取出符号位后用类似 2-1 多路复用器的思路做返回值。（学了数逻后发现不会用多路复用器以外的词来描述这个东西。这个思路在我后续的解题中还出现了不少）</p>\n<pre style=\"background-color:#2b303b;\"><code class=\"language-c\">\n<span style=\"color:#65737e;\">/*\n</span><span style=\"color:#65737e;\"> * divpwr2 - Compute x/(2^n), for 0 &lt;= n &lt;= 30\n</span><span style=\"color:#65737e;\"> *  Round toward zero\n</span><span style=\"color:#65737e;\"> *   Examples: divpwr2(15,1) = 7, divpwr2(-33,4) = -2\n</span><span style=\"color:#65737e;\"> *   Legal ops: ! ~ &amp; ^ | + &lt;&lt; &gt;&gt;\n</span><span style=\"color:#65737e;\"> *   Max ops: 15\n</span><span style=\"color:#65737e;\"> *   Rating: 2\n</span><span style=\"color:#65737e;\"> */\n</span><span style=\"color:#b48ead;\">int </span><span style=\"color:#8fa1b3;\">divpwr2</span><span style=\"color:#c0c5ce;\">(</span><span style=\"color:#b48ead;\">int </span><span style=\"color:#bf616a;\">x</span><span style=\"color:#c0c5ce;\">, </span><span style=\"color:#b48ead;\">int </span><span style=\"color:#bf616a;\">n</span><span style=\"color:#c0c5ce;\">) {\n</span><span style=\"color:#c0c5ce;\">  </span><span style=\"color:#b48ead;\">int</span><span style=\"color:#c0c5ce;\"> r0, r1, sgn;\n</span><span style=\"color:#c0c5ce;\">  r0 = x &gt;&gt; n;\n</span><span style=\"color:#c0c5ce;\">  r1 = (x + (</span><span style=\"color:#d08770;\">1 </span><span style=\"color:#c0c5ce;\">&lt;&lt; n) + ~</span><span style=\"color:#d08770;\">0</span><span style=\"color:#c0c5ce;\">) &gt;&gt; n;\n</span><span style=\"color:#c0c5ce;\">  sgn = x &amp; (</span><span style=\"color:#d08770;\">1 </span><span style=\"color:#c0c5ce;\">&lt;&lt; </span><span style=\"color:#d08770;\">31</span><span style=\"color:#c0c5ce;\">);\n</span><span style=\"color:#c0c5ce;\">  sgn = sgn &gt;&gt; </span><span style=\"color:#d08770;\">31</span><span style=\"color:#c0c5ce;\">;\n</span><span style=\"color:#c0c5ce;\">  </span><span style=\"color:#b48ead;\">return </span><span style=\"color:#c0c5ce;\">(sgn &amp; r1) | (~sgn &amp; r0);\n</span><span style=\"color:#c0c5ce;\">}\n</span>\n</code></pre>\n<p>14 行利用了算术右移的特性，把 <code>sgn</code> 变成全 1 或全 0。</p>\n<p>使用运算符数：13</p>\n<h3><a href=\"#24-negateint-x\" aria-hidden=\"true\" class=\"anchor\" id=\"24-negateint-x\"></a>2.4 <code>negate(int x)</code></h3>\n<ul>\n<li>返回相反数</li>\n<li>运算符数目限制：5</li>\n</ul>\n<p>补码的定义。</p>\n<pre style=\"background-color:#2b303b;\"><code class=\"language-c\">\n<span style=\"color:#65737e;\">/*\n</span><span style=\"color:#65737e;\"> * negate - return -x\n</span><span style=\"color:#65737e;\"> *   Example: negate(1) = -1.\n</span><span style=\"color:#65737e;\"> *   Legal ops: ! ~ &amp; ^ | + &lt;&lt; &gt;&gt;\n</span><span style=\"color:#65737e;\"> *   Max ops: 5\n</span><span style=\"color:#65737e;\"> *   Rating: 2\n</span><span style=\"color:#65737e;\"> */\n</span><span style=\"color:#b48ead;\">int </span><span style=\"color:#8fa1b3;\">negate</span><span style=\"color:#c0c5ce;\">(</span><span style=\"color:#b48ead;\">int </span><span style=\"color:#bf616a;\">x</span><span style=\"color:#c0c5ce;\">) {\n</span><span style=\"color:#c0c5ce;\">  </span><span style=\"color:#b48ead;\">return </span><span style=\"color:#c0c5ce;\">~x + </span><span style=\"color:#d08770;\">1</span><span style=\"color:#c0c5ce;\">;\n</span><span style=\"color:#c0c5ce;\">}\n</span>\n</code></pre>\n<p>使用运算符数：2</p>\n<h3><a href=\"#25-ispositiveint-x\" aria-hidden=\"true\" class=\"anchor\" id=\"25-ispositiveint-x\"></a>2.5 <code>isPositive(int x)</code></h3>\n<ul>\n<li>判断是否为正数</li>\n<li>运算符数目限制：8</li>\n</ul>\n<p>判断符号位能判断出非负数，再额外判一个 0 即可。</p>\n<pre style=\"background-color:#2b303b;\"><code class=\"language-c\">\n<span style=\"color:#65737e;\">/*\n</span><span style=\"color:#65737e;\"> * isPositive - return 1 if x &gt; 0, return 0 otherwise\n</span><span style=\"color:#65737e;\"> *   Example: isPositive(-1) = 0.\n</span><span style=\"color:#65737e;\"> *   Legal ops: ! ~ &amp; ^ | + &lt;&lt; &gt;&gt;\n</span><span style=\"color:#65737e;\"> *   Max ops: 8\n</span><span style=\"color:#65737e;\"> *   Rating: 3\n</span><span style=\"color:#65737e;\"> */\n</span><span style=\"color:#b48ead;\">int </span><span style=\"color:#8fa1b3;\">isPositive</span><span style=\"color:#c0c5ce;\">(</span><span style=\"color:#b48ead;\">int </span><span style=\"color:#bf616a;\">x</span><span style=\"color:#c0c5ce;\">) {\n</span><span style=\"color:#c0c5ce;\">  </span><span style=\"color:#b48ead;\">int</span><span style=\"color:#c0c5ce;\"> sgn = x &amp; (</span><span style=\"color:#d08770;\">1 </span><span style=\"color:#c0c5ce;\">&lt;&lt; </span><span style=\"color:#d08770;\">31</span><span style=\"color:#c0c5ce;\">);\n</span><span style=\"color:#c0c5ce;\">  </span><span style=\"color:#b48ead;\">return </span><span style=\"color:#c0c5ce;\">!sgn &amp; (!!x);\n</span><span style=\"color:#c0c5ce;\">}\n</span>\n</code></pre>\n<p>使用运算符数：6</p>\n<h3><a href=\"#26-islessorequalint-x-int-y\" aria-hidden=\"true\" class=\"anchor\" id=\"26-islessorequalint-x-int-y\"></a>2.6 <code>isLessOrEqual(int x, int y)</code></h3>\n<ul>\n<li>判断是否 <span class=\"katex\"><span class=\"katex-mathml\"><math xmlns=\"http://www.w3.org/1998/Math/MathML\"><semantics><mrow><mi>x</mi><mo>≤</mo><mi>y</mi></mrow><annotation encoding=\"application/x-tex\">x \\leq y</annotation></semantics></math></span><span class=\"katex-html\" aria-hidden=\"true\"><span class=\"base\"><span class=\"strut\" style=\"height:0.7719em;vertical-align:-0.136em;\"></span><span class=\"mord mathnormal\">x</span><span class=\"mspace\" style=\"margin-right:0.2778em;\"></span><span class=\"mrel\">≤</span><span class=\"mspace\" style=\"margin-right:0.2778em;\"></span></span><span class=\"base\"><span class=\"strut\" style=\"height:0.625em;vertical-align:-0.1944em;\"></span><span class=\"mord mathnormal\" style=\"margin-right:0.03588em;\">y</span></span></span></span></li>\n<li>运算符数目限制：24</li>\n</ul>\n<p>等价于判断 <span class=\"katex\"><span class=\"katex-mathml\"><math xmlns=\"http://www.w3.org/1998/Math/MathML\"><semantics><mrow><mi>y</mi><mo>−</mo><mi>x</mi><mo>≥</mo><mn>0</mn></mrow><annotation encoding=\"application/x-tex\">y - x \\geq 0</annotation></semantics></math></span><span class=\"katex-html\" aria-hidden=\"true\"><span class=\"base\"><span class=\"strut\" style=\"height:0.7778em;vertical-align:-0.1944em;\"></span><span class=\"mord mathnormal\" style=\"margin-right:0.03588em;\">y</span><span class=\"mspace\" style=\"margin-right:0.2222em;\"></span><span class=\"mbin\">−</span><span class=\"mspace\" style=\"margin-right:0.2222em;\"></span></span><span class=\"base\"><span class=\"strut\" style=\"height:0.7719em;vertical-align:-0.136em;\"></span><span class=\"mord mathnormal\">x</span><span class=\"mspace\" style=\"margin-right:0.2778em;\"></span><span class=\"mrel\">≥</span><span class=\"mspace\" style=\"margin-right:0.2778em;\"></span></span><span class=\"base\"><span class=\"strut\" style=\"height:0.6444em;\"></span><span class=\"mord\">0</span></span></span></span> ，只需判断差的符号位，但这个差会爆 <code>int</code>，所以考虑分高低 16 位判断。</p>\n<p>高位的差为正数，或高位差为 0 且低位差非负就说明 <span class=\"katex\"><span class=\"katex-mathml\"><math xmlns=\"http://www.w3.org/1998/Math/MathML\"><semantics><mrow><mi>x</mi><mo>≤</mo><mi>y</mi></mrow><annotation encoding=\"application/x-tex\">x \\leq y</annotation></semantics></math></span><span class=\"katex-html\" aria-hidden=\"true\"><span class=\"base\"><span class=\"strut\" style=\"height:0.7719em;vertical-align:-0.136em;\"></span><span class=\"mord mathnormal\">x</span><span class=\"mspace\" style=\"margin-right:0.2778em;\"></span><span class=\"mrel\">≤</span><span class=\"mspace\" style=\"margin-right:0.2778em;\"></span></span><span class=\"base\"><span class=\"strut\" style=\"height:0.625em;vertical-align:-0.1944em;\"></span><span class=\"mord mathnormal\" style=\"margin-right:0.03588em;\">y</span></span></span></span>。</p>\n<pre style=\"background-color:#2b303b;\"><code class=\"language-c\">\n<span style=\"color:#65737e;\">/*\n</span><span style=\"color:#65737e;\"> * isLessOrEqual - if x &lt;= y  then return 1, else return 0\n</span><span style=\"color:#65737e;\"> *   Example: isLessOrEqual(4,5) = 1.\n</span><span style=\"color:#65737e;\"> *   Legal ops: ! ~ &amp; ^ | + &lt;&lt; &gt;&gt;\n</span><span style=\"color:#65737e;\"> *   Max ops: 24\n</span><span style=\"color:#65737e;\"> *   Rating: 3\n</span><span style=\"color:#65737e;\"> */\n</span><span style=\"color:#b48ead;\">int </span><span style=\"color:#8fa1b3;\">isLessOrEqual</span><span style=\"color:#c0c5ce;\">(</span><span style=\"color:#b48ead;\">int </span><span style=\"color:#bf616a;\">x</span><span style=\"color:#c0c5ce;\">, </span><span style=\"color:#b48ead;\">int </span><span style=\"color:#bf616a;\">y</span><span style=\"color:#c0c5ce;\">) {\n</span><span style=\"color:#c0c5ce;\">  </span><span style=\"color:#b48ead;\">int</span><span style=\"color:#c0c5ce;\"> sgn, mask;\n</span><span style=\"color:#c0c5ce;\">  </span><span style=\"color:#b48ead;\">int</span><span style=\"color:#c0c5ce;\"> xh, xl, yh, yl, dh, dl, sh, sl, rh, rl;\n</span><span style=\"color:#c0c5ce;\">  sgn = </span><span style=\"color:#d08770;\">1 </span><span style=\"color:#c0c5ce;\">&lt;&lt; </span><span style=\"color:#d08770;\">31</span><span style=\"color:#c0c5ce;\">;\n</span><span style=\"color:#c0c5ce;\">  mask = (</span><span style=\"color:#d08770;\">1 </span><span style=\"color:#c0c5ce;\">&lt;&lt; </span><span style=\"color:#d08770;\">16</span><span style=\"color:#c0c5ce;\">) + ~</span><span style=\"color:#d08770;\">0</span><span style=\"color:#c0c5ce;\">;\n</span><span style=\"color:#c0c5ce;\">  xh = x &gt;&gt; </span><span style=\"color:#d08770;\">16</span><span style=\"color:#c0c5ce;\">;\n</span><span style=\"color:#c0c5ce;\">  yh = y &gt;&gt; </span><span style=\"color:#d08770;\">16</span><span style=\"color:#c0c5ce;\">;\n</span><span style=\"color:#c0c5ce;\">  xl = x &amp; mask;\n</span><span style=\"color:#c0c5ce;\">  yl = y &amp; mask;\n</span><span style=\"color:#c0c5ce;\">  dh = yh + ~xh;\n</span><span style=\"color:#c0c5ce;\">  dl = yl + ~xl + </span><span style=\"color:#d08770;\">1</span><span style=\"color:#c0c5ce;\">;\n</span><span style=\"color:#c0c5ce;\">  sh = dh &amp; sgn;\n</span><span style=\"color:#c0c5ce;\">  sl = dl &amp; sgn;\n</span><span style=\"color:#c0c5ce;\">  rh = !sh;\n</span><span style=\"color:#c0c5ce;\">  rl = !(dh + </span><span style=\"color:#d08770;\">1</span><span style=\"color:#c0c5ce;\">) &amp; !sl;\n</span><span style=\"color:#c0c5ce;\">  </span><span style=\"color:#b48ead;\">return</span><span style=\"color:#c0c5ce;\"> rh | rl;\n</span><span style=\"color:#c0c5ce;\">}\n</span>\n</code></pre>\n<p>使用运算符数：21</p>\n<p>一开始觉得负数的算术右移会影响我，想着转成无符号数比较（反转符号位后的无符号数大小关系与原来的有符号数大小关系相同），但运算符数超了 1 个。。。</p>\n<h3><a href=\"#27-ilog2int-x\" aria-hidden=\"true\" class=\"anchor\" id=\"27-ilog2int-x\"></a>2.7 <code>ilog2(int x)</code></h3>\n<ul>\n<li>返回 <span class=\"katex\"><span class=\"katex-mathml\"><math xmlns=\"http://www.w3.org/1998/Math/MathML\"><semantics><mrow><mo stretchy=\"false\">⌊</mo><msub><mrow><mi>log</mi><mo>⁡</mo></mrow><mn>2</mn></msub><mo stretchy=\"false\">(</mo><mi>x</mi><mo stretchy=\"false\">)</mo><mo stretchy=\"false\">⌋</mo></mrow><annotation encoding=\"application/x-tex\">\\lfloor \\log_2(x) \\rfloor</annotation></semantics></math></span><span class=\"katex-html\" aria-hidden=\"true\"><span class=\"base\"><span class=\"strut\" style=\"height:1em;vertical-align:-0.25em;\"></span><span class=\"mopen\">⌊</span><span class=\"mop\"><span class=\"mop\">lo<span style=\"margin-right:0.01389em;\">g</span></span><span class=\"msupsub\"><span class=\"vlist-t vlist-t2\"><span class=\"vlist-r\"><span class=\"vlist\" style=\"height:0.207em;\"><span style=\"top:-2.4559em;margin-right:0.05em;\"><span class=\"pstrut\" style=\"height:2.7em;\"></span><span class=\"sizing reset-size6 size3 mtight\"><span class=\"mord mtight\">2</span></span></span></span><span class=\"vlist-s\">​</span></span><span class=\"vlist-r\"><span class=\"vlist\" style=\"height:0.2441em;\"><span></span></span></span></span></span></span><span class=\"mopen\">(</span><span class=\"mord mathnormal\">x</span><span class=\"mclose\">)⌋</span></span></span></span></li>\n<li>运算符数目限制：90</li>\n</ul>\n<p>看到 90 时吓了一跳，想了一段时间后还是出来了。</p>\n<p>一开始写成了与 lowbit 相对应的「highbit」（即小于等于 <span class=\"katex\"><span class=\"katex-mathml\"><math xmlns=\"http://www.w3.org/1998/Math/MathML\"><semantics><mrow><mi>x</mi></mrow><annotation encoding=\"application/x-tex\">x</annotation></semantics></math></span><span class=\"katex-html\" aria-hidden=\"true\"><span class=\"base\"><span class=\"strut\" style=\"height:0.4306em;\"></span><span class=\"mord mathnormal\">x</span></span></span></span> 的最大的 2 的整次幂），不过改成要求的东西并不需要改多少。</p>\n<p>尽管限制有 90 个，一位一位地做还是会超的。</p>\n<p>考虑依次用 <code>0xFFFF_0000</code>、<code>0xFF00_FF00</code>、<code>0xF0F0_F0F0</code>、<code>0xCCCC_CCCC</code>、<code>0xAAAA_AAAA</code> 的掩码取判断，第一个掩码检测通过时，答案加 16，否则不变，之后用结果改变第二个掩码为 <code>0xFF00_0000</code> 或 <code>0x0000_FF00</code> ；第二个掩码通过时加 8，之后改变第三个掩码为 <code>0xF000_0000</code> 、<code>0x00F0_0000</code> 、<code>0x0000_F000</code> 、<code>0x0000_00F0</code> 中的一个，以此类推。</p>\n<pre style=\"background-color:#2b303b;\"><code class=\"language-c\">\n<span style=\"color:#65737e;\">/*\n</span><span style=\"color:#65737e;\"> * ilog2 - return floor(log base 2 of x), where x &gt; 0\n</span><span style=\"color:#65737e;\"> *   Example: ilog2(16) = 4\n</span><span style=\"color:#65737e;\"> *   Legal ops: ! ~ &amp; ^ | + &lt;&lt; &gt;&gt;\n</span><span style=\"color:#65737e;\"> *   Max ops: 90\n</span><span style=\"color:#65737e;\"> *   Rating: 4\n</span><span style=\"color:#65737e;\"> */\n</span><span style=\"color:#b48ead;\">int </span><span style=\"color:#8fa1b3;\">ilog2</span><span style=\"color:#c0c5ce;\">(</span><span style=\"color:#b48ead;\">int </span><span style=\"color:#bf616a;\">x</span><span style=\"color:#c0c5ce;\">) {\n</span><span style=\"color:#c0c5ce;\">  </span><span style=\"color:#b48ead;\">int</span><span style=\"color:#c0c5ce;\"> m2, m4, m8, m16, m32, mask;\n</span><span style=\"color:#c0c5ce;\">  </span><span style=\"color:#b48ead;\">int</span><span style=\"color:#c0c5ce;\"> t, b0, b1, res;\n</span><span style=\"color:#c0c5ce;\">\n</span><span style=\"color:#c0c5ce;\">  t = </span><span style=\"color:#d08770;\">1 </span><span style=\"color:#c0c5ce;\">&lt;&lt; </span><span style=\"color:#d08770;\">31 </span><span style=\"color:#c0c5ce;\">&gt;&gt; </span><span style=\"color:#d08770;\">15</span><span style=\"color:#c0c5ce;\">;\n</span><span style=\"color:#c0c5ce;\">  m2 = t; </span><span style=\"color:#65737e;\">// 0xFFFF_0000\n</span><span style=\"color:#c0c5ce;\">\n</span><span style=\"color:#c0c5ce;\">  t = t &lt;&lt; </span><span style=\"color:#d08770;\">8</span><span style=\"color:#c0c5ce;\">;\n</span><span style=\"color:#c0c5ce;\">  mask = (</span><span style=\"color:#d08770;\">1 </span><span style=\"color:#c0c5ce;\">&lt;&lt; </span><span style=\"color:#d08770;\">16</span><span style=\"color:#c0c5ce;\">) + ~</span><span style=\"color:#d08770;\">0</span><span style=\"color:#c0c5ce;\">;\n</span><span style=\"color:#c0c5ce;\">  m4 = (t &gt;&gt; </span><span style=\"color:#d08770;\">16</span><span style=\"color:#c0c5ce;\">) &amp; mask;\n</span><span style=\"color:#c0c5ce;\">  m4 = m4 | (m4 &lt;&lt; </span><span style=\"color:#d08770;\">16</span><span style=\"color:#c0c5ce;\">); </span><span style=\"color:#65737e;\">// 0xFF00_FF00\n</span><span style=\"color:#c0c5ce;\">\n</span><span style=\"color:#c0c5ce;\">  m8 = </span><span style=\"color:#d08770;\">0xF0</span><span style=\"color:#c0c5ce;\">;\n</span><span style=\"color:#c0c5ce;\">  m8 = m8 | (m8 &lt;&lt; </span><span style=\"color:#d08770;\">8</span><span style=\"color:#c0c5ce;\">);\n</span><span style=\"color:#c0c5ce;\">  m8 = m8 | (m8 &lt;&lt; </span><span style=\"color:#d08770;\">16</span><span style=\"color:#c0c5ce;\">); </span><span style=\"color:#65737e;\">// 0xF0F0_F0F0\n</span><span style=\"color:#c0c5ce;\">\n</span><span style=\"color:#c0c5ce;\">  m16 = </span><span style=\"color:#d08770;\">0xCC</span><span style=\"color:#c0c5ce;\">;\n</span><span style=\"color:#c0c5ce;\">  m16 = m16 | (m16 &lt;&lt; </span><span style=\"color:#d08770;\">8</span><span style=\"color:#c0c5ce;\">);\n</span><span style=\"color:#c0c5ce;\">  m16 = m16 | (m16 &lt;&lt; </span><span style=\"color:#d08770;\">16</span><span style=\"color:#c0c5ce;\">); </span><span style=\"color:#65737e;\">// 0xCCCC_CCCC\n</span><span style=\"color:#c0c5ce;\">\n</span><span style=\"color:#c0c5ce;\">  m32 = </span><span style=\"color:#d08770;\">0xAA</span><span style=\"color:#c0c5ce;\">;\n</span><span style=\"color:#c0c5ce;\">  m32 = m32 | (m32 &lt;&lt; </span><span style=\"color:#d08770;\">8</span><span style=\"color:#c0c5ce;\">);\n</span><span style=\"color:#c0c5ce;\">  m32 = m32 | (m32 &lt;&lt; </span><span style=\"color:#d08770;\">16</span><span style=\"color:#c0c5ce;\">); </span><span style=\"color:#65737e;\">// 0xAAAA_AAAA\n</span><span style=\"color:#c0c5ce;\">\n</span><span style=\"color:#c0c5ce;\">  t = x &amp; m2;\n</span><span style=\"color:#c0c5ce;\">  b0 = (!t) &lt;&lt; </span><span style=\"color:#d08770;\">31 </span><span style=\"color:#c0c5ce;\">&gt;&gt; </span><span style=\"color:#d08770;\">31</span><span style=\"color:#c0c5ce;\">;\n</span><span style=\"color:#c0c5ce;\">  b1 = ~b0;\n</span><span style=\"color:#c0c5ce;\">  mask = (b0 &amp; m2) | (b1 &amp; ~m2);\n</span><span style=\"color:#c0c5ce;\">  m4 = m4 &amp; ~mask;\n</span><span style=\"color:#c0c5ce;\">  res = b1 &amp; </span><span style=\"color:#d08770;\">16</span><span style=\"color:#c0c5ce;\">;\n</span><span style=\"color:#c0c5ce;\">\n</span><span style=\"color:#c0c5ce;\">  t = x &amp; m4;\n</span><span style=\"color:#c0c5ce;\">  b0 = (!t) &lt;&lt; </span><span style=\"color:#d08770;\">31 </span><span style=\"color:#c0c5ce;\">&gt;&gt; </span><span style=\"color:#d08770;\">31</span><span style=\"color:#c0c5ce;\">;\n</span><span style=\"color:#c0c5ce;\">  b1 = ~b0;\n</span><span style=\"color:#c0c5ce;\">  mask = mask | (b0 &amp; m4) | (b1 &amp; ~m4);\n</span><span style=\"color:#c0c5ce;\">  m8 = m8 &amp; ~mask;\n</span><span style=\"color:#c0c5ce;\">  res = res + (b1 &amp; </span><span style=\"color:#d08770;\">8</span><span style=\"color:#c0c5ce;\">);\n</span><span style=\"color:#c0c5ce;\">\n</span><span style=\"color:#c0c5ce;\">  t = x &amp; m8;\n</span><span style=\"color:#c0c5ce;\">  b0 = (!t) &lt;&lt; </span><span style=\"color:#d08770;\">31 </span><span style=\"color:#c0c5ce;\">&gt;&gt; </span><span style=\"color:#d08770;\">31</span><span style=\"color:#c0c5ce;\">;\n</span><span style=\"color:#c0c5ce;\">  b1 = ~b0;\n</span><span style=\"color:#c0c5ce;\">  mask = mask | (b0 &amp; m8) | (b1 &amp; ~m8);\n</span><span style=\"color:#c0c5ce;\">  m16 = m16 &amp; ~mask;\n</span><span style=\"color:#c0c5ce;\">  res = res + (b1 &amp; </span><span style=\"color:#d08770;\">4</span><span style=\"color:#c0c5ce;\">);\n</span><span style=\"color:#c0c5ce;\">\n</span><span style=\"color:#c0c5ce;\">  t = x &amp; m16;\n</span><span style=\"color:#c0c5ce;\">  b0 = (!t) &lt;&lt; </span><span style=\"color:#d08770;\">31 </span><span style=\"color:#c0c5ce;\">&gt;&gt; </span><span style=\"color:#d08770;\">31</span><span style=\"color:#c0c5ce;\">;\n</span><span style=\"color:#c0c5ce;\">  b1 = ~b0;\n</span><span style=\"color:#c0c5ce;\">  mask = mask | (b0 &amp; m16) | (b1 &amp; ~m16);\n</span><span style=\"color:#c0c5ce;\">  m32 = m32 &amp; ~mask;\n</span><span style=\"color:#c0c5ce;\">  res = res + (b1 &amp; </span><span style=\"color:#d08770;\">2</span><span style=\"color:#c0c5ce;\">);\n</span><span style=\"color:#c0c5ce;\">\n</span><span style=\"color:#c0c5ce;\">  t = x &amp; m32;\n</span><span style=\"color:#c0c5ce;\">  b0 = (!t) &lt;&lt; </span><span style=\"color:#d08770;\">31 </span><span style=\"color:#c0c5ce;\">&gt;&gt; </span><span style=\"color:#d08770;\">31</span><span style=\"color:#c0c5ce;\">;\n</span><span style=\"color:#c0c5ce;\">  b1 = ~b0;\n</span><span style=\"color:#c0c5ce;\">  </span><span style=\"color:#65737e;\">// mask = mask | (b0 &amp; m32) | (b1 &amp; ~m32);\n</span><span style=\"color:#c0c5ce;\">  res = res + (b1 &amp; </span><span style=\"color:#d08770;\">1</span><span style=\"color:#c0c5ce;\">);\n</span><span style=\"color:#c0c5ce;\">\n</span><span style=\"color:#c0c5ce;\">  </span><span style=\"color:#b48ead;\">return</span><span style=\"color:#c0c5ce;\"> res;\n</span><span style=\"color:#c0c5ce;\">}\n</span>\n</code></pre>\n<p>使用运算符数：好像是 83，不想再数一遍了。。。</p>\n<p>65 行的注释去掉，返回 <code>~mask</code> 就是所谓「highbit」了。</p>\n<h2><a href=\"#floating-point-operations\" aria-hidden=\"true\" class=\"anchor\" id=\"floating-point-operations\"></a>Floating-Point Operations</h2>\n<h3><a href=\"#31-float_negunsigned-uf\" aria-hidden=\"true\" class=\"anchor\" id=\"31-float_negunsigned-uf\"></a>3.1 <code>float_neg(unsigned uf)</code></h3>\n<ul>\n<li>返回 <code>uf</code> 相应的单精度浮点数的相反数，若为 NaN 则返回原值</li>\n<li>运算符数目限制：10</li>\n</ul>\n<p>只要根据 IEEE 754 判断 NaN 就好了。</p>\n<pre style=\"background-color:#2b303b;\"><code class=\"language-c\">\n<span style=\"color:#65737e;\">/*\n</span><span style=\"color:#65737e;\"> * float_neg - Return bit-level equivalent of expression -f for\n</span><span style=\"color:#65737e;\"> *   floating point argument f.\n</span><span style=\"color:#65737e;\"> *   Both the argument and result are passed as unsigned int&#39;s, but\n</span><span style=\"color:#65737e;\"> *   they are to be interpreted as the bit-level representations of\n</span><span style=\"color:#65737e;\"> *   single-precision floating point values.\n</span><span style=\"color:#65737e;\"> *   When argument is NaN, return argument.\n</span><span style=\"color:#65737e;\"> *   Legal ops: Any integer/unsigned operations incl. ||, &amp;&amp;. also if, while\n</span><span style=\"color:#65737e;\"> *   Max ops: 10\n</span><span style=\"color:#65737e;\"> *   Rating: 2\n</span><span style=\"color:#65737e;\"> */\n</span><span style=\"color:#b48ead;\">unsigned </span><span style=\"color:#8fa1b3;\">float_neg</span><span style=\"color:#c0c5ce;\">(</span><span style=\"color:#b48ead;\">unsigned </span><span style=\"color:#bf616a;\">uf</span><span style=\"color:#c0c5ce;\">) {\n</span><span style=\"color:#c0c5ce;\">  </span><span style=\"color:#b48ead;\">int</span><span style=\"color:#c0c5ce;\"> mask = </span><span style=\"color:#d08770;\">0x7F800000</span><span style=\"color:#c0c5ce;\">;\n</span><span style=\"color:#c0c5ce;\">  </span><span style=\"color:#b48ead;\">if </span><span style=\"color:#c0c5ce;\">((mask &amp; uf) == mask) {\n</span><span style=\"color:#c0c5ce;\">    mask = ~mask ^ (</span><span style=\"color:#d08770;\">1 </span><span style=\"color:#c0c5ce;\">&lt;&lt; </span><span style=\"color:#d08770;\">31</span><span style=\"color:#c0c5ce;\">);\n</span><span style=\"color:#c0c5ce;\">    </span><span style=\"color:#b48ead;\">if </span><span style=\"color:#c0c5ce;\">(mask &amp; uf) </span><span style=\"color:#b48ead;\">return</span><span style=\"color:#c0c5ce;\"> uf;\n</span><span style=\"color:#c0c5ce;\">  }\n</span><span style=\"color:#c0c5ce;\">  </span><span style=\"color:#b48ead;\">return</span><span style=\"color:#c0c5ce;\"> uf ^ (</span><span style=\"color:#d08770;\">1 </span><span style=\"color:#c0c5ce;\">&lt;&lt; </span><span style=\"color:#d08770;\">31</span><span style=\"color:#c0c5ce;\">);\n</span><span style=\"color:#c0c5ce;\">}\n</span>\n</code></pre>\n<p>使用运算符数：7（好像是不算关系比较符的）</p>\n<h3><a href=\"#32-float_i2fint-x\" aria-hidden=\"true\" class=\"anchor\" id=\"32-float_i2fint-x\"></a>3.2 <code>float_i2f(int x)</code></h3>\n<ul>\n<li>返回 <code>(float) x</code></li>\n<li>运算符数目限制：30</li>\n</ul>\n<p><code>(float) x</code> 是「四舍六入五靠偶」的，确切地说，是正好一半才靠偶。本题的唯一难点也就在这了。</p>\n<pre style=\"background-color:#2b303b;\"><code class=\"language-c\">\n<span style=\"color:#65737e;\">/*\n</span><span style=\"color:#65737e;\"> * float_i2f - Return bit-level equivalent of expression (float) x\n</span><span style=\"color:#65737e;\"> *   Result is returned as unsigned int, but\n</span><span style=\"color:#65737e;\"> *   it is to be interpreted as the bit-level representation of a\n</span><span style=\"color:#65737e;\"> *   single-precision floating point values.\n</span><span style=\"color:#65737e;\"> *   Legal ops: Any integer/unsigned operations incl. ||, &amp;&amp;. also if, while\n</span><span style=\"color:#65737e;\"> *   Max ops: 30\n</span><span style=\"color:#65737e;\"> *   Rating: 4\n</span><span style=\"color:#65737e;\"> */\n</span><span style=\"color:#b48ead;\">unsigned </span><span style=\"color:#8fa1b3;\">float_i2f</span><span style=\"color:#c0c5ce;\">(</span><span style=\"color:#b48ead;\">int </span><span style=\"color:#bf616a;\">x</span><span style=\"color:#c0c5ce;\">) {\n</span><span style=\"color:#c0c5ce;\">  </span><span style=\"color:#b48ead;\">int</span><span style=\"color:#c0c5ce;\"> highbit, lb, sgn, exp;\n</span><span style=\"color:#c0c5ce;\">  </span><span style=\"color:#b48ead;\">unsigned</span><span style=\"color:#c0c5ce;\"> res, y;\n</span><span style=\"color:#c0c5ce;\">  </span><span style=\"color:#b48ead;\">if </span><span style=\"color:#c0c5ce;\">(x &lt; </span><span style=\"color:#d08770;\">0</span><span style=\"color:#c0c5ce;\">) {\n</span><span style=\"color:#c0c5ce;\">    y = -x;\n</span><span style=\"color:#c0c5ce;\">    sgn = </span><span style=\"color:#d08770;\">0x80000000</span><span style=\"color:#c0c5ce;\">;\n</span><span style=\"color:#c0c5ce;\">  } </span><span style=\"color:#b48ead;\">else </span><span style=\"color:#c0c5ce;\">{\n</span><span style=\"color:#c0c5ce;\">    y = x;\n</span><span style=\"color:#c0c5ce;\">    sgn = </span><span style=\"color:#d08770;\">0</span><span style=\"color:#c0c5ce;\">;\n</span><span style=\"color:#c0c5ce;\">  }\n</span><span style=\"color:#c0c5ce;\">  </span><span style=\"color:#b48ead;\">for </span><span style=\"color:#c0c5ce;\">(highbit = </span><span style=\"color:#d08770;\">31</span><span style=\"color:#c0c5ce;\">; highbit &gt;= </span><span style=\"color:#d08770;\">0</span><span style=\"color:#c0c5ce;\">; highbit--) </span><span style=\"color:#b48ead;\">if </span><span style=\"color:#c0c5ce;\">(y &amp; (</span><span style=\"color:#d08770;\">1 </span><span style=\"color:#c0c5ce;\">&lt;&lt; highbit))\n</span><span style=\"color:#c0c5ce;\">    </span><span style=\"color:#b48ead;\">break</span><span style=\"color:#c0c5ce;\">;\n</span><span style=\"color:#c0c5ce;\">  </span><span style=\"color:#b48ead;\">if </span><span style=\"color:#c0c5ce;\">(highbit &lt; </span><span style=\"color:#d08770;\">0</span><span style=\"color:#c0c5ce;\">) </span><span style=\"color:#b48ead;\">return </span><span style=\"color:#d08770;\">0</span><span style=\"color:#c0c5ce;\">;\n</span><span style=\"color:#c0c5ce;\">  lb = highbit - </span><span style=\"color:#d08770;\">23</span><span style=\"color:#c0c5ce;\">;\n</span><span style=\"color:#c0c5ce;\">  </span><span style=\"color:#b48ead;\">if </span><span style=\"color:#c0c5ce;\">(highbit &gt;= </span><span style=\"color:#d08770;\">24</span><span style=\"color:#c0c5ce;\">) {\n</span><span style=\"color:#c0c5ce;\">    </span><span style=\"color:#b48ead;\">int</span><span style=\"color:#c0c5ce;\"> mask = (</span><span style=\"color:#d08770;\">1 </span><span style=\"color:#c0c5ce;\">&lt;&lt; lb) - </span><span style=\"color:#d08770;\">1</span><span style=\"color:#c0c5ce;\">;\n</span><span style=\"color:#c0c5ce;\">    </span><span style=\"color:#b48ead;\">int</span><span style=\"color:#c0c5ce;\"> half = </span><span style=\"color:#d08770;\">1 </span><span style=\"color:#c0c5ce;\">&lt;&lt; (lb - </span><span style=\"color:#d08770;\">1</span><span style=\"color:#c0c5ce;\">);\n</span><span style=\"color:#c0c5ce;\">    </span><span style=\"color:#b48ead;\">int</span><span style=\"color:#c0c5ce;\"> trunc = y &amp; mask;\n</span><span style=\"color:#c0c5ce;\">    res = y &gt;&gt; lb;\n</span><span style=\"color:#c0c5ce;\">    </span><span style=\"color:#b48ead;\">if </span><span style=\"color:#c0c5ce;\">(trunc &gt; half || (trunc == half &amp;&amp; (res &amp; </span><span style=\"color:#d08770;\">1</span><span style=\"color:#c0c5ce;\">))) {\n</span><span style=\"color:#c0c5ce;\">      ++res;\n</span><span style=\"color:#c0c5ce;\">      </span><span style=\"color:#b48ead;\">if </span><span style=\"color:#c0c5ce;\">(res &amp; </span><span style=\"color:#d08770;\">0x01000000</span><span style=\"color:#c0c5ce;\">) {\n</span><span style=\"color:#c0c5ce;\">        res = res &gt;&gt; </span><span style=\"color:#d08770;\">1</span><span style=\"color:#c0c5ce;\">;\n</span><span style=\"color:#c0c5ce;\">        ++highbit;\n</span><span style=\"color:#c0c5ce;\">      }\n</span><span style=\"color:#c0c5ce;\">    }\n</span><span style=\"color:#c0c5ce;\">  } </span><span style=\"color:#b48ead;\">else </span><span style=\"color:#c0c5ce;\">{\n</span><span style=\"color:#c0c5ce;\">    res = y &lt;&lt; (-lb);\n</span><span style=\"color:#c0c5ce;\">  }\n</span><span style=\"color:#c0c5ce;\">  res = res | sgn;\n</span><span style=\"color:#c0c5ce;\">  exp = highbit + </span><span style=\"color:#d08770;\">127</span><span style=\"color:#c0c5ce;\">;\n</span><span style=\"color:#c0c5ce;\">  res = (res &amp; </span><span style=\"color:#d08770;\">0x807FFFFF</span><span style=\"color:#c0c5ce;\">) | (exp &lt;&lt; </span><span style=\"color:#d08770;\">23</span><span style=\"color:#c0c5ce;\">);\n</span><span style=\"color:#c0c5ce;\">  </span><span style=\"color:#b48ead;\">return</span><span style=\"color:#c0c5ce;\"> res;\n</span><span style=\"color:#c0c5ce;\">}\n</span>\n</code></pre>\n<p>使用运算符数：26（好像是不算关系比较符的）</p>\n<p>为了减少数目把类似 <code>1 &lt;&lt; xxx</code> 的数都写成常数了。</p>\n<h3><a href=\"#33-float_twiceunsigned-uf\" aria-hidden=\"true\" class=\"anchor\" id=\"33-float_twiceunsigned-uf\"></a>3.3 <code>float_twice(unsigned uf)</code></h3>\n<ul>\n<li>返回 <code>uf</code> 相应的浮点数的两倍，NaN 则返回原值</li>\n<li>运算符数目限制：30</li>\n</ul>\n<p>其实 inf 也是返回原值，而 inf 和 NaN 的指数部分是一样的。</p>\n<p>规约化数只要指数部分加一，</p>\n<p>而非规约化数，无论两倍后是非规约化数还是规约化数，操作都是左移底数，当结果是规约化数的时候正好是对的。</p>\n<pre style=\"background-color:#2b303b;\"><code class=\"language-c\">\n<span style=\"color:#65737e;\">/*\n</span><span style=\"color:#65737e;\"> * float_twice - Return bit-level equivalent of expression 2*f for\n</span><span style=\"color:#65737e;\"> *   floating point argument f.\n</span><span style=\"color:#65737e;\"> *   Both the argument and result are passed as unsigned int&#39;s, but\n</span><span style=\"color:#65737e;\"> *   they are to be interpreted as the bit-level representation of\n</span><span style=\"color:#65737e;\"> *   single-precision floating point values.\n</span><span style=\"color:#65737e;\"> *   When argument is NaN, return argument\n</span><span style=\"color:#65737e;\"> *   Legal ops: Any integer/unsigned operations incl. ||, &amp;&amp;. also if, while\n</span><span style=\"color:#65737e;\"> *   Max ops: 30\n</span><span style=\"color:#65737e;\"> *   Rating: 4\n</span><span style=\"color:#65737e;\"> */\n</span><span style=\"color:#b48ead;\">unsigned </span><span style=\"color:#8fa1b3;\">float_twice</span><span style=\"color:#c0c5ce;\">(</span><span style=\"color:#b48ead;\">unsigned </span><span style=\"color:#bf616a;\">uf</span><span style=\"color:#c0c5ce;\">) {\n</span><span style=\"color:#c0c5ce;\">  </span><span style=\"color:#b48ead;\">int</span><span style=\"color:#c0c5ce;\"> exp, frac;\n</span><span style=\"color:#c0c5ce;\">  </span><span style=\"color:#b48ead;\">unsigned</span><span style=\"color:#c0c5ce;\"> res;\n</span><span style=\"color:#c0c5ce;\">  </span><span style=\"color:#b48ead;\">if </span><span style=\"color:#c0c5ce;\">((uf &amp; </span><span style=\"color:#d08770;\">0x7F800000</span><span style=\"color:#c0c5ce;\">) == </span><span style=\"color:#d08770;\">0x7F800000</span><span style=\"color:#c0c5ce;\">) </span><span style=\"color:#b48ead;\">return</span><span style=\"color:#c0c5ce;\"> uf;\n</span><span style=\"color:#c0c5ce;\">  exp = uf &amp; </span><span style=\"color:#d08770;\">0x7F800000</span><span style=\"color:#c0c5ce;\">;\n</span><span style=\"color:#c0c5ce;\">  frac = uf &amp; </span><span style=\"color:#d08770;\">0x007FFFFF</span><span style=\"color:#c0c5ce;\">;\n</span><span style=\"color:#c0c5ce;\">  </span><span style=\"color:#b48ead;\">if </span><span style=\"color:#c0c5ce;\">(exp) {\n</span><span style=\"color:#c0c5ce;\">    exp = exp + </span><span style=\"color:#d08770;\">0x00800000</span><span style=\"color:#c0c5ce;\">;\n</span><span style=\"color:#c0c5ce;\">    res = (uf &amp; </span><span style=\"color:#d08770;\">0x807FFFFF</span><span style=\"color:#c0c5ce;\">) | exp;\n</span><span style=\"color:#c0c5ce;\">  } </span><span style=\"color:#b48ead;\">else </span><span style=\"color:#c0c5ce;\">{\n</span><span style=\"color:#c0c5ce;\">    res = (uf &amp; </span><span style=\"color:#d08770;\">0xFF800000</span><span style=\"color:#c0c5ce;\">) | (frac &lt;&lt; </span><span style=\"color:#d08770;\">1</span><span style=\"color:#c0c5ce;\">);\n</span><span style=\"color:#c0c5ce;\">  }\n</span><span style=\"color:#c0c5ce;\">  </span><span style=\"color:#b48ead;\">return</span><span style=\"color:#c0c5ce;\"> res;\n</span><span style=\"color:#c0c5ce;\">}\n</span>\n</code></pre>\n<p>使用运算符数：9</p>\n"}