{"title":"Unity 中的渲染 学习笔记（四）","tags":["CG","Unity","学习笔记"],"create_time":1614874712,"last_modified":1614874839,"toc":"<ol><li><a href=\"#13-deferred-shading\">13 Deferred Shading</a></li><ol><li><a href=\"#正向渲染与延迟渲染的绘制顺序差异\">正向渲染与延迟渲染的绘制顺序差异</a></li><li><a href=\"#g-buffer\">G-Buffer</a></li><li><a href=\"#延迟渲染与反射\">延迟渲染与反射</a></li></ol><li><a href=\"#14-fog\">14 Fog</a></li><ol><li><a href=\"#不同种类的雾\">不同种类的雾</a></li><li><a href=\"#雾坐标\">雾坐标</a></li><li><a href=\"#延迟渲染中的雾\">延迟渲染中的雾</a></li></ol><li><a href=\"#15-deferred-lights\">15 Deferred Lights</a></li><ol><li><a href=\"#ldr-颜色后处理\">LDR 颜色后处理</a></li><li><a href=\"#定向光\">定向光</a></li><li><a href=\"#聚光\">聚光</a></li><li><a href=\"#点光\">点光</a></li><li><a href=\"#避免不必要的阴影采样\">避免不必要的阴影采样</a></li></ol><li><a href=\"#16-static-lighting\">16 Static Lighting</a></li><ol><li><a href=\"#光照贴图light-map\">光照贴图（Light Map）</a></li><li><a href=\"#在着色器中使用光照贴图\">在着色器中使用光照贴图</a></li><li><a href=\"#适配-unity-的-lightmapper\">适配 Unity 的 lightmapper</a></li><li><a href=\"#meta-pass\">Meta Pass</a></li><li><a href=\"#方向性光照贴图directionality-light-map\">方向性光照贴图（Directionality Light Map）</a></li><li><a href=\"#光照探针\">光照探针</a></li></ol><li><a href=\"#17-mixed-lighting\">17 Mixed Lighting</a></li><ol><li><a href=\"#混合光照\">混合光照</a></li><li><a href=\"#阴影遮罩shadowmask\">阴影遮罩（Shadowmask）</a></li><li><a href=\"#减性阴影subtractive-shadows\">减性阴影（Subtractive Shadows）</a></li>","html":"<p>CatLikeCoding 上的诸多 Unity 系列教程中，关于 Unity 的渲染相关实现的教程的学习笔记，原教程用 20 节讲述了 Unity 自己的渲染相关的一些具体细节。本文是其中 13~17 节的学习笔记，此 5 节的标题依次为：</p>\n<ul>\n<li>13 - Deferred Shading</li>\n<li>14 - Fog</li>\n<li>15 - Deferred Lighting</li>\n<li>16 - Static Lighting</li>\n<li>17 - Mixed Lighting</li>\n</ul>\n<p>原教程及其他参考：</p>\n<ul>\n<li><a href=\"https://catlikecoding.com/unity/tutorials/rendering/\">Unity Rendering Tutorial</a></li>\n<li><a href=\"https://github.com/TwoTailsGames/Unity-Built-in-Shaders\">Unity-Build-in-Shaders</a></li>\n</ul>\n<!-- more -->\n<h2><a href=\"#13-deferred-shading\" aria-hidden=\"true\" class=\"anchor\" id=\"13-deferred-shading\"></a>13 Deferred Shading</h2>\n<h3><a href=\"#正向渲染与延迟渲染的绘制顺序差异\" aria-hidden=\"true\" class=\"anchor\" id=\"正向渲染与延迟渲染的绘制顺序差异\"></a>正向渲染与延迟渲染的绘制顺序差异</h3>\n<p>二者的绘制顺序大致是：</p>\n<p>正向渲染</p>\n<ol>\n<li>从摄像机绘制深度</li>\n<li>阴影</li>\n<li>不透明物体的 Forward Base 与 Forward Add</li>\n<li>天空盒</li>\n<li>透明物体的 Forward Base 与 Forward Add</li>\n<li>后处理</li>\n</ol>\n<p>延迟渲染</p>\n<ol>\n<li>G-Buffer</li>\n<li>前向不透明物体深度</li>\n<li>处理深度</li>\n<li>反射</li>\n<li>光照</li>\n<li>阴影</li>\n<li>天空盒</li>\n<li>透明物体的 Forward Base 与 Forward Add</li>\n<li>后处理</li>\n</ol>\n<h3><a href=\"#g-buffer\" aria-hidden=\"true\" class=\"anchor\" id=\"g-buffer\"></a>G-Buffer</h3>\n<p>使用 4 个输出</p>\n<ul>\n<li>ARGB32，RGB - 反照率，A - 遮蔽</li>\n<li>ARGB32，RGB - 镜面反射颜色，A - 光滑度</li>\n<li>ARGB2101010，RGB - 法线（值域移至 [0, 1] 的），A - 未使用</li>\n<li>ARGB2101010（LDR 摄像机）/ ARGBHalf（HDR 摄像机），RGB - 累积光照，一开始为环境光与自发光</li>\n</ul>\n<p>（深度模板的那个输出还是会有的）</p>\n<p>在 LDR 摄像机中，Unity 期望结果（G-Buffer 中的最后一项）使用对数编码的 LDR 以得到更好的动态范围，若原本的颜色为 C，则转换为 2^-C^（要手动转换，<code>UNITY_HDR_ON</code> 关键字表明了使用 HDR 摄像机，否则是 LDR 摄像机），Unity 会在最后转换回来。（但为什么这样会有更好的动态范围，大概查了查也没查到东西。。。）</p>\n<h3><a href=\"#延迟渲染与反射\" aria-hidden=\"true\" class=\"anchor\" id=\"延迟渲染与反射\"></a>延迟渲染与反射</h3>\n<p>在正向渲染中，反射探针相关的内容（使用哪个反射探针，混合系数是多少）是对每个物体计算的，而在延迟渲染中，因为在 G-Buffer 中我们并不知道一个像素来自哪一个物体，我们不可能像正向渲染那样使用反射探针。关于这个问题，有两种方案。</p>\n<p>第一种解决方案是根本不使用延迟反射，在渲染 G-Buffer 的那个 pass 中，就直接把反射相关的内容绘制到 G-Buffer 的最后一项中。这样和正向渲染的结果是一样的。如果不使用这种做法而使用延迟反射的话，渲染 G-Buffer 的 pass 中，立方体贴图会是纯黑色。（原教程中在最后把 <code>indirectLight.specular</code> 赋为 0，应该是让编译器发现之前的复制都白做了来消除掉多余的采样）</p>\n<p>另一种方案是，在渲染 G-Buffer 的那个 pass 中不管非直接光照的反射项，使用单独的 pass 做延迟反射。对于天空盒的反射，绘制屏幕四边形做反射；对于反射探针，绘制反射探针的立方体盒，在盒内的像素使用该探针的数据绘制，后绘制的反射探针盒会覆盖之前绘制的。不过，在延迟反射中，反射探针会有一个叫“混合距离”的参数，会把盒向外扩展一定距离作为淡出混合的部分（该参数也会影响盒投影的结果），落于此范围内的像素可能会混合多于两个反射探针的结果。</p>\n<p>（从 G-Buffer 中获取内容计算光照的部分在第 15 节）</p>\n<h2><a href=\"#14-fog\" aria-hidden=\"true\" class=\"anchor\" id=\"14-fog\"></a>14 Fog</h2>\n<h3><a href=\"#不同种类的雾\" aria-hidden=\"true\" class=\"anchor\" id=\"不同种类的雾\"></a>不同种类的雾</h3>\n<p><code>multi_compile_fog</code> 提供对应关键字的着色器变体（或没有表示没有开启雾）。</p>\n<ul>\n<li>线性（<code>FOG_LINEAR</code>）：<span class=\"katex\"><span class=\"katex-mathml\"><math xmlns=\"http://www.w3.org/1998/Math/MathML\"><semantics><mrow><mi>f</mi><mo>=</mo><mo stretchy=\"false\">(</mo><mi>E</mi><mo>−</mo><mi>c</mi><mo stretchy=\"false\">)</mo><mi mathvariant=\"normal\">/</mi><mo stretchy=\"false\">(</mo><mi>E</mi><mo>−</mo><mi>S</mi><mo stretchy=\"false\">)</mo></mrow><annotation encoding=\"application/x-tex\">f = (E - c) / (E - S)</annotation></semantics></math></span><span class=\"katex-html\" aria-hidden=\"true\"><span class=\"base\"><span class=\"strut\" style=\"height:0.8889em;vertical-align:-0.1944em;\"></span><span class=\"mord mathnormal\" style=\"margin-right:0.10764em;\">f</span><span class=\"mspace\" style=\"margin-right:0.2778em;\"></span><span class=\"mrel\">=</span><span class=\"mspace\" style=\"margin-right:0.2778em;\"></span></span><span class=\"base\"><span class=\"strut\" style=\"height:1em;vertical-align:-0.25em;\"></span><span class=\"mopen\">(</span><span class=\"mord mathnormal\" style=\"margin-right:0.05764em;\">E</span><span class=\"mspace\" style=\"margin-right:0.2222em;\"></span><span class=\"mbin\">−</span><span class=\"mspace\" style=\"margin-right:0.2222em;\"></span></span><span class=\"base\"><span class=\"strut\" style=\"height:1em;vertical-align:-0.25em;\"></span><span class=\"mord mathnormal\">c</span><span class=\"mclose\">)</span><span class=\"mord\">/</span><span class=\"mopen\">(</span><span class=\"mord mathnormal\" style=\"margin-right:0.05764em;\">E</span><span class=\"mspace\" style=\"margin-right:0.2222em;\"></span><span class=\"mbin\">−</span><span class=\"mspace\" style=\"margin-right:0.2222em;\"></span></span><span class=\"base\"><span class=\"strut\" style=\"height:1em;vertical-align:-0.25em;\"></span><span class=\"mord mathnormal\" style=\"margin-right:0.05764em;\">S</span><span class=\"mclose\">)</span></span></span></span>（<span class=\"katex\"><span class=\"katex-mathml\"><math xmlns=\"http://www.w3.org/1998/Math/MathML\"><semantics><mrow><mi>S</mi></mrow><annotation encoding=\"application/x-tex\">S</annotation></semantics></math></span><span class=\"katex-html\" aria-hidden=\"true\"><span class=\"base\"><span class=\"strut\" style=\"height:0.6833em;\"></span><span class=\"mord mathnormal\" style=\"margin-right:0.05764em;\">S</span></span></span></span> 和 <span class=\"katex\"><span class=\"katex-mathml\"><math xmlns=\"http://www.w3.org/1998/Math/MathML\"><semantics><mrow><mi>E</mi></mrow><annotation encoding=\"application/x-tex\">E</annotation></semantics></math></span><span class=\"katex-html\" aria-hidden=\"true\"><span class=\"base\"><span class=\"strut\" style=\"height:0.6833em;\"></span><span class=\"mord mathnormal\" style=\"margin-right:0.05764em;\">E</span></span></span></span> 分别为衰减起始和衰减结束的位置，<span class=\"katex\"><span class=\"katex-mathml\"><math xmlns=\"http://www.w3.org/1998/Math/MathML\"><semantics><mrow><mi>c</mi></mrow><annotation encoding=\"application/x-tex\">c</annotation></semantics></math></span><span class=\"katex-html\" aria-hidden=\"true\"><span class=\"base\"><span class=\"strut\" style=\"height:0.4306em;\"></span><span class=\"mord mathnormal\">c</span></span></span></span> 为雾坐标（见后））</li>\n<li>指数（<code>FOG_EXP</code>）：<span class=\"katex\"><span class=\"katex-mathml\"><math xmlns=\"http://www.w3.org/1998/Math/MathML\"><semantics><mrow><mi>f</mi><mo>=</mo><msup><mn>2</mn><mrow><mo>−</mo><mi>c</mi><mi>d</mi></mrow></msup></mrow><annotation encoding=\"application/x-tex\">f = 2^{-cd}</annotation></semantics></math></span><span class=\"katex-html\" aria-hidden=\"true\"><span class=\"base\"><span class=\"strut\" style=\"height:0.8889em;vertical-align:-0.1944em;\"></span><span class=\"mord mathnormal\" style=\"margin-right:0.10764em;\">f</span><span class=\"mspace\" style=\"margin-right:0.2778em;\"></span><span class=\"mrel\">=</span><span class=\"mspace\" style=\"margin-right:0.2778em;\"></span></span><span class=\"base\"><span class=\"strut\" style=\"height:0.8491em;\"></span><span class=\"mord\"><span class=\"mord\">2</span><span class=\"msupsub\"><span class=\"vlist-t\"><span class=\"vlist-r\"><span class=\"vlist\" style=\"height:0.8491em;\"><span style=\"top:-3.063em;margin-right:0.05em;\"><span class=\"pstrut\" style=\"height:2.7em;\"></span><span class=\"sizing reset-size6 size3 mtight\"><span class=\"mord mtight\"><span class=\"mord mtight\">−</span><span class=\"mord mathnormal mtight\">c</span><span class=\"mord mathnormal mtight\">d</span></span></span></span></span></span></span></span></span></span></span></span>（<span class=\"katex\"><span class=\"katex-mathml\"><math xmlns=\"http://www.w3.org/1998/Math/MathML\"><semantics><mrow><mi>d</mi></mrow><annotation encoding=\"application/x-tex\">d</annotation></semantics></math></span><span class=\"katex-html\" aria-hidden=\"true\"><span class=\"base\"><span class=\"strut\" style=\"height:0.6944em;\"></span><span class=\"mord mathnormal\">d</span></span></span></span> 为雾密度，越大表现出雾越浓）</li>\n<li>指数平方（<code>FOG_EXP2</code>）：<span class=\"katex\"><span class=\"katex-mathml\"><math xmlns=\"http://www.w3.org/1998/Math/MathML\"><semantics><mrow><mi>f</mi><mo>=</mo><msup><mn>2</mn><mrow><mo>−</mo><mo stretchy=\"false\">(</mo><mi>c</mi><mi>d</mi><msup><mo stretchy=\"false\">)</mo><mn>2</mn></msup></mrow></msup></mrow><annotation encoding=\"application/x-tex\">f = 2^{-(cd)^2}</annotation></semantics></math></span><span class=\"katex-html\" aria-hidden=\"true\"><span class=\"base\"><span class=\"strut\" style=\"height:0.8889em;vertical-align:-0.1944em;\"></span><span class=\"mord mathnormal\" style=\"margin-right:0.10764em;\">f</span><span class=\"mspace\" style=\"margin-right:0.2778em;\"></span><span class=\"mrel\">=</span><span class=\"mspace\" style=\"margin-right:0.2778em;\"></span></span><span class=\"base\"><span class=\"strut\" style=\"height:0.9869em;\"></span><span class=\"mord\"><span class=\"mord\">2</span><span class=\"msupsub\"><span class=\"vlist-t\"><span class=\"vlist-r\"><span class=\"vlist\" style=\"height:0.9869em;\"><span style=\"top:-3.063em;margin-right:0.05em;\"><span class=\"pstrut\" style=\"height:2.7em;\"></span><span class=\"sizing reset-size6 size3 mtight\"><span class=\"mord mtight\"><span class=\"mord mtight\">−</span><span class=\"mopen mtight\">(</span><span class=\"mord mathnormal mtight\">c</span><span class=\"mord mathnormal mtight\">d</span><span class=\"mclose mtight\"><span class=\"mclose mtight\">)</span><span class=\"msupsub\"><span class=\"vlist-t\"><span class=\"vlist-r\"><span class=\"vlist\" style=\"height:0.8913em;\"><span style=\"top:-2.931em;margin-right:0.0714em;\"><span class=\"pstrut\" style=\"height:2.5em;\"></span><span class=\"sizing reset-size3 size1 mtight\"><span class=\"mord mtight\">2</span></span></span></span></span></span></span></span></span></span></span></span></span></span></span></span></span></span></span></li>\n</ul>\n<p>Unity 提供了 <code>UNITY_CALC_FOG_FACTOR_RAW(coord)</code> 来计算雾的系数。</p>\n<pre style=\"background-color:#2b303b;\"><code class=\"language-c\">\n<span style=\"color:#b48ead;\">#if defined</span><span style=\"color:#c0c5ce;\">(FOG_LINEAR)\n</span><span style=\"color:#c0c5ce;\">    </span><span style=\"color:#65737e;\">// factor = (end-z)/(end-start) = z * (-1/(end-start)) + (end/(end-start))\n</span><span style=\"color:#c0c5ce;\">    </span><span style=\"color:#b48ead;\">#define </span><span style=\"color:#8fa1b3;\">UNITY_CALC_FOG_FACTOR_RAW</span><span style=\"color:#c0c5ce;\">(</span><span style=\"color:#bf616a;\">coord</span><span style=\"color:#c0c5ce;\">) </span><span style=\"color:#b48ead;\">float</span><span style=\"color:#c0c5ce;\"> unityFogFactor = (coord) * unity_FogParams.</span><span style=\"color:#bf616a;\">z </span><span style=\"color:#c0c5ce;\">+ unity_FogParams.</span><span style=\"color:#bf616a;\">w\n</span><span style=\"color:#b48ead;\">#elif defined</span><span style=\"color:#c0c5ce;\">(FOG_EXP)\n</span><span style=\"color:#c0c5ce;\">    </span><span style=\"color:#65737e;\">// factor = exp(-density*z)\n</span><span style=\"color:#c0c5ce;\">    </span><span style=\"color:#b48ead;\">#define </span><span style=\"color:#8fa1b3;\">UNITY_CALC_FOG_FACTOR_RAW</span><span style=\"color:#c0c5ce;\">(</span><span style=\"color:#bf616a;\">coord</span><span style=\"color:#c0c5ce;\">) </span><span style=\"color:#b48ead;\">float</span><span style=\"color:#c0c5ce;\"> unityFogFactor = unity_FogParams.</span><span style=\"color:#bf616a;\">y </span><span style=\"color:#c0c5ce;\">* (coord); unityFogFactor = </span><span style=\"color:#96b5b4;\">exp2</span><span style=\"color:#c0c5ce;\">(-unityFogFactor)\n</span><span style=\"color:#b48ead;\">#elif defined</span><span style=\"color:#c0c5ce;\">(FOG_EXP2)\n</span><span style=\"color:#c0c5ce;\">    </span><span style=\"color:#65737e;\">// factor = exp(-(density*z)^2)\n</span><span style=\"color:#c0c5ce;\">    </span><span style=\"color:#b48ead;\">#define </span><span style=\"color:#8fa1b3;\">UNITY_CALC_FOG_FACTOR_RAW</span><span style=\"color:#c0c5ce;\">(</span><span style=\"color:#bf616a;\">coord</span><span style=\"color:#c0c5ce;\">) </span><span style=\"color:#b48ead;\">float</span><span style=\"color:#c0c5ce;\"> unityFogFactor = unity_FogParams.</span><span style=\"color:#bf616a;\">x </span><span style=\"color:#c0c5ce;\">* (coord); unityFogFactor = </span><span style=\"color:#96b5b4;\">exp2</span><span style=\"color:#c0c5ce;\">(-unityFogFactor*unityFogFactor)\n</span><span style=\"color:#b48ead;\">#else\n</span><span style=\"color:#c0c5ce;\">    </span><span style=\"color:#b48ead;\">#define </span><span style=\"color:#8fa1b3;\">UNITY_CALC_FOG_FACTOR_RAW</span><span style=\"color:#c0c5ce;\">(</span><span style=\"color:#bf616a;\">coord</span><span style=\"color:#c0c5ce;\">) </span><span style=\"color:#b48ead;\">float</span><span style=\"color:#c0c5ce;\"> unityFogFactor = </span><span style=\"color:#d08770;\">0.0\n</span><span style=\"color:#b48ead;\">#endif\n</span>\n</code></pre>\n<p>用得到的系数在雾颜色或黑色（为了避免多个光源时雾颜色被重复计算，只在 Forward Base 中使用雾颜色，否则使用黑色）和计算出的光照颜色之间插值（要特殊处理没有开启雾的情况）。</p>\n<p>（这个宏定义感觉非常的迷，没有开启雾的值和开启雾的值居然不能统一处理。。。）</p>\n<h3><a href=\"#雾坐标\" aria-hidden=\"true\" class=\"anchor\" id=\"雾坐标\"></a>雾坐标</h3>\n<p>雾坐标可以使用像素到摄像机的距离或像素的线性深度（？就是透视除法前的那个），Unity 使用后者，并使用宏 <code>UNITY_Z_0_FAR_FROM_CLIPSPACE</code> 来处理不同透视投影矩阵下不同的 z 的范围（主要是处理反 z）。</p>\n<h3><a href=\"#延迟渲染中的雾\" aria-hidden=\"true\" class=\"anchor\" id=\"延迟渲染中的雾\"></a>延迟渲染中的雾</h3>\n<p>要在延迟渲染中实现雾的效果，需要一个额外的后处理 pass，通过向摄像机添加一个 C# 脚本组件、实现 <code>OnRenderImage</code> 方法实现。同时需要一个单独的后处理着色器。</p>\n<p>在延迟雾的后处理着色器中，从延迟渲染结果纹理（<code>_MainTex</code> 属性）中采样颜色，从摄像机深度图（<code>_CameraDepthTexture</code>，不需要定义在属性中）中采样深度并转化为线性深度，就可以像正向渲染中那样处理雾了。其中深度的转换，Unity 提供了函数 <code>Linear01Depth(depth)</code> 来实现，其中 <code>_ZBufferParams</code> 的 x 为 1 - far / near，y 为 far / near。</p>\n<pre style=\"background-color:#2b303b;\"><code class=\"language-c\">\n<span style=\"color:#65737e;\">// Z buffer to linear 0..1 depth\n</span><span style=\"color:#b48ead;\">inline float </span><span style=\"color:#8fa1b3;\">Linear01Depth</span><span style=\"color:#c0c5ce;\">( </span><span style=\"color:#b48ead;\">float </span><span style=\"color:#bf616a;\">z </span><span style=\"color:#c0c5ce;\">)\n</span><span style=\"color:#c0c5ce;\">{\n</span><span style=\"color:#c0c5ce;\">    </span><span style=\"color:#b48ead;\">return </span><span style=\"color:#d08770;\">1.0 </span><span style=\"color:#c0c5ce;\">/ (_ZBufferParams.</span><span style=\"color:#bf616a;\">x </span><span style=\"color:#c0c5ce;\">* z + _ZBufferParams.</span><span style=\"color:#bf616a;\">y</span><span style=\"color:#c0c5ce;\">);\n</span><span style=\"color:#c0c5ce;\">}\n</span>\n</code></pre>\n<p>把 01 线性深度转为正向渲染的那个线性深度时，原教程先后使用了直接乘上 far 和乘上 far 再减去 near，我个人觉得前者更有道理一些，把范围搞到了希望的 [0, far] 上，原教程之所以会有区别，猜测是其正向渲染的目标得到的深度范围是 [-near, far]，<code>UNITY_Z_0_FAR_FROM_CLIPSPACE</code> 认为此种情况应当修正但为了效率没有修。</p>\n<p>按以上方式得到的雾会有一些问题，这些问题及其解决如下：</p>\n<ul>\n<li>因为透明物体不写入深度，它们可能会被雾遮住 -&gt; 为 <code>OnRenderImage</code> 添加 <code>ImageEffectOpaque</code> 属性，让其在绘制透明物体前绘制雾（不过这样透明物体上就没有雾了）</li>\n<li>天空盒也被影响了 -&gt; 当 01 深度足够大时，设置 <code>unityFogFactor</code> 为 1</li>\n<li>关闭雾时显示为全雾 -&gt; 用宏判断，在无雾时设置 <code>unityFogFactor</code> 为 1（所以说这个没有开启雾的值和开启雾的值居然不能统一处理的设定就好奇怪啊。。。）</li>\n</ul>\n<h2><a href=\"#15-deferred-lights\" aria-hidden=\"true\" class=\"anchor\" id=\"15-deferred-lights\"></a>15 Deferred Lights</h2>\n<h3><a href=\"#ldr-颜色后处理\" aria-hidden=\"true\" class=\"anchor\" id=\"ldr-颜色后处理\"></a>LDR 颜色后处理</h3>\n<p>如第 13 节中所说，LDR 摄像机会使用对数编码，我们需要一个额外的 pass 来转换回来。而 Unity 要求的延迟着色着色器需要有 2 个 pass，其中第二个 pass 就是处理这个用的。</p>\n<p>为了减少运算，我们不需要在天空盒的位置转换，所以 Unity 在这之前对所有的物体又进行了一次绘制，只写模板，在做转换时只在模板匹配上的位置做。</p>\n<p>可能需要在 ShaderLab 的 pass 中写入一些内容来搞模板相关的设置：</p>\n<pre style=\"background-color:#2b303b;\"><code>\n<span style=\"color:#c0c5ce;\">Pass\n</span><span style=\"color:#c0c5ce;\">{\n</span><span style=\"color:#c0c5ce;\">    Cull Off\n</span><span style=\"color:#c0c5ce;\">    ZTest Always\n</span><span style=\"color:#c0c5ce;\">    ZWrite Off\n</span><span style=\"color:#c0c5ce;\">    Stencil\n</span><span style=\"color:#c0c5ce;\">    {\n</span><span style=\"color:#c0c5ce;\">        Ref [_StencilNonBackground]\n</span><span style=\"color:#c0c5ce;\">        ReadMask [_StencilNonBackground]\n</span><span style=\"color:#c0c5ce;\">        CompBack Equal\n</span><span style=\"color:#c0c5ce;\">        CompFront Equal\n</span><span style=\"color:#c0c5ce;\">    }\n</span><span style=\"color:#c0c5ce;\">    \n</span><span style=\"color:#c0c5ce;\">    ...\n</span><span style=\"color:#c0c5ce;\">}\n</span>\n</code></pre>\n<p>在转换时，需要用到已经绘制好的内容，在 <code>_LightBuffer</code> 2D 纹理中。</p>\n<h3><a href=\"#定向光\" aria-hidden=\"true\" class=\"anchor\" id=\"定向光\"></a>定向光</h3>\n<p>在定向光的延迟光照中，Unity 会输入给顶点着色器的值是 <code>POSITION</code> 与 <code>NORMAL</code>，前者就是屏幕四边形的四个点（xy 坐标为 0 或 1），后者是摄像机到四边形顶点的向量。</p>\n<p>因为这样，我们需要自己搞出屏幕坐标，Unity 提供了 <code>ComputeScreenPos</code> 来从裁剪空间的坐标（xy 为 -1 或 1）转换到屏幕坐标，其中 <code>_ProjectionParams.x</code> 是 1 或 -1，来解决 uv 起点在左上角或左下角的区别。（原教程说这样得到的是齐次坐标，不过这个摄像机的投影矩阵（？）得到的 w 看起来是 1 的样子）</p>\n<pre style=\"background-color:#2b303b;\"><code class=\"language-c\">\n<span style=\"color:#b48ead;\">inline</span><span style=\"color:#c0c5ce;\"> float4 </span><span style=\"color:#8fa1b3;\">ComputeNonStereoScreenPos</span><span style=\"color:#c0c5ce;\">(float4 </span><span style=\"color:#bf616a;\">pos</span><span style=\"color:#c0c5ce;\">) {\n</span><span style=\"color:#c0c5ce;\">    float4 o = pos * </span><span style=\"color:#d08770;\">0.5f</span><span style=\"color:#c0c5ce;\">;\n</span><span style=\"color:#c0c5ce;\">    o.</span><span style=\"color:#bf616a;\">xy </span><span style=\"color:#c0c5ce;\">= </span><span style=\"color:#8fa1b3;\">float2</span><span style=\"color:#c0c5ce;\">(o.</span><span style=\"color:#bf616a;\">x</span><span style=\"color:#c0c5ce;\">, o.</span><span style=\"color:#bf616a;\">y</span><span style=\"color:#c0c5ce;\">*_ProjectionParams.</span><span style=\"color:#bf616a;\">x</span><span style=\"color:#c0c5ce;\">) + o.</span><span style=\"color:#bf616a;\">w</span><span style=\"color:#c0c5ce;\">;\n</span><span style=\"color:#c0c5ce;\">    o.</span><span style=\"color:#bf616a;\">zw </span><span style=\"color:#c0c5ce;\">= pos.</span><span style=\"color:#bf616a;\">zw</span><span style=\"color:#c0c5ce;\">;\n</span><span style=\"color:#c0c5ce;\">    </span><span style=\"color:#b48ead;\">return</span><span style=\"color:#c0c5ce;\"> o;\n</span><span style=\"color:#c0c5ce;\">}\n</span><span style=\"color:#c0c5ce;\">\n</span><span style=\"color:#b48ead;\">inline</span><span style=\"color:#c0c5ce;\"> float4 </span><span style=\"color:#8fa1b3;\">ComputeScreenPos</span><span style=\"color:#c0c5ce;\">(float4 </span><span style=\"color:#bf616a;\">pos</span><span style=\"color:#c0c5ce;\">) {\n</span><span style=\"color:#c0c5ce;\">    float4 o = </span><span style=\"color:#8fa1b3;\">ComputeNonStereoScreenPos</span><span style=\"color:#c0c5ce;\">(pos);\n</span><span style=\"color:#b48ead;\">#if defined</span><span style=\"color:#c0c5ce;\">(UNITY_SINGLE_PASS_STEREO)\n</span><span style=\"color:#c0c5ce;\">    o.</span><span style=\"color:#bf616a;\">xy </span><span style=\"color:#c0c5ce;\">= </span><span style=\"color:#8fa1b3;\">TransformStereoScreenSpaceTex</span><span style=\"color:#c0c5ce;\">(o.</span><span style=\"color:#bf616a;\">xy</span><span style=\"color:#c0c5ce;\">, pos.</span><span style=\"color:#bf616a;\">w</span><span style=\"color:#c0c5ce;\">);\n</span><span style=\"color:#b48ead;\">#endif\n</span><span style=\"color:#c0c5ce;\">    </span><span style=\"color:#b48ead;\">return</span><span style=\"color:#c0c5ce;\"> o;\n</span><span style=\"color:#c0c5ce;\">}\n</span>\n</code></pre>\n<p>之后就可以用得到的屏幕坐标在 G-Buffer（<code>_CameraGBufferTexture0</code> 到 <code>_CameraGBufferTexture2</code>，最后一张应该不用采样，而是作为了后续的渲染的目标的样子）中采样了。</p>\n<p>为了计算光照，还需要从深度得到世界空间坐标，输入的 <code>NORMAL</code> 就是用来做这个的。我们在片段着色器的输入中得到了摄像机到屏幕四边形上正要绘制的像素的向量，将其延长到摄像机远平面，再乘上 01 线性深度，就得到了观察坐标下的位置，之后乘上观察矩阵的逆矩阵就得到世界坐标的位置。</p>\n<pre style=\"background-color:#2b303b;\"><code class=\"language-c\">\n<span style=\"color:#b48ead;\">float</span><span style=\"color:#c0c5ce;\"> depth = </span><span style=\"color:#8fa1b3;\">SAMPLE_DEPTH_TEXTURE</span><span style=\"color:#c0c5ce;\">(_CameraDepthTexture, uv);\n</span><span style=\"color:#c0c5ce;\">depth = </span><span style=\"color:#8fa1b3;\">Linear01Depth</span><span style=\"color:#c0c5ce;\">(depth);\n</span><span style=\"color:#c0c5ce;\">float3 rayToFarPlane = fin.</span><span style=\"color:#bf616a;\">ray </span><span style=\"color:#c0c5ce;\">* _ProjectionParams.</span><span style=\"color:#bf616a;\">z </span><span style=\"color:#c0c5ce;\">/ fin.</span><span style=\"color:#bf616a;\">ray</span><span style=\"color:#c0c5ce;\">.</span><span style=\"color:#bf616a;\">z</span><span style=\"color:#c0c5ce;\">;\n</span><span style=\"color:#c0c5ce;\">float3 viewPos = rayToFarPlane * depth;\n</span><span style=\"color:#c0c5ce;\">float3 worldPos = </span><span style=\"color:#8fa1b3;\">mul</span><span style=\"color:#c0c5ce;\">(unity_CameraToWorld, </span><span style=\"color:#8fa1b3;\">float4</span><span style=\"color:#c0c5ce;\">(viewPos, </span><span style=\"color:#d08770;\">1</span><span style=\"color:#c0c5ce;\">)).</span><span style=\"color:#bf616a;\">xyz</span><span style=\"color:#c0c5ce;\">;\n</span><span style=\"color:#c0c5ce;\">float3 viewDir = </span><span style=\"color:#8fa1b3;\">normalize</span><span style=\"color:#c0c5ce;\">(_WorldSpaceCameraPos.</span><span style=\"color:#bf616a;\">xyz </span><span style=\"color:#c0c5ce;\">- worldPos);\n</span>\n</code></pre>\n<p><code>UNITY_BRDF_PBS</code> 的参数中，我们需要的反照率、反射光着色、光滑度、法向已经从 G-Buffer 中读出来了，视线方向刚刚也算了出来，还需要 1 减反射率、直接光信息和间接光信息。</p>\n<p>1 减反射率，我们之前是通过金属度和反照率得到的，但金属度并没有存在 G-Buffer 里。Unity 使用 <code>SpecularStrength(specular)</code> 来得到反射率，其返回反射光着色 RGB 中的最大值。这样得到的结果与正向渲染并不相同（比如纯金属本来反射率为 1，延迟渲染中却可能有一些漫反射项），不过可能是一个可以接受的取舍（相比于存储在 G-Buffer 里）。</p>\n<p>直接光信息在变量 <code>_LightColor</code> 和 <code>_LightDir</code> 中，与正向渲染不同，<code>_LightDir</code> 这里真的是光的方向（<code>_WorldSpaceLightPos0.xyz</code> 是反向的光的方向，因为我们计算光照时需要的就是反向的光源方向），不知道为什么这样设计。</p>\n<p>间接光在绘制 G-Buffer 的 pass 和延迟反射中绘制完了，这里不再需要。</p>\n<p>定向光阴影比较好搞，因为是使用屏幕空间阴影贴图，直接从其中（<code>_ShadowMapTexture</code>）采样并作为衰减系数乘在直接光的颜色中即可。不过 Unity 做了一些额外的工作：在阴影范围的边界处，为了避免出现生硬的分界线，Unity 在边界处对阴影做了淡出的效果，如下（<code>unity_ShadowFadeCenterAndType.w</code> 是 0 或 1）：</p>\n<pre style=\"background-color:#2b303b;\"><code class=\"language-c\">\n<span style=\"color:#65737e;\">// in custom shader, CreateLight\n</span><span style=\"color:#c0c5ce;\">shadowAtten = </span><span style=\"color:#8fa1b3;\">tex2D</span><span style=\"color:#c0c5ce;\">(_ShadowMapTexture, uv).</span><span style=\"color:#bf616a;\">r</span><span style=\"color:#c0c5ce;\">;\n</span><span style=\"color:#b48ead;\">float</span><span style=\"color:#c0c5ce;\"> shadowFadeDistance = </span><span style=\"color:#8fa1b3;\">UnityComputeShadowFadeDistance</span><span style=\"color:#c0c5ce;\">(worldPos, viewZ);\n</span><span style=\"color:#b48ead;\">float</span><span style=\"color:#c0c5ce;\"> shadowFade = </span><span style=\"color:#8fa1b3;\">UnityComputeShadowFade</span><span style=\"color:#c0c5ce;\">(shadowFadeDistance);\n</span><span style=\"color:#c0c5ce;\">shadowAtten = </span><span style=\"color:#8fa1b3;\">saturate</span><span style=\"color:#c0c5ce;\">(shadowAtten + shadowFade);\n</span><span style=\"color:#c0c5ce;\">\n</span><span style=\"color:#65737e;\">// in Unity built-in shader\n</span><span style=\"color:#b48ead;\">float </span><span style=\"color:#8fa1b3;\">UnityComputeShadowFadeDistance</span><span style=\"color:#c0c5ce;\">(float3 </span><span style=\"color:#bf616a;\">wpos</span><span style=\"color:#c0c5ce;\">, </span><span style=\"color:#b48ead;\">float </span><span style=\"color:#bf616a;\">z</span><span style=\"color:#c0c5ce;\">)\n</span><span style=\"color:#c0c5ce;\">{\n</span><span style=\"color:#c0c5ce;\">    </span><span style=\"color:#b48ead;\">float</span><span style=\"color:#c0c5ce;\"> sphereDist = </span><span style=\"color:#8fa1b3;\">distance</span><span style=\"color:#c0c5ce;\">(wpos, unity_ShadowFadeCenterAndType.</span><span style=\"color:#bf616a;\">xyz</span><span style=\"color:#c0c5ce;\">);\n</span><span style=\"color:#c0c5ce;\">    </span><span style=\"color:#b48ead;\">return </span><span style=\"color:#8fa1b3;\">lerp</span><span style=\"color:#c0c5ce;\">(z, sphereDist, unity_ShadowFadeCenterAndType.</span><span style=\"color:#bf616a;\">w</span><span style=\"color:#c0c5ce;\">);\n</span><span style=\"color:#c0c5ce;\">}\n</span><span style=\"color:#c0c5ce;\">\n</span><span style=\"color:#c0c5ce;\">half </span><span style=\"color:#8fa1b3;\">UnityComputeShadowFade</span><span style=\"color:#c0c5ce;\">(</span><span style=\"color:#b48ead;\">float </span><span style=\"color:#bf616a;\">fadeDist</span><span style=\"color:#c0c5ce;\">)\n</span><span style=\"color:#c0c5ce;\">{\n</span><span style=\"color:#c0c5ce;\">    </span><span style=\"color:#b48ead;\">return </span><span style=\"color:#8fa1b3;\">saturate</span><span style=\"color:#c0c5ce;\">(fadeDist * _LightShadowData.</span><span style=\"color:#bf616a;\">z </span><span style=\"color:#c0c5ce;\">+ _LightShadowData.</span><span style=\"color:#bf616a;\">w</span><span style=\"color:#c0c5ce;\">);\n</span><span style=\"color:#c0c5ce;\">}\n</span>\n</code></pre>\n<p>为了支持光照蒙版（cookie），我们需要把点转换到光照坐标，采样 cookie 纹理（<code>_LightTexture0</code>）的 A 通道乘在得到的衰减项中。有人发现，当相邻像素的实际坐标相差太大时，会选一个较低的 mipmap 级，Unity 为了解决这个问题，使用了如下的技巧。</p>\n<pre style=\"background-color:#2b303b;\"><code class=\"language-c\">\n<span style=\"color:#b48ead;\">#ifdef</span><span style=\"color:#c0c5ce;\"> DIRECTIONAL_COOKIE\n</span><span style=\"color:#c0c5ce;\">    float2 uvCookie = </span><span style=\"color:#8fa1b3;\">mul</span><span style=\"color:#c0c5ce;\">(unity_WorldToLight, </span><span style=\"color:#8fa1b3;\">float4</span><span style=\"color:#c0c5ce;\">(worldPos, </span><span style=\"color:#d08770;\">1</span><span style=\"color:#c0c5ce;\">)).</span><span style=\"color:#bf616a;\">xy</span><span style=\"color:#c0c5ce;\">;\n</span><span style=\"color:#c0c5ce;\">    atten *= </span><span style=\"color:#8fa1b3;\">tex2Dbias</span><span style=\"color:#c0c5ce;\">(_LightTexture0, </span><span style=\"color:#8fa1b3;\">float4</span><span style=\"color:#c0c5ce;\">(uvCookie, </span><span style=\"color:#d08770;\">0</span><span style=\"color:#c0c5ce;\">, -</span><span style=\"color:#d08770;\">8</span><span style=\"color:#c0c5ce;\">)).</span><span style=\"color:#bf616a;\">a</span><span style=\"color:#c0c5ce;\">;\n</span><span style=\"color:#b48ead;\">#endif\n</span>\n</code></pre>\n<p>为了支持 Unity 在 LDR 摄像机下的对数编码，我们首先修改输出为 <span class=\"katex\"><span class=\"katex-mathml\"><math xmlns=\"http://www.w3.org/1998/Math/MathML\"><semantics><mrow><msup><mn>2</mn><mrow><mo>−</mo><mi>C</mi></mrow></msup></mrow><annotation encoding=\"application/x-tex\">2^{-C}</annotation></semantics></math></span><span class=\"katex-html\" aria-hidden=\"true\"><span class=\"base\"><span class=\"strut\" style=\"height:0.8413em;\"></span><span class=\"mord\"><span class=\"mord\">2</span><span class=\"msupsub\"><span class=\"vlist-t\"><span class=\"vlist-r\"><span class=\"vlist\" style=\"height:0.8413em;\"><span style=\"top:-3.063em;margin-right:0.05em;\"><span class=\"pstrut\" style=\"height:2.7em;\"></span><span class=\"sizing reset-size6 size3 mtight\"><span class=\"mord mtight\"><span class=\"mord mtight\">−</span><span class=\"mord mathnormal mtight\" style=\"margin-right:0.07153em;\">C</span></span></span></span></span></span></span></span></span></span></span></span>，再把混合模式设为 <code>Blend [_SrcBlend] [_DstBlend]</code>，因为 LDR 下会使用与 HDR 不同的混合模式 <code>Blend DstColor Zero</code>，相当于把新旧结果相乘写入到目标里，因为 <span class=\"katex\"><span class=\"katex-mathml\"><math xmlns=\"http://www.w3.org/1998/Math/MathML\"><semantics><mrow><msup><mn>2</mn><mrow><mo>−</mo><mo stretchy=\"false\">(</mo><msub><mi>C</mi><mn>1</mn></msub><mo>+</mo><msub><mi>C</mi><mn>2</mn></msub><mo stretchy=\"false\">)</mo></mrow></msup><mo>=</mo><msup><mn>2</mn><mrow><mo>−</mo><msub><mi>C</mi><mn>1</mn></msub></mrow></msup><mo>×</mo><msup><mn>2</mn><mrow><mo>−</mo><msub><mi>C</mi><mn>2</mn></msub></mrow></msup></mrow><annotation encoding=\"application/x-tex\">2^{-(C_1 + C_2)} = 2^{-C_1} \\times 2^{-C_2}</annotation></semantics></math></span><span class=\"katex-html\" aria-hidden=\"true\"><span class=\"base\"><span class=\"strut\" style=\"height:0.888em;\"></span><span class=\"mord\"><span class=\"mord\">2</span><span class=\"msupsub\"><span class=\"vlist-t\"><span class=\"vlist-r\"><span class=\"vlist\" style=\"height:0.888em;\"><span style=\"top:-3.063em;margin-right:0.05em;\"><span class=\"pstrut\" style=\"height:2.7em;\"></span><span class=\"sizing reset-size6 size3 mtight\"><span class=\"mord mtight\"><span class=\"mord mtight\">−</span><span class=\"mopen mtight\">(</span><span class=\"mord mtight\"><span class=\"mord mathnormal mtight\" style=\"margin-right:0.07153em;\">C</span><span class=\"msupsub\"><span class=\"vlist-t vlist-t2\"><span class=\"vlist-r\"><span class=\"vlist\" style=\"height:0.3173em;\"><span style=\"top:-2.357em;margin-left:-0.0715em;margin-right:0.0714em;\"><span class=\"pstrut\" style=\"height:2.5em;\"></span><span class=\"sizing reset-size3 size1 mtight\"><span class=\"mord mtight\">1</span></span></span></span><span class=\"vlist-s\">​</span></span><span class=\"vlist-r\"><span class=\"vlist\" style=\"height:0.143em;\"><span></span></span></span></span></span></span><span class=\"mbin mtight\">+</span><span class=\"mord mtight\"><span class=\"mord mathnormal mtight\" style=\"margin-right:0.07153em;\">C</span><span class=\"msupsub\"><span class=\"vlist-t vlist-t2\"><span class=\"vlist-r\"><span class=\"vlist\" style=\"height:0.3173em;\"><span style=\"top:-2.357em;margin-left:-0.0715em;margin-right:0.0714em;\"><span class=\"pstrut\" style=\"height:2.5em;\"></span><span class=\"sizing reset-size3 size1 mtight\"><span class=\"mord mtight\">2</span></span></span></span><span class=\"vlist-s\">​</span></span><span class=\"vlist-r\"><span class=\"vlist\" style=\"height:0.143em;\"><span></span></span></span></span></span></span><span class=\"mclose mtight\">)</span></span></span></span></span></span></span></span></span><span class=\"mspace\" style=\"margin-right:0.2778em;\"></span><span class=\"mrel\">=</span><span class=\"mspace\" style=\"margin-right:0.2778em;\"></span></span><span class=\"base\"><span class=\"strut\" style=\"height:0.9247em;vertical-align:-0.0833em;\"></span><span class=\"mord\"><span class=\"mord\">2</span><span class=\"msupsub\"><span class=\"vlist-t\"><span class=\"vlist-r\"><span class=\"vlist\" style=\"height:0.8413em;\"><span style=\"top:-3.063em;margin-right:0.05em;\"><span class=\"pstrut\" style=\"height:2.7em;\"></span><span class=\"sizing reset-size6 size3 mtight\"><span class=\"mord mtight\"><span class=\"mord mtight\">−</span><span class=\"mord mtight\"><span class=\"mord mathnormal mtight\" style=\"margin-right:0.07153em;\">C</span><span class=\"msupsub\"><span class=\"vlist-t vlist-t2\"><span class=\"vlist-r\"><span class=\"vlist\" style=\"height:0.3173em;\"><span style=\"top:-2.357em;margin-left:-0.0715em;margin-right:0.0714em;\"><span class=\"pstrut\" style=\"height:2.5em;\"></span><span class=\"sizing reset-size3 size1 mtight\"><span class=\"mord mtight\">1</span></span></span></span><span class=\"vlist-s\">​</span></span><span class=\"vlist-r\"><span class=\"vlist\" style=\"height:0.143em;\"><span></span></span></span></span></span></span></span></span></span></span></span></span></span></span><span class=\"mspace\" style=\"margin-right:0.2222em;\"></span><span class=\"mbin\">×</span><span class=\"mspace\" style=\"margin-right:0.2222em;\"></span></span><span class=\"base\"><span class=\"strut\" style=\"height:0.8413em;\"></span><span class=\"mord\"><span class=\"mord\">2</span><span class=\"msupsub\"><span class=\"vlist-t\"><span class=\"vlist-r\"><span class=\"vlist\" style=\"height:0.8413em;\"><span style=\"top:-3.063em;margin-right:0.05em;\"><span class=\"pstrut\" style=\"height:2.7em;\"></span><span class=\"sizing reset-size6 size3 mtight\"><span class=\"mord mtight\"><span class=\"mord mtight\">−</span><span class=\"mord mtight\"><span class=\"mord mathnormal mtight\" style=\"margin-right:0.07153em;\">C</span><span class=\"msupsub\"><span class=\"vlist-t vlist-t2\"><span class=\"vlist-r\"><span class=\"vlist\" style=\"height:0.3173em;\"><span style=\"top:-2.357em;margin-left:-0.0715em;margin-right:0.0714em;\"><span class=\"pstrut\" style=\"height:2.5em;\"></span><span class=\"sizing reset-size3 size1 mtight\"><span class=\"mord mtight\">2</span></span></span></span><span class=\"vlist-s\">​</span></span><span class=\"vlist-r\"><span class=\"vlist\" style=\"height:0.143em;\"><span></span></span></span></span></span></span></span></span></span></span></span></span></span></span></span></span></span>。</p>\n<h3><a href=\"#聚光\" aria-hidden=\"true\" class=\"anchor\" id=\"聚光\"></a>聚光</h3>\n<p>因为聚光影响的范围一般远没有整个屏幕那么大，Unity 绘制一个正四棱锥作为聚光的范围，开启小于等于的深度测试与背面剔除，在绘制到的像素上计算延迟光照。不过，这种做法存在一个问题，因为是剔除背面，当该正四棱锥与摄像机近平面相交时，会少绘制一些像素，解决方法是在此时做正面剔除和大于的深度测试。</p>\n<p>聚光的衰减项包含两项，根据距离的衰减与光照 cookie，前者在 <code>_LightTextureB0</code> 中采样，后者在 <code>_LightTexture0</code> 中采样，就像在第 5 节说的那样。因为此时转换到光源空间的矩阵是透视的，所以要手动做透视除法。</p>\n<p>聚光的阴影项直接使用会处理软硬阴影的 <code>UnitySampleShadowmap</code> 函数，应该在第 7 节中说过了。</p>\n<h3><a href=\"#点光\" aria-hidden=\"true\" class=\"anchor\" id=\"点光\"></a>点光</h3>\n<p>与聚光类似，Unity 绘制一个几何球作为点光的范围进行延迟光照。</p>\n<p>衰减与阴影也依旧和第 5 节、第 7 节说的差不多。不过有一点是，第 5 节时给出的 Unity 着色器代码中，无 cookie 的点光的衰减贴图使用 <code>_LightTexture0</code>，有 cookie 的点光和聚光则使用 <code>_LightTextureB0</code>；但是在这里，发现二者都在使用 <code>_LightTextureB0</code>。</p>\n<h3><a href=\"#避免不必要的阴影采样\" aria-hidden=\"true\" class=\"anchor\" id=\"避免不必要的阴影采样\"></a>避免不必要的阴影采样</h3>\n<p>原教程的最后给出了这样的代码：</p>\n<pre style=\"background-color:#2b303b;\"><code class=\"language-c\">\n<span style=\"color:#b48ead;\">if </span><span style=\"color:#c0c5ce;\">(shadowed) {\n</span><span style=\"color:#c0c5ce;\">    </span><span style=\"color:#b48ead;\">float</span><span style=\"color:#c0c5ce;\"> shadowFadeDistance = </span><span style=\"color:#8fa1b3;\">UnityComputeShadowFadeDistance</span><span style=\"color:#c0c5ce;\">(worldPos, viewZ);\n</span><span style=\"color:#c0c5ce;\">    </span><span style=\"color:#b48ead;\">float</span><span style=\"color:#c0c5ce;\"> shadowFade = </span><span style=\"color:#8fa1b3;\">UnityComputeShadowFade</span><span style=\"color:#c0c5ce;\">(shadowFadeDistance);\n</span><span style=\"color:#c0c5ce;\">    shadowAtten = </span><span style=\"color:#8fa1b3;\">saturate</span><span style=\"color:#c0c5ce;\">(shadowAtten + shadowFade);\n</span><span style=\"color:#b48ead;\">#if defined</span><span style=\"color:#c0c5ce;\">(UNITY_FAST_COHERENT_DYNAMIC_BRANCHING) &amp;&amp; </span><span style=\"color:#b48ead;\">defined</span><span style=\"color:#c0c5ce;\">(SHADOWS_SOFT)\n</span><span style=\"color:#c0c5ce;\">    UNITY_BRANCH\n</span><span style=\"color:#c0c5ce;\">    </span><span style=\"color:#b48ead;\">if </span><span style=\"color:#c0c5ce;\">(shadowFade &gt; </span><span style=\"color:#d08770;\">0.99</span><span style=\"color:#c0c5ce;\">) {\n</span><span style=\"color:#c0c5ce;\">        shadowAtten = </span><span style=\"color:#d08770;\">1</span><span style=\"color:#c0c5ce;\">;\n</span><span style=\"color:#c0c5ce;\">    }\n</span><span style=\"color:#b48ead;\">#endif\n</span><span style=\"color:#c0c5ce;\">}\n</span>\n</code></pre>\n<p>也就是说，当因为阴影淡出的缘故，像素已经基本不表现为有阴影时，直接对阴影项置 1，让编译器优化掉阴影贴图的采样。原教程只对聚光和点光的软阴影做了处理，Unity 中还额外有一个判断 <code>!defined(LIGHTMAP_SHADOW_MIXING)</code>。</p>\n<p>其中 <code>UNITY_FAST_COHERENT_DYNAMIC_BRANCHING</code> 的“coherent dynamic branching”是指，虽然分支条件的结果不是 uniform 的，但在相邻的像素之间存在相关性，这样的分支在一些硬件上也不会产生过大的效率损失。一般来说，如果一定要在着色器里出现分支，那代价从低到高分别是 uniform(static)、coherent(invariant) dynamic、incoherent(variant) dynamic。（<a href=\"https://zhuanlan.zhihu.com/p/122467342\">Shader中的 if 和分支 - 知乎</a>）</p>\n<h2><a href=\"#16-static-lighting\" aria-hidden=\"true\" class=\"anchor\" id=\"16-static-lighting\"></a>16 Static Lighting</h2>\n<h3><a href=\"#光照贴图light-map\" aria-hidden=\"true\" class=\"anchor\" id=\"光照贴图light-map\"></a>光照贴图（Light Map）</h3>\n<p>当光源与物体都是静态时，可以使用预烘培的光照贴图进行光照。使用实时计算还是光照贴图的设置在光源上。</p>\n<p>我在写这篇笔记时，使用的 Unity 2019.4 有三种 lightmapper：enlighten、progressive（CPU）和 progressive（GPU），原教程使用的 enlighten lightmapper 是基于预计算的实时 GI 信息来计算光照贴图的，已经被标注为弃用了，progressive lightmapper 则使用路径追踪的方式来计算光照贴图。</p>\n<p>光照贴图有不错的间接光效果（物体的颜色会在相邻物体有一点表现），材质的自发光项也会如同光源般对其他物体着色，但没有镜面反射光（因为镜面反射光是与摄像机位置有关的，不能提前计算）。</p>\n<p>光照贴图在正向渲染与延迟渲染中都可以使用。</p>\n<h3><a href=\"#在着色器中使用光照贴图\" aria-hidden=\"true\" class=\"anchor\" id=\"在着色器中使用光照贴图\"></a>在着色器中使用光照贴图</h3>\n<p>Unity 在 Forward Base 或 Deferred 这两个 pass 使用光照贴图，此时就不使用顶点光照，也不计算球谐光照。</p>\n<p>采样光照贴图的 uv 由 Unity 以 <code>TEXCOORD1</code> 传给顶点着色器。</p>\n<p>光照贴图存储在 2D 纹理 <code>unity_Lightmap</code> 中，以 RGBM（之前提过的指数编码方式）或 dLDR（Double LDR，就是把 HDR 除以 2 后当 LDR 存，解码就再把 2 乘回去）编码 HDR，因此采样结果需要用 <code>DecodeLightmap()</code> 解码。</p>\n<h3><a href=\"#适配-unity-的-lightmapper\" aria-hidden=\"true\" class=\"anchor\" id=\"适配-unity-的-lightmapper\"></a>适配 Unity 的 lightmapper</h3>\n<p>Unity 绘制光照贴图的代码中，假定了颜色属性的名称应当是 <code>_Color</code>，alpha cutoff 属性的名称应当是 <code>_Cutoff</code>，只有这样，半透明物体和截断物体才能在使用光照贴图时正确绘制。</p>\n<h3><a href=\"#meta-pass\" aria-hidden=\"true\" class=\"anchor\" id=\"meta-pass\"></a>Meta Pass</h3>\n<p>在绘制光照贴图时，Unity 使用 Meta pass 来处理物体的颜色、自发光等的影响，这就是使用光照贴图时能从一个物体上看到相邻物体颜色影响的原因。在其中，我们要得到物体的反照率、自发光颜色和镜面反射颜色，该部分就有点像是 Forward Base pass 的一个子集，之后交给 Unity 的函数 <code>UnityMetaFragment()</code> 处理。但这个函数内部其实不管反射颜色，所以当表面是不发光的粗糙金属时，因为纯金属也没有漫反射，就几乎不表现出对相邻物体的着色，但实际上应该会有的。Unity 的 trick 是，把镜面反射颜色按粗糙度加在反照率上：</p>\n<pre style=\"background-color:#2b303b;\"><code class=\"language-c\">\n<span style=\"color:#b48ead;\">float</span><span style=\"color:#c0c5ce;\"> oneMinusReflectivity;\n</span><span style=\"color:#c0c5ce;\">surfaceData.</span><span style=\"color:#bf616a;\">Albedo </span><span style=\"color:#c0c5ce;\">= </span><span style=\"color:#8fa1b3;\">DiffuseAndSpecularFromMetallic</span><span style=\"color:#c0c5ce;\">(</span><span style=\"color:#8fa1b3;\">GetAlbedo</span><span style=\"color:#c0c5ce;\">(fin), </span><span style=\"color:#8fa1b3;\">GetMetallic</span><span style=\"color:#c0c5ce;\">(fin),\n</span><span style=\"color:#c0c5ce;\">    surfaceData.</span><span style=\"color:#bf616a;\">SpecularColor</span><span style=\"color:#c0c5ce;\">, oneMinusReflectivity);\n</span><span style=\"color:#b48ead;\">float</span><span style=\"color:#c0c5ce;\"> roughness = </span><span style=\"color:#8fa1b3;\">SmoothnessToRoughness</span><span style=\"color:#c0c5ce;\">(</span><span style=\"color:#8fa1b3;\">GetSmoothness</span><span style=\"color:#c0c5ce;\">(fin)) * </span><span style=\"color:#d08770;\">0.5</span><span style=\"color:#c0c5ce;\">;\n</span><span style=\"color:#c0c5ce;\">surfaceData.</span><span style=\"color:#bf616a;\">Albedo </span><span style=\"color:#c0c5ce;\">+= surfaceData.</span><span style=\"color:#bf616a;\">SpecularColor </span><span style=\"color:#c0c5ce;\">* roughness;\n</span>\n</code></pre>\n<p>其中的 <code>SmoothnessToRoughness</code> 返回的是 1 减平滑度的平方，就像是我在 PBR 学习笔记中记录的那样，在着色器内部使用的粗糙度经常是外部输入粗糙度的平方，而不平方的粗糙度在 Unity 的着色器内被称作“感性的粗糙度（perceptual roughness）”。</p>\n<h3><a href=\"#方向性光照贴图directionality-light-map\" aria-hidden=\"true\" class=\"anchor\" id=\"方向性光照贴图directionality-light-map\"></a>方向性光照贴图（Directionality Light Map）</h3>\n<p>方向性光照贴图是另一张光照贴图（<code>unity_LightmapInd</code>），其存储的内容是接收光最大的一个方向，向量长度是方向性的大小，可以设置是否绘制该贴图。</p>\n<p>无方向的光照贴图，相当于这么大的光从四面八方均匀地打在表面上，在使用法线贴图时，凹凸感会表现得非常弱。使用方向性光照贴图，相当于这么大的光从某一个方向打来，我们可以用和法向的点积来处理光照，法线贴图的效果会表现得正常一些。Unity 使用 <code>DecodeDirectionalLightmap()</code> 来处理，其内部计算半朗泊（<span class=\"katex\"><span class=\"katex-mathml\"><math xmlns=\"http://www.w3.org/1998/Math/MathML\"><semantics><mrow><mn>0.5</mn><mo>+</mo><mn>0.5</mn><mrow><mi mathvariant=\"normal\">d</mi><mi mathvariant=\"normal\">o</mi><mi mathvariant=\"normal\">t</mi></mrow><mo stretchy=\"false\">(</mo><mi>n</mi><mo separator=\"true\">,</mo><mi>l</mi><mo stretchy=\"false\">)</mo></mrow><annotation encoding=\"application/x-tex\">0.5 + 0.5 \\mathrm{dot}(n, l)</annotation></semantics></math></span><span class=\"katex-html\" aria-hidden=\"true\"><span class=\"base\"><span class=\"strut\" style=\"height:0.7278em;vertical-align:-0.0833em;\"></span><span class=\"mord\">0.5</span><span class=\"mspace\" style=\"margin-right:0.2222em;\"></span><span class=\"mbin\">+</span><span class=\"mspace\" style=\"margin-right:0.2222em;\"></span></span><span class=\"base\"><span class=\"strut\" style=\"height:1em;vertical-align:-0.25em;\"></span><span class=\"mord\">0.5</span><span class=\"mord\"><span class=\"mord mathrm\">dot</span></span><span class=\"mopen\">(</span><span class=\"mord mathnormal\">n</span><span class=\"mpunct\">,</span><span class=\"mspace\" style=\"margin-right:0.1667em;\"></span><span class=\"mord mathnormal\" style=\"margin-right:0.01968em;\">l</span><span class=\"mclose\">)</span></span></span></span>）作为结果。</p>\n<pre style=\"background-color:#2b303b;\"><code class=\"language-c\">\n<span style=\"color:#b48ead;\">inline</span><span style=\"color:#c0c5ce;\"> half3 </span><span style=\"color:#8fa1b3;\">DecodeDirectionalLightmap </span><span style=\"color:#c0c5ce;\">(half3 </span><span style=\"color:#bf616a;\">color</span><span style=\"color:#c0c5ce;\">, fixed4 </span><span style=\"color:#bf616a;\">dirTex</span><span style=\"color:#c0c5ce;\">, half3 </span><span style=\"color:#bf616a;\">normalWorld</span><span style=\"color:#c0c5ce;\">)\n</span><span style=\"color:#c0c5ce;\">{\n</span><span style=\"color:#c0c5ce;\">    </span><span style=\"color:#65737e;\">// In directional (non-specular) mode Enlighten bakes dominant light direction\n</span><span style=\"color:#c0c5ce;\">    </span><span style=\"color:#65737e;\">// in a way, that using it for half Lambert and then dividing by a &quot;rebalancing coefficient&quot;\n</span><span style=\"color:#c0c5ce;\">    </span><span style=\"color:#65737e;\">// gives a result close to plain diffuse response lightmaps, but normalmapped.\n</span><span style=\"color:#c0c5ce;\">\n</span><span style=\"color:#c0c5ce;\">    </span><span style=\"color:#65737e;\">// Note that dir is not unit length on purpose. Its length is &quot;directionality&quot;, like\n</span><span style=\"color:#c0c5ce;\">    </span><span style=\"color:#65737e;\">// for the directional specular lightmaps.\n</span><span style=\"color:#c0c5ce;\">\n</span><span style=\"color:#c0c5ce;\">    half halfLambert = </span><span style=\"color:#8fa1b3;\">dot</span><span style=\"color:#c0c5ce;\">(normalWorld, dirTex.</span><span style=\"color:#bf616a;\">xyz </span><span style=\"color:#c0c5ce;\">- </span><span style=\"color:#d08770;\">0.5</span><span style=\"color:#c0c5ce;\">) + </span><span style=\"color:#d08770;\">0.5</span><span style=\"color:#c0c5ce;\">;\n</span><span style=\"color:#c0c5ce;\">\n</span><span style=\"color:#c0c5ce;\">    </span><span style=\"color:#b48ead;\">return</span><span style=\"color:#c0c5ce;\"> color * halfLambert / </span><span style=\"color:#8fa1b3;\">max</span><span style=\"color:#c0c5ce;\">(1e-4h, dirTex.</span><span style=\"color:#bf616a;\">w</span><span style=\"color:#c0c5ce;\">);\n</span><span style=\"color:#c0c5ce;\">}\n</span>\n</code></pre>\n<h3><a href=\"#光照探针\" aria-hidden=\"true\" class=\"anchor\" id=\"光照探针\"></a>光照探针</h3>\n<p>动态物体不会接收设置为使用光照贴图的光源，为了将其正常地融入到使用光照贴图地场景中，需要使用光照探针。</p>\n<p>光照探针以球谐函数的形式存储该点的光照信息，一组光照探针把其内部的空间划分为若干个四面体，对于每个动态物体，插值其中心点所在的那个四面体的四个顶点的球谐函数信息（四面体也能重心坐标，应该就是用这个插值的；探针组凸包外的就是三角形（？），至少显示的是这样；因为球谐函数信息是对整个物体固定的，当动态物体较大时效果会不太好）传入着色器，使用球谐光照完成着色（已经在第 5 节中介绍过了/加过这个功能了，所以不用增加任何代码）。</p>\n<p>不过这样动态物体依然不会产生阴影（不会遮蔽静态物体），也不会接收阴影（静态物体不投射实时阴影，如果能看到一点阴影的效果，是插值光照探针出来的）。</p>\n<h2><a href=\"#17-mixed-lighting\" aria-hidden=\"true\" class=\"anchor\" id=\"17-mixed-lighting\"></a>17 Mixed Lighting</h2>\n<h3><a href=\"#混合光照\" aria-hidden=\"true\" class=\"anchor\" id=\"混合光照\"></a>混合光照</h3>\n<p>光源除了纯实时与使用光照贴图以外，还可以设置为混合。在此模式下，光照贴图依然会被生成，但不包含直接光。在渲染时，光源会像实时光源一样被计算。这么一来，相较于纯实时光照，添加了物体之间反射的间接光；相比纯光照贴图，添加了镜面反射光，允许动态物体，且动态物体与静态物体相互的阴影也能正常。不过付出了额外的纹理与采样、光照探针等代价。</p>\n<p>需要注意的是，Unity 为了性能考虑，在混合模式下，<code>UNITY_LIGHT_ATTENUATION()</code> 并不计算阴影淡出，<code>HANDLE_SHADOWS_BLENDING_IN_GI</code> 宏的定义与否标识了这一点，我们需要在自己的着色器里手动处理，就像在延迟光照中那样。</p>\n<h3><a href=\"#阴影遮罩shadowmask\" aria-hidden=\"true\" class=\"anchor\" id=\"阴影遮罩shadowmask\"></a>阴影遮罩（Shadowmask）</h3>\n<p>为了减小混合光照昂贵的代价，可以把静态物体的阴影也烘培下来，设置是把混合光照的模式从默认的“baked indirect”切换为“shadowmask”，此时阴影信息会被单独烘培到一张贴图中（<code>unity_ShadowMask</code>），使用 R 通道保存，其中 0 表示完全被遮蔽。事实上，另外 3 个通道也能被用来分别保存阴影信息，光照体积不相交的光源可以使用同一通道，所以可以支持许多光源，在着色器中用 <code>unity_OcclusionMaskSelector</code> 与采样结果点积取得对应的分量；当光源实在是没有空闲的通道时，会把直接光烘培在光照贴图上，就像是纯光照贴图时那样。</p>\n<p>在质量设置中，Unity 提供了 2 种选项：distance shadowmask 与 shadowmask，前者的代价比普通的混合光照还要大，它不仅烘培静态物体的阴影，也绘制静态物体的实时阴影，而后者并不绘制静态物体的实时阴影，动态物体只能通过光照探针得到静态物体的阴影。</p>\n<p>要在延迟渲染中使用 shadowmask，需要一个额外的 G-Buffer 来存储从中采样的结果。</p>\n<p><code>unity_OcclusionMaskSelector</code> 总是至多有一个分量为 1，因此在延迟渲染中渲染出不太对劲的效果，一个本来接收了多个光源阴影的物体在渲染 shadowmask G-Buffer 时只渲染了一个光源的阴影上去（正向渲染会渲染多次，所以没事）。</p>\n<h3><a href=\"#减性阴影subtractive-shadows\" aria-hidden=\"true\" class=\"anchor\" id=\"减性阴影subtractive-shadows\"></a>减性阴影（Subtractive Shadows）</h3>\n<p>减性阴影/减性光照面向低性能设备，只支持正向渲染，只支持单一定向光。</p>\n<p>静态物体使用光照贴图着色，同时根据实时光照的屏幕空间阴影对阴影区域做衰减，使得动态物体可以在静态物体上留下阴影。动态物体使用光照探针和实时光照，不能直接接收静态物体的阴影。</p>\n<p>减性光照没有自己的关键字，其开启时，<code>LIGHTMAP_ON</code>、<code>SHADOWS_SCREEN</code>、<code>LIGHTMAP_SHADOW_MIXING</code> 开启而 <code>SHADOWS_SHADOWMASK</code> 关闭。</p>\n<p>在减性光照下，关闭直接光（因为烘培在光照贴图里了）；衰减间接漫反射光，在通过 <code>UNITY_LIGHT_ATTENUATION</code> 和淡出阴影的计算后得到一个衰减度 <code>atten</code>，如果光照使用朗泊，那么光照是</p>\n<pre style=\"background-color:#2b303b;\"><code class=\"language-c\">\n<span style=\"color:#c0c5ce;\">atten * ndotl * _LightColor0.</span><span style=\"color:#bf616a;\">rgb\n</span>\n</code></pre>\n<p>我们是减去阴影，那就是减去</p>\n<pre style=\"background-color:#2b303b;\"><code class=\"language-c\">\n<span style=\"color:#c0c5ce;\">(</span><span style=\"color:#d08770;\">1 </span><span style=\"color:#c0c5ce;\">- atten) * ndotl * _LightColor0.</span><span style=\"color:#bf616a;\">rgb\n</span>\n</code></pre>\n<p>其他要考虑的是，对环境光（<code>unity_ShadowColor</code>，减性阴影设置的阴影颜色）取 max、处理光源的阴影强度（用 <code>_LightShadowData.x</code> 插值）、对原来计算出来的间接漫反射光取 min（不能照亮烘培出来的阴影）。</p>\n"}