{"title":"基于距离估计光线步进的 3D IFS 分形绘制","tags":["CG","光线追踪","光线步进","分形","学习笔记"],"create_time":1616277278,"last_modified":1616277395,"toc":"<ol><li><a href=\"#光线步进ray-marching与距离估计器distance-estimator\">光线步进（Ray Marching）与距离估计器（Distance Estimator）</a></li><ol><li><a href=\"#光线步进\">光线步进</a></li><li><a href=\"#距离估计器\">距离估计器</a></li><li><a href=\"#加入到光线追踪器之中\">加入到光线追踪器之中</a></li></ol><li><a href=\"#sierpinski-四面体的绘制\">Sierpinski 四面体的绘制</a></li><ol><li><a href=\"#sierpinski-四面体的-de\">Sierpinski 四面体的 DE</a></li><li><a href=\"#利用对称性\">利用对称性</a></li></ol><li><a href=\"#cantor-立方体的绘制\">Cantor 立方体的绘制</a></li><li><a href=\"#任意-3d-ifs-的绘制\">任意 3D IFS 的绘制</a></li><ol><li><a href=\"#ifs\">IFS</a></li><li><a href=\"#de-的计算\">DE 的计算</a></li><li><a href=\"#以-menger-海绵为例\">以 Menger 海绵为例</a></li>","html":"<p>本文作为本人阅读 <a href=\"http://blog.hvidtfeldts.net/index.php/2011/06/distance-estimated-3d-fractals-part-i/\">Distance Esitmated 3D Fractals</a> 系列文章前 3 篇的笔记及一个扩展，将描述基于距离估计光线步进的任意 3D IFS（Iterated Function Systems）分形的绘制方法。本文首先将对光线步进（ray marching）和原文中的距离估计器（Distance Estimator）做一些简要的说明。之后将分析并给出 Sierpinski 四面体和 Cantor 立方体两个分形的距离估计器。最后会给出将此方法拓展到任意 3D IFS 绘制的算法，并以 Menger 海绵为例进行说明。后两部分均会给出核心代码和本人的绘制结果。</p>\n<!-- more -->\n<h2><a href=\"#光线步进ray-marching与距离估计器distance-estimator\" aria-hidden=\"true\" class=\"anchor\" id=\"光线步进ray-marching与距离估计器distance-estimator\"></a>光线步进（Ray Marching）与距离估计器（Distance Estimator）</h2>\n<h3><a href=\"#光线步进\" aria-hidden=\"true\" class=\"anchor\" id=\"光线步进\"></a>光线步进</h3>\n<p>这里必须先安利一波叶大的知乎系列文章<a href=\"https://zhuanlan.zhihu.com/p/30745861\">《用 C 语言画光》</a>，其内容就是基于 SDF 的 2D 光线步进进行 2D 绘制。</p>\n<p>光线步进，类似于光线追踪，但不同的是，光线追踪是求出与几何体的交点，而光线步进是每次向前前进一段距离，直到达到设定的次数上界，视为没有相交，或单次前进距离小于一定阈值，视为相交。这样来看，光线步进也可以看作是一种求交点的方式，可以方便地放入一个光线追踪器里。</p>\n<p>光线步进每一步要前进一段距离，这个距离要怎样确定呢？最简单的方法就是每次走固定很短的一段距离，<a href=\"https://catlikecoding.com/unity/tutorials/rendering/part-20/\">Rendering 20 - Parallax (CatLikeCoding)</a> 这篇在 Unity 中实现凹凸贴图的教程最后就是使用这样的光线步进方法，但在渲染场景这种场合下就不太合适，毕竟一次只走一点实在是太慢了。</p>\n<p>叶大的文章是用 SDF（Signed Distance Field），有符号距离场。该场是一个三维坐标到距离的函数，即空间中一点到物体的最短距离，外侧为正、内侧为负。既然 SDF 描述的是到物体的最短距离，那向前走这么长的距离必然不会走过头，要么运气好正好到了物体表面，要么距物体还有一段距离。这种做法比前一种感觉上就要快不少，也是比较常见的选择。此外，使用 SDF 进行光线步进也可以方便地绘制 CSG（Construct Solid Geometry）或实现物体的碰撞或收缩。缺点是当光线与物体表面接近平行时，效果会比较差。</p>\n<h3><a href=\"#距离估计器\" aria-hidden=\"true\" class=\"anchor\" id=\"距离估计器\"></a>距离估计器</h3>\n<p>原文中的距离估计器（Distance Estimator，DE），或者可以称其为距离估计函数，是和 SDF 差不多的东西，如以下这个函数就可以作为球心在原点的球的 DE：</p>\n<pre style=\"background-color:#2b303b;\"><code class=\"language-c++\">\n<span style=\"color:#b48ead;\">float </span><span style=\"color:#8fa1b3;\">de_sphere_1</span><span style=\"color:#c0c5ce;\">(</span><span style=\"color:#b48ead;\">float </span><span style=\"color:#bf616a;\">radius</span><span style=\"color:#c0c5ce;\">, Vec3f </span><span style=\"color:#bf616a;\">pos</span><span style=\"color:#c0c5ce;\">) {\n</span><span style=\"color:#c0c5ce;\">    </span><span style=\"color:#b48ead;\">return</span><span style=\"color:#c0c5ce;\"> pos.</span><span style=\"color:#8fa1b3;\">Length</span><span style=\"color:#c0c5ce;\">() - radius;\n</span><span style=\"color:#c0c5ce;\">}\n</span>\n</code></pre>\n<p>事实上，这就是球的 SDF。不过，以下两个函数也可以作为这样一个球体的 DE：</p>\n<pre style=\"background-color:#2b303b;\"><code class=\"language-c++\">\n<span style=\"color:#b48ead;\">float </span><span style=\"color:#8fa1b3;\">de_sphere_2</span><span style=\"color:#c0c5ce;\">(</span><span style=\"color:#b48ead;\">float </span><span style=\"color:#bf616a;\">radius</span><span style=\"color:#c0c5ce;\">, Vec3f </span><span style=\"color:#bf616a;\">pos</span><span style=\"color:#c0c5ce;\">) {\n</span><span style=\"color:#c0c5ce;\">    </span><span style=\"color:#b48ead;\">return </span><span style=\"color:#8fa1b3;\">std::max</span><span style=\"color:#c0c5ce;\">(pos.</span><span style=\"color:#8fa1b3;\">Length</span><span style=\"color:#c0c5ce;\">() - radius, </span><span style=\"color:#d08770;\">0.0f</span><span style=\"color:#c0c5ce;\">);\n</span><span style=\"color:#c0c5ce;\">}\n</span><span style=\"color:#c0c5ce;\">\n</span><span style=\"color:#b48ead;\">float </span><span style=\"color:#8fa1b3;\">de_sphere_3</span><span style=\"color:#c0c5ce;\">(</span><span style=\"color:#b48ead;\">float </span><span style=\"color:#bf616a;\">radius</span><span style=\"color:#c0c5ce;\">, Vec3f </span><span style=\"color:#bf616a;\">pos</span><span style=\"color:#c0c5ce;\">) {\n</span><span style=\"color:#c0c5ce;\">    </span><span style=\"color:#b48ead;\">return </span><span style=\"color:#8fa1b3;\">std::</span><span style=\"color:#96b5b4;\">abs</span><span style=\"color:#c0c5ce;\">(pos.</span><span style=\"color:#8fa1b3;\">Length</span><span style=\"color:#c0c5ce;\">() - radius);\n</span><span style=\"color:#c0c5ce;\">}\n</span>\n</code></pre>\n<p>它们在球体外侧和 SDF 相同，但内侧使用了不同的值。像是这样，我们可能还能定义出一些其他的 DE，不过，这些不同的 DE 会对我们的渲染结果产生怎样的影响呢，我们应该选用怎样的 DE 呢？</p>\n<p>先抛开这个来看另一个问题，我们的光线步进只能找到光线与物体的交点，但为了应用各种光照模型，法线是必不可少的，我们该如何得到法线呢？根据 SDF 的定义，其梯度方向就代表着法线方向，而梯度可以通过如下方法进行近似计算：</p>\n<pre style=\"background-color:#2b303b;\"><code class=\"language-c++\">\n<span style=\"color:#c0c5ce;\">Vec3f </span><span style=\"color:#8fa1b3;\">norm</span><span style=\"color:#c0c5ce;\">(\n</span><span style=\"color:#c0c5ce;\">    </span><span style=\"color:#8fa1b3;\">SDF</span><span style=\"color:#c0c5ce;\">(pos.</span><span style=\"color:#8fa1b3;\">x</span><span style=\"color:#c0c5ce;\">() + EPS, pos.</span><span style=\"color:#8fa1b3;\">y</span><span style=\"color:#c0c5ce;\">(), pos.</span><span style=\"color:#8fa1b3;\">z</span><span style=\"color:#c0c5ce;\">()) - </span><span style=\"color:#8fa1b3;\">SDF</span><span style=\"color:#c0c5ce;\">(pos.</span><span style=\"color:#8fa1b3;\">x</span><span style=\"color:#c0c5ce;\">() - EPS, pos.</span><span style=\"color:#8fa1b3;\">y</span><span style=\"color:#c0c5ce;\">(), pos.</span><span style=\"color:#8fa1b3;\">z</span><span style=\"color:#c0c5ce;\">()),\n</span><span style=\"color:#c0c5ce;\">    </span><span style=\"color:#8fa1b3;\">SDF</span><span style=\"color:#c0c5ce;\">(pos.</span><span style=\"color:#8fa1b3;\">x</span><span style=\"color:#c0c5ce;\">(), pos.</span><span style=\"color:#8fa1b3;\">y</span><span style=\"color:#c0c5ce;\">() + EPS, pos.</span><span style=\"color:#8fa1b3;\">z</span><span style=\"color:#c0c5ce;\">()) - </span><span style=\"color:#8fa1b3;\">SDF</span><span style=\"color:#c0c5ce;\">(pos.</span><span style=\"color:#8fa1b3;\">x</span><span style=\"color:#c0c5ce;\">(), pos.</span><span style=\"color:#8fa1b3;\">y</span><span style=\"color:#c0c5ce;\">() - EPS, pos.</span><span style=\"color:#8fa1b3;\">z</span><span style=\"color:#c0c5ce;\">()),\n</span><span style=\"color:#c0c5ce;\">    </span><span style=\"color:#8fa1b3;\">SDF</span><span style=\"color:#c0c5ce;\">(pos.</span><span style=\"color:#8fa1b3;\">x</span><span style=\"color:#c0c5ce;\">(), pos.</span><span style=\"color:#8fa1b3;\">y</span><span style=\"color:#c0c5ce;\">(), pos.</span><span style=\"color:#8fa1b3;\">z</span><span style=\"color:#c0c5ce;\">() + EPS) - </span><span style=\"color:#8fa1b3;\">SDF</span><span style=\"color:#c0c5ce;\">(pos.</span><span style=\"color:#8fa1b3;\">x</span><span style=\"color:#c0c5ce;\">(), pos.</span><span style=\"color:#8fa1b3;\">y</span><span style=\"color:#c0c5ce;\">(), pos.</span><span style=\"color:#8fa1b3;\">z</span><span style=\"color:#c0c5ce;\">() - EPS));\n</span><span style=\"color:#c0c5ce;\">norm.</span><span style=\"color:#8fa1b3;\">Normalize</span><span style=\"color:#c0c5ce;\">();\n</span>\n</code></pre>\n<p>DE，如我刚刚所说，它和 SDF 差不多，以上给出的球体的三个 DE 在球体外侧也都与 SDF 的值相等，那一个很自然的想法就是也用类似的方法计算其近似梯度。<code>de_sphere_01()</code> 返回的就是 SDF，那肯定会得到正确的结果；<code>de_sphere_02()</code> 和 <code>de_sphere_03()</code> 在外侧使用 SDF，内侧使用其他定义，而因为计算法线时，加减 <code>EPS</code> 得到的 6 个邻近点一般会有一部分在内侧、一部分在外侧，这可能会使结果变得和我们期望的不同。</p>\n<p>对于以上三种 DE，原文给出了相应的渲染结果，验证了这样的想法：</p>\n<p><img src=\"https://i.loli.net/2021/03/20/iLTyeGBuOMfwkzH.jpg\" alt=\"deifs_01_de_and_normal.jpg\" /></p>\n<p>图中最左侧的是用 <code>de_sphere_02()</code> 绘制的结果，可以看到表面有一圈圈圆环的伪像，是因为得到了错误的法线；中间是 <code>de_sphere_01()</code> 的绘制结果，是一个正确的结果；右侧使用 <code>de_sphere_03()</code> 并且在计算法线时，把点 <code>pos</code> 逆着光线方向回退了一小段距离，也得到了合理的结果，否则也会得到错误的结果。回退一段距离可以让 6 个邻近点都在外侧，都使用 SDF 的值。</p>\n<p>所以，从法线计算的角度来讲，我们希望 DE 返回的值就是 SDF，不行的话至少外侧得是 SDF。我本人的理解就是，DE 是在 SDF 难以计算的情况下给出的一个更好计算的妥协版本，你要说它们就是同一个东西，我觉得也不是不可以。</p>\n<h3><a href=\"#加入到光线追踪器之中\" aria-hidden=\"true\" class=\"anchor\" id=\"加入到光线追踪器之中\"></a>加入到光线追踪器之中</h3>\n<p>根据以上的描述，我在自己的一个光线追踪器中派生出 <code>Fractal</code> 类（其实叫 <code>DEObject</code> 可能更合理一些），提供 <code>DistanceEstimate()</code> 纯虚函数，同时用其实现了 <code>Interset()</code> 函数，这样只要继承 <code>Fractal</code> 并给出相应的 DE 的实现，就可以渲染相应的物体。</p>\n<pre style=\"background-color:#2b303b;\"><code class=\"language-c++\">\n<span style=\"color:#65737e;\">// fractal.h\n</span><span style=\"color:#b48ead;\">class </span><span style=\"color:#ebcb8b;\">Fractal </span><span style=\"color:#eff1f5;\">: </span><span style=\"color:#b48ead;\">public </span><span style=\"color:#a3be8c;\">Object3D </span><span style=\"color:#eff1f5;\">{\n</span><span style=\"color:#b48ead;\">public</span><span style=\"color:#eff1f5;\">:\n</span><span style=\"color:#eff1f5;\">    </span><span style=\"color:#8fa1b3;\">Fractal</span><span style=\"color:#eff1f5;\">(Material </span><span style=\"color:#c0c5ce;\">*</span><span style=\"color:#bf616a;\">material</span><span style=\"color:#eff1f5;\">);\n</span><span style=\"color:#eff1f5;\">\n</span><span style=\"color:#eff1f5;\">    </span><span style=\"color:#b48ead;\">virtual bool </span><span style=\"color:#8fa1b3;\">Intersect</span><span style=\"color:#eff1f5;\">(</span><span style=\"color:#b48ead;\">const</span><span style=\"color:#eff1f5;\"> Ray </span><span style=\"color:#c0c5ce;\">&amp;</span><span style=\"color:#bf616a;\">r</span><span style=\"color:#eff1f5;\">, Hit </span><span style=\"color:#c0c5ce;\">&amp;</span><span style=\"color:#bf616a;\">h</span><span style=\"color:#eff1f5;\">, </span><span style=\"color:#b48ead;\">float </span><span style=\"color:#bf616a;\">tmin</span><span style=\"color:#eff1f5;\">) </span><span style=\"color:#b48ead;\">const override</span><span style=\"color:#eff1f5;\">;\n</span><span style=\"color:#eff1f5;\">\n</span><span style=\"color:#eff1f5;\">    </span><span style=\"color:#b48ead;\">virtual float </span><span style=\"color:#8fa1b3;\">DistanceEstimate</span><span style=\"color:#eff1f5;\">(Vec3f </span><span style=\"color:#bf616a;\">pos</span><span style=\"color:#eff1f5;\">) </span><span style=\"color:#b48ead;\">const </span><span style=\"color:#c0c5ce;\">= </span><span style=\"color:#d08770;\">0</span><span style=\"color:#eff1f5;\">;\n</span><span style=\"color:#eff1f5;\">}</span><span style=\"color:#c0c5ce;\">;\n</span><span style=\"color:#c0c5ce;\">\n</span><span style=\"color:#65737e;\">// fractal.cpp\n</span><span style=\"color:#b48ead;\">bool </span><span style=\"color:#8fa1b3;\">Fractal::Intersect</span><span style=\"color:#c0c5ce;\">(</span><span style=\"color:#b48ead;\">const</span><span style=\"color:#c0c5ce;\"> Ray &amp;</span><span style=\"color:#bf616a;\">r</span><span style=\"color:#c0c5ce;\">, Hit &amp;</span><span style=\"color:#bf616a;\">h</span><span style=\"color:#c0c5ce;\">, </span><span style=\"color:#b48ead;\">float </span><span style=\"color:#bf616a;\">tmin</span><span style=\"color:#c0c5ce;\">) </span><span style=\"color:#b48ead;\">const </span><span style=\"color:#c0c5ce;\">{\n</span><span style=\"color:#c0c5ce;\">    </span><span style=\"color:#b48ead;\">float</span><span style=\"color:#c0c5ce;\"> dist_scale = r.</span><span style=\"color:#8fa1b3;\">getDirection</span><span style=\"color:#c0c5ce;\">().</span><span style=\"color:#8fa1b3;\">Length</span><span style=\"color:#c0c5ce;\">();\n</span><span style=\"color:#c0c5ce;\">    </span><span style=\"color:#b48ead;\">float</span><span style=\"color:#c0c5ce;\"> dist = tmin / dist_scale;\n</span><span style=\"color:#c0c5ce;\">    </span><span style=\"color:#b48ead;\">float</span><span style=\"color:#c0c5ce;\"> last_step = </span><span style=\"color:#d08770;\">0</span><span style=\"color:#c0c5ce;\">;\n</span><span style=\"color:#c0c5ce;\">    </span><span style=\"color:#b48ead;\">for </span><span style=\"color:#c0c5ce;\">(</span><span style=\"color:#b48ead;\">int</span><span style=\"color:#c0c5ce;\"> i = </span><span style=\"color:#d08770;\">0</span><span style=\"color:#c0c5ce;\">; i &lt; FRACTAL_ITERATION; i++) {\n</span><span style=\"color:#c0c5ce;\">        Vec3f p = r.</span><span style=\"color:#8fa1b3;\">pointAtParameter</span><span style=\"color:#c0c5ce;\">(dist * dist_scale);\n</span><span style=\"color:#c0c5ce;\">        </span><span style=\"color:#b48ead;\">float</span><span style=\"color:#c0c5ce;\"> step = </span><span style=\"color:#8fa1b3;\">DistanceEstimate</span><span style=\"color:#c0c5ce;\">(p);\n</span><span style=\"color:#c0c5ce;\">        dist += step;\n</span><span style=\"color:#c0c5ce;\">        </span><span style=\"color:#b48ead;\">float</span><span style=\"color:#c0c5ce;\"> t = dist * dist_scale;\n</span><span style=\"color:#c0c5ce;\">        </span><span style=\"color:#b48ead;\">if </span><span style=\"color:#c0c5ce;\">(t &gt; tmin &amp;&amp; step &lt; FRACTAL_STOP_STEP &amp;&amp; step &lt; last_step) {\n</span><span style=\"color:#c0c5ce;\">            </span><span style=\"color:#b48ead;\">if </span><span style=\"color:#c0c5ce;\">(t &lt; h.</span><span style=\"color:#8fa1b3;\">getT</span><span style=\"color:#c0c5ce;\">()) {\n</span><span style=\"color:#c0c5ce;\">                p = r.</span><span style=\"color:#8fa1b3;\">pointAtParameter</span><span style=\"color:#c0c5ce;\">(dist * dist_scale);\n</span><span style=\"color:#c0c5ce;\">                </span><span style=\"color:#b48ead;\">float</span><span style=\"color:#c0c5ce;\"> dx = </span><span style=\"color:#8fa1b3;\">DistanceEstimate</span><span style=\"color:#c0c5ce;\">(</span><span style=\"color:#8fa1b3;\">Vec3f</span><span style=\"color:#c0c5ce;\">(p.</span><span style=\"color:#8fa1b3;\">x</span><span style=\"color:#c0c5ce;\">() + FRACTAL_NORMAL_EPS, p.</span><span style=\"color:#8fa1b3;\">y</span><span style=\"color:#c0c5ce;\">(), p.</span><span style=\"color:#8fa1b3;\">z</span><span style=\"color:#c0c5ce;\">()))\n</span><span style=\"color:#c0c5ce;\">                    - </span><span style=\"color:#8fa1b3;\">DistanceEstimate</span><span style=\"color:#c0c5ce;\">(</span><span style=\"color:#8fa1b3;\">Vec3f</span><span style=\"color:#c0c5ce;\">(p.</span><span style=\"color:#8fa1b3;\">x</span><span style=\"color:#c0c5ce;\">() - FRACTAL_NORMAL_EPS, p.</span><span style=\"color:#8fa1b3;\">y</span><span style=\"color:#c0c5ce;\">(), p.</span><span style=\"color:#8fa1b3;\">z</span><span style=\"color:#c0c5ce;\">()));\n</span><span style=\"color:#c0c5ce;\">                </span><span style=\"color:#b48ead;\">float</span><span style=\"color:#c0c5ce;\"> dy = </span><span style=\"color:#8fa1b3;\">DistanceEstimate</span><span style=\"color:#c0c5ce;\">(</span><span style=\"color:#8fa1b3;\">Vec3f</span><span style=\"color:#c0c5ce;\">(p.</span><span style=\"color:#8fa1b3;\">x</span><span style=\"color:#c0c5ce;\">(), p.</span><span style=\"color:#8fa1b3;\">y</span><span style=\"color:#c0c5ce;\">() + FRACTAL_NORMAL_EPS, p.</span><span style=\"color:#8fa1b3;\">z</span><span style=\"color:#c0c5ce;\">()))\n</span><span style=\"color:#c0c5ce;\">                    - </span><span style=\"color:#8fa1b3;\">DistanceEstimate</span><span style=\"color:#c0c5ce;\">(</span><span style=\"color:#8fa1b3;\">Vec3f</span><span style=\"color:#c0c5ce;\">(p.</span><span style=\"color:#8fa1b3;\">x</span><span style=\"color:#c0c5ce;\">(), p.</span><span style=\"color:#8fa1b3;\">y</span><span style=\"color:#c0c5ce;\">() - FRACTAL_NORMAL_EPS, p.</span><span style=\"color:#8fa1b3;\">z</span><span style=\"color:#c0c5ce;\">()));\n</span><span style=\"color:#c0c5ce;\">                </span><span style=\"color:#b48ead;\">float</span><span style=\"color:#c0c5ce;\"> dz = </span><span style=\"color:#8fa1b3;\">DistanceEstimate</span><span style=\"color:#c0c5ce;\">(</span><span style=\"color:#8fa1b3;\">Vec3f</span><span style=\"color:#c0c5ce;\">(p.</span><span style=\"color:#8fa1b3;\">x</span><span style=\"color:#c0c5ce;\">(), p.</span><span style=\"color:#8fa1b3;\">y</span><span style=\"color:#c0c5ce;\">(), p.</span><span style=\"color:#8fa1b3;\">z</span><span style=\"color:#c0c5ce;\">() + FRACTAL_NORMAL_EPS))\n</span><span style=\"color:#c0c5ce;\">                    - </span><span style=\"color:#8fa1b3;\">DistanceEstimate</span><span style=\"color:#c0c5ce;\">(</span><span style=\"color:#8fa1b3;\">Vec3f</span><span style=\"color:#c0c5ce;\">(p.</span><span style=\"color:#8fa1b3;\">x</span><span style=\"color:#c0c5ce;\">(), p.</span><span style=\"color:#8fa1b3;\">y</span><span style=\"color:#c0c5ce;\">(), p.</span><span style=\"color:#8fa1b3;\">z</span><span style=\"color:#c0c5ce;\">() - FRACTAL_NORMAL_EPS));\n</span><span style=\"color:#c0c5ce;\">                Vec3f </span><span style=\"color:#8fa1b3;\">norm</span><span style=\"color:#c0c5ce;\">(dx, dy, dz);\n</span><span style=\"color:#c0c5ce;\">                norm.</span><span style=\"color:#8fa1b3;\">Normalize</span><span style=\"color:#c0c5ce;\">();\n</span><span style=\"color:#c0c5ce;\">                h.</span><span style=\"color:#8fa1b3;\">set</span><span style=\"color:#c0c5ce;\">(t, material, norm, r);\n</span><span style=\"color:#c0c5ce;\">                </span><span style=\"color:#b48ead;\">return </span><span style=\"color:#d08770;\">true</span><span style=\"color:#c0c5ce;\">;\n</span><span style=\"color:#c0c5ce;\">            } </span><span style=\"color:#b48ead;\">else </span><span style=\"color:#c0c5ce;\">{\n</span><span style=\"color:#c0c5ce;\">                </span><span style=\"color:#b48ead;\">break</span><span style=\"color:#c0c5ce;\">;\n</span><span style=\"color:#c0c5ce;\">            }\n</span><span style=\"color:#c0c5ce;\">        }\n</span><span style=\"color:#c0c5ce;\">        last_step = step;\n</span><span style=\"color:#c0c5ce;\">    }\n</span><span style=\"color:#c0c5ce;\">    </span><span style=\"color:#b48ead;\">return </span><span style=\"color:#d08770;\">false</span><span style=\"color:#c0c5ce;\">;\n</span><span style=\"color:#c0c5ce;\">}\n</span>\n</code></pre>\n<h2><a href=\"#sierpinski-四面体的绘制\" aria-hidden=\"true\" class=\"anchor\" id=\"sierpinski-四面体的绘制\"></a>Sierpinski 四面体的绘制</h2>\n<h3><a href=\"#sierpinski-四面体的-de\" aria-hidden=\"true\" class=\"anchor\" id=\"sierpinski-四面体的-de\"></a>Sierpinski 四面体的 DE</h3>\n<p>以下是 Wiki 上 Sierpinski 四面体的一个图片，图中有红蓝两个四面体，并且相交了一部分。单看一个四面体，观察其构造方法：我们可以把一个完整的四面体缩小到原来的一半，复制到四份，分别向四个顶点的方向平移一段距离，反复此操作多次可以得到一个这样的形状，接下来，我们就要利用这个构造方法来写出 Sierpinski 四面体的 DE。</p>\n<img src=\"https://upload.wikimedia.org/wikipedia/commons/b/b4/Sierpinski_pyramid.png\" style=\"zoom:20%;\" />\n<p>方便起见，我们把初始的那个完整四面体的四个顶点分别放在 <span class=\"katex\"><span class=\"katex-mathml\"><math xmlns=\"http://www.w3.org/1998/Math/MathML\"><semantics><mrow><mo stretchy=\"false\">(</mo><mn>1</mn><mo separator=\"true\">,</mo><mn>1</mn><mo separator=\"true\">,</mo><mn>1</mn><mo stretchy=\"false\">)</mo></mrow><annotation encoding=\"application/x-tex\">(1, 1, 1)</annotation></semantics></math></span><span class=\"katex-html\" aria-hidden=\"true\"><span class=\"base\"><span class=\"strut\" style=\"height:1em;vertical-align:-0.25em;\"></span><span class=\"mopen\">(</span><span class=\"mord\">1</span><span class=\"mpunct\">,</span><span class=\"mspace\" style=\"margin-right:0.1667em;\"></span><span class=\"mord\">1</span><span class=\"mpunct\">,</span><span class=\"mspace\" style=\"margin-right:0.1667em;\"></span><span class=\"mord\">1</span><span class=\"mclose\">)</span></span></span></span>、<span class=\"katex\"><span class=\"katex-mathml\"><math xmlns=\"http://www.w3.org/1998/Math/MathML\"><semantics><mrow><mo stretchy=\"false\">(</mo><mo>−</mo><mn>1</mn><mo separator=\"true\">,</mo><mo>−</mo><mn>1</mn><mo separator=\"true\">,</mo><mn>1</mn><mo stretchy=\"false\">)</mo></mrow><annotation encoding=\"application/x-tex\">(-1, -1, 1)</annotation></semantics></math></span><span class=\"katex-html\" aria-hidden=\"true\"><span class=\"base\"><span class=\"strut\" style=\"height:1em;vertical-align:-0.25em;\"></span><span class=\"mopen\">(</span><span class=\"mord\">−</span><span class=\"mord\">1</span><span class=\"mpunct\">,</span><span class=\"mspace\" style=\"margin-right:0.1667em;\"></span><span class=\"mord\">−</span><span class=\"mord\">1</span><span class=\"mpunct\">,</span><span class=\"mspace\" style=\"margin-right:0.1667em;\"></span><span class=\"mord\">1</span><span class=\"mclose\">)</span></span></span></span>、<span class=\"katex\"><span class=\"katex-mathml\"><math xmlns=\"http://www.w3.org/1998/Math/MathML\"><semantics><mrow><mo stretchy=\"false\">(</mo><mn>1</mn><mo separator=\"true\">,</mo><mo>−</mo><mn>1</mn><mo separator=\"true\">,</mo><mo>−</mo><mn>1</mn><mo stretchy=\"false\">)</mo></mrow><annotation encoding=\"application/x-tex\">(1, -1, -1)</annotation></semantics></math></span><span class=\"katex-html\" aria-hidden=\"true\"><span class=\"base\"><span class=\"strut\" style=\"height:1em;vertical-align:-0.25em;\"></span><span class=\"mopen\">(</span><span class=\"mord\">1</span><span class=\"mpunct\">,</span><span class=\"mspace\" style=\"margin-right:0.1667em;\"></span><span class=\"mord\">−</span><span class=\"mord\">1</span><span class=\"mpunct\">,</span><span class=\"mspace\" style=\"margin-right:0.1667em;\"></span><span class=\"mord\">−</span><span class=\"mord\">1</span><span class=\"mclose\">)</span></span></span></span>、<span class=\"katex\"><span class=\"katex-mathml\"><math xmlns=\"http://www.w3.org/1998/Math/MathML\"><semantics><mrow><mo stretchy=\"false\">(</mo><mo>−</mo><mn>1</mn><mo separator=\"true\">,</mo><mn>1</mn><mo separator=\"true\">,</mo><mo>−</mo><mn>1</mn><mo stretchy=\"false\">)</mo></mrow><annotation encoding=\"application/x-tex\">(-1, 1, -1)</annotation></semantics></math></span><span class=\"katex-html\" aria-hidden=\"true\"><span class=\"base\"><span class=\"strut\" style=\"height:1em;vertical-align:-0.25em;\"></span><span class=\"mopen\">(</span><span class=\"mord\">−</span><span class=\"mord\">1</span><span class=\"mpunct\">,</span><span class=\"mspace\" style=\"margin-right:0.1667em;\"></span><span class=\"mord\">1</span><span class=\"mpunct\">,</span><span class=\"mspace\" style=\"margin-right:0.1667em;\"></span><span class=\"mord\">−</span><span class=\"mord\">1</span><span class=\"mclose\">)</span></span></span></span> 的位置上，其他位置的 Sierpinski 四面体可以通过旋转平移缩放得到，在光线追踪器中已经实现了，所以这样就够了。</p>\n<p>计算这四个顶点与当前询问点的距离，很明显，询问点与哪个顶点更近，它就与一次操作后的四个小四面体中的哪一个更近。</p>\n<pre style=\"background-color:#2b303b;\"><code class=\"language-c++\">\n<span style=\"color:#c0c5ce;\">Vec3f </span><span style=\"color:#8fa1b3;\">min_point</span><span style=\"color:#c0c5ce;\">(</span><span style=\"color:#d08770;\">1</span><span style=\"color:#c0c5ce;\">, </span><span style=\"color:#d08770;\">1</span><span style=\"color:#c0c5ce;\">, </span><span style=\"color:#d08770;\">1</span><span style=\"color:#c0c5ce;\">);\n</span><span style=\"color:#b48ead;\">float</span><span style=\"color:#c0c5ce;\"> min_dist2 = (min_point - pos).</span><span style=\"color:#8fa1b3;\">LengthSqr</span><span style=\"color:#c0c5ce;\">();\n</span><span style=\"color:#c0c5ce;\">\n</span><span style=\"color:#b48ead;\">float</span><span style=\"color:#c0c5ce;\"> dist2_temp = (pos - </span><span style=\"color:#8fa1b3;\">Vec3f</span><span style=\"color:#c0c5ce;\">(-</span><span style=\"color:#d08770;\">1</span><span style=\"color:#c0c5ce;\">, -</span><span style=\"color:#d08770;\">1</span><span style=\"color:#c0c5ce;\">, </span><span style=\"color:#d08770;\">1</span><span style=\"color:#c0c5ce;\">)).</span><span style=\"color:#8fa1b3;\">LengthSqr</span><span style=\"color:#c0c5ce;\">();\n</span><span style=\"color:#b48ead;\">if </span><span style=\"color:#c0c5ce;\">(dist2_temp &lt; min_dist2) {\n</span><span style=\"color:#c0c5ce;\">    min_point.</span><span style=\"color:#8fa1b3;\">Set</span><span style=\"color:#c0c5ce;\">(-</span><span style=\"color:#d08770;\">1</span><span style=\"color:#c0c5ce;\">, -</span><span style=\"color:#d08770;\">1</span><span style=\"color:#c0c5ce;\">, </span><span style=\"color:#d08770;\">1</span><span style=\"color:#c0c5ce;\">);\n</span><span style=\"color:#c0c5ce;\">    min_dist2 = dist2_temp;\n</span><span style=\"color:#c0c5ce;\">}\n</span><span style=\"color:#c0c5ce;\">\n</span><span style=\"color:#c0c5ce;\">dist2_temp = (pos - </span><span style=\"color:#8fa1b3;\">Vec3f</span><span style=\"color:#c0c5ce;\">(</span><span style=\"color:#d08770;\">1</span><span style=\"color:#c0c5ce;\">, -</span><span style=\"color:#d08770;\">1</span><span style=\"color:#c0c5ce;\">, -</span><span style=\"color:#d08770;\">1</span><span style=\"color:#c0c5ce;\">)).</span><span style=\"color:#8fa1b3;\">LengthSqr</span><span style=\"color:#c0c5ce;\">();\n</span><span style=\"color:#b48ead;\">if </span><span style=\"color:#c0c5ce;\">(dist2_temp &lt; min_dist2) {\n</span><span style=\"color:#c0c5ce;\">    min_point.</span><span style=\"color:#8fa1b3;\">Set</span><span style=\"color:#c0c5ce;\">(</span><span style=\"color:#d08770;\">1</span><span style=\"color:#c0c5ce;\">, -</span><span style=\"color:#d08770;\">1</span><span style=\"color:#c0c5ce;\">, -</span><span style=\"color:#d08770;\">1</span><span style=\"color:#c0c5ce;\">);\n</span><span style=\"color:#c0c5ce;\">    min_dist2 = dist2_temp;\n</span><span style=\"color:#c0c5ce;\">}\n</span><span style=\"color:#c0c5ce;\">\n</span><span style=\"color:#c0c5ce;\">dist2_temp = (pos - </span><span style=\"color:#8fa1b3;\">Vec3f</span><span style=\"color:#c0c5ce;\">(-</span><span style=\"color:#d08770;\">1</span><span style=\"color:#c0c5ce;\">, </span><span style=\"color:#d08770;\">1</span><span style=\"color:#c0c5ce;\">, -</span><span style=\"color:#d08770;\">1</span><span style=\"color:#c0c5ce;\">)).</span><span style=\"color:#8fa1b3;\">LengthSqr</span><span style=\"color:#c0c5ce;\">();\n</span><span style=\"color:#b48ead;\">if </span><span style=\"color:#c0c5ce;\">(dist2_temp &lt; min_dist2) {\n</span><span style=\"color:#c0c5ce;\">    min_point.</span><span style=\"color:#8fa1b3;\">Set</span><span style=\"color:#c0c5ce;\">(-</span><span style=\"color:#d08770;\">1</span><span style=\"color:#c0c5ce;\">, </span><span style=\"color:#d08770;\">1</span><span style=\"color:#c0c5ce;\">, -</span><span style=\"color:#d08770;\">1</span><span style=\"color:#c0c5ce;\">);\n</span><span style=\"color:#c0c5ce;\">    min_dist2 = dist2_temp;\n</span><span style=\"color:#c0c5ce;\">}\n</span>\n</code></pre>\n<p>这样找到最近的一个小四面体后，我们就需要继续考虑询问点与小四面体的关系，借助分形的递归性质，我们可以重复利用以上代码。具体地说，对小四面体与询问点反向操作一倍，即放大到 2 倍，并平移使得放大后的小四面体与原四面体重合。要注意的是，我们并不需要真的对什么几何体做一次变换，实际要变换的只有询问点，只是下一次迭代重复使用以上代码的化，就相当于对小几何体做了这样的变换。</p>\n<pre style=\"background-color:#2b303b;\"><code class=\"language-c++\">\n<span style=\"color:#c0c5ce;\">pos = </span><span style=\"color:#d08770;\">2 </span><span style=\"color:#c0c5ce;\">* pos - min_point;\n</span>\n</code></pre>\n<p>反复以上操作 <span class=\"katex\"><span class=\"katex-mathml\"><math xmlns=\"http://www.w3.org/1998/Math/MathML\"><semantics><mrow><mi>n</mi></mrow><annotation encoding=\"application/x-tex\">n</annotation></semantics></math></span><span class=\"katex-html\" aria-hidden=\"true\"><span class=\"base\"><span class=\"strut\" style=\"height:0.4306em;\"></span><span class=\"mord mathnormal\">n</span></span></span></span> 次，最后得到的 <code>pos</code> 的模长除以 <span class=\"katex\"><span class=\"katex-mathml\"><math xmlns=\"http://www.w3.org/1998/Math/MathML\"><semantics><mrow><msup><mn>2</mn><mi>n</mi></msup></mrow><annotation encoding=\"application/x-tex\">2^n</annotation></semantics></math></span><span class=\"katex-html\" aria-hidden=\"true\"><span class=\"base\"><span class=\"strut\" style=\"height:0.6644em;\"></span><span class=\"mord\"><span class=\"mord\">2</span><span class=\"msupsub\"><span class=\"vlist-t\"><span class=\"vlist-r\"><span class=\"vlist\" style=\"height:0.6644em;\"><span style=\"top:-3.063em;margin-right:0.05em;\"><span class=\"pstrut\" style=\"height:2.7em;\"></span><span class=\"sizing reset-size6 size3 mtight\"><span class=\"mord mathnormal mtight\">n</span></span></span></span></span></span></span></span></span></span></span>（因为每次操作都会乘 2），就是原始询问点到与之最近的递归 <span class=\"katex\"><span class=\"katex-mathml\"><math xmlns=\"http://www.w3.org/1998/Math/MathML\"><semantics><mrow><mi>n</mi></mrow><annotation encoding=\"application/x-tex\">n</annotation></semantics></math></span><span class=\"katex-html\" aria-hidden=\"true\"><span class=\"base\"><span class=\"strut\" style=\"height:0.4306em;\"></span><span class=\"mord mathnormal\">n</span></span></span></span> 次后的小四面体中心的距离。我们把该距离作为 DE 的值。完整的 DE 如下：</p>\n<pre style=\"background-color:#2b303b;\"><code class=\"language-c++\">\n<span style=\"color:#b48ead;\">float </span><span style=\"color:#8fa1b3;\">SierpinskiTetrahedron::DistanceEstimate</span><span style=\"color:#c0c5ce;\">(Vec3f </span><span style=\"color:#bf616a;\">pos</span><span style=\"color:#c0c5ce;\">) </span><span style=\"color:#b48ead;\">const </span><span style=\"color:#c0c5ce;\">{\n</span><span style=\"color:#c0c5ce;\">    </span><span style=\"color:#b48ead;\">for </span><span style=\"color:#c0c5ce;\">(</span><span style=\"color:#b48ead;\">int</span><span style=\"color:#c0c5ce;\"> i = </span><span style=\"color:#d08770;\">0</span><span style=\"color:#c0c5ce;\">; i &lt; iteration; i++) {\n</span><span style=\"color:#c0c5ce;\">        Vec3f </span><span style=\"color:#8fa1b3;\">min_point</span><span style=\"color:#c0c5ce;\">(</span><span style=\"color:#d08770;\">1</span><span style=\"color:#c0c5ce;\">, </span><span style=\"color:#d08770;\">1</span><span style=\"color:#c0c5ce;\">, </span><span style=\"color:#d08770;\">1</span><span style=\"color:#c0c5ce;\">);\n</span><span style=\"color:#c0c5ce;\">        </span><span style=\"color:#b48ead;\">float</span><span style=\"color:#c0c5ce;\"> min_dist2 = (min_point - pos).</span><span style=\"color:#8fa1b3;\">LengthSqr</span><span style=\"color:#c0c5ce;\">();\n</span><span style=\"color:#c0c5ce;\">        \n</span><span style=\"color:#c0c5ce;\">        </span><span style=\"color:#b48ead;\">float</span><span style=\"color:#c0c5ce;\"> dist2_temp = (pos - </span><span style=\"color:#8fa1b3;\">Vec3f</span><span style=\"color:#c0c5ce;\">(-</span><span style=\"color:#d08770;\">1</span><span style=\"color:#c0c5ce;\">, -</span><span style=\"color:#d08770;\">1</span><span style=\"color:#c0c5ce;\">, </span><span style=\"color:#d08770;\">1</span><span style=\"color:#c0c5ce;\">)).</span><span style=\"color:#8fa1b3;\">LengthSqr</span><span style=\"color:#c0c5ce;\">();\n</span><span style=\"color:#c0c5ce;\">        </span><span style=\"color:#b48ead;\">if </span><span style=\"color:#c0c5ce;\">(dist2_temp &lt; min_dist2) {\n</span><span style=\"color:#c0c5ce;\">            min_point.</span><span style=\"color:#8fa1b3;\">Set</span><span style=\"color:#c0c5ce;\">(-</span><span style=\"color:#d08770;\">1</span><span style=\"color:#c0c5ce;\">, -</span><span style=\"color:#d08770;\">1</span><span style=\"color:#c0c5ce;\">, </span><span style=\"color:#d08770;\">1</span><span style=\"color:#c0c5ce;\">);\n</span><span style=\"color:#c0c5ce;\">            min_dist2 = dist2_temp;\n</span><span style=\"color:#c0c5ce;\">        }\n</span><span style=\"color:#c0c5ce;\">        \n</span><span style=\"color:#c0c5ce;\">        dist2_temp = (pos - </span><span style=\"color:#8fa1b3;\">Vec3f</span><span style=\"color:#c0c5ce;\">(</span><span style=\"color:#d08770;\">1</span><span style=\"color:#c0c5ce;\">, -</span><span style=\"color:#d08770;\">1</span><span style=\"color:#c0c5ce;\">, -</span><span style=\"color:#d08770;\">1</span><span style=\"color:#c0c5ce;\">)).</span><span style=\"color:#8fa1b3;\">LengthSqr</span><span style=\"color:#c0c5ce;\">();\n</span><span style=\"color:#c0c5ce;\">        </span><span style=\"color:#b48ead;\">if </span><span style=\"color:#c0c5ce;\">(dist2_temp &lt; min_dist2) {\n</span><span style=\"color:#c0c5ce;\">            min_point.</span><span style=\"color:#8fa1b3;\">Set</span><span style=\"color:#c0c5ce;\">(</span><span style=\"color:#d08770;\">1</span><span style=\"color:#c0c5ce;\">, -</span><span style=\"color:#d08770;\">1</span><span style=\"color:#c0c5ce;\">, -</span><span style=\"color:#d08770;\">1</span><span style=\"color:#c0c5ce;\">);\n</span><span style=\"color:#c0c5ce;\">            min_dist2 = dist2_temp;\n</span><span style=\"color:#c0c5ce;\">        }\n</span><span style=\"color:#c0c5ce;\">        \n</span><span style=\"color:#c0c5ce;\">        dist2_temp = (pos - </span><span style=\"color:#8fa1b3;\">Vec3f</span><span style=\"color:#c0c5ce;\">(-</span><span style=\"color:#d08770;\">1</span><span style=\"color:#c0c5ce;\">, </span><span style=\"color:#d08770;\">1</span><span style=\"color:#c0c5ce;\">, -</span><span style=\"color:#d08770;\">1</span><span style=\"color:#c0c5ce;\">)).</span><span style=\"color:#8fa1b3;\">LengthSqr</span><span style=\"color:#c0c5ce;\">();\n</span><span style=\"color:#c0c5ce;\">        </span><span style=\"color:#b48ead;\">if </span><span style=\"color:#c0c5ce;\">(dist2_temp &lt; min_dist2) {\n</span><span style=\"color:#c0c5ce;\">            min_point.</span><span style=\"color:#8fa1b3;\">Set</span><span style=\"color:#c0c5ce;\">(-</span><span style=\"color:#d08770;\">1</span><span style=\"color:#c0c5ce;\">, </span><span style=\"color:#d08770;\">1</span><span style=\"color:#c0c5ce;\">, -</span><span style=\"color:#d08770;\">1</span><span style=\"color:#c0c5ce;\">);\n</span><span style=\"color:#c0c5ce;\">            min_dist2 = dist2_temp;\n</span><span style=\"color:#c0c5ce;\">        }\n</span><span style=\"color:#c0c5ce;\">        \n</span><span style=\"color:#c0c5ce;\">        pos = </span><span style=\"color:#d08770;\">2 </span><span style=\"color:#c0c5ce;\">* pos - min_point;\n</span><span style=\"color:#c0c5ce;\">    }\n</span><span style=\"color:#c0c5ce;\">    \n</span><span style=\"color:#c0c5ce;\">    </span><span style=\"color:#b48ead;\">return</span><span style=\"color:#c0c5ce;\"> pos.</span><span style=\"color:#8fa1b3;\">Length</span><span style=\"color:#c0c5ce;\">() * </span><span style=\"color:#8fa1b3;\">std::</span><span style=\"color:#96b5b4;\">exp2</span><span style=\"color:#c0c5ce;\">(-iteration);\n</span><span style=\"color:#c0c5ce;\">}\n</span>\n</code></pre>\n<p>因为这样得到是到四面体中心的距离，当重复次数较多时还好，重复次数较少时只会得到一个个孤立的点，看不出一个完整的连续的形状，我对其做了一个小的修改：最后不取到中心的距离，而是取到小四面体的包围球的距离，即把最后一行改为：</p>\n<pre style=\"background-color:#2b303b;\"><code class=\"language-c++\">\n<span style=\"color:#b48ead;\">return </span><span style=\"color:#c0c5ce;\">(pos.</span><span style=\"color:#8fa1b3;\">Length</span><span style=\"color:#c0c5ce;\">() - </span><span style=\"color:#8fa1b3;\">std::</span><span style=\"color:#96b5b4;\">sqrt</span><span style=\"color:#c0c5ce;\">(</span><span style=\"color:#d08770;\">3.0f</span><span style=\"color:#c0c5ce;\">)) * </span><span style=\"color:#8fa1b3;\">std::</span><span style=\"color:#96b5b4;\">exp2</span><span style=\"color:#c0c5ce;\">(-iteration);\n</span>\n</code></pre>\n<p>这样，我们就可以绘制 Sierpinski 四面体了。下图是迭代次数从 0 到 6 的绘制结果。</p>\n<p><img src=\"https://i.loli.net/2021/03/20/7HmYJRL1h4pPfDE.png\" alt=\"deifs_02_sierpinski.png\" /></p>\n<p>图中也可以看到，就算使用到包围球距离，效果也不是特别的好（但比起不连续的点要好多了），效果最好的应该是直接计算到四面体的距离，但毕竟算到球体的距离要简单很多。</p>\n<h3><a href=\"#利用对称性\" aria-hidden=\"true\" class=\"anchor\" id=\"利用对称性\"></a>利用对称性</h3>\n<p>在以上的算法中，我们一次迭代需要计算 4 次点积（向量模长的平方），考虑到 Sierpinski 四面体的对称性，我们还可以做得更快一些。下图是原文中的一张图，描绘了 Sierpinski 四面体的对称性。</p>\n<p><img src=\"http://blog.hvidtfeldts.net/media/illu.png\" alt=\"\" /></p>\n<p>我们的目标是，利用对称性，把各种情况都转化为与 <span class=\"katex\"><span class=\"katex-mathml\"><math xmlns=\"http://www.w3.org/1998/Math/MathML\"><semantics><mrow><mo stretchy=\"false\">(</mo><mn>1</mn><mo separator=\"true\">,</mo><mn>1</mn><mo separator=\"true\">,</mo><mn>1</mn><mo stretchy=\"false\">)</mo></mrow><annotation encoding=\"application/x-tex\">(1, 1, 1)</annotation></semantics></math></span><span class=\"katex-html\" aria-hidden=\"true\"><span class=\"base\"><span class=\"strut\" style=\"height:1em;vertical-align:-0.25em;\"></span><span class=\"mopen\">(</span><span class=\"mord\">1</span><span class=\"mpunct\">,</span><span class=\"mspace\" style=\"margin-right:0.1667em;\"></span><span class=\"mord\">1</span><span class=\"mpunct\">,</span><span class=\"mspace\" style=\"margin-right:0.1667em;\"></span><span class=\"mord\">1</span><span class=\"mclose\">)</span></span></span></span> 这个顶点计算，假设上图中上侧的红色顶点就是 <span class=\"katex\"><span class=\"katex-mathml\"><math xmlns=\"http://www.w3.org/1998/Math/MathML\"><semantics><mrow><mo stretchy=\"false\">(</mo><mn>1</mn><mo separator=\"true\">,</mo><mn>1</mn><mo separator=\"true\">,</mo><mn>1</mn><mo stretchy=\"false\">)</mo></mrow><annotation encoding=\"application/x-tex\">(1, 1, 1)</annotation></semantics></math></span><span class=\"katex-html\" aria-hidden=\"true\"><span class=\"base\"><span class=\"strut\" style=\"height:1em;vertical-align:-0.25em;\"></span><span class=\"mopen\">(</span><span class=\"mord\">1</span><span class=\"mpunct\">,</span><span class=\"mspace\" style=\"margin-right:0.1667em;\"></span><span class=\"mord\">1</span><span class=\"mpunct\">,</span><span class=\"mspace\" style=\"margin-right:0.1667em;\"></span><span class=\"mord\">1</span><span class=\"mclose\">)</span></span></span></span>，如果询问点在白色区域，那无需做任何操作。如果询问点在红色镜子的另一侧（图中的红色部分即青色部分，以及看不见的背面的这两个部分），将其沿红色镜子对称过去，蓝色镜子与绿色镜子同理。这三面镜子的平面方程都比较特殊，分别是 <span class=\"katex\"><span class=\"katex-mathml\"><math xmlns=\"http://www.w3.org/1998/Math/MathML\"><semantics><mrow><mi>x</mi><mo>+</mo><mi>y</mi><mo>=</mo><mn>0</mn></mrow><annotation encoding=\"application/x-tex\">x + y = 0</annotation></semantics></math></span><span class=\"katex-html\" aria-hidden=\"true\"><span class=\"base\"><span class=\"strut\" style=\"height:0.6667em;vertical-align:-0.0833em;\"></span><span class=\"mord mathnormal\">x</span><span class=\"mspace\" style=\"margin-right:0.2222em;\"></span><span class=\"mbin\">+</span><span class=\"mspace\" style=\"margin-right:0.2222em;\"></span></span><span class=\"base\"><span class=\"strut\" style=\"height:0.625em;vertical-align:-0.1944em;\"></span><span class=\"mord mathnormal\" style=\"margin-right:0.03588em;\">y</span><span class=\"mspace\" style=\"margin-right:0.2778em;\"></span><span class=\"mrel\">=</span><span class=\"mspace\" style=\"margin-right:0.2778em;\"></span></span><span class=\"base\"><span class=\"strut\" style=\"height:0.6444em;\"></span><span class=\"mord\">0</span></span></span></span>、<span class=\"katex\"><span class=\"katex-mathml\"><math xmlns=\"http://www.w3.org/1998/Math/MathML\"><semantics><mrow><mi>y</mi><mo>+</mo><mi>z</mi><mo>=</mo><mn>0</mn></mrow><annotation encoding=\"application/x-tex\">y + z = 0</annotation></semantics></math></span><span class=\"katex-html\" aria-hidden=\"true\"><span class=\"base\"><span class=\"strut\" style=\"height:0.7778em;vertical-align:-0.1944em;\"></span><span class=\"mord mathnormal\" style=\"margin-right:0.03588em;\">y</span><span class=\"mspace\" style=\"margin-right:0.2222em;\"></span><span class=\"mbin\">+</span><span class=\"mspace\" style=\"margin-right:0.2222em;\"></span></span><span class=\"base\"><span class=\"strut\" style=\"height:0.4306em;\"></span><span class=\"mord mathnormal\" style=\"margin-right:0.04398em;\">z</span><span class=\"mspace\" style=\"margin-right:0.2778em;\"></span><span class=\"mrel\">=</span><span class=\"mspace\" style=\"margin-right:0.2778em;\"></span></span><span class=\"base\"><span class=\"strut\" style=\"height:0.6444em;\"></span><span class=\"mord\">0</span></span></span></span>、<span class=\"katex\"><span class=\"katex-mathml\"><math xmlns=\"http://www.w3.org/1998/Math/MathML\"><semantics><mrow><mi>z</mi><mo>+</mo><mi>x</mi><mo>=</mo><mn>0</mn></mrow><annotation encoding=\"application/x-tex\">z + x = 0</annotation></semantics></math></span><span class=\"katex-html\" aria-hidden=\"true\"><span class=\"base\"><span class=\"strut\" style=\"height:0.6667em;vertical-align:-0.0833em;\"></span><span class=\"mord mathnormal\" style=\"margin-right:0.04398em;\">z</span><span class=\"mspace\" style=\"margin-right:0.2222em;\"></span><span class=\"mbin\">+</span><span class=\"mspace\" style=\"margin-right:0.2222em;\"></span></span><span class=\"base\"><span class=\"strut\" style=\"height:0.4306em;\"></span><span class=\"mord mathnormal\">x</span><span class=\"mspace\" style=\"margin-right:0.2778em;\"></span><span class=\"mrel\">=</span><span class=\"mspace\" style=\"margin-right:0.2778em;\"></span></span><span class=\"base\"><span class=\"strut\" style=\"height:0.6444em;\"></span><span class=\"mord\">0</span></span></span></span>，这使得沿平面做对称的操作变得十分简单。于是，利用对称性优化后的 DE 就是：</p>\n<pre style=\"background-color:#2b303b;\"><code class=\"language-c++\">\n<span style=\"color:#b48ead;\">float </span><span style=\"color:#8fa1b3;\">SierpinskiTetrahedron::DistanceEstimate</span><span style=\"color:#c0c5ce;\">(Vec3f </span><span style=\"color:#bf616a;\">pos</span><span style=\"color:#c0c5ce;\">) </span><span style=\"color:#b48ead;\">const </span><span style=\"color:#c0c5ce;\">{\n</span><span style=\"color:#c0c5ce;\">    </span><span style=\"color:#b48ead;\">for </span><span style=\"color:#c0c5ce;\">(</span><span style=\"color:#b48ead;\">int</span><span style=\"color:#c0c5ce;\"> i = </span><span style=\"color:#d08770;\">0</span><span style=\"color:#c0c5ce;\">; i &lt; iteration; i++) {\n</span><span style=\"color:#c0c5ce;\">        </span><span style=\"color:#b48ead;\">if </span><span style=\"color:#c0c5ce;\">(pos.</span><span style=\"color:#8fa1b3;\">x</span><span style=\"color:#c0c5ce;\">() + pos.</span><span style=\"color:#8fa1b3;\">y</span><span style=\"color:#c0c5ce;\">() &lt; </span><span style=\"color:#d08770;\">0</span><span style=\"color:#c0c5ce;\">) {\n</span><span style=\"color:#c0c5ce;\">            pos.</span><span style=\"color:#8fa1b3;\">Set</span><span style=\"color:#c0c5ce;\">(-pos.</span><span style=\"color:#8fa1b3;\">y</span><span style=\"color:#c0c5ce;\">(), -pos.</span><span style=\"color:#8fa1b3;\">x</span><span style=\"color:#c0c5ce;\">(), pos.</span><span style=\"color:#8fa1b3;\">z</span><span style=\"color:#c0c5ce;\">());\n</span><span style=\"color:#c0c5ce;\">        }\n</span><span style=\"color:#c0c5ce;\">        </span><span style=\"color:#b48ead;\">if </span><span style=\"color:#c0c5ce;\">(pos.</span><span style=\"color:#8fa1b3;\">y</span><span style=\"color:#c0c5ce;\">() + pos.</span><span style=\"color:#8fa1b3;\">z</span><span style=\"color:#c0c5ce;\">() &lt; </span><span style=\"color:#d08770;\">0</span><span style=\"color:#c0c5ce;\">) {\n</span><span style=\"color:#c0c5ce;\">            pos.</span><span style=\"color:#8fa1b3;\">Set</span><span style=\"color:#c0c5ce;\">(pos.</span><span style=\"color:#8fa1b3;\">x</span><span style=\"color:#c0c5ce;\">(), -pos.</span><span style=\"color:#8fa1b3;\">z</span><span style=\"color:#c0c5ce;\">(), -pos.</span><span style=\"color:#8fa1b3;\">y</span><span style=\"color:#c0c5ce;\">());\n</span><span style=\"color:#c0c5ce;\">        }\n</span><span style=\"color:#c0c5ce;\">        </span><span style=\"color:#b48ead;\">if </span><span style=\"color:#c0c5ce;\">(pos.</span><span style=\"color:#8fa1b3;\">z</span><span style=\"color:#c0c5ce;\">() + pos.</span><span style=\"color:#8fa1b3;\">x</span><span style=\"color:#c0c5ce;\">() &lt; </span><span style=\"color:#d08770;\">0</span><span style=\"color:#c0c5ce;\">) {\n</span><span style=\"color:#c0c5ce;\">            pos.</span><span style=\"color:#8fa1b3;\">Set</span><span style=\"color:#c0c5ce;\">(-pos.</span><span style=\"color:#8fa1b3;\">z</span><span style=\"color:#c0c5ce;\">(), pos.</span><span style=\"color:#8fa1b3;\">y</span><span style=\"color:#c0c5ce;\">(), -pos.</span><span style=\"color:#8fa1b3;\">x</span><span style=\"color:#c0c5ce;\">());\n</span><span style=\"color:#c0c5ce;\">        }\n</span><span style=\"color:#c0c5ce;\">\n</span><span style=\"color:#c0c5ce;\">        pos = </span><span style=\"color:#d08770;\">2.0f </span><span style=\"color:#c0c5ce;\">* pos - </span><span style=\"color:#8fa1b3;\">Vec3f</span><span style=\"color:#c0c5ce;\">(</span><span style=\"color:#d08770;\">1</span><span style=\"color:#c0c5ce;\">, </span><span style=\"color:#d08770;\">1</span><span style=\"color:#c0c5ce;\">, </span><span style=\"color:#d08770;\">1</span><span style=\"color:#c0c5ce;\">);\n</span><span style=\"color:#c0c5ce;\">    }\n</span><span style=\"color:#c0c5ce;\">\n</span><span style=\"color:#c0c5ce;\">    </span><span style=\"color:#b48ead;\">return </span><span style=\"color:#c0c5ce;\">(pos.</span><span style=\"color:#8fa1b3;\">Length</span><span style=\"color:#c0c5ce;\">() - SQRT_3) * </span><span style=\"color:#8fa1b3;\">std::</span><span style=\"color:#96b5b4;\">exp2</span><span style=\"color:#c0c5ce;\">(-iteration);\n</span><span style=\"color:#c0c5ce;\">}\n</span>\n</code></pre>\n<p>此处再放上一张本人渲染的尺寸大一些、带上阴影的 Sierpinski 四面体：</p>\n<p><img src=\"https://i.loli.net/2021/03/20/YNDcRKtufWh9JTs.png\" alt=\"deifs_03_sierpinski.png\" /></p>\n<h2><a href=\"#cantor-立方体的绘制\" aria-hidden=\"true\" class=\"anchor\" id=\"cantor-立方体的绘制\"></a>Cantor 立方体的绘制</h2>\n<p>现在我们已经知道了 Sierpinski 四面体的构造方法，现在我们再尝试写一个简单的分形的 DE。</p>\n<p>下图是网络上一张 Cantor 立方体的图片。观察其构造方法：把一个正方体按 <span class=\"katex\"><span class=\"katex-mathml\"><math xmlns=\"http://www.w3.org/1998/Math/MathML\"><semantics><mrow><mn>3</mn><mo>×</mo><mn>3</mn><mo>×</mo><mn>3</mn></mrow><annotation encoding=\"application/x-tex\">3 \\times 3 \\times 3</annotation></semantics></math></span><span class=\"katex-html\" aria-hidden=\"true\"><span class=\"base\"><span class=\"strut\" style=\"height:0.7278em;vertical-align:-0.0833em;\"></span><span class=\"mord\">3</span><span class=\"mspace\" style=\"margin-right:0.2222em;\"></span><span class=\"mbin\">×</span><span class=\"mspace\" style=\"margin-right:0.2222em;\"></span></span><span class=\"base\"><span class=\"strut\" style=\"height:0.7278em;vertical-align:-0.0833em;\"></span><span class=\"mord\">3</span><span class=\"mspace\" style=\"margin-right:0.2222em;\"></span><span class=\"mbin\">×</span><span class=\"mspace\" style=\"margin-right:0.2222em;\"></span></span><span class=\"base\"><span class=\"strut\" style=\"height:0.6444em;\"></span><span class=\"mord\">3</span></span></span></span> 切开，保留 8 个角落处的小正方体，反复操作多次可以得到这样的形状。</p>\n<p><img src=\"http://blogs.ams.org/visualinsight/files/2013/11/cantors_cube.jpg\" alt=\"\" /></p>\n<p>这次我们直接利用对称性写 DE。假设原始的正方体就是一个中心在原点、边长为 2 的正方体，那么 3 个对称平面就是 <span class=\"katex\"><span class=\"katex-mathml\"><math xmlns=\"http://www.w3.org/1998/Math/MathML\"><semantics><mrow><mi>x</mi><mo>=</mo><mn>0</mn></mrow><annotation encoding=\"application/x-tex\">x = 0</annotation></semantics></math></span><span class=\"katex-html\" aria-hidden=\"true\"><span class=\"base\"><span class=\"strut\" style=\"height:0.4306em;\"></span><span class=\"mord mathnormal\">x</span><span class=\"mspace\" style=\"margin-right:0.2778em;\"></span><span class=\"mrel\">=</span><span class=\"mspace\" style=\"margin-right:0.2778em;\"></span></span><span class=\"base\"><span class=\"strut\" style=\"height:0.6444em;\"></span><span class=\"mord\">0</span></span></span></span>、<span class=\"katex\"><span class=\"katex-mathml\"><math xmlns=\"http://www.w3.org/1998/Math/MathML\"><semantics><mrow><mi>y</mi><mo>=</mo><mn>0</mn></mrow><annotation encoding=\"application/x-tex\">y = 0</annotation></semantics></math></span><span class=\"katex-html\" aria-hidden=\"true\"><span class=\"base\"><span class=\"strut\" style=\"height:0.625em;vertical-align:-0.1944em;\"></span><span class=\"mord mathnormal\" style=\"margin-right:0.03588em;\">y</span><span class=\"mspace\" style=\"margin-right:0.2778em;\"></span><span class=\"mrel\">=</span><span class=\"mspace\" style=\"margin-right:0.2778em;\"></span></span><span class=\"base\"><span class=\"strut\" style=\"height:0.6444em;\"></span><span class=\"mord\">0</span></span></span></span>、<span class=\"katex\"><span class=\"katex-mathml\"><math xmlns=\"http://www.w3.org/1998/Math/MathML\"><semantics><mrow><mi>z</mi><mo>=</mo><mn>0</mn></mrow><annotation encoding=\"application/x-tex\">z = 0</annotation></semantics></math></span><span class=\"katex-html\" aria-hidden=\"true\"><span class=\"base\"><span class=\"strut\" style=\"height:0.4306em;\"></span><span class=\"mord mathnormal\" style=\"margin-right:0.04398em;\">z</span><span class=\"mspace\" style=\"margin-right:0.2778em;\"></span><span class=\"mrel\">=</span><span class=\"mspace\" style=\"margin-right:0.2778em;\"></span></span><span class=\"base\"><span class=\"strut\" style=\"height:0.6444em;\"></span><span class=\"mord\">0</span></span></span></span>，我们将 8 个小正方体都对称到 <span class=\"katex\"><span class=\"katex-mathml\"><math xmlns=\"http://www.w3.org/1998/Math/MathML\"><semantics><mrow><mo stretchy=\"false\">(</mo><mn>1</mn><mo separator=\"true\">,</mo><mn>1</mn><mo separator=\"true\">,</mo><mn>1</mn><mo stretchy=\"false\">)</mo></mrow><annotation encoding=\"application/x-tex\">(1, 1, 1)</annotation></semantics></math></span><span class=\"katex-html\" aria-hidden=\"true\"><span class=\"base\"><span class=\"strut\" style=\"height:1em;vertical-align:-0.25em;\"></span><span class=\"mopen\">(</span><span class=\"mord\">1</span><span class=\"mpunct\">,</span><span class=\"mspace\" style=\"margin-right:0.1667em;\"></span><span class=\"mord\">1</span><span class=\"mpunct\">,</span><span class=\"mspace\" style=\"margin-right:0.1667em;\"></span><span class=\"mord\">1</span><span class=\"mclose\">)</span></span></span></span> 顶点这边的这个小正方体上，再类比写出反向操作一步的变换式，就可以得出以下的 DE：</p>\n<pre style=\"background-color:#2b303b;\"><code class=\"language-c++\">\n<span style=\"color:#b48ead;\">float </span><span style=\"color:#8fa1b3;\">CantorCube::DistanceEstimate</span><span style=\"color:#c0c5ce;\">(Vec3f </span><span style=\"color:#bf616a;\">pos</span><span style=\"color:#c0c5ce;\">) </span><span style=\"color:#b48ead;\">const </span><span style=\"color:#c0c5ce;\">{\n</span><span style=\"color:#c0c5ce;\">    </span><span style=\"color:#b48ead;\">for </span><span style=\"color:#c0c5ce;\">(</span><span style=\"color:#b48ead;\">int</span><span style=\"color:#c0c5ce;\"> i = </span><span style=\"color:#d08770;\">0</span><span style=\"color:#c0c5ce;\">; i &lt; iteration; i++) {\n</span><span style=\"color:#c0c5ce;\">        </span><span style=\"color:#b48ead;\">if </span><span style=\"color:#c0c5ce;\">(pos.</span><span style=\"color:#8fa1b3;\">x</span><span style=\"color:#c0c5ce;\">() &lt; </span><span style=\"color:#d08770;\">0</span><span style=\"color:#c0c5ce;\">) {\n</span><span style=\"color:#c0c5ce;\">            pos.</span><span style=\"color:#8fa1b3;\">Set</span><span style=\"color:#c0c5ce;\">(-pos.</span><span style=\"color:#8fa1b3;\">x</span><span style=\"color:#c0c5ce;\">(), pos.</span><span style=\"color:#8fa1b3;\">y</span><span style=\"color:#c0c5ce;\">(), pos.</span><span style=\"color:#8fa1b3;\">z</span><span style=\"color:#c0c5ce;\">());\n</span><span style=\"color:#c0c5ce;\">        }\n</span><span style=\"color:#c0c5ce;\">        </span><span style=\"color:#b48ead;\">if </span><span style=\"color:#c0c5ce;\">(pos.</span><span style=\"color:#8fa1b3;\">y</span><span style=\"color:#c0c5ce;\">() &lt; </span><span style=\"color:#d08770;\">0</span><span style=\"color:#c0c5ce;\">) {\n</span><span style=\"color:#c0c5ce;\">            pos.</span><span style=\"color:#8fa1b3;\">Set</span><span style=\"color:#c0c5ce;\">(pos.</span><span style=\"color:#8fa1b3;\">x</span><span style=\"color:#c0c5ce;\">(), -pos.</span><span style=\"color:#8fa1b3;\">y</span><span style=\"color:#c0c5ce;\">(), pos.</span><span style=\"color:#8fa1b3;\">z</span><span style=\"color:#c0c5ce;\">());\n</span><span style=\"color:#c0c5ce;\">        }\n</span><span style=\"color:#c0c5ce;\">        </span><span style=\"color:#b48ead;\">if </span><span style=\"color:#c0c5ce;\">(pos.</span><span style=\"color:#8fa1b3;\">z</span><span style=\"color:#c0c5ce;\">() &lt; </span><span style=\"color:#d08770;\">0</span><span style=\"color:#c0c5ce;\">) {\n</span><span style=\"color:#c0c5ce;\">            pos.</span><span style=\"color:#8fa1b3;\">Set</span><span style=\"color:#c0c5ce;\">(pos.</span><span style=\"color:#8fa1b3;\">x</span><span style=\"color:#c0c5ce;\">(), pos.</span><span style=\"color:#8fa1b3;\">y</span><span style=\"color:#c0c5ce;\">(), -pos.</span><span style=\"color:#8fa1b3;\">z</span><span style=\"color:#c0c5ce;\">());\n</span><span style=\"color:#c0c5ce;\">        }\n</span><span style=\"color:#c0c5ce;\">\n</span><span style=\"color:#c0c5ce;\">        pos = </span><span style=\"color:#d08770;\">3.0f </span><span style=\"color:#c0c5ce;\">* pos - </span><span style=\"color:#d08770;\">2.0f </span><span style=\"color:#c0c5ce;\">* </span><span style=\"color:#8fa1b3;\">Vec3f</span><span style=\"color:#c0c5ce;\">(</span><span style=\"color:#d08770;\">1</span><span style=\"color:#c0c5ce;\">, </span><span style=\"color:#d08770;\">1</span><span style=\"color:#c0c5ce;\">, </span><span style=\"color:#d08770;\">1</span><span style=\"color:#c0c5ce;\">);\n</span><span style=\"color:#c0c5ce;\">    }\n</span><span style=\"color:#c0c5ce;\">\n</span><span style=\"color:#c0c5ce;\">    </span><span style=\"color:#b48ead;\">return </span><span style=\"color:#c0c5ce;\">(pos.</span><span style=\"color:#8fa1b3;\">Length</span><span style=\"color:#c0c5ce;\">() - SQRT_3) * </span><span style=\"color:#8fa1b3;\">std::</span><span style=\"color:#96b5b4;\">pow</span><span style=\"color:#c0c5ce;\">(</span><span style=\"color:#d08770;\">3.0f</span><span style=\"color:#c0c5ce;\">, -iteration);\n</span><span style=\"color:#c0c5ce;\">}\n</span>\n</code></pre>\n<p>下图是迭代次数从 0 到 5 的绘制结果。（相比 Sierpinski 四面体的场景，多打了一个水平向前的定向灯）</p>\n<p><img src=\"https://i.loli.net/2021/03/20/iDeCBwVjIAz8fQJ.png\" alt=\"deifs_04_cantor.png\" /></p>\n<p>在最后的一张图中，立方体的远处就像是溶解了一般，是因为 <code>Intersect()</code> 中步进的次数设置的小了一点。</p>\n<p>同样的，我也渲染了一张大一点的、有阴影的 Cantor 立方体</p>\n<p><img src=\"https://i.loli.net/2021/03/20/wa8D5O4oBdJxlcG.png\" alt=\"deifs_05_cantor.png\" /></p>\n<h2><a href=\"#任意-3d-ifs-的绘制\" aria-hidden=\"true\" class=\"anchor\" id=\"任意-3d-ifs-的绘制\"></a>任意 3D IFS 的绘制</h2>\n<h3><a href=\"#ifs\" aria-hidden=\"true\" class=\"anchor\" id=\"ifs\"></a>IFS</h3>\n<p>绘制过 Sierpinski 四面体与 Cantor 立方体后，我们已经掌握了 3D 分形绘制的基本方法了，但是，我们显然不可能为每一种可能的分形都创建一个子类出来，更何况有一些分形的 DE 并不是那么容易手推出来。</p>\n<p>迭代函数系统（Iterated Function System，IFS）是一种构成分形的方法。简单来说，它用若干变化矩阵来描述分形的构成方式，就像是把我们在介绍 Sierpinski 四面体与 Cantor 立方体时用自然语言描述的构造方法形式化地表示了出来一样。比如说 Sierpinski 四面体，它的构造方法可以用以下这样四个矩阵表示：</p>\n<p class='katex-block'>\n\\begin{pmatrix}\n0.5 & 0 & 0 & 0.5 \\\\\n0 & 0.5 & 0 & 0.5 \\\\\n0 & 0 & 0.5 & 0.5 \\\\\n0 & 0 & 0 & 1 \\\\\n\\end{pmatrix}\n\\begin{pmatrix}\n0.5 & 0 & 0 & -0.5 \\\\\n0 & 0.5 & 0 & -0.5 \\\\\n0 & 0 & 0.5 & 0.5 \\\\\n0 & 0 & 0 & 1 \\\\\n\\end{pmatrix}\n\\begin{pmatrix}\n0.5 & 0 & 0 & 0.5 \\\\\n0 & 0.5 & 0 & -0.5 \\\\\n0 & 0 & 0.5 & -0.5 \\\\\n0 & 0 & 0 & 1 \\\\\n\\end{pmatrix}\n\\begin{pmatrix}\n0.5 & 0 & 0 & -0.5 \\\\\n0 & 0.5 & 0 & 0.5 \\\\\n0 & 0 & 0.5 & -0.5 \\\\\n0 & 0 & 0 & 1 \\\\\n\\end{pmatrix}\n</p>\n（我们假设初始几何体的中心在坐标原点）\n<h3><a href=\"#de-的计算\" aria-hidden=\"true\" class=\"anchor\" id=\"de-的计算\"></a>DE 的计算</h3>\n<p>所以我们可以如此定义一个 <code>Ifs3D</code> 的子类：</p>\n<pre style=\"background-color:#2b303b;\"><code class=\"language-c++\">\n<span style=\"color:#b48ead;\">class </span><span style=\"color:#ebcb8b;\">Ifs3D </span><span style=\"color:#eff1f5;\">: </span><span style=\"color:#b48ead;\">public </span><span style=\"color:#a3be8c;\">Fractal </span><span style=\"color:#eff1f5;\">{\n</span><span style=\"color:#b48ead;\">public</span><span style=\"color:#eff1f5;\">:\n</span><span style=\"color:#eff1f5;\">    </span><span style=\"color:#8fa1b3;\">Ifs3D</span><span style=\"color:#eff1f5;\">(</span><span style=\"color:#b48ead;\">int </span><span style=\"color:#bf616a;\">iteration</span><span style=\"color:#eff1f5;\">, </span><span style=\"color:#b48ead;\">float </span><span style=\"color:#bf616a;\">radius</span><span style=\"color:#eff1f5;\">, </span><span style=\"color:#b48ead;\">const</span><span style=\"color:#eff1f5;\"> std::vector&lt;Matrix&gt; </span><span style=\"color:#c0c5ce;\">&amp;</span><span style=\"color:#bf616a;\">transforms</span><span style=\"color:#eff1f5;\">, Material </span><span style=\"color:#c0c5ce;\">*</span><span style=\"color:#bf616a;\">material</span><span style=\"color:#eff1f5;\">);\n</span><span style=\"color:#eff1f5;\">\n</span><span style=\"color:#eff1f5;\">    </span><span style=\"color:#b48ead;\">virtual float </span><span style=\"color:#8fa1b3;\">DistanceEstimate</span><span style=\"color:#eff1f5;\">(Vec3f </span><span style=\"color:#bf616a;\">pos</span><span style=\"color:#eff1f5;\">) </span><span style=\"color:#b48ead;\">const override</span><span style=\"color:#eff1f5;\">;\n</span><span style=\"color:#eff1f5;\">\n</span><span style=\"color:#b48ead;\">private</span><span style=\"color:#eff1f5;\">:\n</span><span style=\"color:#eff1f5;\">    </span><span style=\"color:#b48ead;\">int</span><span style=\"color:#eff1f5;\"> iteration;\n</span><span style=\"color:#eff1f5;\">    </span><span style=\"color:#b48ead;\">float</span><span style=\"color:#eff1f5;\"> radius;\n</span><span style=\"color:#eff1f5;\">    std::vector&lt;Matrix&gt; transforms;\n</span><span style=\"color:#eff1f5;\">    std::vector&lt;Matrix&gt; inv_transforms;\n</span><span style=\"color:#eff1f5;\">}</span><span style=\"color:#c0c5ce;\">;\n</span>\n</code></pre>\n<p>因为是任意的 3D 分形，所以我们不再能利用对称性，又回到了一开始计算 Sierpinski 四面体 DE 的方法上，每一次迭代，其步骤可以大致概括为：</p>\n<ul>\n<li>对于一次分形构造产生的几个小几何体，计算出距离，找到最近的一个</li>\n<li>对找到的小几何体和询问点反向做一次操作</li>\n</ul>\n<p>在第一步中，有两点需要注意：</p>\n<ul>\n<li>在之前两个分形的绘制中，我们计算的是和顶点之间的距离，只是因为它们产生的小几何体正好一个顶点一个。要推广的话，要计算的应该是变换后的小几何体中心（即变换后的原点）之间的距离</li>\n<li>找最近的小几何体时，我们想找的不一定是在当前空间中最近的一个，而是假设这个小几何体就是最近的，反向做一次操作后，询问点到原点（小几何体中心）的距离最近的一个。区别在于，如果几个变换矩阵的缩放系数不同，比如一个缩小为 0.8 而另一个缩小为 0.2，在这两个变换矩阵对应得到的小几何体中心的连线上，有八成的部分应该属于 0.8 这边的小几何体，只有剩下二成属于 0.2 这边的小几何体。对询问点做一次相应的逆变换可以解决这个问题</li>\n</ul>\n<p>在原来的代码中，我们最后使用了最后得到询问点的模长除以了 <span class=\"katex\"><span class=\"katex-mathml\"><math xmlns=\"http://www.w3.org/1998/Math/MathML\"><semantics><mrow><msup><mn>2</mn><mi>n</mi></msup></mrow><annotation encoding=\"application/x-tex\">2^n</annotation></semantics></math></span><span class=\"katex-html\" aria-hidden=\"true\"><span class=\"base\"><span class=\"strut\" style=\"height:0.6644em;\"></span><span class=\"mord\"><span class=\"mord\">2</span><span class=\"msupsub\"><span class=\"vlist-t\"><span class=\"vlist-r\"><span class=\"vlist\" style=\"height:0.6644em;\"><span style=\"top:-3.063em;margin-right:0.05em;\"><span class=\"pstrut\" style=\"height:2.7em;\"></span><span class=\"sizing reset-size6 size3 mtight\"><span class=\"mord mathnormal mtight\">n</span></span></span></span></span></span></span></span></span></span></span> 或 <span class=\"katex\"><span class=\"katex-mathml\"><math xmlns=\"http://www.w3.org/1998/Math/MathML\"><semantics><mrow><msup><mn>3</mn><mi>n</mi></msup></mrow><annotation encoding=\"application/x-tex\">3^n</annotation></semantics></math></span><span class=\"katex-html\" aria-hidden=\"true\"><span class=\"base\"><span class=\"strut\" style=\"height:0.6644em;\"></span><span class=\"mord\"><span class=\"mord\">3</span><span class=\"msupsub\"><span class=\"vlist-t\"><span class=\"vlist-r\"><span class=\"vlist\" style=\"height:0.6644em;\"><span style=\"top:-3.063em;margin-right:0.05em;\"><span class=\"pstrut\" style=\"height:2.7em;\"></span><span class=\"sizing reset-size6 size3 mtight\"><span class=\"mord mathnormal mtight\">n</span></span></span></span></span></span></span></span></span></span></span>，2 和 3 是逆变换矩阵中的缩放系数，在这里，我们不同的变换矩阵可能缩放系数不同，甚至可能会是不均等缩放，所以我们不能简单地计算最终结果。我们原来的除法，其实相当于把几次迭代下来的逆变换，反向做了一遍正变换，形式化地说，我们原来是 <span class=\"katex\"><span class=\"katex-mathml\"><math xmlns=\"http://www.w3.org/1998/Math/MathML\"><semantics><mrow><msup><mi>p</mi><mo mathvariant=\"normal\" lspace=\"0em\" rspace=\"0em\">′</mo></msup><mo>=</mo><msubsup><mi>M</mi><mi>n</mi><mrow><mo>−</mo><mn>1</mn></mrow></msubsup><msubsup><mi>M</mi><mrow><mi>n</mi><mo>−</mo><mn>1</mn></mrow><mrow><mo>−</mo><mn>1</mn></mrow></msubsup><mo>⋯</mo><msubsup><mi>M</mi><mn>1</mn><mrow><mo>−</mo><mn>1</mn></mrow></msubsup><mi>p</mi></mrow><annotation encoding=\"application/x-tex\">p' = M^{-1}<em>n M^{-1}</em>{n - 1} \\cdots M^{-1}_1 p</annotation></semantics></math></span><span class=\"katex-html\" aria-hidden=\"true\"><span class=\"base\"><span class=\"strut\" style=\"height:0.9463em;vertical-align:-0.1944em;\"></span><span class=\"mord\"><span class=\"mord mathnormal\">p</span><span class=\"msupsub\"><span class=\"vlist-t\"><span class=\"vlist-r\"><span class=\"vlist\" style=\"height:0.7519em;\"><span style=\"top:-3.063em;margin-right:0.05em;\"><span class=\"pstrut\" style=\"height:2.7em;\"></span><span class=\"sizing reset-size6 size3 mtight\"><span class=\"mord mtight\"><span class=\"mord mtight\">′</span></span></span></span></span></span></span></span></span><span class=\"mspace\" style=\"margin-right:0.2778em;\"></span><span class=\"mrel\">=</span><span class=\"mspace\" style=\"margin-right:0.2778em;\"></span></span><span class=\"base\"><span class=\"strut\" style=\"height:1.1789em;vertical-align:-0.3246em;\"></span><span class=\"mord\"><span class=\"mord mathnormal\" style=\"margin-right:0.10903em;\">M</span><span class=\"msupsub\"><span class=\"vlist-t vlist-t2\"><span class=\"vlist-r\"><span class=\"vlist\" style=\"height:0.8141em;\"><span style=\"top:-2.453em;margin-left:-0.109em;margin-right:0.05em;\"><span class=\"pstrut\" style=\"height:2.7em;\"></span><span class=\"sizing reset-size6 size3 mtight\"><span class=\"mord mathnormal mtight\">n</span></span></span><span style=\"top:-3.063em;margin-right:0.05em;\"><span class=\"pstrut\" style=\"height:2.7em;\"></span><span class=\"sizing reset-size6 size3 mtight\"><span class=\"mord mtight\"><span class=\"mord mtight\">−</span><span class=\"mord mtight\">1</span></span></span></span></span><span class=\"vlist-s\">​</span></span><span class=\"vlist-r\"><span class=\"vlist\" style=\"height:0.247em;\"><span></span></span></span></span></span></span><span class=\"mord\"><span class=\"mord mathnormal\" style=\"margin-right:0.10903em;\">M</span><span class=\"msupsub\"><span class=\"vlist-t vlist-t2\"><span class=\"vlist-r\"><span class=\"vlist\" style=\"height:0.8542em;\"><span style=\"top:-2.4337em;margin-left:-0.109em;margin-right:0.05em;\"><span class=\"pstrut\" style=\"height:2.7em;\"></span><span class=\"sizing reset-size6 size3 mtight\"><span class=\"mord mtight\"><span class=\"mord mathnormal mtight\">n</span><span class=\"mbin mtight\">−</span><span class=\"mord mtight\">1</span></span></span></span><span style=\"top:-3.1031em;margin-right:0.05em;\"><span class=\"pstrut\" style=\"height:2.7em;\"></span><span class=\"sizing reset-size6 size3 mtight\"><span class=\"mord mtight\"><span class=\"mord mtight\">−</span><span class=\"mord mtight\">1</span></span></span></span></span><span class=\"vlist-s\">​</span></span><span class=\"vlist-r\"><span class=\"vlist\" style=\"height:0.3246em;\"><span></span></span></span></span></span></span><span class=\"mspace\" style=\"margin-right:0.1667em;\"></span><span class=\"minner\">⋯</span><span class=\"mspace\" style=\"margin-right:0.1667em;\"></span><span class=\"mord\"><span class=\"mord mathnormal\" style=\"margin-right:0.10903em;\">M</span><span class=\"msupsub\"><span class=\"vlist-t vlist-t2\"><span class=\"vlist-r\"><span class=\"vlist\" style=\"height:0.8542em;\"><span style=\"top:-2.4337em;margin-left:-0.109em;margin-right:0.05em;\"><span class=\"pstrut\" style=\"height:2.7em;\"></span><span class=\"sizing reset-size6 size3 mtight\"><span class=\"mord mtight\">1</span></span></span><span style=\"top:-3.1031em;margin-right:0.05em;\"><span class=\"pstrut\" style=\"height:2.7em;\"></span><span class=\"sizing reset-size6 size3 mtight\"><span class=\"mord mtight\"><span class=\"mord mtight\">−</span><span class=\"mord mtight\">1</span></span></span></span></span><span class=\"vlist-s\">​</span></span><span class=\"vlist-r\"><span class=\"vlist\" style=\"height:0.2663em;\"><span></span></span></span></span></span></span><span class=\"mord mathnormal\">p</span></span></span></span>，得到在最后一个小几何体相对空间下的坐标，反过来就是 <span class=\"katex\"><span class=\"katex-mathml\"><math xmlns=\"http://www.w3.org/1998/Math/MathML\"><semantics><mrow><mi>p</mi><mo>=</mo><msub><mi>M</mi><mn>1</mn></msub><msub><mi>M</mi><mn>2</mn></msub><mo>⋯</mo><msub><mi>M</mi><mi>n</mi></msub><msup><mi>p</mi><mo mathvariant=\"normal\" lspace=\"0em\" rspace=\"0em\">′</mo></msup></mrow><annotation encoding=\"application/x-tex\">p = M_1 M_2 \\cdots M_n p'</annotation></semantics></math></span><span class=\"katex-html\" aria-hidden=\"true\"><span class=\"base\"><span class=\"strut\" style=\"height:0.625em;vertical-align:-0.1944em;\"></span><span class=\"mord mathnormal\">p</span><span class=\"mspace\" style=\"margin-right:0.2778em;\"></span><span class=\"mrel\">=</span><span class=\"mspace\" style=\"margin-right:0.2778em;\"></span></span><span class=\"base\"><span class=\"strut\" style=\"height:0.9463em;vertical-align:-0.1944em;\"></span><span class=\"mord\"><span class=\"mord mathnormal\" style=\"margin-right:0.10903em;\">M</span><span class=\"msupsub\"><span class=\"vlist-t vlist-t2\"><span class=\"vlist-r\"><span class=\"vlist\" style=\"height:0.3011em;\"><span style=\"top:-2.55em;margin-left:-0.109em;margin-right:0.05em;\"><span class=\"pstrut\" style=\"height:2.7em;\"></span><span class=\"sizing reset-size6 size3 mtight\"><span class=\"mord mtight\">1</span></span></span></span><span class=\"vlist-s\">​</span></span><span class=\"vlist-r\"><span class=\"vlist\" style=\"height:0.15em;\"><span></span></span></span></span></span></span><span class=\"mord\"><span class=\"mord mathnormal\" style=\"margin-right:0.10903em;\">M</span><span class=\"msupsub\"><span class=\"vlist-t vlist-t2\"><span class=\"vlist-r\"><span class=\"vlist\" style=\"height:0.3011em;\"><span style=\"top:-2.55em;margin-left:-0.109em;margin-right:0.05em;\"><span class=\"pstrut\" style=\"height:2.7em;\"></span><span class=\"sizing reset-size6 size3 mtight\"><span class=\"mord mtight\">2</span></span></span></span><span class=\"vlist-s\">​</span></span><span class=\"vlist-r\"><span class=\"vlist\" style=\"height:0.15em;\"><span></span></span></span></span></span></span><span class=\"mspace\" style=\"margin-right:0.1667em;\"></span><span class=\"minner\">⋯</span><span class=\"mspace\" style=\"margin-right:0.1667em;\"></span><span class=\"mord\"><span class=\"mord mathnormal\" style=\"margin-right:0.10903em;\">M</span><span class=\"msupsub\"><span class=\"vlist-t vlist-t2\"><span class=\"vlist-r\"><span class=\"vlist\" style=\"height:0.1514em;\"><span style=\"top:-2.55em;margin-left:-0.109em;margin-right:0.05em;\"><span class=\"pstrut\" style=\"height:2.7em;\"></span><span class=\"sizing reset-size6 size3 mtight\"><span class=\"mord mathnormal mtight\">n</span></span></span></span><span class=\"vlist-s\">​</span></span><span class=\"vlist-r\"><span class=\"vlist\" style=\"height:0.15em;\"><span></span></span></span></span></span></span><span class=\"mord\"><span class=\"mord mathnormal\">p</span><span class=\"msupsub\"><span class=\"vlist-t\"><span class=\"vlist-r\"><span class=\"vlist\" style=\"height:0.7519em;\"><span style=\"top:-3.063em;margin-right:0.05em;\"><span class=\"pstrut\" style=\"height:2.7em;\"></span><span class=\"sizing reset-size6 size3 mtight\"><span class=\"mord mtight\"><span class=\"mord mtight\">′</span></span></span></span></span></span></span></span></span></span></span></span> 再回到初始坐标系的的坐标，不过因为我们这一步操作是为了求出距离，相当于我们在变换一个向量而非点，平移操作不会造成影响，所以解出来的结果和一开始的输出不同（虽然刚刚都用 <span class=\"katex\"><span class=\"katex-mathml\"><math xmlns=\"http://www.w3.org/1998/Math/MathML\"><semantics><mrow><mi>p</mi></mrow><annotation encoding=\"application/x-tex\">p</annotation></semantics></math></span><span class=\"katex-html\" aria-hidden=\"true\"><span class=\"base\"><span class=\"strut\" style=\"height:0.625em;vertical-align:-0.1944em;\"></span><span class=\"mord mathnormal\">p</span></span></span></span> 来表示了）。</p>\n<p>这样我们就可以得到整个 DE 的代码（代码中增加了取到包围球距离而非到中心距离的部分）：</p>\n<pre style=\"background-color:#2b303b;\"><code class=\"language-c++\">\n<span style=\"color:#b48ead;\">float </span><span style=\"color:#8fa1b3;\">Ifs3D::DistanceEstimate</span><span style=\"color:#c0c5ce;\">(Vec3f </span><span style=\"color:#bf616a;\">pos</span><span style=\"color:#c0c5ce;\">) </span><span style=\"color:#b48ead;\">const </span><span style=\"color:#c0c5ce;\">{\n</span><span style=\"color:#c0c5ce;\">    std::vector&lt;</span><span style=\"color:#b48ead;\">int</span><span style=\"color:#c0c5ce;\">&gt; </span><span style=\"color:#8fa1b3;\">min_indices</span><span style=\"color:#c0c5ce;\">(iteration);\n</span><span style=\"color:#c0c5ce;\">    Vec3f original_pos = pos;\n</span><span style=\"color:#c0c5ce;\">\n</span><span style=\"color:#c0c5ce;\">    </span><span style=\"color:#b48ead;\">for </span><span style=\"color:#c0c5ce;\">(</span><span style=\"color:#b48ead;\">int</span><span style=\"color:#c0c5ce;\"> i = </span><span style=\"color:#d08770;\">0</span><span style=\"color:#c0c5ce;\">; i &lt; iteration; i++) {\n</span><span style=\"color:#c0c5ce;\">        </span><span style=\"color:#b48ead;\">int</span><span style=\"color:#c0c5ce;\"> min_index = -</span><span style=\"color:#d08770;\">1</span><span style=\"color:#c0c5ce;\">;\n</span><span style=\"color:#c0c5ce;\">        </span><span style=\"color:#b48ead;\">float</span><span style=\"color:#c0c5ce;\"> min_dist2 = std::numeric_limits&lt;</span><span style=\"color:#b48ead;\">float</span><span style=\"color:#c0c5ce;\">&gt;</span><span style=\"color:#8fa1b3;\">::max</span><span style=\"color:#c0c5ce;\">();\n</span><span style=\"color:#c0c5ce;\">\n</span><span style=\"color:#c0c5ce;\">        Vec3f next_pos;\n</span><span style=\"color:#c0c5ce;\">        </span><span style=\"color:#b48ead;\">for </span><span style=\"color:#c0c5ce;\">(</span><span style=\"color:#b48ead;\">int</span><span style=\"color:#c0c5ce;\"> j = </span><span style=\"color:#d08770;\">0</span><span style=\"color:#c0c5ce;\">; j &lt; transforms.</span><span style=\"color:#8fa1b3;\">size</span><span style=\"color:#c0c5ce;\">(); j++) {\n</span><span style=\"color:#c0c5ce;\">            Vec3f p = pos;\n</span><span style=\"color:#c0c5ce;\">            inv_transforms[j].</span><span style=\"color:#8fa1b3;\">Transform</span><span style=\"color:#c0c5ce;\">(p);\n</span><span style=\"color:#c0c5ce;\">            </span><span style=\"color:#b48ead;\">float</span><span style=\"color:#c0c5ce;\"> dist2 = p.</span><span style=\"color:#8fa1b3;\">Dot3</span><span style=\"color:#c0c5ce;\">(p);\n</span><span style=\"color:#c0c5ce;\">            </span><span style=\"color:#b48ead;\">if </span><span style=\"color:#c0c5ce;\">(min_index == -</span><span style=\"color:#d08770;\">1 </span><span style=\"color:#c0c5ce;\">|| dist2 &lt; min_dist2) {\n</span><span style=\"color:#c0c5ce;\">                min_dist2 = dist2;\n</span><span style=\"color:#c0c5ce;\">                min_index = j;\n</span><span style=\"color:#c0c5ce;\">                next_pos = p;\n</span><span style=\"color:#c0c5ce;\">            }\n</span><span style=\"color:#c0c5ce;\">        }\n</span><span style=\"color:#c0c5ce;\">\n</span><span style=\"color:#c0c5ce;\">        min_indices[i] = min_index;\n</span><span style=\"color:#c0c5ce;\">        pos = next_pos;\n</span><span style=\"color:#c0c5ce;\">    }\n</span><span style=\"color:#c0c5ce;\">\n</span><span style=\"color:#c0c5ce;\">    Vec3f temp = pos;\n</span><span style=\"color:#c0c5ce;\">    temp.</span><span style=\"color:#8fa1b3;\">Normalize</span><span style=\"color:#c0c5ce;\">();\n</span><span style=\"color:#c0c5ce;\">    </span><span style=\"color:#b48ead;\">bool</span><span style=\"color:#c0c5ce;\"> is_negative = pos.</span><span style=\"color:#8fa1b3;\">Dot3</span><span style=\"color:#c0c5ce;\">(pos) &lt;= radius * radius;\n</span><span style=\"color:#c0c5ce;\">    Vec3f p = pos - temp * radius;\n</span><span style=\"color:#c0c5ce;\">    </span><span style=\"color:#b48ead;\">for </span><span style=\"color:#c0c5ce;\">(</span><span style=\"color:#b48ead;\">int</span><span style=\"color:#c0c5ce;\"> i = iteration - </span><span style=\"color:#d08770;\">1</span><span style=\"color:#c0c5ce;\">; i &gt;= </span><span style=\"color:#d08770;\">0</span><span style=\"color:#c0c5ce;\">; i--) {\n</span><span style=\"color:#c0c5ce;\">        transforms[min_indices[i]].</span><span style=\"color:#8fa1b3;\">TransformDirection</span><span style=\"color:#c0c5ce;\">(p);\n</span><span style=\"color:#c0c5ce;\">    }\n</span><span style=\"color:#c0c5ce;\">    </span><span style=\"color:#b48ead;\">float</span><span style=\"color:#c0c5ce;\"> dist = p.</span><span style=\"color:#8fa1b3;\">Length</span><span style=\"color:#c0c5ce;\">();\n</span><span style=\"color:#c0c5ce;\">    </span><span style=\"color:#b48ead;\">return</span><span style=\"color:#c0c5ce;\"> is_negative ? -dist : dist;\n</span><span style=\"color:#c0c5ce;\">}\n</span>\n</code></pre>\n<p>要注意的是最后这段符号的判断，如果直接返回不做处理的结果，相当于使用 <code>abs(pos.Length() - radius)</code> 作为球的 DE，要么法线计算有问题，要么需要在计算法线时做回退操作。</p>\n<h3><a href=\"#以-menger-海绵为例\" aria-hidden=\"true\" class=\"anchor\" id=\"以-menger-海绵为例\"></a>以 Menger 海绵为例</h3>\n<p>Menger 海绵的单词构造方法是，把一个正方体做 <span class=\"katex\"><span class=\"katex-mathml\"><math xmlns=\"http://www.w3.org/1998/Math/MathML\"><semantics><mrow><mn>3</mn><mo>×</mo><mn>3</mn><mo>×</mo><mn>3</mn></mrow><annotation encoding=\"application/x-tex\">3 \\times 3 \\times 3</annotation></semantics></math></span><span class=\"katex-html\" aria-hidden=\"true\"><span class=\"base\"><span class=\"strut\" style=\"height:0.7278em;vertical-align:-0.0833em;\"></span><span class=\"mord\">3</span><span class=\"mspace\" style=\"margin-right:0.2222em;\"></span><span class=\"mbin\">×</span><span class=\"mspace\" style=\"margin-right:0.2222em;\"></span></span><span class=\"base\"><span class=\"strut\" style=\"height:0.7278em;vertical-align:-0.0833em;\"></span><span class=\"mord\">3</span><span class=\"mspace\" style=\"margin-right:0.2222em;\"></span><span class=\"mbin\">×</span><span class=\"mspace\" style=\"margin-right:0.2222em;\"></span></span><span class=\"base\"><span class=\"strut\" style=\"height:0.6444em;\"></span><span class=\"mord\">3</span></span></span></span> 的划分，扔掉体心的一块以及六个面心的小块，保留剩下 20 小块，其变换矩阵可以用如下的代码生成：</p>\n<pre style=\"background-color:#2b303b;\"><code class=\"language-c++\">\n<span style=\"color:#c0c5ce;\">std::vector&lt;Matrix&gt; transforms;\n</span><span style=\"color:#b48ead;\">for </span><span style=\"color:#c0c5ce;\">(</span><span style=\"color:#b48ead;\">int</span><span style=\"color:#c0c5ce;\"> i = -</span><span style=\"color:#d08770;\">1</span><span style=\"color:#c0c5ce;\">; i &lt;= </span><span style=\"color:#d08770;\">1</span><span style=\"color:#c0c5ce;\">; i++) {\n</span><span style=\"color:#c0c5ce;\">    </span><span style=\"color:#b48ead;\">for </span><span style=\"color:#c0c5ce;\">(</span><span style=\"color:#b48ead;\">int</span><span style=\"color:#c0c5ce;\"> j = -</span><span style=\"color:#d08770;\">1</span><span style=\"color:#c0c5ce;\">; j &lt;= </span><span style=\"color:#d08770;\">1</span><span style=\"color:#c0c5ce;\">; j++) {\n</span><span style=\"color:#c0c5ce;\">        </span><span style=\"color:#b48ead;\">for </span><span style=\"color:#c0c5ce;\">(</span><span style=\"color:#b48ead;\">int</span><span style=\"color:#c0c5ce;\"> k = -</span><span style=\"color:#d08770;\">1</span><span style=\"color:#c0c5ce;\">; k &lt;= </span><span style=\"color:#d08770;\">1</span><span style=\"color:#c0c5ce;\">; k++) {\n</span><span style=\"color:#c0c5ce;\">            </span><span style=\"color:#b48ead;\">if </span><span style=\"color:#c0c5ce;\">(</span><span style=\"color:#8fa1b3;\">std::</span><span style=\"color:#96b5b4;\">abs</span><span style=\"color:#c0c5ce;\">(i) + </span><span style=\"color:#8fa1b3;\">std::</span><span style=\"color:#96b5b4;\">abs</span><span style=\"color:#c0c5ce;\">(j) + </span><span style=\"color:#8fa1b3;\">std::</span><span style=\"color:#96b5b4;\">abs</span><span style=\"color:#c0c5ce;\">(k) &lt;= </span><span style=\"color:#d08770;\">1</span><span style=\"color:#c0c5ce;\">) {\n</span><span style=\"color:#c0c5ce;\">                </span><span style=\"color:#b48ead;\">continue</span><span style=\"color:#c0c5ce;\">;\n</span><span style=\"color:#c0c5ce;\">            }\n</span><span style=\"color:#c0c5ce;\">            Matrix m;\n</span><span style=\"color:#c0c5ce;\">            m.</span><span style=\"color:#8fa1b3;\">SetToIdentity</span><span style=\"color:#c0c5ce;\">();\n</span><span style=\"color:#c0c5ce;\">            </span><span style=\"color:#65737e;\">// scale\n</span><span style=\"color:#c0c5ce;\">            m.</span><span style=\"color:#8fa1b3;\">Set</span><span style=\"color:#c0c5ce;\">(</span><span style=\"color:#d08770;\">0</span><span style=\"color:#c0c5ce;\">, </span><span style=\"color:#d08770;\">0</span><span style=\"color:#c0c5ce;\">, </span><span style=\"color:#d08770;\">1.0f </span><span style=\"color:#c0c5ce;\">/ </span><span style=\"color:#d08770;\">3.0</span><span style=\"color:#c0c5ce;\">/f);\n</span><span style=\"color:#c0c5ce;\">            m.</span><span style=\"color:#8fa1b3;\">Set</span><span style=\"color:#c0c5ce;\">(</span><span style=\"color:#d08770;\">1</span><span style=\"color:#c0c5ce;\">, </span><span style=\"color:#d08770;\">1</span><span style=\"color:#c0c5ce;\">, </span><span style=\"color:#d08770;\">1.0f </span><span style=\"color:#c0c5ce;\">/ </span><span style=\"color:#d08770;\">3.0</span><span style=\"color:#c0c5ce;\">/f);\n</span><span style=\"color:#c0c5ce;\">            m.</span><span style=\"color:#8fa1b3;\">Set</span><span style=\"color:#c0c5ce;\">(</span><span style=\"color:#d08770;\">2</span><span style=\"color:#c0c5ce;\">, </span><span style=\"color:#d08770;\">2</span><span style=\"color:#c0c5ce;\">, </span><span style=\"color:#d08770;\">1.0f </span><span style=\"color:#c0c5ce;\">/ </span><span style=\"color:#d08770;\">3.0</span><span style=\"color:#c0c5ce;\">/f);\n</span><span style=\"color:#c0c5ce;\">            </span><span style=\"color:#65737e;\">// translate\n</span><span style=\"color:#c0c5ce;\">            m.</span><span style=\"color:#8fa1b3;\">Set</span><span style=\"color:#c0c5ce;\">(</span><span style=\"color:#d08770;\">0</span><span style=\"color:#c0c5ce;\">, </span><span style=\"color:#d08770;\">3</span><span style=\"color:#c0c5ce;\">, i);\n</span><span style=\"color:#c0c5ce;\">            m.</span><span style=\"color:#8fa1b3;\">Set</span><span style=\"color:#c0c5ce;\">(</span><span style=\"color:#d08770;\">1</span><span style=\"color:#c0c5ce;\">, </span><span style=\"color:#d08770;\">3</span><span style=\"color:#c0c5ce;\">, j);\n</span><span style=\"color:#c0c5ce;\">            m.</span><span style=\"color:#8fa1b3;\">Set</span><span style=\"color:#c0c5ce;\">(</span><span style=\"color:#d08770;\">2</span><span style=\"color:#c0c5ce;\">, </span><span style=\"color:#d08770;\">3</span><span style=\"color:#c0c5ce;\">, k);\n</span><span style=\"color:#c0c5ce;\">            transforms.</span><span style=\"color:#8fa1b3;\">push_back</span><span style=\"color:#c0c5ce;\">(m);\n</span><span style=\"color:#c0c5ce;\">        }\n</span><span style=\"color:#c0c5ce;\">    }\n</span><span style=\"color:#c0c5ce;\">}\n</span>\n</code></pre>\n<p>依旧是给出迭代次数从 0 开始递增的结果和一个大尺寸带阴影的渲染结果（小尺寸绘制结果也加上了阴影，不然一片白看不清结构）：</p>\n<p><img src=\"https://i.loli.net/2021/03/20/8bh9BkKcGodxJqp.png\" alt=\"deifs_06_menger.png\" /></p>\n<p><img src=\"https://i.loli.net/2021/03/20/Ecxa2wkZitI47mq.png\" alt=\"deifs_07_menger.png\" /></p>\n"}